magic,size,crc16,status_flags,time_boot_ms,ms5607_pressure_mbar,ms5607_temperature_c,bmi323_accel_x,bmi323_accel_y,bmi323_accel_z,bmi323_gyro_x,bmi323_gyro_y,bmi323_gyro_z,adxl375_accel_x,adxl375_accel_y,adxl375_accel_z,bm1422_magn_x,bm1422_magn_y,bm1422_magn_z,gps_lat,gps_lng,gps_alt,gps_speed,gps_course,gps_num_sats
"COREYMAY3",98,30359,0,9486615,901.780029,52.730000,0.087790,0.056532,0.995360,-0.182927,-0.121951,-0.121951,0.539000,0.245000,0.539000,0.000000,0.000000,0.000000,31.0473175,-103.5266418,884.890,0.000,6070,21
"COREYMAY3",98,23843,0,9486625,901.780029,52.730000,0.095726,0.061416,1.000244,-0.182927,-0.121951,-0.243902,0.539000,0.245000,0.539000,0.000000,0.000000,0.000000,31.0473175,-103.5266418,884.890,0.000,6070,21
"COREYMAY3",98,22930,0,9486635,901.789978,52.730000,0.099023,0.054457,0.985470,-0.182927,-0.121951,0.365854,0.637000,0.245000,0.490000,0.000000,0.000000,0.000000,31.0473175,-103.5266418,884.890,0.000,6070,21
"COREYMAY3",98,16202,0,9486645,901.789978,52.730000,0.097558,0.057387,1.000855,-0.121951,-0.060976,0.182927,0.490000,0.392000,0.539000,0.000000,0.000000,0.000000,31.0473175,-103.5266418,884.890,0.000,6070,21
"COREYMAY3",98,47499,0,9486655,901.789978,52.730000,0.095360,0.057021,0.993040,-0.060976,-0.121951,0.426829,0.490000,0.294000,0.588000,0.000000,0.000000,0.000000,31.0473175,-103.5266418,884.890,0.000,6070,21
"COREYMAY3",98,24673,0,9486665,901.789978,52.730000,0.096337,0.060928,0.996581,-0.121951,-0.121951,0.060976,0.490000,0.343000,0.637000,0.000000,0.000000,0.000000,31.0473175,-103.5266418,884.890,0.000,6070,21
"COREYMAY3",98,54179,0,9486675,901.809998,52.730000,0.092063,0.054457,1.010256,-0.182927,-0.121951,-0.426829,0.490000,0.392000,0.588000,0.000000,0.000000,0.000000,31.0473175,-103.5266418,884.890,0.000,6070,21
"COREYMAY3",98,8213,0,9486685,901.809998,52.730000,0.078510,0.045788,0.988034,-0.182927,-0.060976,0.121951,0.637000,0.245000,0.588000,0.000000,0.000000,0.000000,31.0473175,-103.5266418,884.890,0.000,6070,21
"COREYMAY3",98,11160,0,9486695,901.809998,52.730000,0.115995,0.052503,0.997070,-0.121951,-0.060976,0.609756,0.588000,0.294000,0.539000,0.000000,0.000000,0.000000,31.0473175,-103.5266418,884.890,0.000,6070,21
"COREYMAY3",98,7040,0,9486705,901.809998,52.730000,0.091941,0.061050,1.000366,0.000000,0.000000,0.548781,0.588000,0.392000,0.637000,0.000000,0.000000,0.000000,31.0473175,-103.5266418,884.890,0.000,6070,21
"COREYMAY3",98,20069,0,9486715,901.770020,52.730000,0.096459,0.061172,0.978266,0.000000,0.000000,0.548781,0.637000,0.343000,0.588000,0.000000,0.000000,0.000000,31.0473175,-103.5266418,884.890,0.000,6070,21
"COREYMAY3",98,33362,0,9486725,901.770020,52.730000,0.119536,0.061172,1.006593,-0.121951,-0.121951,-0.121951,0.539000,0.294000,0.539000,0.000000,0.000000,0.000000,31.0473175,-103.5266418,884.890,0.000,6070,21
"COREYMAY3",98,50927,0,9486735,901.770020,52.730000,0.087912,0.054212,0.996581,-0.182927,-0.060976,-0.182927,0.490000,0.343000,0.637000,0.000000,0.000000,0.000000,31.0473175,-103.5266418,884.890,0.000,6070,21
"COREYMAY3",98,12377,0,9486745,901.770020,52.730000,0.093162,0.031258,0.979243,-0.121951,0.000000,0.182927,0.637000,0.294000,0.637000,0.000000,0.000000,0.000000,31.0473175,-103.5266418,884.890,0.000,6070,21
"COREYMAY3",98,14648,0,9486755,901.729980,52.730000,0.109524,0.072894,1.007814,0.000000,0.060976,0.121951,0.588000,0.294000,0.588000,0.000000,0.000000,0.000000,31.0473175,-103.5266418,884.890,0.000,6070,21
"COREYMAY3",98,49250,0,9486765,901.729980,52.730000,0.100366,0.041880,0.987424,0.000000,0.060976,0.121951,0.490000,0.392000,0.588000,0.000000,0.000000,0.000000,31.0473175,-103.5266418,884.890,0.000,6070,21
"COREYMAY3",98,31465,0,9486775,901.729980,52.730000,0.086203,0.056532,0.994017,0.000000,0.000000,-0.365854,0.539000,0.294000,0.539000,0.000000,0.000000,0.000000,31.0473175,-103.5266418,884.890,0.000,6070,21
"COREYMAY3",98,23118,0,9486785,901.729980,52.730000,0.115140,0.057509,1.016606,-0.060976,0.000000,-0.670732,0.539000,0.343000,0.539000,0.000000,0.000000,0.000000,31.0473175,-103.5266418,884.890,0.000,6070,21
"COREYMAY3",98,12769,0,9486795,901.789978,52.730000,0.069353,0.051038,0.978388,-0.121951,0.121951,-0.304878,0.490000,0.343000,0.588000,0.000000,0.000000,0.000000,31.0473175,-103.5266418,884.890,0.000,6070,21
"COREYMAY3",98,64345,0,9486805,901.789978,52.730000,0.110745,0.044933,0.999878,0.000000,0.060976,-0.365854,0.588000,0.392000,0.588000,0.000000,0.000000,0.000000,31.0473175,-103.5266418,884.890,0.000,6070,21
"COREYMAY3",98,49232,0,9486815,901.789978,52.730000,0.096947,0.065690,1.005372,0.121951,0.060976,-0.243902,0.539000,0.294000,0.539000,0.000000,0.000000,0.000000,31.0473175,-103.5266418,884.890,0.000,6070,21
"COREYMAY3",98,61765,0,9486825,901.789978,52.730000,0.081197,0.063614,0.980220,0.060976,0.060976,-0.426829,0.490000,0.245000,0.490000,0.000000,0.000000,0.000000,31.0473175,-103.5266418,884.890,0.000,6070,21
"COREYMAY3",98,9955,0,9486835,901.789978,52.730000,0.099512,0.061905,1.005372,-0.060976,-0.060976,-0.731707,0.588000,0.245000,0.539000,0.000000,0.000000,0.000000,31.0473175,-103.5266418,884.890,0.000,6070,21
"COREYMAY3",98,12181,0,9486845,901.789978,52.730000,0.092186,0.060684,0.995849,-0.121951,0.000000,-0.426829,0.490000,0.294000,0.490000,0.000000,0.000000,0.000000,31.0473175,-103.5266418,884.890,0.000,6070,21
"COREYMAY3",98,10495,0,9486855,901.789978,52.730000,0.087912,0.043101,0.988034,-0.060976,0.060976,-0.182927,0.539000,0.392000,0.539000,0.000000,0.000000,0.000000,31.0473175,-103.5266418,884.890,0.000,6070,21
"COREYMAY3",98,31264,0,9486865,901.789978,52.730000,0.087424,0.071795,1.005983,0.000000,0.121951,-0.243902,0.441000,0.294000,0.637000,0.000000,0.000000,0.000000,31.0473175,-103.5266418,884.890,0.000,6070,21
"COREYMAY3",98,27674,0,9486875,901.760010,52.730000,0.100733,0.064957,0.985836,0.060976,0.121951,-0.060976,0.441000,0.294000,0.637000,0.000000,0.000000,0.000000,31.0473175,-103.5266418,884.890,0.000,6070,21
"COREYMAY3",98,16955,0,9486885,901.760010,52.730000,0.087546,0.060928,1.002076,0.000000,0.060976,-0.548781,0.490000,0.294000,0.539000,0.000000,0.000000,0.000000,31.0473175,-103.5266418,884.890,0.000,6070,21
"COREYMAY3",98,8547,0,9486895,901.760010,52.730000,0.084615,0.054212,1.004884,-0.121951,0.060976,-0.426829,0.588000,0.294000,0.539000,0.000000,0.000000,0.000000,31.0473175,-103.5266418,884.890,0.000,6070,21
"COREYMAY3",98,24477,0,9486905,901.760010,52.730000,0.084737,0.051648,0.982418,-0.121951,-0.060976,0.060976,0.539000,0.294000,0.637000,0.000000,0.000000,0.000000,31.0473175,-103.5266418,884.890,0.000,6070,21
"COREYMAY3",98,42639,0,9486915,901.750000,52.730000,0.090965,0.066300,1.008303,0.000000,0.000000,-0.060976,0.490000,0.343000,0.637000,0.000000,0.000000,0.000000,31.0473175,-103.5266418,884.890,0.000,6070,21
"COREYMAY3",98,59349,0,9486925,901.750000,52.730000,0.092063,0.047497,0.988889,0.060976,0.060976,0.304878,0.539000,0.392000,0.686000,0.000000,0.000000,0.000000,31.0473175,-103.5266418,884.890,0.000,6070,21
"COREYMAY3",98,9964,0,9486935,901.750000,52.730000,0.090110,0.075336,0.994628,0.000000,0.000000,0.121951,0.490000,0.343000,0.588000,0.000000,0.000000,0.000000,31.0473175,-103.5266418,884.890,0.000,6070,21
"COREYMAY3",98,22208,0,9486945,901.750000,52.730000,0.092552,0.060317,1.008791,-0.060976,0.000000,-0.304878,0.539000,0.294000,0.588000,0.000000,0.000000,0.000000,31.0473175,-103.5266418,884.890,0.000,6070,21
"COREYMAY3",98,9850,0,9486955,901.750000,52.730000,0.072283,0.055678,0.981807,-0.121951,-0.060976,0.121951,0.490000,0.294000,0.588000,0.000000,0.000000,0.000000,31.0473175,-103.5266418,884.890,0.000,6070,21
"COREYMAY3",98,30412,0,9486965,901.750000,52.730000,0.127717,0.050305,1.002198,-0.121951,-0.060976,0.304878,0.637000,0.343000,0.539000,0.000000,0.000000,0.000000,31.0473175,-103.5266418,884.890,0.000,6070,21
"COREYMAY3",98,36243,0,9486975,901.750000,52.730000,0.074603,0.069231,0.996093,0.000000,0.000000,0.182927,0.441000,0.294000,0.539000,0.000000,0.000000,0.000000,31.0473175,-103.5266418,884.890,0.000,6070,21
"COREYMAY3",98,52738,0,9486985,901.750000,52.730000,0.086325,0.060440,0.984249,0.000000,0.000000,0.182927,0.490000,0.343000,0.588000,0.000000,0.000000,0.000000,31.0473175,-103.5266418,884.890,0.000,6070,21
"COREYMAY3",98,14380,0,9486995,901.739990,52.730000,0.120269,0.075702,1.012820,-0.121951,-0.060976,-0.304878,0.637000,0.294000,0.490000,0.000000,0.000000,0.000000,31.0473175,-103.5266418,884.890,0.000,6070,21
"COREYMAY3",98,49923,0,9487005,901.739990,52.730000,0.066911,0.051404,0.985470,-0.182927,-0.060976,-0.426829,0.490000,0.294000,0.441000,0.000000,0.000000,0.000000,31.0473175,-103.5266418,884.890,0.000,6070,21
"COREYMAY3",98,31038,0,9487015,901.739990,52.730000,0.091453,0.041148,0.987179,-0.121951,-0.121951,0.060976,0.539000,0.294000,0.637000,0.000000,0.000000,0.000000,31.0473175,-103.5266418,884.890,0.000,6070,21
"COREYMAY3",98,9041,0,9487025,901.739990,52.730000,0.110501,0.082418,1.010256,0.000000,-0.121951,0.060976,0.490000,0.392000,0.441000,0.000000,0.000000,0.000000,31.0473175,-103.5266418,884.890,0.000,6070,21
"COREYMAY3",98,18297,0,9487035,901.770020,52.730000,0.074969,0.047741,0.978632,0.000000,-0.060976,0.060976,0.490000,0.245000,0.539000,0.000000,0.000000,0.000000,31.0473175,-103.5266418,884.890,0.000,6070,21
"COREYMAY3",98,11086,0,9487045,901.770020,52.730000,0.104640,0.078999,1.003907,-0.060976,-0.121951,-0.304878,0.637000,0.294000,0.637000,0.000000,0.000000,0.000000,31.0473175,-103.5266418,884.890,0.000,6070,21
"COREYMAY3",98,46515,0,9487055,901.770020,52.730000,0.104274,0.054823,1.011233,-0.182927,-0.060976,-0.548781,0.588000,0.245000,0.588000,0.000000,0.000000,0.000000,31.0473175,-103.5266418,884.890,0.000,6070,21
"COREYMAY3",98,40304,0,9487065,901.770020,52.730000,0.063004,0.064225,0.970208,-0.243902,-0.060976,-0.304878,0.588000,0.294000,0.539000,0.000000,0.000000,0.000000,31.0473175,-103.5266418,884.890,0.000,6070,21
"COREYMAY3",98,30301,0,9487075,901.780029,52.730000,0.110501,0.053358,1.010378,-0.182927,-0.121951,0.060976,0.539000,0.392000,0.637000,0.000000,0.000000,0.000000,31.0473175,-103.5266418,884.890,0.000,6070,21
"COREYMAY3",98,15617,0,9487085,901.780029,52.730000,0.102686,0.064347,0.994383,-0.060976,-0.121951,0.243902,0.637000,0.294000,0.539000,0.000000,0.000000,0.000000,31.0473175,-103.5266418,884.890,0.000,6070,21
"COREYMAY3",98,15814,0,9487095,901.780029,52.730000,0.057875,0.061172,0.987302,-0.060976,-0.121951,-0.121951,0.539000,0.392000,0.539000,0.000000,0.000000,0.000000,31.0473175,-103.5266418,884.890,0.000,6070,21
"COREYMAY3",98,42707,0,9487105,901.780029,52.730000,0.109524,0.073138,1.017216,-0.243902,-0.121951,-0.670732,0.539000,0.392000,0.637000,0.000000,0.000000,0.000000,31.0473175,-103.5266418,884.890,0.000,6070,21
"COREYMAY3",98,24506,0,9487115,901.770020,52.730000,0.077534,0.064103,0.982051,-0.365854,-0.182927,-0.548781,0.539000,0.392000,0.637000,0.000000,0.000000,0.000000,31.0473175,-103.5266418,884.890,0.000,6070,21
"COREYMAY3",98,27060,0,9487125,901.770020,52.730000,0.088767,0.037607,0.993895,-0.365854,-0.182927,-0.304878,0.490000,0.196000,0.588000,0.000000,0.000000,0.000000,31.0473175,-103.5266418,884.890,0.000,6070,21
"COREYMAY3",98,56797,0,9487135,901.770020,52.730000,0.089133,0.084982,1.002808,-0.182927,-0.182927,0.243902,0.637000,0.343000,0.588000,0.000000,0.000000,0.000000,31.0473175,-103.5266418,884.890,0.000,6070,21
"COREYMAY3",98,50563,0,9487145,901.770020,52.730000,0.102076,0.058120,0.985470,-0.182927,-0.243902,0.426829,0.637000,0.294000,0.588000,0.000000,0.000000,0.000000,31.0473175,-103.5266418,884.890,0.000,6070,21
"COREYMAY3",98,64299,0,9487155,901.789978,52.730000,0.082540,0.075946,1.003785,-0.182927,-0.243902,0.000000,0.490000,0.392000,0.490000,0.000000,0.000000,0.000000,31.0473175,-103.5266418,884.890,0.000,6070,21
"COREYMAY3",98,15591,0,9487165,901.789978,52.730000,0.095726,0.048840,0.995360,-0.365854,-0.182927,0.365854,0.588000,0.294000,0.588000,0.000000,0.000000,0.000000,31.0473175,-103.5266418,884.890,0.000,6070,21
"COREYMAY3",98,29413,0,9487175,901.789978,52.730000,0.084615,0.052503,0.989621,-0.365854,-0.243902,0.731707,0.588000,0.392000,0.539000,0.000000,0.000000,0.000000,31.0473175,-103.5266418,884.890,0.000,6070,21
"COREYMAY3",98,46356,0,9487185,901.789978,52.730000,0.098046,0.071429,0.998657,-0.243902,-0.243902,0.975610,0.539000,0.392000,0.637000,0.000000,0.000000,0.000000,31.0473175,-103.5266418,884.890,0.000,6070,21
"COREYMAY3",98,23894,0,9487195,901.770020,52.730000,0.097070,0.056410,0.983272,-0.121951,-0.243902,1.341463,0.539000,0.294000,0.588000,0.000000,0.000000,0.000000,31.0473175,-103.5266418,884.890,0.000,6070,21
"COREYMAY3",98,8842,0,9487205,901.770020,52.730000,0.108669,0.073748,1.005250,-0.182927,-0.243902,0.731707,0.490000,0.294000,0.539000,0.000000,0.000000,0.000000,31.0473175,-103.5266418,884.890,0.000,6070,21
"COREYMAY3",98,19151,0,9487215,901.770020,52.730000,0.080220,0.031136,1.006227,-0.365854,-0.243902,0.243902,0.539000,0.392000,0.637000,0.000000,0.000000,0.000000,31.0473175,-103.5266418,884.890,0.000,6070,21
"COREYMAY3",98,20626,0,9487225,901.770020,52.730000,0.090720,0.073016,0.979731,-0.426829,-0.182927,0.487805,0.588000,0.343000,0.588000,0.000000,0.000000,0.000000,31.0473175,-103.5266418,884.890,0.000,6070,21
"COREYMAY3",98,39530,0,9487235,901.780029,52.730000,0.117582,0.035409,1.007082,-0.304878,-0.182927,0.548781,0.539000,0.343000,0.588000,0.000000,0.000000,0.000000,31.0473175,-103.5266418,884.890,0.000,6070,21
"COREYMAY3",98,27136,0,9487245,901.780029,52.730000,0.084493,0.060806,0.981807,-0.182927,-0.243902,0.670732,0.539000,0.294000,0.539000,0.000000,0.000000,0.000000,31.0473175,-103.5266418,884.890,0.000,6070,21
"COREYMAY3",98,39468,0,9487255,901.780029,52.730000,0.100977,0.057143,0.993040,-0.121951,-0.304878,0.609756,0.637000,0.343000,0.686000,0.000000,0.000000,0.000000,31.0473175,-103.5266418,884.890,0.000,6070,21
"COREYMAY3",98,10372,0,9487265,901.780029,52.730000,0.102198,0.063980,1.017216,-0.243902,-0.304878,-0.121951,0.637000,0.245000,0.588000,0.000000,0.000000,0.000000,31.0473175,-103.5266418,884.890,0.000,6070,21
"COREYMAY3",98,1636,0,9487275,901.739990,52.730000,0.073748,0.038584,0.974359,-0.365854,-0.304878,0.182927,0.588000,0.343000,0.637000,0.000000,0.000000,0.000000,31.0473175,-103.5266418,884.890,0.000,6070,21
"COREYMAY3",98,15229,0,9487285,901.739990,52.730000,0.120757,0.040904,1.004151,-0.243902,-0.243902,0.609756,0.539000,0.294000,0.588000,0.000000,0.000000,0.000000,31.0473175,-103.5266418,884.890,0.000,6070,21
"COREYMAY3",98,54030,0,9487295,901.739990,52.730000,0.109768,0.074725,1.005494,-0.060976,-0.182927,0.731707,0.539000,0.294000,0.490000,0.000000,0.000000,0.000000,31.0473175,-103.5266418,884.890,0.000,6070,21
"COREYMAY3",98,50600,0,9487305,901.739990,52.730000,0.069597,0.036264,0.971795,0.000000,-0.121951,0.914634,0.490000,0.343000,0.588000,0.000000,0.000000,0.000000,31.0473175,-103.5266418,884.890,0.000,6070,21
"COREYMAY3",98,51789,0,9487315,901.770020,52.730000,0.130403,0.085348,1.015385,-0.060976,-0.243902,0.426829,0.539000,0.245000,0.588000,0.000000,0.000000,0.000000,31.0473175,-103.5266418,884.890,0.000,6070,21
"COREYMAY3",98,43334,0,9487325,901.770020,52.730000,0.098657,0.032479,0.999756,-0.182927,-0.182927,0.060976,0.441000,0.294000,0.588000,0.000000,0.000000,0.000000,31.0473175,-103.5266418,884.890,0.000,6070,21
"COREYMAY3",98,21160,0,9487335,901.770020,52.730000,0.073260,0.033944,0.971917,-0.182927,-0.121951,0.182927,0.588000,0.294000,0.588000,0.000000,0.000000,0.000000,31.0473175,-103.5266418,884.890,0.000,6070,21
"COREYMAY3",98,36804,0,9487345,901.770020,52.730000,0.131258,0.071184,1.019780,0.000000,-0.121951,0.304878,0.588000,0.294000,0.588000,0.000000,0.000000,0.000000,31.0473175,-103.5266418,884.890,0.000,6070,21
"COREYMAY3",98,53506,0,9487355,901.739990,52.730000,0.091819,0.042979,0.984860,0.060976,-0.060976,0.243902,0.490000,0.294000,0.637000,0.000000,0.000000,0.000000,31.0473175,-103.5266418,884.890,0.000,6070,21
"COREYMAY3",98,56904,0,9487365,901.739990,52.730000,0.087790,0.052869,0.986935,0.000000,-0.060976,-0.060976,0.490000,0.294000,0.637000,0.000000,0.000000,0.000000,31.0473175,-103.5266418,884.890,0.000,6070,21
"COREYMAY3",98,22554,0,9487375,901.739990,52.730000,0.121490,0.055800,1.022222,-0.121951,-0.060976,-0.487805,0.588000,0.245000,0.539000,0.000000,0.000000,0.000000,31.0473175,-103.5266418,884.890,0.000,6070,21
"COREYMAY3",98,9428,0,9487385,901.739990,52.730000,0.082540,0.050549,0.979731,-0.182927,-0.060976,-0.487805,0.588000,0.343000,0.637000,0.000000,0.000000,0.000000,31.0473175,-103.5266418,884.890,0.000,6070,21
"COREYMAY3",98,19977,0,9487395,901.799988,52.730000,0.091697,0.031380,0.997436,0.000000,0.000000,-0.304878,0.539000,0.392000,0.539000,0.000000,0.000000,0.000000,31.0473175,-103.5266418,884.890,0.000,6070,21
"COREYMAY3",98,34721,0,9487405,901.799988,52.730000,0.124542,0.080464,1.003541,0.121951,0.000000,-0.121951,0.539000,0.294000,0.637000,0.000000,0.000000,0.000000,31.0473175,-103.5266418,884.890,0.000,6070,21
"COREYMAY3",98,4919,0,9487415,901.799988,52.730000,0.070085,0.043223,0.985348,0.121951,0.000000,-0.304878,0.490000,0.343000,0.588000,0.000000,0.000000,0.000000,31.0473175,-103.5266418,884.890,0.000,6070,21
"COREYMAY3",98,1521,0,9487425,901.799988,52.730000,0.108303,0.073871,1.003297,-0.060976,-0.060976,-0.670732,0.539000,0.441000,0.637000,0.000000,0.000000,0.000000,31.0473175,-103.5266418,884.890,0.000,6070,21
"COREYMAY3",98,49295,0,9487435,901.760010,52.730000,0.104029,0.058852,0.993773,-0.060976,0.000000,-0.426829,0.539000,0.343000,0.539000,0.000000,0.000000,0.000000,31.0473175,-103.5266418,884.890,0.000,6070,21
"COREYMAY3",98,46483,0,9487445,901.760010,52.730000,0.091941,0.035775,0.986813,0.060976,0.000000,-0.182927,0.588000,0.343000,0.588000,0.000000,0.000000,0.000000,31.0473175,-103.5266418,884.890,0.000,6070,21
"COREYMAY3",98,56128,0,9487455,901.760010,52.730000,0.106960,0.068376,1.003175,0.182927,0.060976,0.243902,0.539000,0.294000,0.539000,0.000000,0.000000,0.000000,31.0473175,-103.5266418,884.890,0.000,6070,21
"COREYMAY3",98,57939,0,9487465,901.760010,52.730000,0.094750,0.058608,0.986935,0.182927,0.121951,0.548781,0.588000,0.294000,0.490000,0.000000,0.000000,0.000000,31.0473175,-103.5266418,884.890,0.000,6070,21
"COREYMAY3",98,38068,0,9487475,901.760010,52.730000,0.109035,0.068376,0.997558,0.060976,0.121951,0.000000,0.637000,0.343000,0.588000,0.000000,0.000000,0.000000,31.0473175,-103.5266418,884.890,0.000,6070,21
"COREYMAY3",98,53355,0,9487485,901.760010,52.730000,0.091209,0.042247,0.999023,-0.060976,0.121951,-0.365854,0.539000,0.392000,0.588000,0.000000,0.000000,0.000000,31.0473175,-103.5266418,884.890,0.000,6070,21
"COREYMAY3",98,64512,0,9487495,901.760010,52.730000,0.098413,0.051282,0.988034,0.000000,0.060976,-0.365854,0.588000,0.392000,0.637000,0.000000,0.000000,0.000000,31.0473175,-103.5266418,884.890,0.000,6070,21
"COREYMAY3",98,13817,0,9487505,901.760010,52.730000,0.103907,0.056044,1.007326,0.060976,0.121951,-0.365854,0.539000,0.392000,0.637000,0.000000,0.000000,0.000000,31.0473175,-103.5266418,884.890,0.000,6070,21
"COREYMAY3",98,25623,0,9487515,901.770020,52.730000,0.097436,0.060317,0.986325,0.121951,0.243902,-0.121951,0.588000,0.294000,0.588000,0.000000,0.000000,0.000000,31.0473175,-103.5266418,884.890,0.000,6070,21
"COREYMAY3",98,45013,0,9487525,901.770020,52.730000,0.101954,0.065690,0.995604,0.182927,0.243902,-0.243902,0.490000,0.392000,0.490000,0.000000,0.000000,0.000000,31.0473175,-103.5266418,884.890,0.000,6070,21
"COREYMAY3",98,31058,0,9487535,901.770020,52.730000,0.097558,0.058852,1.010867,0.000000,0.182927,-0.853659,0.490000,0.343000,0.637000,0.000000,0.000000,0.000000,31.0473175,-103.5266418,884.890,0.000,6070,21
"COREYMAY3",98,61887,0,9487545,901.770020,52.730000,0.079976,0.059341,0.979609,-0.060976,0.182927,-0.731707,0.588000,0.294000,0.539000,0.000000,0.000000,0.000000,31.0473175,-103.5266418,884.890,0.000,6070,21
"COREYMAY3",98,57717,0,9487555,901.739990,52.730000,0.099145,0.049328,1.001954,0.000000,0.121951,-0.609756,0.588000,0.343000,0.539000,0.000000,0.000000,0.000000,31.0473175,-103.5266418,884.890,0.000,6070,21
"COREYMAY3",98,43606,0,9487565,901.739990,52.730000,0.096825,0.067277,0.999145,0.121951,0.182927,-0.365854,0.539000,0.343000,0.539000,0.000000,0.000000,0.000000,31.0473175,-103.5266418,884.890,0.000,6070,21
"COREYMAY3",98,60214,0,9487575,901.739990,52.730000,0.068620,0.046520,0.986203,0.121951,0.182927,-0.365854,0.539000,0.392000,0.539000,0.000000,0.000000,0.000000,31.0473175,-103.5266418,884.890,0.000,6070,21
"COREYMAY3",98,6220,0,9487585,901.739990,52.730000,0.110501,0.084615,1.010012,0.060976,0.121951,-0.670732,0.637000,0.294000,0.588000,0.000000,0.000000,0.000000,31.0473175,-103.5266418,884.880,0.000,6070,21
"COREYMAY3",98,51053,0,9487595,901.799988,52.730000,0.073138,0.050305,0.988767,-0.060976,0.121951,-0.792683,0.441000,0.343000,0.490000,0.000000,0.000000,0.000000,31.0473175,-103.5266418,884.880,0.000,6070,21
"COREYMAY3",98,11155,0,9487605,901.799988,52.730000,0.080586,0.049817,0.993162,-0.121951,0.121951,-0.426829,0.441000,0.343000,0.490000,0.000000,0.000000,0.000000,31.0473175,-103.5266418,884.880,0.000,6070,21
"COREYMAY3",98,58520,0,9487615,901.799988,52.730000,0.110867,0.069353,1.008059,0.000000,0.060976,0.121951,0.490000,0.294000,0.686000,0.000000,0.000000,0.000000,31.0473175,-103.5266418,884.880,0.000,6070,21
"COREYMAY3",98,53830,0,9487625,901.799988,52.730000,0.064347,0.070330,0.985226,0.121951,0.121951,0.060976,0.539000,0.343000,0.588000,0.000000,0.000000,0.000000,31.0473175,-103.5266418,884.880,0.000,6070,21
"COREYMAY3",98,5982,0,9487635,901.789978,52.730000,0.100122,0.073504,0.999878,0.000000,0.060976,-0.365854,0.441000,0.294000,0.588000,0.000000,0.000000,0.000000,31.0473175,-103.5266418,884.880,0.000,6070,21
"COREYMAY3",98,52861,0,9487645,901.789978,52.730000,0.091331,0.064225,1.001832,-0.121951,0.060976,-0.792683,0.539000,0.392000,0.490000,0.000000,0.000000,0.000000,31.0473175,-103.5266418,884.880,0.000,6070,21
"COREYMAY3",98,12379,0,9487655,901.789978,52.730000,0.068620,0.058486,0.982173,-0.243902,0.000000,-0.670732,0.588000,0.294000,0.441000,0.000000,0.000000,0.000000,31.0473175,-103.5266418,884.880,0.000,6070,21
"COREYMAY3",98,1673,0,9487665,901.789978,52.730000,0.086691,0.061050,1.001709,-0.121951,0.000000,0.000000,0.539000,0.343000,0.637000,0.000000,0.000000,0.000000,31.0473175,-103.5266418,884.880,0.000,6070,21
"COREYMAY3",98,26280,0,9487675,901.770020,52.730000,0.103541,0.076923,0.994139,0.000000,0.000000,0.548781,0.637000,0.343000,0.588000,0.000000,0.000000,0.000000,31.0473175,-103.5266418,884.880,0.000,6070,21
"COREYMAY3",98,63273,0,9487685,901.770020,52.730000,0.068376,0.059951,0.992552,0.000000,0.000000,0.548781,0.539000,0.343000,0.588000,0.000000,0.000000,0.000000,31.0473175,-103.5266418,884.880,0.000,6070,21
"COREYMAY3",98,63853,0,9487695,901.770020,52.730000,0.094505,0.066178,1.007082,-0.121951,-0.060976,0.365854,0.539000,0.343000,0.490000,0.000000,0.000000,0.000000,31.0473175,-103.5266418,884.880,0.000,6070,21
"COREYMAY3",98,60470,0,9487705,901.770020,52.730000,0.080708,0.053236,0.990476,-0.182927,-0.060976,0.182927,0.588000,0.343000,0.490000,0.000000,0.000000,0.000000,31.0473175,-103.5266418,884.880,0.000,6070,21
"COREYMAY3",98,8964,0,9487715,901.739990,52.730000,0.074481,0.058974,0.995482,-0.182927,-0.121951,0.243902,0.539000,0.294000,0.539000,0.000000,0.000000,0.000000,31.0473175,-103.5266418,884.880,0.000,6070,21
"COREYMAY3",98,14711,0,9487725,901.739990,52.730000,0.099512,0.048352,1.001709,-0.121951,-0.182927,0.731707,0.539000,0.294000,0.588000,0.000000,0.000000,0.000000,31.0473175,-103.5266418,884.880,0.000,6070,21
"COREYMAY3",98,18079,0,9487735,901.739990,52.730000,0.079853,0.069719,0.996581,-0.060976,-0.182927,0.548781,0.490000,0.343000,0.637000,0.000000,0.000000,0.000000,31.0473175,-103.5266418,884.880,0.000,6070,21
"COREYMAY3",98,59567,0,9487745,901.739990,52.730000,0.089255,0.068987,1.001099,-0.121951,-0.182927,0.182927,0.539000,0.245000,0.637000,0.000000,0.000000,0.000000,31.0473175,-103.5266418,884.880,0.000,6070,21
"COREYMAY3",98,61970,0,9487755,901.809998,52.730000,0.089744,0.067155,0.990354,-0.243902,-0.243902,-0.121951,0.490000,0.343000,0.539000,0.000000,0.000000,0.000000,31.0473175,-103.5266418,884.880,0.000,6070,21
"COREYMAY3",98,50984,0,9487765,901.809998,52.730000,0.105250,0.051282,0.998901,-0.304878,-0.243902,-0.243902,0.539000,0.245000,0.539000,0.000000,0.000000,0.000000,31.0473175,-103.5266418,884.880,0.000,6070,21
"COREYMAY3",98,34921,0,9487775,901.809998,52.730000,0.082173,0.054945,0.989744,-0.243902,-0.304878,0.121951,0.588000,0.294000,0.637000,0.000000,0.000000,0.000000,31.0473175,-103.5266418,884.880,0.000,6070,21
"COREYMAY3",98,4401,0,9487785,901.809998,52.730000,0.091453,0.077778,0.988278,-0.121951,-0.304878,0.304878,0.686000,0.343000,0.588000,0.000000,0.000000,0.000000,31.0473175,-103.5266418,884.880,0.000,6070,21
"COREYMAY3",98,55407,0,9487795,901.719971,52.730000,0.107204,0.058486,1.007936,-0.182927,-0.304878,0.060976,0.490000,0.343000,0.588000,0.000000,0.000000,0.000000,31.0473175,-103.5266418,884.880,0.000,6070,21
"COREYMAY3",98,21936,0,9487805,901.719971,52.730000,0.072650,0.061294,0.988278,-0.243902,-0.304878,-0.243902,0.490000,0.343000,0.588000,0.000000,0.000000,0.000000,31.0473175,-103.5266418,884.880,0.000,6070,21
"COREYMAY3",98,44148,0,9487815,901.719971,52.730000,0.097680,0.048474,0.995971,-0.304878,-0.304878,-0.365854,0.490000,0.343000,0.588000,0.000000,0.000000,0.000000,31.0473175,-103.5266418,884.880,0.000,6070,21
"COREYMAY3",98,13591,0,9487825,901.719971,52.730000,0.083394,0.076923,1.001587,-0.243902,-0.304878,-0.121951,0.539000,0.294000,0.490000,0.000000,0.000000,0.000000,31.0473175,-103.5266418,884.880,0.000,6070,21
"COREYMAY3",98,8070,0,9487835,901.750000,52.730000,0.087424,0.047009,0.984737,-0.182927,-0.365854,0.609756,0.588000,0.294000,0.539000,0.000000,0.000000,0.000000,31.0473175,-103.5266418,884.880,0.000,6070,21
"COREYMAY3",98,35737,0,9487845,901.750000,52.730000,0.099634,0.078755,1.008669,-0.182927,-0.365854,0.792683,0.588000,0.294000,0.539000,0.000000,0.000000,0.000000,31.0473175,-103.5266418,884.880,0.000,6070,21
"COREYMAY3",98,9319,0,9487855,901.750000,52.730000,0.094261,0.062637,1.001709,-0.243902,-0.304878,0.670732,0.588000,0.343000,0.637000,0.000000,0.000000,0.000000,31.0473175,-103.5266418,884.880,0.000,6070,21
"COREYMAY3",98,42673,0,9487865,901.750000,52.730000,0.073626,0.054579,0.978999,-0.365854,-0.304878,0.182927,0.490000,0.343000,0.490000,0.000000,0.000000,0.000000,31.0473175,-103.5266418,884.880,0.000,6070,21
"COREYMAY3",98,336,0,9487875,901.750000,52.730000,0.108303,0.075702,1.009158,-0.365854,-0.365854,-0.060976,0.539000,0.294000,0.539000,0.000000,0.000000,0.000000,31.0473175,-103.5266418,884.880,0.000,6070,21
"COREYMAY3",98,10464,0,9487885,901.750000,52.730000,0.108303,0.040659,0.980830,-0.304878,-0.365854,0.548781,0.490000,0.343000,0.588000,0.000000,0.000000,0.000000,31.0473175,-103.5266418,884.880,0.000,6070,21
"COREYMAY3",98,37167,0,9487895,901.750000,52.730000,0.064835,0.071062,0.986569,-0.182927,-0.365854,0.853659,0.539000,0.294000,0.490000,0.000000,0.000000,0.000000,31.0473175,-103.5266418,884.880,0.000,6070,21
"COREYMAY3",98,55926,0,9487905,901.750000,52.730000,0.122589,0.065690,1.012210,-0.243902,-0.426829,1.280488,0.637000,0.294000,0.539000,0.000000,0.000000,0.000000,31.0473175,-103.5266418,884.880,0.000,6070,21
"COREYMAY3",98,8558,0,9487915,901.729980,52.730000,0.095482,0.063370,0.987057,-0.304878,-0.304878,1.036585,0.686000,0.196000,0.588000,0.000000,0.000000,0.000000,31.0473175,-103.5266418,884.880,0.000,6070,21
"COREYMAY3",98,12044,0,9487925,901.729980,52.730000,0.101099,0.030037,0.992796,-0.365854,-0.243902,0.670732,0.637000,0.294000,0.539000,0.000000,0.000000,0.000000,31.0473175,-103.5266418,884.880,0.000,6070,21
"COREYMAY3",98,7932,0,9487935,901.729980,52.730000,0.093407,0.063736,1.003419,-0.304878,-0.243902,0.914634,0.588000,0.245000,0.539000,0.000000,0.000000,0.000000,31.0473175,-103.5266418,884.880,0.000,6070,21
"COREYMAY3",98,29882,0,9487945,901.729980,52.730000,0.108425,0.047619,0.990476,-0.243902,-0.243902,1.097561,0.588000,0.294000,0.490000,0.000000,0.000000,0.000000,31.0473175,-103.5266418,884.880,0.000,6070,21
"COREYMAY3",98,21838,0,9487955,901.700012,52.730000,0.084982,0.053724,0.993407,-0.243902,-0.243902,1.158537,0.490000,0.392000,0.637000,0.000000,0.000000,0.000000,31.0473175,-103.5266418,884.880,0.000,6070,21
"COREYMAY3",98,22140,0,9487965,901.700012,52.730000,0.129548,0.058608,0.997436,-0.304878,-0.304878,1.097561,0.441000,0.392000,0.539000,0.000000,0.000000,0.000000,31.0473175,-103.5266418,884.880,0.000,6070,21
"COREYMAY3",98,55284,0,9487975,901.700012,52.730000,0.094017,0.034554,0.993162,-0.365854,-0.243902,0.243902,0.490000,0.343000,0.588000,0.000000,0.000000,0.000000,31.0473175,-103.5266418,884.880,0.000,6070,21
"COREYMAY3",98,57821,0,9487985,901.700012,52.730000,0.087302,0.064713,0.992918,-0.304878,-0.182927,-0.121951,0.490000,0.392000,0.588000,0.000000,0.000000,0.000000,31.0473175,-103.5266418,884.880,0.000,6070,21
"COREYMAY3",98,52728,0,9487995,901.690002,52.730000,0.135897,0.047863,0.990232,-0.182927,-0.121951,0.182927,0.539000,0.294000,0.539000,0.000000,0.000000,0.000000,31.0473175,-103.5266418,884.880,0.000,6070,21
"COREYMAY3",98,10162,0,9488005,901.690002,52.730000,0.093529,0.056899,1.002686,-0.121951,-0.060976,-0.182927,0.588000,0.343000,0.588000,0.000000,0.000000,0.000000,31.0473175,-103.5266418,884.880,0.000,6070,21
"COREYMAY3",98,40163,0,9488015,901.690002,52.730000,0.094383,0.048230,0.989255,-0.243902,-0.121951,-0.060976,0.539000,0.343000,0.588000,0.000000,0.000000,0.000000,31.0473175,-103.5266418,884.880,0.000,6070,21
"COREYMAY3",98,14340,0,9488025,901.690002,52.730000,0.103541,0.058852,0.998168,-0.304878,-0.182927,-0.548781,0.539000,0.343000,0.539000,0.000000,0.000000,0.000000,31.0473175,-103.5266418,884.880,0.000,6070,21
"COREYMAY3",98,834,0,9488035,901.780029,52.730000,0.120024,0.048352,1.001954,-0.304878,-0.182927,-1.097561,0.539000,0.343000,0.588000,0.000000,0.000000,0.000000,31.0473175,-103.5266418,884.880,0.000,6070,21
"COREYMAY3",98,47396,0,9488045,901.780029,52.730000,0.067399,0.027228,0.985226,-0.182927,-0.060976,-0.487805,0.539000,0.392000,0.637000,0.000000,0.000000,0.000000,31.0473175,-103.5266418,884.880,0.000,6070,21
"COREYMAY3",98,35386,0,9488055,901.780029,52.730000,0.106838,0.068498,1.001343,-0.060976,-0.060976,0.121951,0.490000,0.294000,0.441000,0.000000,0.000000,0.000000,31.0473175,-103.5266418,884.880,0.000,6070,21
"COREYMAY3",98,44641,0,9488065,901.780029,52.730000,0.104884,0.051282,1.005006,0.000000,0.000000,0.304878,0.588000,0.294000,0.588000,0.000000,0.000000,0.000000,31.0473175,-103.5266418,884.880,0.000,6070,21
"COREYMAY3",98,11819,0,9488075,901.700012,52.730000,0.085958,0.065812,0.973138,-0.060976,0.000000,0.304878,0.539000,0.343000,0.637000,0.000000,0.000000,0.000000,31.0473175,-103.5266418,884.880,0.000,6070,21
"COREYMAY3",98,11802,0,9488085,901.700012,52.730000,0.127595,0.043223,1.005494,-0.121951,0.000000,-0.243902,0.637000,0.343000,0.588000,0.000000,0.000000,0.000000,31.0473175,-103.5266418,884.880,0.000,6070,21
"COREYMAY3",98,61552,0,9488095,901.700012,52.730000,0.077900,0.061538,1.002442,-0.060976,-0.060976,-0.426829,0.637000,0.343000,0.588000,0.000000,0.000000,0.000000,31.0473175,-103.5266418,884.880,0.000,6070,21
"COREYMAY3",98,42713,0,9488105,901.700012,52.730000,0.100366,0.047619,0.975580,0.000000,0.000000,-0.060976,0.637000,0.245000,0.588000,0.000000,0.000000,0.000000,31.0473175,-103.5266418,884.880,0.000,6070,21
"COREYMAY3",98,58572,0,9488115,901.719971,52.730000,0.112943,0.068254,1.014652,0.000000,0.000000,0.000000,0.637000,0.441000,0.637000,0.000000,0.000000,0.000000,31.0473175,-103.5266418,884.880,0.000,6070,21
"COREYMAY3",98,28528,0,9488125,901.719971,52.730000,0.101221,0.048962,0.990965,0.000000,0.121951,-0.060976,0.490000,0.343000,0.686000,0.000000,0.000000,0.000000,31.0473175,-103.5266418,884.880,0.000,6070,21
"COREYMAY3",98,17945,0,9488135,901.719971,52.730000,0.069475,0.043468,0.983516,-0.060976,0.060976,-0.548781,0.539000,0.343000,0.588000,0.000000,0.000000,0.000000,31.0473175,-103.5266418,884.880,0.000,6070,21
"COREYMAY3",98,35002,0,9488145,901.719971,52.730000,0.123932,0.079609,1.013797,-0.060976,0.060976,-0.670732,0.588000,0.343000,0.588000,0.000000,0.000000,0.000000,31.0473175,-103.5266418,884.880,0.000,6070,21
"COREYMAY3",98,26237,0,9488155,901.750000,52.730000,0.097070,0.033333,0.983272,0.000000,0.000000,-0.121951,0.588000,0.294000,0.588000,0.000000,0.000000,0.000000,31.0473175,-103.5266418,884.880,0.000,6070,21
"COREYMAY3",98,40289,0,9488165,901.750000,52.730000,0.080220,0.054579,0.998168,0.060976,0.060976,0.000000,0.441000,0.294000,0.490000,0.000000,0.000000,0.000000,31.0473175,-103.5266418,884.880,0.000,6070,21
"COREYMAY3",98,39730,0,9488175,901.750000,52.730000,0.110867,0.058364,1.010623,0.121951,0.121951,0.304878,0.490000,0.294000,0.539000,0.000000,0.000000,0.000000,31.0473175,-103.5266418,884.880,0.000,6070,21
"COREYMAY3",98,49668,0,9488185,901.750000,52.730000,0.086081,0.057265,0.979609,0.060976,0.182927,-0.121951,0.539000,0.294000,0.637000,0.000000,0.000000,0.000000,31.0473175,-103.5266418,884.880,0.000,6070,21
"COREYMAY3",98,57413,0,9488195,901.679993,52.730000,0.105983,0.051282,0.999634,0.121951,0.060976,-0.487805,0.588000,0.343000,0.441000,0.000000,0.000000,0.000000,31.0473175,-103.5266418,884.880,0.000,6070,21
"COREYMAY3",98,56691,0,9488205,901.679993,52.730000,0.097802,0.053480,0.998535,0.121951,0.060976,-0.060976,0.637000,0.294000,0.539000,0.000000,0.000000,0.000000,31.0473175,-103.5266418,884.880,0.000,6070,21
"COREYMAY3",98,34693,0,9488215,901.679993,52.730000,0.085470,0.057143,0.984737,0.121951,0.060976,0.243902,0.539000,0.392000,0.637000,0.000000,0.000000,0.000000,31.0473175,-103.5266418,884.880,0.000,6070,21
"COREYMAY3",98,27701,0,9488225,901.679993,52.730000,0.097924,0.057753,1.008303,0.121951,0.121951,0.121951,0.588000,0.294000,0.539000,0.000000,0.000000,0.000000,31.0473175,-103.5266418,884.880,0.000,6070,21
"COREYMAY3",98,41506,0,9488235,901.729980,52.730000,0.110867,0.077900,0.988400,0.121951,0.121951,-0.060976,0.539000,0.294000,0.588000,0.000000,0.000000,0.000000,31.0473175,-103.5266418,884.880,0.000,6070,21
"COREYMAY3",98,46629,0,9488245,901.729980,52.730000,0.099390,0.039072,0.997924,0.060976,0.182927,-0.975610,0.490000,0.294000,0.588000,0.000000,0.000000,0.000000,31.0473175,-103.5266418,884.880,0.000,6070,21
"COREYMAY3",98,24873,0,9488255,901.729980,52.730000,0.071306,0.074847,0.994139,0.060976,0.060976,-1.158537,0.539000,0.343000,0.588000,0.000000,0.000000,0.000000,31.0473175,-103.5266418,884.880,0.000,6070,21
"COREYMAY3",98,36103,0,9488265,901.729980,52.730000,0.111844,0.052747,0.989744,0.060976,0.000000,-0.548781,0.539000,0.343000,0.539000,0.000000,0.000000,0.000000,31.0473175,-103.5266418,884.880,0.000,6070,21
"COREYMAY3",98,64057,0,9488275,901.760010,52.730000,0.095238,0.068254,1.009158,0.060976,0.060976,-0.670732,0.539000,0.343000,0.686000,0.000000,0.000000,0.000000,31.0473175,-103.5266418,884.880,0.000,6070,21
"COREYMAY3",98,2362,0,9488285,901.760010,52.730000,0.079731,0.045421,0.982295,0.000000,0.121951,-0.304878,0.441000,0.343000,0.539000,0.000000,0.000000,0.000000,31.0473175,-103.5266418,884.880,0.000,6070,21
"COREYMAY3",98,56183,0,9488295,901.760010,52.730000,0.088889,0.070696,0.995604,0.060976,0.121951,-0.487805,0.490000,0.294000,0.686000,0.000000,0.000000,0.000000,31.0473175,-103.5266418,884.880,0.000,6070,21
"COREYMAY3",98,17477,0,9488305,901.760010,52.730000,0.112576,0.072405,1.005128,0.000000,0.121951,-0.853659,0.539000,0.196000,0.588000,0.000000,0.000000,0.000000,31.0473175,-103.5266418,884.880,0.000,6070,21
"COREYMAY3",98,64440,0,9488315,901.739990,52.730000,0.075702,0.047253,0.970085,0.000000,0.060976,-0.121951,0.539000,0.343000,0.539000,0.000000,0.000000,0.000000,31.0473175,-103.5266418,884.880,0.000,6070,21
"COREYMAY3",98,5241,0,9488325,901.739990,52.730000,0.109402,0.080830,1.003785,0.060976,0.000000,0.000000,0.441000,0.343000,0.637000,0.000000,0.000000,0.000000,31.0473175,-103.5266418,884.880,0.000,6070,21
"COREYMAY3",98,8091,0,9488335,901.739990,52.730000,0.087668,0.056777,1.009280,0.000000,0.000000,-0.182927,0.441000,0.343000,0.637000,0.000000,0.000000,0.000000,31.0473175,-103.5266418,884.880,0.000,6070,21
"COREYMAY3",98,293,0,9488345,901.739990,52.730000,0.069841,0.066300,0.975824,-0.060976,0.060976,-0.304878,0.441000,0.392000,0.539000,0.000000,0.000000,0.000000,31.0473175,-103.5266418,884.880,0.000,6070,21
"COREYMAY3",98,32579,0,9488355,901.729980,52.730000,0.122711,0.066056,1.010256,-0.121951,0.000000,-0.670732,0.539000,0.294000,0.588000,0.000000,0.000000,0.000000,31.0473175,-103.5266418,884.880,0.000,6070,21
"COREYMAY3",98,31336,0,9488365,901.729980,52.730000,0.070574,0.056899,0.991575,-0.121951,0.000000,-0.609756,0.490000,0.441000,0.588000,0.000000,0.000000,0.000000,31.0473175,-103.5266418,884.880,0.000,6070,21
"COREYMAY3",98,7173,0,9488375,901.729980,52.730000,0.077778,0.065446,0.984737,-0.121951,-0.060976,-0.182927,0.637000,0.343000,0.490000,0.000000,0.000000,0.000000,31.0473175,-103.5266418,884.880,0.000,6070,21
"COREYMAY3",98,64114,0,9488385,901.729980,52.730000,0.102198,0.073138,1.019414,-0.121951,-0.121951,-0.182927,0.588000,0.343000,0.539000,0.000000,0.000000,0.000000,31.0473175,-103.5266418,884.880,0.000,6070,21
"COREYMAY3",98,20430,0,9488395,901.739990,52.730000,0.073260,0.068987,0.980342,-0.182927,-0.060976,-0.243902,0.490000,0.343000,0.588000,0.000000,0.000000,0.000000,31.0473175,-103.5266418,884.880,0.000,6070,21
"COREYMAY3",98,8864,0,9488405,901.739990,52.730000,0.088400,0.044811,1.004884,-0.243902,-0.060976,-0.487805,0.490000,0.343000,0.588000,0.000000,0.000000,0.000000,31.0473175,-103.5266418,884.880,0.000,6070,21
"COREYMAY3",98,44022,0,9488415,901.739990,52.730000,0.094872,0.096337,0.998901,-0.243902,-0.121951,-0.121951,0.490000,0.343000,0.539000,0.000000,0.000000,0.000000,31.0473175,-103.5266418,884.880,0.000,6070,21
"COREYMAY3",98,40504,0,9488425,901.739990,52.730000,0.077289,0.042491,0.982784,-0.243902,-0.182927,0.304878,0.588000,0.392000,0.539000,0.000000,0.000000,0.000000,31.0473175,-103.5266418,884.880,0.000,6070,21
"COREYMAY3",98,51488,0,9488435,901.809998,52.730000,0.095116,0.085226,1.007936,-0.182927,-0.243902,0.487805,0.588000,0.294000,0.539000,0.000000,0.000000,0.000000,31.0473175,-103.5266418,884.880,0.000,6070,21
"COREYMAY3",98,25136,0,9488445,901.809998,52.730000,0.091331,0.055189,0.991087,-0.243902,-0.182927,0.853659,0.588000,0.294000,0.588000,0.000000,0.000000,0.000000,31.0473175,-103.5266418,884.880,0.000,6070,21
"COREYMAY3",98,34228,0,9488455,901.809998,52.730000,0.074847,0.063248,0.988767,-0.304878,-0.182927,0.609756,0.490000,0.294000,0.539000,0.000000,0.000000,0.000000,31.0473175,-103.5266418,884.880,0.000,6070,21
"COREYMAY3",98,2776,0,9488465,901.809998,52.730000,0.109035,0.067277,1.006838,-0.304878,-0.243902,0.426829,0.441000,0.343000,0.637000,0.000000,0.000000,0.000000,31.0473175,-103.5266418,884.880,0.000,6070,21
"COREYMAY3",98,38858,0,9488475,901.789978,52.730000,0.078510,0.050672,0.984249,-0.304878,-0.304878,0.731707,0.490000,0.294000,0.539000,0.000000,0.000000,0.000000,31.0473175,-103.5266418,884.880,0.000,6070,21
"COREYMAY3",98,31949,0,9488485,901.789978,52.730000,0.094261,0.066911,1.005739,-0.304878,-0.304878,0.487805,0.588000,0.294000,0.588000,0.000000,0.000000,0.000000,31.0473175,-103.5266418,884.880,0.000,6070,21
"COREYMAY3",98,35303,0,9488495,901.789978,52.730000,0.080098,0.042613,1.006593,-0.304878,-0.304878,0.487805,0.441000,0.294000,0.539000,0.000000,0.000000,0.000000,31.0473175,-103.5266418,884.880,0.000,6070,21
"COREYMAY3",98,24890,0,9488505,901.789978,52.730000,0.091209,0.064347,0.980830,-0.365854,-0.243902,0.365854,0.588000,0.245000,0.539000,0.000000,0.000000,0.000000,31.0473175,-103.5266418,884.880,0.000,6070,21
"COREYMAY3",98,20445,0,9488515,901.729980,52.730000,0.093651,0.057265,1.008059,-0.365854,-0.304878,0.060976,0.588000,0.392000,0.588000,0.000000,0.000000,0.000000,31.0473175,-103.5266418,884.880,0.000,6070,21
"COREYMAY3",98,16728,0,9488525,901.729980,52.730000,0.088156,0.054945,0.986447,-0.365854,-0.365854,0.365854,0.539000,0.343000,0.588000,0.000000,0.000000,0.000000,31.0473175,-103.5266418,884.880,0.000,6070,21
"COREYMAY3",98,48497,0,9488535,901.729980,52.730000,0.088889,0.052991,0.999389,-0.365854,-0.426829,0.548781,0.637000,0.343000,0.588000,0.000000,0.000000,0.000000,31.0473175,-103.5266418,884.880,0.000,6070,21
"COREYMAY3",98,28222,0,9488545,901.729980,52.730000,0.084371,0.059707,1.010134,-0.365854,-0.365854,0.426829,0.539000,0.294000,0.588000,0.000000,0.000000,0.000000,31.0473175,-103.5266418,884.880,0.000,6070,21
"COREYMAY3",98,33459,0,9488555,901.700012,52.730000,0.091331,0.056532,0.977900,-0.365854,-0.243902,0.792683,0.539000,0.343000,0.588000,0.000000,0.000000,0.000000,31.0473175,-103.5266418,884.880,0.000,6070,21
"COREYMAY3",98,19715,0,9488565,901.700012,52.730000,0.110379,0.056899,1.006471,-0.365854,-0.304878,0.243902,0.490000,0.392000,0.539000,0.000000,0.000000,0.000000,31.0473175,-103.5266418,884.880,0.000,6070,21
"COREYMAY3",98,51080,0,9488575,901.700012,52.730000,0.096825,0.065568,0.997070,-0.304878,-0.365854,0.365854,0.441000,0.392000,0.539000,0.000000,0.000000,0.000000,31.0473175,-103.5266418,884.880,0.000,6070,21
"COREYMAY3",98,11723,0,9488585,901.700012,52.730000,0.067766,0.030037,0.980342,-0.243902,-0.365854,0.731707,0.441000,0.392000,0.539000,0.000000,0.000000,0.000000,31.0473175,-103.5266418,884.880,0.000,6070,21
"COREYMAY3",98,61498,0,9488595,901.700012,52.730000,0.114652,0.076801,1.017949,-0.304878,-0.365854,0.792683,0.539000,0.343000,0.490000,0.000000,0.000000,0.000000,31.0473175,-103.5266418,884.880,0.000,6070,21
"COREYMAY3",98,20966,0,9488605,901.700012,52.730000,0.088278,0.042491,0.985104,-0.304878,-0.304878,0.975610,0.490000,0.245000,0.441000,0.000000,0.000000,0.000000,31.0473175,-103.5266418,884.880,0.000,6070,21
"COREYMAY3",98,46091,0,9488615,901.700012,52.730000,0.090598,0.045421,0.981929,-0.243902,-0.304878,0.853659,0.588000,0.245000,0.539000,0.000000,0.000000,0.000000,31.0473175,-103.5266418,884.880,0.000,6070,21
"COREYMAY3",98,52889,0,9488625,901.700012,52.730000,0.118071,0.071551,1.015995,-0.182927,-0.365854,0.304878,0.588000,0.294000,0.588000,0.000000,0.000000,0.000000,31.0473175,-103.5266418,884.880,0.000,6070,21
"COREYMAY3",98,3396,0,9488635,901.710022,52.730000,0.075214,0.049573,0.983639,-0.243902,-0.365854,0.243902,0.441000,0.392000,0.637000,0.000000,0.000000,0.000000,31.0473175,-103.5266418,884.880,0.000,6070,21
"COREYMAY3",98,29498,0,9488645,901.710022,52.730000,0.115385,0.047131,0.994017,-0.304878,-0.365854,0.426829,0.490000,0.343000,0.539000,0.000000,0.000000,0.000000,31.0473175,-103.5266418,884.880,0.000,6070,21
"COREYMAY3",98,2027,0,9488655,901.710022,52.730000,0.098901,0.057143,1.004396,-0.243902,-0.304878,0.426829,0.539000,0.392000,0.686000,0.000000,0.000000,0.000000,31.0473175,-103.5266418,884.880,0.000,6070,21
"COREYMAY3",98,30091,0,9488665,901.710022,52.730000,0.096459,0.042735,0.977778,-0.182927,-0.243902,0.365854,0.490000,0.294000,0.539000,0.000000,0.000000,0.000000,31.0473175,-103.5266418,884.880,0.000,6070,21
"COREYMAY3",98,50577,0,9488675,901.739990,52.730000,0.096947,0.063736,1.004274,-0.121951,-0.243902,0.000000,0.637000,0.294000,0.539000,0.000000,0.000000,0.000000,31.0473175,-103.5266418,884.880,0.000,6070,21
"COREYMAY3",98,34936,0,9488685,901.739990,52.730000,0.118926,0.058608,0.991209,-0.182927,-0.304878,0.182927,0.539000,0.294000,0.588000,0.000000,0.000000,0.000000,31.0473175,-103.5266418,884.880,0.000,6070,21
"COREYMAY3",98,36137,0,9488695,901.739990,52.730000,0.087179,0.025397,0.999145,-0.182927,-0.243902,0.182927,0.637000,0.245000,0.539000,0.000000,0.000000,0.000000,31.0473175,-103.5266418,884.880,0.000,6070,21
"COREYMAY3",98,37743,0,9488705,901.739990,52.730000,0.098657,0.050061,1.010745,-0.121951,-0.121951,0.304878,0.588000,0.294000,0.686000,0.000000,0.000000,0.000000,31.0473175,-103.5266418,884.880,0.000,6070,21
"COREYMAY3",98,46376,0,9488715,901.750000,52.730000,0.107570,0.057875,0.977656,-0.060976,0.000000,0.670732,0.539000,0.294000,0.392000,0.000000,0.000000,0.000000,31.0473175,-103.5266418,884.880,0.000,6070,21
"COREYMAY3",98,39331,0,9488725,901.750000,52.730000,0.105617,0.046642,1.001832,0.000000,-0.060976,0.000000,0.588000,0.294000,0.588000,0.000000,0.000000,0.000000,31.0473175,-103.5266418,884.880,0.000,6070,21
"COREYMAY3",98,11222,0,9488735,901.750000,52.730000,0.115507,0.049206,0.993162,-0.060976,-0.121951,-0.060976,0.588000,0.343000,0.686000,0.000000,0.000000,0.000000,31.0473175,-103.5266418,884.880,0.000,6070,21
"COREYMAY3",98,23121,0,9488745,901.750000,52.730000,0.075946,0.044689,0.989744,-0.182927,-0.121951,0.000000,0.539000,0.294000,0.490000,0.000000,0.000000,0.000000,31.0473175,-103.5266418,884.880,0.000,6070,21
"COREYMAY3",98,22036,0,9488755,901.719971,52.730000,0.131868,0.054090,1.007204,-0.121951,-0.060976,-0.243902,0.637000,0.294000,0.539000,0.000000,0.000000,0.000000,31.0473175,-103.5266418,884.880,0.000,6070,21
"COREYMAY3",98,44887,0,9488765,901.719971,52.730000,0.088523,0.055433,0.989011,-0.060976,0.060976,-0.243902,0.539000,0.294000,0.588000,0.000000,0.000000,0.000000,31.0473175,-103.5266418,884.880,0.000,6070,21
"COREYMAY3",98,8205,0,9488775,901.719971,52.730000,0.122344,0.055678,0.988278,0.060976,0.060976,-0.548781,0.637000,0.294000,0.637000,0.000000,0.000000,0.000000,31.0473175,-103.5266418,884.880,0.000,6070,21
"COREYMAY3",98,21414,0,9488785,901.719971,52.730000,0.100488,0.064103,1.002198,0.000000,0.060976,-1.036585,0.588000,0.294000,0.588000,0.000000,0.000000,0.000000,31.0473175,-103.5266418,884.880,0.000,6070,21
"COREYMAY3",98,58426,0,9488795,901.750000,52.730000,0.088156,0.066422,0.979121,-0.121951,-0.060976,-1.097561,0.588000,0.294000,0.588000,0.000000,0.000000,0.000000,31.0473175,-103.5266418,884.880,0.000,6070,21
"COREYMAY3",98,60463,0,9488805,901.750000,52.730000,0.117216,0.057387,1.004396,-0.060976,-0.060976,-0.914634,0.539000,0.392000,0.588000,0.000000,0.000000,0.000000,31.0473175,-103.5266418,884.880,0.000,6070,21
"COREYMAY3",98,19739,0,9488815,901.750000,52.730000,0.093895,0.051038,0.991209,-0.060976,0.060976,-0.670732,0.539000,0.294000,0.490000,0.000000,0.000000,0.000000,31.0473175,-103.5266418,884.880,0.000,6070,21
"COREYMAY3",98,15824,0,9488825,901.750000,52.730000,0.087057,0.053968,0.980708,0.060976,0.182927,-0.304878,0.539000,0.294000,0.490000,0.000000,0.000000,0.000000,31.0473175,-103.5266418,884.880,0.000,6070,21
"COREYMAY3",98,47011,0,9488835,901.700012,52.730000,0.098779,0.078144,1.007936,0.121951,0.121951,-0.365854,0.588000,0.294000,0.637000,0.000000,0.000000,0.000000,31.0473175,-103.5266418,884.880,0.000,6070,21
"COREYMAY3",98,21484,0,9488845,901.700012,52.730000,0.118437,0.060806,0.981441,0.000000,0.060976,0.060976,0.637000,0.343000,0.588000,0.000000,0.000000,0.000000,31.0473175,-103.5266418,884.880,0.000,6070,21
"COREYMAY3",98,14418,0,9488855,901.700012,52.730000,0.072650,0.052381,0.991575,-0.060976,0.060976,0.304878,0.490000,0.294000,0.490000,0.000000,0.000000,0.000000,31.0473175,-103.5266418,884.880,0.000,6070,21
"COREYMAY3",98,27389,0,9488865,901.700012,52.730000,0.108791,0.053480,1.014652,-0.060976,0.121951,0.609756,0.539000,0.343000,0.539000,0.000000,0.000000,0.000000,31.0473175,-103.5266418,884.880,0.000,6070,21
"COREYMAY3",98,2288,0,9488875,901.760010,52.730000,0.098657,0.052137,0.982784,0.000000,0.182927,0.670732,0.539000,0.294000,0.539000,0.000000,0.000000,0.000000,31.0473175,-103.5266418,884.880,0.000,6070,21
"COREYMAY3",98,25371,0,9488885,901.760010,52.730000,0.097924,0.067888,0.995971,0.060976,0.243902,0.060976,0.588000,0.294000,0.637000,0.000000,0.000000,0.000000,31.0473175,-103.5266418,884.880,0.000,6070,21
"COREYMAY3",98,51809,0,9488895,901.760010,52.730000,0.110623,0.041758,0.996825,0.000000,0.182927,-0.182927,0.539000,0.294000,0.686000,0.000000,0.000000,0.000000,31.0473175,-103.5266418,884.880,0.000,6070,21
"COREYMAY3",98,24739,0,9488905,901.760010,52.730000,0.077656,0.051770,1.000855,-0.060976,0.121951,-0.243902,0.490000,0.294000,0.588000,0.000000,0.000000,0.000000,31.0473175,-103.5266418,884.880,0.000,6070,21
"COREYMAY3",98,28131,0,9488915,901.719971,52.720001,0.094139,0.052015,0.998657,0.000000,0.121951,0.000000,0.588000,0.343000,0.637000,0.000000,0.000000,0.000000,31.0473175,-103.5266418,884.880,0.000,6070,21
"COREYMAY3",98,19552,0,9488925,901.719971,52.720001,0.085348,0.042491,0.990110,0.000000,0.182927,0.243902,0.588000,0.245000,0.490000,0.000000,0.000000,0.000000,31.0473175,-103.5266418,884.880,0.000,6070,21
"COREYMAY3",98,15814,0,9488935,901.719971,52.720001,0.132234,0.060317,1.004396,0.060976,0.182927,-0.243902,0.686000,0.245000,0.637000,0.000000,0.000000,0.000000,31.0473175,-103.5266418,884.880,0.000,6070,21
"COREYMAY3",98,16840,0,9488945,901.719971,52.720001,0.076557,0.058852,0.994872,0.060976,0.243902,-0.792683,0.588000,0.245000,0.637000,0.000000,0.000000,0.000000,31.0473175,-103.5266418,884.880,0.000,6070,21
"COREYMAY3",98,64149,0,9488955,901.760010,52.730000,0.082784,0.046154,0.984493,0.000000,0.182927,-0.731707,0.539000,0.294000,0.539000,0.000000,0.000000,0.000000,31.0473175,-103.5266418,884.880,0.000,6070,21
"COREYMAY3",98,4861,0,9488965,901.760010,52.730000,0.115263,0.062271,1.015507,0.000000,0.121951,-0.487805,0.539000,0.343000,0.588000,0.000000,0.000000,0.000000,31.0473175,-103.5266418,884.880,0.000,6070,21
"COREYMAY3",98,65251,0,9488975,901.760010,52.730000,0.076313,0.054701,0.986325,0.060976,0.121951,-0.182927,0.539000,0.343000,0.588000,0.000000,0.000000,0.000000,31.0473175,-103.5266418,884.880,0.000,6070,21
"COREYMAY3",98,2622,0,9488985,901.760010,52.730000,0.104640,0.051770,0.985104,0.121951,0.121951,-0.243902,0.490000,0.294000,0.588000,0.000000,0.000000,0.000000,31.0473175,-103.5266418,884.880,0.000,6070,21
"COREYMAY3",98,57475,0,9488995,901.789978,52.730000,0.111355,0.090598,1.013797,0.121951,0.121951,-0.731707,0.539000,0.392000,0.588000,0.000000,0.000000,0.000000,31.0473175,-103.5266418,884.880,0.000,6070,21
"COREYMAY3",98,15757,0,9489005,901.789978,52.730000,0.081319,0.051893,0.988523,0.060976,0.060976,-0.975610,0.588000,0.343000,0.588000,0.000000,0.000000,0.000000,31.0473175,-103.5266418,884.880,0.000,6070,21
"COREYMAY3",98,56848,0,9489015,901.789978,52.730000,0.087302,0.053236,0.991697,0.000000,0.060976,-0.731707,0.539000,0.392000,0.539000,0.000000,0.000000,0.000000,31.0473175,-103.5266418,884.880,0.000,6070,21
"COREYMAY3",98,53747,0,9489025,901.789978,52.730000,0.103297,0.063858,1.003663,0.000000,0.121951,-0.548781,0.588000,0.343000,0.588000,0.000000,0.000000,0.000000,31.0473175,-103.5266418,884.880,0.000,6070,21
"COREYMAY3",98,22409,0,9489035,901.760010,52.720001,0.075092,0.057509,0.984860,0.000000,0.121951,-0.792683,0.490000,0.294000,0.539000,0.000000,0.000000,0.000000,31.0473175,-103.5266418,884.880,0.000,6070,21
"COREYMAY3",98,35042,0,9489045,901.760010,52.720001,0.073626,0.070818,0.995971,0.000000,0.060976,-0.853659,0.539000,0.343000,0.588000,0.000000,0.000000,0.000000,31.0473175,-103.5266418,884.880,0.000,6070,21
"COREYMAY3",98,39540,0,9489055,901.760010,52.720001,0.123565,0.079121,0.992674,0.000000,-0.060976,-0.914634,0.490000,0.294000,0.539000,0.000000,0.000000,0.000000,31.0473175,-103.5266418,884.880,0.000,6070,21
"COREYMAY3",98,65067,0,9489065,901.760010,52.720001,0.060073,0.060684,1.007814,-0.060976,-0.121951,-1.036585,0.490000,0.294000,0.539000,0.000000,0.000000,0.000000,31.0473175,-103.5266418,884.880,0.000,6070,21
"COREYMAY3",98,661,0,9489075,901.750000,52.730000,0.079731,0.050794,0.993162,-0.121951,-0.121951,-0.548781,0.490000,0.294000,0.588000,0.000000,0.000000,0.000000,31.0473175,-103.5266418,884.880,0.000,6070,21
"COREYMAY3",98,46251,0,9489085,901.750000,52.730000,0.088156,0.073871,0.990842,-0.060976,0.000000,-0.304878,0.490000,0.343000,0.784000,0.000000,0.000000,0.000000,31.0473175,-103.5266418,884.880,0.000,6070,21
"COREYMAY3",98,42710,0,9489095,901.750000,52.730000,0.094505,0.076557,0.997558,0.000000,0.000000,-0.243902,0.539000,0.294000,0.441000,0.000000,0.000000,0.000000,31.0473175,-103.5266418,884.880,0.000,6070,21
"COREYMAY3",98,43099,0,9489105,901.750000,52.730000,0.074359,0.056777,0.985104,-0.060976,-0.121951,0.182927,0.490000,0.392000,0.490000,0.000000,0.000000,0.000000,31.0473175,-103.5266418,884.880,0.000,6070,21
"COREYMAY3",98,49161,0,9489115,901.719971,52.730000,0.098901,0.085592,1.003785,-0.182927,-0.243902,0.548781,0.490000,0.392000,0.637000,0.000000,0.000000,0.000000,31.0473175,-103.5266418,884.880,0.000,6070,21
"COREYMAY3",98,50443,0,9489125,901.719971,52.730000,0.063004,0.047863,1.010134,-0.182927,-0.182927,0.609756,0.588000,0.343000,0.588000,0.000000,0.000000,0.000000,31.0473175,-103.5266418,884.880,0.000,6070,21
"COREYMAY3",98,18670,0,9489135,901.719971,52.730000,0.079365,0.055556,0.982295,-0.121951,-0.121951,0.731707,0.637000,0.294000,0.686000,0.000000,0.000000,0.000000,31.0473175,-103.5266418,884.880,0.000,6070,21
"COREYMAY3",98,12176,0,9489145,901.719971,52.730000,0.115385,0.063980,1.006960,-0.060976,-0.121951,0.731707,0.539000,0.294000,0.588000,0.000000,0.000000,0.000000,31.0473175,-103.5266418,884.880,0.000,6070,21
"COREYMAY3",98,19381,0,9489155,901.760010,52.730000,0.083639,0.073871,0.986081,-0.060976,-0.182927,0.609756,0.490000,0.343000,0.637000,0.000000,0.000000,0.000000,31.0473175,-103.5266418,884.880,0.000,6070,21
"COREYMAY3",98,65493,0,9489165,901.760010,52.730000,0.075946,0.057631,0.989255,-0.182927,-0.365854,0.426829,0.490000,0.343000,0.539000,0.000000,0.000000,0.000000,31.0473175,-103.5266418,884.880,0.000,6070,21
"COREYMAY3",98,61650,0,9489175,901.760010,52.730000,0.110745,0.063980,1.015751,-0.304878,-0.365854,0.304878,0.441000,0.343000,0.637000,0.000000,0.000000,0.000000,31.0473175,-103.5266418,884.880,0.000,6070,21
"COREYMAY3",98,37788,0,9489185,901.760010,52.730000,0.076190,0.055922,0.984493,-0.304878,-0.304878,0.304878,0.539000,0.343000,0.539000,0.000000,0.000000,0.000000,31.0473175,-103.5266418,884.880,0.000,6070,21
"COREYMAY3",98,58976,0,9489195,901.760010,52.730000,0.087302,0.043346,0.989255,-0.243902,-0.243902,0.182927,0.588000,0.392000,0.588000,0.000000,0.000000,0.000000,31.0473175,-103.5266418,884.880,0.000,6070,21
"COREYMAY3",98,24611,0,9489205,901.760010,52.730000,0.117094,0.088523,1.004396,-0.121951,-0.243902,0.487805,0.588000,0.294000,0.490000,0.000000,0.000000,0.000000,31.0473175,-103.5266418,884.880,0.000,6070,21
"COREYMAY3",98,57737,0,9489215,901.760010,52.730000,0.086813,0.063370,0.981929,-0.182927,-0.243902,0.182927,0.490000,0.343000,0.686000,0.000000,0.000000,0.000000,31.0473175,-103.5266418,884.880,0.000,6070,21
"COREYMAY3",98,28233,0,9489225,901.760010,52.730000,0.091331,0.059463,1.003052,-0.304878,-0.365854,-0.121951,0.588000,0.294000,0.539000,0.000000,0.000000,0.000000,31.0473175,-103.5266418,884.880,0.000,6070,21
"COREYMAY3",98,2741,0,9489235,901.760010,52.730000,0.100611,0.042247,0.998657,-0.426829,-0.365854,0.182927,0.539000,0.294000,0.490000,0.000000,0.000000,0.000000,31.0473175,-103.5266418,884.880,0.000,6070,21
"COREYMAY3",98,23627,0,9489245,901.760010,52.730000,0.076313,0.059096,0.984005,-0.365854,-0.243902,0.365854,0.490000,0.343000,0.637000,0.000000,0.000000,0.000000,31.0473175,-103.5266418,884.880,0.000,6070,21
"COREYMAY3",98,58832,0,9489255,901.760010,52.730000,0.097436,0.054335,1.001587,-0.121951,-0.121951,0.670732,0.588000,0.294000,0.637000,0.000000,0.000000,0.000000,31.0473175,-103.5266418,884.880,0.000,6070,21
"COREYMAY3",98,34820,0,9489265,901.760010,52.730000,0.114042,0.069841,0.994139,-0.121951,-0.182927,0.731707,0.588000,0.392000,0.686000,0.000000,0.000000,0.000000,31.0473175,-103.5266418,884.880,0.000,6070,21
"COREYMAY3",98,22778,0,9489275,901.799988,52.730000,0.081685,0.053358,1.003785,-0.304878,-0.243902,0.243902,0.588000,0.294000,0.441000,0.000000,0.000000,0.000000,31.0473175,-103.5266418,884.880,0.000,6070,21
"COREYMAY3",98,25888,0,9489285,901.799988,52.730000,0.072650,0.042247,0.998901,-0.426829,-0.243902,0.121951,0.637000,0.343000,0.588000,0.000000,0.000000,0.000000,31.0473175,-103.5266418,884.880,0.000,6070,21
"COREYMAY3",98,6986,0,9489295,901.799988,52.730000,0.112698,0.053236,0.992063,-0.365854,-0.243902,0.182927,0.490000,0.343000,0.588000,0.000000,0.000000,0.000000,31.0473175,-103.5266418,884.880,0.000,6070,21
"COREYMAY3",98,8076,0,9489305,901.799988,52.730000,0.093895,0.056899,1.005861,-0.243902,-0.182927,0.121951,0.490000,0.343000,0.490000,0.000000,0.000000,0.000000,31.0473175,-103.5266418,884.880,0.000,6070,21
"COREYMAY3",98,23638,0,9489315,901.750000,52.730000,0.087424,0.050427,0.983150,-0.182927,-0.182927,0.182927,0.490000,0.343000,0.490000,0.000000,0.000000,0.000000,31.0473175,-103.5266418,884.880,0.000,6070,21
"COREYMAY3",98,54525,0,9489325,901.750000,52.730000,0.087912,0.057631,1.006105,-0.304878,-0.304878,-0.365854,0.588000,0.294000,0.588000,0.000000,0.000000,0.000000,31.0473175,-103.5266418,884.880,0.000,6070,21
"COREYMAY3",98,45564,0,9489335,901.750000,52.730000,0.093773,0.061416,1.009768,-0.426829,-0.304878,-0.731707,0.637000,0.294000,0.490000,0.000000,0.000000,0.000000,31.0473175,-103.5266418,884.880,0.000,6070,21
"COREYMAY3",98,21104,0,9489345,901.750000,52.730000,0.079487,0.029304,0.974115,-0.426829,-0.182927,0.000000,0.588000,0.245000,0.441000,0.000000,0.000000,0.000000,31.0473175,-103.5266418,884.880,0.000,6070,21
"COREYMAY3",98,43826,0,9489355,901.820007,52.730000,0.117216,0.063370,1.001832,-0.182927,-0.182927,0.487805,0.637000,0.343000,0.539000,0.000000,0.000000,0.000000,31.0473175,-103.5266418,884.880,0.000,6070,21
"COREYMAY3",98,54301,0,9489365,901.820007,52.730000,0.088767,0.061538,1.003907,-0.060976,-0.182927,0.914634,0.686000,0.343000,0.539000,0.000000,0.000000,0.000000,31.0473175,-103.5266418,884.880,0.000,6070,21
"COREYMAY3",98,847,0,9489375,901.820007,52.730000,0.069841,0.047985,0.979365,-0.121951,-0.182927,0.731707,0.539000,0.392000,0.539000,0.000000,0.000000,0.000000,31.0473175,-103.5266418,884.880,0.000,6070,21
"COREYMAY3",98,36695,0,9489385,901.820007,52.730000,0.129670,0.067766,1.012332,-0.304878,-0.304878,0.304878,0.588000,0.392000,0.637000,0.000000,0.000000,0.000000,31.0473175,-103.5266418,884.880,0.000,6070,21
"COREYMAY3",98,30950,0,9489395,901.750000,52.730000,0.077045,0.037363,0.985592,-0.304878,-0.182927,0.243902,0.539000,0.294000,0.588000,0.000000,0.000000,0.000000,31.0473175,-103.5266418,884.880,0.000,6070,21
"COREYMAY3",98,3469,0,9489405,901.750000,52.730000,0.078999,0.035531,0.981685,-0.182927,-0.121951,0.548781,0.392000,0.245000,0.441000,0.000000,0.000000,0.000000,31.0473175,-103.5266418,884.880,0.000,6070,21
"COREYMAY3",98,7868,0,9489415,901.750000,52.730000,0.122100,0.075702,1.012943,0.000000,-0.121951,0.792683,0.637000,0.294000,0.539000,0.000000,0.000000,0.000000,31.0473175,-103.5266418,884.880,0.000,6070,21
"COREYMAY3",98,12533,0,9489425,901.750000,52.730000,0.090232,0.052991,0.986203,0.000000,-0.182927,0.548781,0.539000,0.441000,0.588000,0.000000,0.000000,0.000000,31.0473175,-103.5266418,884.880,0.000,6070,21
"COREYMAY3",98,7285,0,9489435,901.780029,52.730000,0.084615,0.032967,0.996703,-0.121951,-0.182927,0.060976,0.588000,0.343000,0.539000,0.000000,0.000000,0.000000,31.0473175,-103.5266418,884.880,0.000,6070,21
"COREYMAY3",98,10609,0,9489445,901.780029,52.730000,0.102320,0.064225,1.011722,-0.182927,-0.182927,0.121951,0.539000,0.294000,0.588000,0.000000,0.000000,0.000000,31.0473175,-103.5266418,884.880,0.000,6070,21
"COREYMAY3",98,61839,0,9489455,901.780029,52.730000,0.095726,0.038462,0.977534,-0.121951,-0.060976,0.182927,0.588000,0.294000,0.539000,0.000000,0.000000,0.000000,31.0473175,-103.5266418,884.880,0.000,6070,21
"COREYMAY3",98,62418,0,9489465,901.780029,52.730000,0.078632,0.057998,0.989011,0.060976,-0.121951,0.304878,0.539000,0.343000,0.490000,0.000000,0.000000,0.000000,31.0473175,-103.5266418,884.880,0.000,6070,21
"COREYMAY3",98,21524,0,9489475,901.739990,52.730000,0.145299,0.072894,0.999878,0.060976,-0.182927,0.426829,0.686000,0.294000,0.539000,0.000000,0.000000,0.000000,31.0473175,-103.5266418,884.880,0.000,6070,21
"COREYMAY3",98,12163,0,9489485,901.739990,52.730000,0.077534,0.049817,0.999267,-0.121951,-0.182927,-0.365854,0.539000,0.343000,0.490000,0.000000,0.000000,0.000000,31.0473175,-103.5266418,884.880,0.000,6070,21
"COREYMAY3",98,42862,0,9489495,901.739990,52.730000,0.088889,0.039194,0.992430,-0.243902,-0.121951,-0.365854,0.539000,0.392000,0.588000,0.000000,0.000000,0.000000,31.0473175,-103.5266418,884.880,0.000,6070,21
"COREYMAY3",98,16216,0,9489505,901.739990,52.730000,0.115385,0.062759,0.997314,-0.060976,0.000000,0.304878,0.588000,0.245000,0.588000,0.000000,0.000000,0.000000,31.0473175,-103.5266418,884.880,0.000,6070,21
"COREYMAY3",98,49397,0,9489515,901.760010,52.730000,0.111600,0.043101,0.995116,0.060976,0.121951,0.304878,0.588000,0.294000,0.588000,0.000000,0.000000,0.000000,31.0473175,-103.5266418,884.880,0.000,6070,21
"COREYMAY3",98,63411,0,9489525,901.760010,52.730000,0.085470,0.055189,0.980098,0.060976,0.060976,0.548781,0.441000,0.343000,0.588000,0.000000,0.000000,0.000000,31.0473175,-103.5266418,884.880,0.000,6070,21
"COREYMAY3",98,14462,0,9489535,901.760010,52.730000,0.126618,0.083150,1.000000,0.000000,-0.060976,-0.121951,0.588000,0.392000,0.588000,0.000000,0.000000,0.000000,31.0473175,-103.5266418,884.880,0.000,6070,21
"COREYMAY3",98,44153,0,9489545,901.760010,52.730000,0.102808,0.045299,1.006716,-0.182927,-0.121951,-1.036585,0.490000,0.294000,0.539000,0.000000,0.000000,0.000000,31.0473175,-103.5266418,884.880,0.000,6070,21
"COREYMAY3",98,43908,0,9489555,901.750000,52.730000,0.071306,0.043590,0.972772,-0.182927,-0.060976,-0.914634,0.490000,0.294000,0.539000,0.000000,0.000000,0.000000,31.0473175,-103.5266418,884.880,0.000,6070,21
"COREYMAY3",98,57008,0,9489565,901.750000,52.730000,0.127228,0.066422,1.005494,-0.060976,-0.060976,-0.731707,0.539000,0.245000,0.637000,0.000000,0.000000,0.000000,31.0473175,-103.5266418,884.880,0.000,6070,21
"COREYMAY3",98,17078,0,9489575,901.750000,52.730000,0.103907,0.067643,0.997192,0.000000,0.121951,-0.853659,0.588000,0.294000,0.588000,0.000000,0.000000,0.000000,31.0473175,-103.5266418,884.880,0.000,6070,21
"COREYMAY3",98,54302,0,9489585,901.750000,52.730000,0.084493,0.070208,0.968742,-0.060976,0.060976,-0.792683,0.539000,0.294000,0.588000,0.000000,0.000000,0.000000,31.0473175,-103.5266418,884.880,0.000,6070,21
"COREYMAY3",98,29520,0,9489595,901.719971,52.730000,0.123199,0.076313,1.014530,-0.121951,-0.060976,-0.975610,0.490000,0.392000,0.490000,0.000000,0.000000,0.000000,31.0473175,-103.5266418,884.880,0.000,6070,21
"COREYMAY3",98,38683,0,9489605,901.719971,52.730000,0.089744,0.047985,1.000244,-0.243902,-0.060976,-0.670732,0.490000,0.343000,0.539000,0.000000,0.000000,0.000000,31.0473175,-103.5266418,884.880,0.000,6070,21
"COREYMAY3",98,40957,0,9489615,901.719971,52.730000,0.073382,0.044322,0.982784,-0.182927,0.121951,0.060976,0.539000,0.343000,0.539000,0.000000,0.000000,0.000000,31.0473175,-103.5266418,884.880,0.000,6070,21
"COREYMAY3",98,39537,0,9489625,901.719971,52.730000,0.121001,0.088034,1.004396,-0.060976,0.182927,0.365854,0.588000,0.343000,0.637000,0.000000,0.000000,0.000000,31.0473175,-103.5266418,884.880,0.000,6070,21
"COREYMAY3",98,3254,0,9489635,901.760010,52.730000,0.110745,0.057387,0.993895,0.000000,0.182927,0.304878,0.490000,0.294000,0.588000,0.000000,0.000000,0.000000,31.0473175,-103.5266418,884.880,0.000,6070,21
"COREYMAY3",98,47868,0,9489645,901.760010,52.730000,0.077289,0.071673,0.991453,-0.060976,0.060976,-0.182927,0.539000,0.392000,0.588000,0.000000,0.000000,0.000000,31.0473175,-103.5266418,884.880,0.000,6070,21
"COREYMAY3",98,20461,0,9489655,901.760010,52.730000,0.092430,0.043834,1.014530,-0.243902,0.000000,0.121951,0.539000,0.343000,0.637000,0.000000,0.000000,0.000000,31.0473175,-103.5266418,884.880,0.000,6070,21
"COREYMAY3",98,30949,0,9489665,901.760010,52.730000,0.097436,0.046764,0.987302,-0.304878,0.060976,0.609756,0.588000,0.196000,0.490000,0.000000,0.000000,0.000000,31.0473175,-103.5266418,884.880,0.000,6070,21
"COREYMAY3",98,45069,0,9489675,901.750000,52.730000,0.096581,0.054212,1.003785,-0.121951,0.060976,0.609756,0.490000,0.392000,0.637000,0.000000,0.000000,0.000000,31.0473175,-103.5266418,884.880,0.000,6070,21
"COREYMAY3",98,13270,0,9489685,901.750000,52.730000,0.104274,0.055311,0.990354,0.060976,0.121951,0.426829,0.588000,0.294000,0.588000,0.000000,0.000000,0.000000,31.0473175,-103.5266418,884.880,0.000,6070,21
"COREYMAY3",98,3024,0,9489695,901.750000,52.730000,0.088034,0.061050,0.999267,0.000000,0.121951,-0.426829,0.490000,0.392000,0.539000,0.000000,0.000000,0.000000,31.0473175,-103.5266418,884.880,0.000,6070,21
"COREYMAY3",98,60103,0,9489705,901.750000,52.730000,0.094261,0.055189,1.008181,-0.182927,0.000000,-1.219512,0.588000,0.392000,0.637000,0.000000,0.000000,0.000000,31.0473175,-103.5266418,884.880,0.000,6070,21
"COREYMAY3",98,11544,0,9489715,901.739990,52.730000,0.085836,0.062882,0.981685,-0.365854,0.000000,-0.731707,0.539000,0.343000,0.539000,0.000000,0.000000,0.000000,31.0473175,-103.5266418,884.880,0.000,6070,21
"COREYMAY3",98,41965,0,9489725,901.739990,52.730000,0.117094,0.028938,1.004640,-0.243902,0.000000,-0.365854,0.539000,0.343000,0.490000,0.000000,0.000000,0.000000,31.0473175,-103.5266418,884.880,0.000,6070,21
"COREYMAY3",98,25781,0,9489735,901.739990,52.730000,0.075214,0.085470,0.990720,-0.121951,0.060976,-0.182927,0.539000,0.343000,0.490000,0.000000,0.000000,0.000000,31.0473175,-103.5266418,884.880,0.000,6070,21
"COREYMAY3",98,48348,0,9489745,901.739990,52.730000,0.081319,0.035165,0.991575,0.000000,0.060976,0.060976,0.539000,0.343000,0.588000,0.000000,0.000000,0.000000,31.0473175,-103.5266418,884.880,0.000,6070,21
"COREYMAY3",98,14483,0,9489755,901.710022,52.730000,0.108547,0.083761,1.007936,-0.060976,0.000000,-0.121951,0.539000,0.343000,0.588000,0.000000,0.000000,0.000000,31.0473175,-103.5266418,884.880,0.000,6070,21
"COREYMAY3",98,60409,0,9489765,901.710022,52.730000,0.067277,0.047131,0.988645,-0.243902,-0.060976,-0.121951,0.539000,0.294000,0.588000,0.000000,0.000000,0.000000,31.0473175,-103.5266418,884.880,0.000,6070,21
"COREYMAY3",98,4711,0,9489775,901.710022,52.730000,0.079976,0.045055,0.989621,-0.182927,-0.060976,0.121951,0.637000,0.294000,0.588000,0.000000,0.000000,0.000000,31.0473175,-103.5266418,884.880,0.000,6070,21
"COREYMAY3",98,1703,0,9489785,901.710022,52.730000,0.111722,0.079365,1.000000,-0.060976,-0.121951,0.182927,0.588000,0.294000,0.539000,0.000000,0.000000,0.000000,31.0473175,-103.5266418,884.880,0.000,6070,21
"COREYMAY3",98,24508,0,9489795,901.729980,52.730000,0.085836,0.059463,0.988889,0.000000,-0.182927,0.000000,0.490000,0.294000,0.539000,0.000000,0.000000,0.000000,31.0473175,-103.5266418,884.880,0.000,6070,21
"COREYMAY3",98,8295,0,9489805,901.729980,52.730000,0.078266,0.062882,1.000733,-0.060976,-0.182927,-0.121951,0.490000,0.294000,0.539000,0.000000,0.000000,0.000000,31.0473175,-103.5266418,884.880,0.000,6070,21
"COREYMAY3",98,63230,0,9489815,901.729980,52.730000,0.097070,0.048352,1.003663,-0.243902,-0.182927,0.060976,0.588000,0.294000,0.686000,0.000000,0.000000,0.000000,31.0473175,-103.5266418,884.880,0.000,6070,21
"COREYMAY3",98,18892,0,9489825,901.729980,52.730000,0.088156,0.071673,0.985470,-0.243902,-0.121951,-0.060976,0.588000,0.343000,0.588000,0.000000,0.000000,0.000000,31.0473175,-103.5266418,884.880,0.000,6070,21
"COREYMAY3",98,45314,0,9489835,901.729980,52.730000,0.092552,0.036142,1.000366,-0.121951,-0.121951,0.121951,0.588000,0.343000,0.490000,0.000000,0.000000,0.000000,31.0473175,-103.5266418,884.880,0.000,6070,21
"COREYMAY3",98,45133,0,9489845,901.729980,52.730000,0.086447,0.085958,0.978999,-0.060976,-0.243902,0.121951,0.490000,0.392000,0.539000,0.000000,0.000000,0.000000,31.0473175,-103.5266418,884.880,0.000,6070,21
"COREYMAY3",98,11671,0,9489855,901.729980,52.730000,0.085592,0.050305,1.011233,-0.121951,-0.304878,-0.182927,0.588000,0.294000,0.441000,0.000000,0.000000,0.000000,31.0473175,-103.5266418,884.880,0.000,6070,21
"COREYMAY3",98,7734,0,9489865,901.729980,52.730000,0.080220,0.047985,0.999512,-0.243902,-0.304878,-0.182927,0.588000,0.343000,0.539000,0.000000,0.000000,0.000000,31.0473175,-103.5266418,884.880,0.000,6070,21
"COREYMAY3",98,27889,0,9489875,901.750000,52.730000,0.077778,0.048474,0.990354,-0.243902,-0.304878,-0.304878,0.490000,0.392000,0.539000,0.000000,0.000000,0.000000,31.0473175,-103.5266418,884.880,0.000,6070,21
"COREYMAY3",98,59171,0,9489885,901.750000,52.730000,0.090598,0.056532,1.005128,-0.121951,-0.243902,-0.121951,0.539000,0.392000,0.539000,0.000000,0.000000,0.000000,31.0473175,-103.5266418,884.880,0.000,6070,21
"COREYMAY3",98,8310,0,9489895,901.750000,52.730000,0.091575,0.061294,0.974969,-0.060976,-0.182927,0.426829,0.539000,0.294000,0.490000,0.000000,0.000000,0.000000,31.0473175,-103.5266418,884.880,0.000,6070,21
"COREYMAY3",98,53757,0,9489905,901.750000,52.730000,0.085958,0.061172,1.000000,0.000000,-0.304878,0.914634,0.588000,0.294000,0.637000,0.000000,0.000000,0.000000,31.0473175,-103.5266418,884.880,0.000,6070,21
"COREYMAY3",98,58375,0,9489915,901.760010,52.730000,0.102686,0.067399,1.010378,-0.182927,-0.426829,0.975610,0.490000,0.392000,0.539000,0.000000,0.000000,0.000000,31.0473175,-103.5266418,884.880,0.000,6070,21
"COREYMAY3",98,7122,0,9489925,901.760010,52.730000,0.086935,0.037973,0.984371,-0.243902,-0.304878,0.914634,0.490000,0.343000,0.490000,0.000000,0.000000,0.000000,31.0473175,-103.5266418,884.880,0.000,6070,21
"COREYMAY3",98,17661,0,9489935,901.760010,52.730000,0.098779,0.076557,0.994017,-0.182927,-0.243902,0.426829,0.588000,0.343000,0.539000,0.000000,0.000000,0.000000,31.0473175,-103.5266418,884.880,0.000,6070,21
"COREYMAY3",98,55836,0,9489945,901.760010,52.730000,0.122833,0.057387,0.994872,-0.121951,-0.243902,0.548781,0.490000,0.392000,0.539000,0.000000,0.000000,0.000000,31.0473175,-103.5266418,884.880,0.000,6070,21
"COREYMAY3",98,60854,0,9489955,901.739990,52.730000,0.067643,0.059096,0.980098,-0.121951,-0.243902,0.487805,0.539000,0.392000,0.539000,0.000000,0.000000,0.000000,31.0473175,-103.5266418,884.880,0.000,6070,21
"COREYMAY3",98,38191,0,9489965,901.739990,52.730000,0.109890,0.074115,0.999756,-0.182927,-0.365854,0.487805,0.588000,0.343000,0.588000,0.000000,0.000000,0.000000,31.0473175,-103.5266418,884.880,0.000,6070,21
"COREYMAY3",98,7653,0,9489975,901.739990,52.730000,0.107326,0.056899,0.994628,-0.243902,-0.304878,0.365854,0.490000,0.441000,0.490000,0.000000,0.000000,0.000000,31.0473175,-103.5266418,884.880,0.000,6070,21
"COREYMAY3",98,31031,0,9489985,901.739990,52.730000,0.088156,0.048107,0.983150,-0.243902,-0.243902,0.121951,0.441000,0.392000,0.686000,0.000000,0.000000,0.000000,31.0473175,-103.5266418,884.880,0.000,6070,21
"COREYMAY3",98,22565,0,9489995,901.719971,52.730000,0.104151,0.067888,1.002442,-0.182927,-0.182927,0.548781,0.588000,0.392000,0.637000,0.000000,0.000000,0.000000,31.0473175,-103.5266418,884.880,0.000,6070,21
"COREYMAY3",98,40234,0,9490005,901.719971,52.730000,0.110256,0.065324,0.992186,-0.121951,-0.182927,0.487805,0.490000,0.392000,0.588000,0.000000,0.000000,0.000000,31.0473175,-103.5266418,884.880,0.000,6070,21
"COREYMAY3",98,5878,0,9490015,901.719971,52.730000,0.090720,0.059707,0.985226,-0.182927,-0.182927,0.304878,0.539000,0.343000,0.588000,0.000000,0.000000,0.000000,31.0473175,-103.5266418,884.880,0.000,6070,21
"COREYMAY3",98,6042,0,9490025,901.719971,52.730000,0.095726,0.068010,0.993773,-0.304878,-0.243902,0.121951,0.637000,0.343000,0.588000,0.000000,0.000000,0.000000,31.0473175,-103.5266418,884.880,0.000,6070,21
"COREYMAY3",98,56786,0,9490035,901.710022,52.730000,0.131746,0.046520,1.008547,-0.365854,-0.304878,0.060976,0.588000,0.294000,0.588000,0.000000,0.000000,0.000000,31.0473175,-103.5266418,884.880,0.000,6070,21
"COREYMAY3",98,3353,0,9490045,901.710022,52.730000,0.068376,0.062882,0.987546,-0.243902,-0.182927,0.365854,0.588000,0.294000,0.588000,0.000000,0.000000,0.000000,31.0473175,-103.5266418,884.880,0.000,6070,21
"COREYMAY3",98,62608,0,9490055,901.710022,52.730000,0.126007,0.058730,0.989988,-0.121951,-0.121951,1.097561,0.588000,0.245000,0.441000,0.000000,0.000000,0.000000,31.0473175,-103.5266418,884.880,0.000,6070,21
"COREYMAY3",98,35211,0,9490065,901.710022,52.730000,0.124664,0.065690,1.011844,-0.121951,-0.060976,0.792683,0.588000,0.392000,0.441000,0.000000,0.000000,0.000000,31.0473175,-103.5266418,884.880,0.000,6070,21
"COREYMAY3",98,35428,0,9490075,901.710022,52.730000,0.078266,0.029915,0.991941,-0.243902,-0.060976,0.426829,0.735000,0.245000,0.490000,0.000000,0.000000,0.000000,31.0473175,-103.5266418,884.880,0.000,6070,21
"COREYMAY3",98,12227,0,9490085,901.710022,52.730000,0.093773,0.047863,0.986691,-0.243902,-0.060976,0.365854,0.539000,0.392000,0.490000,0.000000,0.000000,0.000000,31.0473175,-103.5266418,884.880,0.000,6070,21
"COREYMAY3",98,16429,0,9490095,901.710022,52.730000,0.122344,0.046154,1.014286,-0.182927,-0.060976,-0.121951,0.539000,0.294000,0.490000,0.000000,0.000000,0.000000,31.0473175,-103.5266418,884.880,0.000,6070,21
"COREYMAY3",98,54255,0,9490105,901.710022,52.730000,0.092430,0.035165,0.991819,-0.182927,-0.060976,-0.243902,0.539000,0.343000,0.588000,0.000000,0.000000,0.000000,31.0473175,-103.5266418,884.880,0.000,6070,21
"COREYMAY3",98,3889,0,9490115,901.690002,52.730000,0.074237,0.050672,0.999145,-0.182927,-0.060976,-0.914634,0.539000,0.343000,0.441000,0.000000,0.000000,0.000000,31.0473175,-103.5266418,884.880,0.000,6070,21
"COREYMAY3",98,58543,0,9490125,901.690002,52.730000,0.134066,0.037729,1.019414,-0.243902,-0.060976,-1.341463,0.686000,0.343000,0.588000,0.000000,0.000000,0.000000,31.0473175,-103.5266418,884.880,0.000,6070,21
"COREYMAY3",98,58419,0,9490135,901.690002,52.730000,0.067155,0.077411,0.976557,-0.243902,0.000000,-1.585366,0.490000,0.343000,0.490000,0.000000,0.000000,0.000000,31.0473175,-103.5266418,884.880,0.000,6070,21
"COREYMAY3",98,60910,0,9490145,901.690002,52.730000,0.104029,0.024420,1.004151,-0.182927,0.000000,-1.036585,0.539000,0.392000,0.588000,0.000000,0.000000,0.000000,31.0473175,-103.5266418,884.880,0.000,6070,21
"COREYMAY3",98,56721,0,9490155,901.750000,52.730000,0.116484,0.072527,0.997680,-0.060976,-0.060976,-0.426829,0.441000,0.441000,0.539000,0.000000,0.000000,0.000000,31.0473175,-103.5266418,884.880,0.000,6070,21
"COREYMAY3",98,60220,0,9490165,901.750000,52.730000,0.068987,0.054701,0.998535,-0.060976,0.000000,-0.548781,0.539000,0.343000,0.637000,0.000000,0.000000,0.000000,31.0473175,-103.5266418,884.880,0.000,6070,21
"COREYMAY3",98,12944,0,9490175,901.750000,52.730000,0.082295,0.038584,0.996581,-0.121951,0.000000,-0.792683,0.637000,0.294000,0.588000,0.000000,0.000000,0.000000,31.0473175,-103.5266418,884.880,0.000,6070,21
"COREYMAY3",98,30683,0,9490185,901.750000,52.730000,0.099145,0.077534,0.992796,-0.121951,0.000000,-0.365854,0.588000,0.343000,0.392000,0.000000,0.000000,0.000000,31.0473175,-103.5266418,884.880,0.000,6070,21
"COREYMAY3",98,31315,0,9490195,901.750000,52.730000,0.096581,0.028816,0.999512,-0.121951,0.000000,0.000000,0.539000,0.294000,0.490000,0.000000,0.000000,0.000000,31.0473175,-103.5266418,884.880,0.000,6070,21
"COREYMAY3",98,59379,0,9490205,901.750000,52.730000,0.078266,0.072894,0.984127,0.000000,0.000000,0.853659,0.490000,0.343000,0.539000,0.000000,0.000000,0.000000,31.0473175,-103.5266418,884.880,0.000,6070,21
"COREYMAY3",98,64783,0,9490215,901.750000,52.730000,0.117216,0.052137,0.997802,0.121951,0.000000,1.219512,0.637000,0.343000,0.686000,0.000000,0.000000,0.000000,31.0473175,-103.5266418,884.880,0.000,6070,21
"COREYMAY3",98,58889,0,9490225,901.750000,52.730000,0.092186,0.075824,0.997314,0.060976,-0.060976,0.487805,0.539000,0.343000,0.686000,0.000000,0.000000,0.000000,31.0473175,-103.5266418,884.880,0.000,6070,21
"COREYMAY3",98,65163,0,9490235,901.719971,52.730000,0.087424,0.026496,0.983028,0.000000,0.000000,0.609756,0.588000,0.294000,0.637000,0.000000,0.000000,0.000000,31.0473175,-103.5266418,884.880,0.000,6070,21
"COREYMAY3",98,35313,0,9490245,901.719971,52.730000,0.114652,0.074115,0.993284,0.060976,0.000000,0.426829,0.539000,0.343000,0.539000,0.000000,0.000000,0.000000,31.0473175,-103.5266418,884.880,0.000,6070,21
"COREYMAY3",98,40086,0,9490255,901.719971,52.730000,0.112821,0.073504,0.992430,0.121951,-0.060976,0.182927,0.490000,0.294000,0.539000,0.000000,0.000000,0.000000,31.0473175,-103.5266418,884.880,0.000,6070,21
"COREYMAY3",98,59550,0,9490265,901.719971,52.730000,0.079976,0.042613,0.976313,0.060976,-0.121951,-0.060976,0.490000,0.245000,0.490000,0.000000,0.000000,0.000000,31.0473175,-103.5266418,884.880,0.000,6070,21
"COREYMAY3",98,7816,0,9490275,901.739990,52.730000,0.125519,0.085226,1.005739,0.060976,-0.182927,-0.548781,0.539000,0.343000,0.588000,0.000000,0.000000,0.000000,31.0473175,-103.5266418,884.880,0.000,6070,21
"COREYMAY3",98,19341,0,9490285,901.739990,52.730000,0.090598,0.026252,1.006471,0.000000,-0.060976,-0.426829,0.539000,0.343000,0.588000,0.000000,0.000000,0.000000,31.0473175,-103.5266418,884.880,0.000,6070,21
"COREYMAY3",98,31303,0,9490295,901.739990,52.730000,0.066178,0.054701,0.969475,0.121951,0.060976,0.365854,0.686000,0.245000,0.539000,0.000000,0.000000,0.000000,31.0473175,-103.5266418,884.880,0.000,6070,21
"COREYMAY3",98,34130,0,9490305,901.739990,52.730000,0.133455,0.059951,1.012943,0.243902,0.060976,0.731707,0.588000,0.294000,0.441000,0.000000,0.000000,0.000000,31.0473175,-103.5266418,884.880,0.000,6070,21
"COREYMAY3",98,1238,0,9490315,901.700012,52.730000,0.111722,0.054579,0.995604,0.243902,0.060976,0.487805,0.637000,0.392000,0.735000,0.000000,0.000000,0.000000,31.0473175,-103.5266418,884.880,0.000,6070,21
"COREYMAY3",98,34772,0,9490325,901.700012,52.730000,0.064347,0.037363,0.982540,0.182927,0.121951,0.182927,0.490000,0.294000,0.539000,0.000000,0.000000,0.000000,31.0473175,-103.5266418,884.880,0.000,6070,21
"COREYMAY3",98,61836,0,9490335,901.700012,52.730000,0.109524,0.071429,1.012576,0.121951,0.060976,-0.182927,0.539000,0.294000,0.490000,0.000000,0.000000,0.000000,31.0473175,-103.5266418,884.880,0.000,6070,21
"COREYMAY3",98,45123,0,9490345,901.700012,52.730000,0.115873,0.040659,0.999878,0.060976,0.000000,-0.121951,0.539000,0.294000,0.588000,0.000000,0.000000,0.000000,31.0473175,-103.5266418,884.880,0.000,6070,21
"COREYMAY3",98,12854,0,9490355,901.750000,52.730000,0.090720,0.048962,0.990965,0.121951,0.060976,-0.304878,0.490000,0.441000,0.637000,0.000000,0.000000,0.000000,31.0473175,-103.5266418,884.880,0.000,6070,21
"COREYMAY3",98,39180,0,9490365,901.750000,52.730000,0.125275,0.059707,1.006227,0.243902,0.121951,-0.548781,0.637000,0.294000,0.637000,0.000000,0.000000,0.000000,31.0473175,-103.5266418,884.880,0.000,6070,21
"COREYMAY3",98,1239,0,9490375,901.750000,52.730000,0.079976,0.052869,0.994872,0.182927,0.121951,-1.158537,0.392000,0.441000,0.539000,0.000000,0.000000,0.000000,31.0473175,-103.5266418,884.880,0.000,6070,21
"COREYMAY3",98,40868,0,9490385,901.750000,52.730000,0.099267,0.058608,0.997558,0.060976,0.182927,-1.463415,0.588000,0.343000,0.637000,0.000000,0.000000,0.000000,31.0473175,-103.5266418,884.880,0.000,6070,21
"COREYMAY3",98,29531,0,9490395,901.690002,52.740002,0.098657,0.061538,0.989621,0.000000,0.121951,-1.280488,0.588000,0.343000,0.637000,0.000000,0.000000,0.000000,31.0473175,-103.5266418,884.880,0.000,6070,21
"COREYMAY3",98,179,0,9490405,901.690002,52.740002,0.091941,0.054212,0.994750,-0.060976,0.060976,-1.768293,0.588000,0.294000,0.539000,0.000000,0.000000,0.000000,31.0473175,-103.5266418,884.880,0.000,6070,21
"COREYMAY3",98,16418,0,9490415,901.690002,52.740002,0.091575,0.067521,1.005861,-0.060976,0.121951,-2.256098,0.490000,0.343000,0.637000,0.000000,0.000000,0.000000,31.0473175,-103.5266418,884.880,0.000,6070,21
"COREYMAY3",98,5114,0,9490425,901.690002,52.740002,0.080098,0.072161,0.986447,0.060976,0.121951,-2.378049,0.539000,0.294000,0.490000,0.000000,0.000000,0.000000,31.0473175,-103.5266418,884.880,0.000,6070,21
"COREYMAY3",98,61086,0,9490435,901.770020,52.730000,0.104029,0.061416,1.003419,0.060976,0.182927,-1.951220,0.539000,0.245000,0.490000,0.000000,0.000000,0.000000,31.0473175,-103.5266418,884.880,0.000,6070,21
"COREYMAY3",98,22623,0,9490445,901.770020,52.730000,0.069475,0.074603,0.993407,0.000000,0.182927,-1.341463,0.588000,0.343000,0.441000,0.000000,0.000000,0.000000,31.0473175,-103.5266418,884.880,0.000,6070,21
"COREYMAY3",98,10268,0,9490455,901.770020,52.730000,0.069353,0.063004,0.983639,-0.060976,0.182927,-0.609756,0.588000,0.343000,0.637000,0.000000,0.000000,0.000000,31.0473175,-103.5266418,884.880,0.000,6070,21
"COREYMAY3",98,21444,0,9490465,901.770020,52.730000,0.101343,0.076435,1.007936,0.000000,0.060976,-0.365854,0.490000,0.392000,0.588000,0.000000,0.000000,0.000000,31.0473175,-103.5266418,884.880,0.000,6070,21
"COREYMAY3",98,29502,0,9490475,901.750000,52.730000,0.095726,0.077289,0.989377,0.000000,0.121951,-0.060976,0.441000,0.441000,0.539000,0.000000,0.000000,0.000000,31.0473175,-103.5266418,884.880,0.000,6070,21
"COREYMAY3",98,36445,0,9490485,901.750000,52.730000,0.042979,0.048230,0.991575,0.000000,0.121951,0.365854,0.539000,0.245000,0.637000,0.000000,0.000000,0.000000,31.0473175,-103.5266418,884.880,0.000,6070,21
"COREYMAY3",98,464,0,9490495,901.750000,52.730000,0.110989,0.089499,1.018315,0.000000,0.060976,0.975610,0.539000,0.343000,0.490000,0.000000,0.000000,0.000000,31.0473175,-103.5266418,884.880,0.000,6070,21
"COREYMAY3",98,50326,0,9490505,901.750000,52.730000,0.086935,0.056777,0.978266,-0.121951,0.060976,1.036585,0.539000,0.294000,0.588000,0.000000,0.000000,0.000000,31.0473175,-103.5266418,884.880,0.000,6070,21
"COREYMAY3",98,50092,0,9490515,901.719971,52.740002,0.070208,0.067888,0.988523,-0.060976,0.060976,0.853659,0.490000,0.294000,0.539000,0.000000,0.000000,0.000000,31.0473175,-103.5266418,884.880,0.000,6070,21
"COREYMAY3",98,15161,0,9490525,901.719971,52.740002,0.123565,0.054579,1.015018,0.000000,0.000000,1.402439,0.588000,0.245000,0.441000,0.000000,0.000000,0.000000,31.0473175,-103.5266418,884.880,0.000,6070,21
"COREYMAY3",98,25695,0,9490535,901.719971,52.740002,0.049328,0.064347,0.980586,0.000000,0.000000,1.768293,0.588000,0.245000,0.441000,0.000000,0.000000,0.000000,31.0473175,-103.5266418,884.880,0.000,6070,21
"COREYMAY3",98,22629,0,9490545,901.719971,52.740002,0.092186,0.043468,1.003541,0.000000,0.000000,2.073171,0.490000,0.343000,0.686000,0.000000,0.000000,0.000000,31.0473175,-103.5266418,884.880,0.000,6070,21
"COREYMAY3",98,49919,0,9490555,901.780029,52.740002,0.112698,0.061661,1.004029,0.000000,0.000000,1.951220,0.490000,0.343000,0.833000,0.000000,0.000000,0.000000,31.0473175,-103.5266418,884.880,0.000,6070,21
"COREYMAY3",98,1235,0,9490565,901.780029,52.740002,0.092063,0.044078,0.984737,-0.121951,0.000000,0.792683,0.539000,0.245000,0.637000,0.000000,0.000000,0.000000,31.0473175,-103.5266418,884.880,0.000,6070,21
"COREYMAY3",98,64240,0,9490575,901.780029,52.740002,0.070085,0.058120,0.995849,-0.121951,-0.060976,-0.060976,0.490000,0.294000,0.441000,0.000000,0.000000,0.000000,31.0473175,-103.5266418,884.880,0.000,6070,21
"COREYMAY3",98,62706,0,9490585,901.780029,52.740002,0.136996,0.071673,0.996703,-0.121951,-0.121951,0.365854,0.637000,0.343000,0.637000,0.000000,0.000000,0.000000,31.0473175,-103.5266418,884.880,0.000,6070,21
"COREYMAY3",98,30869,0,9490595,901.750000,52.730000,0.085958,0.031013,0.990354,-0.121951,-0.121951,0.426829,0.441000,0.441000,0.637000,0.000000,0.000000,0.000000,31.0473175,-103.5266418,884.880,0.000,6070,21
"COREYMAY3",98,38068,0,9490605,901.750000,52.730000,0.087424,0.059951,0.999389,-0.121951,0.000000,0.548781,0.588000,0.245000,0.588000,0.000000,0.000000,0.000000,31.0473175,-103.5266418,884.880,0.000,6070,21
"COREYMAY3",98,10553,0,9490615,901.750000,52.730000,0.132112,0.044200,0.997436,-0.060976,0.000000,-0.060976,0.637000,0.343000,0.686000,0.000000,0.000000,0.000000,31.0473175,-103.5266418,884.880,0.000,6070,21
"COREYMAY3",98,57106,0,9490625,901.750000,52.730000,0.075946,0.063492,0.989011,-0.121951,0.060976,-1.341463,0.588000,0.343000,0.686000,0.000000,0.000000,0.000000,31.0473175,-103.5266418,884.880,0.000,6070,21
"COREYMAY3",98,58631,0,9490635,901.809998,52.740002,0.084127,0.031502,0.993162,-0.060976,0.000000,-1.219512,0.539000,0.294000,0.539000,0.000000,0.000000,0.000000,31.0473175,-103.5266418,884.880,0.000,6070,21
"COREYMAY3",98,13597,0,9490645,901.809998,52.740002,0.103907,0.069841,1.011477,-0.060976,-0.121951,-1.158537,0.539000,0.343000,0.637000,0.000000,0.000000,0.000000,31.0473175,-103.5266418,884.880,0.000,6070,21
"COREYMAY3",98,41766,0,9490655,901.809998,52.740002,0.074237,0.049084,0.995116,-0.121951,-0.060976,-1.585366,0.441000,0.343000,0.490000,0.000000,0.000000,0.000000,31.0473175,-103.5266418,884.880,0.000,6070,21
"COREYMAY3",98,51145,0,9490665,901.809998,52.740002,0.062393,0.060806,0.980220,-0.121951,-0.121951,-1.829268,0.490000,0.294000,0.539000,0.000000,0.000000,0.000000,31.0473175,-103.5266418,884.880,0.000,6070,21
"COREYMAY3",98,53461,0,9490675,901.760010,52.740002,0.130525,0.065690,1.019414,-0.060976,-0.121951,-2.134146,0.539000,0.294000,0.588000,0.000000,0.000000,0.000000,31.0473175,-103.5266418,884.880,0.000,6070,21
"COREYMAY3",98,2608,0,9490685,901.760010,52.740002,0.058608,0.052991,0.987912,-0.121951,-0.060976,-2.073171,0.539000,0.294000,0.539000,0.000000,0.000000,0.000000,31.0473175,-103.5266418,884.880,0.000,6070,21
"COREYMAY3",98,55568,0,9490695,901.760010,52.740002,0.054579,0.083150,0.973871,-0.121951,-0.182927,-1.097561,0.490000,0.294000,0.441000,0.000000,0.000000,0.000000,31.0473175,-103.5266418,884.880,0.000,6070,21
"COREYMAY3",98,30455,0,9490705,901.760010,52.740002,0.127350,0.068132,1.023443,-0.121951,-0.243902,-0.731707,0.588000,0.343000,0.686000,0.000000,0.000000,0.000000,31.0473175,-103.5266418,884.880,0.000,6070,21
"COREYMAY3",98,8119,0,9490715,901.700012,52.740002,0.053724,0.073748,0.978999,-0.182927,-0.182927,-0.853659,0.490000,0.294000,0.539000,0.000000,0.000000,0.000000,31.0473175,-103.5266418,884.880,0.000,6070,21
"COREYMAY3",98,45041,0,9490725,901.700012,52.740002,0.066545,0.051770,0.986447,-0.182927,-0.243902,-0.426829,0.490000,0.343000,0.490000,0.000000,0.000000,0.000000,31.0473175,-103.5266418,884.880,0.000,6070,21
"COREYMAY3",98,14836,0,9490735,901.700012,52.740002,0.117460,0.103907,1.016239,-0.121951,-0.304878,-0.243902,0.588000,0.343000,0.539000,0.000000,0.000000,0.000000,31.0473175,-103.5266418,884.880,0.000,6070,21
"COREYMAY3",98,18756,0,9490745,901.700012,52.740002,0.066178,0.048962,0.980952,-0.182927,-0.243902,0.243902,0.490000,0.343000,0.539000,0.000000,0.000000,0.000000,31.0473175,-103.5266418,884.880,0.000,6070,21
"COREYMAY3",98,14004,0,9490755,901.780029,52.740002,0.064835,0.073382,0.989621,-0.182927,-0.304878,1.219512,0.588000,0.294000,0.441000,0.000000,0.000000,0.000000,31.0473175,-103.5266418,884.880,0.000,6070,21
"COREYMAY3",98,37902,0,9490765,901.780029,52.740002,0.132723,0.063126,1.020024,-0.121951,-0.304878,2.012195,0.588000,0.392000,0.637000,0.000000,0.000000,0.000000,31.0473175,-103.5266418,884.880,0.000,6070,21
"COREYMAY3",98,55090,0,9490775,901.780029,52.740002,0.043223,0.057631,0.975336,-0.121951,-0.182927,2.195122,0.588000,0.392000,0.637000,0.000000,0.000000,0.000000,31.0473175,-103.5266418,884.880,0.000,6070,21
"COREYMAY3",98,40820,0,9490785,901.780029,52.740002,0.099390,0.056777,0.993407,-0.060976,-0.243902,2.804878,0.539000,0.245000,0.588000,0.000000,0.000000,0.000000,31.0473175,-103.5266418,884.880,0.000,6070,21
"COREYMAY3",98,41748,0,9490795,901.760010,52.740002,0.140049,0.064347,1.012576,-0.060976,-0.304878,2.865854,0.588000,0.392000,0.588000,0.000000,0.000000,0.000000,31.0473175,-103.5266418,884.880,0.000,6070,21
"COREYMAY3",98,4862,0,9490805,901.760010,52.740002,0.067155,0.048962,0.977656,-0.060976,-0.243902,2.012195,0.588000,0.294000,0.686000,0.000000,0.000000,0.000000,31.0473175,-103.5266418,884.880,0.000,6070,21
"COREYMAY3",98,35758,0,9490815,901.760010,52.740002,0.100611,0.053114,1.002686,-0.060976,-0.243902,1.768293,0.441000,0.392000,0.490000,0.000000,0.000000,0.000000,31.0473175,-103.5266418,884.880,0.000,6070,21
"COREYMAY3",98,14931,0,9490825,901.760010,52.740002,0.146520,0.067155,1.001709,-0.121951,-0.243902,1.463415,0.637000,0.294000,0.588000,0.000000,0.000000,0.000000,31.0473175,-103.5266418,884.880,0.000,6070,21
"COREYMAY3",98,63893,0,9490835,901.700012,52.740002,0.087668,0.025763,0.978266,-0.121951,-0.121951,0.975610,0.539000,0.343000,0.588000,0.000000,0.000000,0.000000,31.0473175,-103.5266418,884.880,0.000,6070,21
"COREYMAY3",98,37904,0,9490845,901.700012,52.740002,0.122344,0.069475,0.997436,-0.060976,-0.121951,0.792683,0.539000,0.294000,0.539000,0.000000,0.000000,0.000000,31.0473175,-103.5266418,884.880,0.000,6070,21
"COREYMAY3",98,35490,0,9490855,901.700012,52.740002,0.140904,0.047863,1.006471,-0.060976,-0.121951,0.182927,0.588000,0.294000,0.588000,0.000000,0.000000,0.000000,31.0473175,-103.5266418,884.880,0.000,6070,21
"COREYMAY3",98,60208,0,9490865,901.700012,52.740002,0.069597,0.033089,0.978144,-0.121951,-0.060976,-0.731707,0.539000,0.245000,0.637000,0.000000,0.000000,0.000000,31.0473175,-103.5266418,884.880,0.000,6070,21
"COREYMAY3",98,50283,0,9490875,901.690002,52.740002,0.122955,0.054823,0.996459,-0.121951,-0.060976,-0.609756,0.490000,0.294000,0.588000,0.000000,0.000000,0.000000,31.0473175,-103.5266418,884.880,0.000,6070,21
"COREYMAY3",98,21010,0,9490885,901.690002,52.740002,0.136264,0.046276,1.003663,-0.182927,0.000000,-0.731707,0.539000,0.392000,0.637000,0.000000,0.000000,0.000000,31.0473175,-103.5266418,884.880,0.000,6070,21
"COREYMAY3",98,46165,0,9490895,901.690002,52.740002,0.075824,0.054701,0.976801,-0.060976,0.060976,-1.158537,0.588000,0.343000,0.539000,0.000000,0.000000,0.000000,31.0473175,-103.5266418,884.880,0.000,6070,21
"COREYMAY3",98,50662,0,9490905,901.690002,52.740002,0.109035,0.048230,0.996703,0.000000,0.060976,-1.158537,0.637000,0.294000,0.490000,0.000000,0.000000,0.000000,31.0473175,-103.5266418,884.880,0.000,6070,21
"COREYMAY3",98,45896,0,9490915,901.679993,52.740002,0.138462,0.071917,1.010134,0.000000,0.060976,-1.280488,0.588000,0.392000,0.686000,0.000000,0.000000,0.000000,31.0473175,-103.5266418,884.880,0.000,6070,21
"COREYMAY3",98,5593,0,9490925,901.679993,52.740002,0.066789,0.029548,0.979853,0.000000,0.182927,-0.914634,0.539000,0.343000,0.637000,0.000000,0.000000,0.000000,31.0473175,-103.5266418,884.880,0.000,6070,21
"COREYMAY3",98,21714,0,9490935,901.679993,52.740002,0.104029,0.081929,0.984737,0.000000,0.182927,-0.548781,0.588000,0.294000,0.686000,0.000000,0.000000,0.000000,31.0473175,-103.5266418,884.880,0.000,6070,21
"COREYMAY3",98,62419,0,9490945,901.679993,52.740002,0.138706,0.065690,1.013797,0.060976,0.182927,-1.036585,0.490000,0.343000,0.539000,0.000000,0.000000,0.000000,31.0473175,-103.5266418,884.880,0.000,6070,21
"COREYMAY3",98,8070,0,9490955,901.729980,52.740002,0.063004,0.047863,0.981074,0.000000,0.121951,-1.890244,0.539000,0.343000,0.490000,0.000000,0.000000,0.000000,31.0473175,-103.5266418,884.880,0.000,6070,21
"COREYMAY3",98,50278,0,9490965,901.729980,52.740002,0.096093,0.076679,0.994383,-0.060976,0.060976,-2.012195,0.588000,0.343000,0.588000,0.000000,0.000000,0.000000,31.0473175,-103.5266418,884.880,0.000,6070,21
"COREYMAY3",98,62312,0,9490975,901.729980,52.740002,0.111111,0.053968,1.015385,-0.121951,0.060976,-2.073171,0.588000,0.245000,0.539000,0.000000,0.000000,0.000000,31.0473175,-103.5266418,884.880,0.000,6070,21
"COREYMAY3",98,7008,0,9490985,901.729980,52.740002,0.064103,0.056777,0.971795,-0.060976,0.121951,-1.524390,0.539000,0.392000,0.490000,0.000000,0.000000,0.000000,31.0473175,-103.5266418,884.880,0.000,6070,21
"COREYMAY3",98,14252,0,9490995,901.690002,52.730000,0.098413,0.053724,0.998535,0.000000,0.121951,-0.914634,0.539000,0.441000,0.539000,0.000000,0.000000,0.000000,31.0473175,-103.5266418,884.880,0.000,6070,21
"COREYMAY3",98,59261,0,9491005,901.690002,52.730000,0.109402,0.087790,1.010134,0.060976,0.121951,-0.975610,0.588000,0.294000,0.539000,0.000000,0.000000,0.000000,31.0473175,-103.5266418,884.880,0.000,6070,21
"COREYMAY3",98,4380,0,9491015,901.690002,52.730000,0.053724,0.036142,0.978266,0.000000,0.121951,-0.609756,0.588000,0.294000,0.539000,0.000000,0.000000,0.000000,31.0473175,-103.5266418,884.880,0.000,6070,21
"COREYMAY3",98,45012,0,9491025,901.690002,52.730000,0.100855,0.082418,1.001587,0.000000,0.121951,0.426829,0.490000,0.294000,0.539000,0.000000,0.000000,0.000000,31.0473175,-103.5266418,884.880,0.000,6070,21
"COREYMAY3",98,30671,0,9491035,901.700012,52.740002,0.106593,0.047009,1.005250,0.060976,0.121951,1.097561,0.539000,0.245000,0.490000,0.000000,0.000000,0.000000,31.0473175,-103.5266418,884.880,0.000,6070,21
"COREYMAY3",98,30106,0,9491045,901.700012,52.740002,0.060928,0.057265,0.973871,0.121951,0.182927,1.341463,0.490000,0.441000,0.441000,0.000000,0.000000,0.000000,31.0473175,-103.5266418,884.880,0.000,6070,21
"COREYMAY3",98,10541,0,9491055,901.700012,52.740002,0.116239,0.073748,1.003419,0.121951,0.121951,1.219512,0.539000,0.392000,0.735000,0.000000,0.000000,0.000000,31.0473175,-103.5266418,884.880,0.000,6070,21
"COREYMAY3",98,49834,0,9491065,901.700012,52.740002,0.111355,0.058486,0.997680,0.121951,0.121951,0.853659,0.637000,0.343000,0.686000,0.000000,0.000000,0.000000,31.0473175,-103.5266418,884.880,0.000,6070,21
"COREYMAY3",98,18832,0,9491075,901.719971,52.740002,0.061050,0.045910,0.985470,0.121951,0.060976,0.853659,0.441000,0.343000,0.539000,0.000000,0.000000,0.000000,31.0473175,-103.5266418,884.880,0.000,6070,21
"COREYMAY3",98,2231,0,9491085,901.719971,52.740002,0.061050,0.045910,0.985470,0.121951,0.060976,0.853659,0.490000,0.392000,0.637000,0.000000,0.000000,0.000000,31.0473175,-103.5266418,884.880,0.000,6070,21
"COREYMAY3",98,23720,0,9491095,901.719971,52.740002,0.118193,0.059707,1.006838,0.060976,0.121951,1.341463,0.637000,0.245000,0.539000,0.000000,0.000000,0.000000,31.0473175,-103.5266418,884.880,0.000,6070,21
"COREYMAY3",98,1402,0,9491105,901.719971,52.740002,0.100977,0.064591,0.989377,0.060976,0.121951,0.792683,0.539000,0.245000,0.588000,0.000000,0.000000,0.000000,31.0473175,-103.5266418,884.880,0.000,6070,21
"COREYMAY3",98,28713,0,9491115,901.739990,52.740002,0.093162,0.039072,0.987790,0.121951,0.121951,-0.060976,0.588000,0.294000,0.539000,0.000000,0.000000,0.000000,31.0473175,-103.5266418,884.880,0.000,6070,21
"COREYMAY3",98,27278,0,9491125,901.739990,52.740002,0.116361,0.072527,1.005128,0.060976,0.060976,-0.548781,0.539000,0.343000,0.490000,0.000000,0.000000,0.000000,31.0473175,-103.5266418,884.880,0.000,6070,21
"COREYMAY3",98,3759,0,9491135,901.739990,52.740002,0.092063,0.049328,0.991575,0.000000,0.060976,-1.036585,0.539000,0.343000,0.588000,0.000000,0.000000,0.000000,31.0473175,-103.5266418,884.880,0.000,6070,21
"COREYMAY3",98,36346,0,9491145,901.739990,52.740002,0.076190,0.045177,0.994750,0.000000,0.060976,-0.731707,0.637000,0.294000,0.539000,0.000000,0.000000,0.000000,31.0473175,-103.5266418,884.880,0.000,6070,21
"COREYMAY3",98,8756,0,9491155,901.719971,52.740002,0.124176,0.064957,1.000244,0.000000,0.000000,-0.365854,0.539000,0.343000,0.441000,0.000000,0.000000,0.000000,31.0473175,-103.5266418,884.880,0.000,6070,21
"COREYMAY3",98,51326,0,9491165,901.719971,52.740002,0.084982,0.056777,0.988767,0.060976,0.060976,-0.853659,0.490000,0.441000,0.539000,0.000000,0.000000,0.000000,31.0473175,-103.5266418,884.880,0.000,6070,21
"COREYMAY3",98,44634,0,9491175,901.719971,52.740002,0.084737,0.064225,0.987912,0.121951,0.060976,-0.914634,0.490000,0.294000,0.539000,0.000000,0.000000,0.000000,31.0473175,-103.5266418,884.880,0.000,6070,21
"COREYMAY3",98,10131,0,9491185,901.719971,52.740002,0.100244,0.059707,0.999145,0.060976,0.000000,-0.609756,0.441000,0.490000,0.686000,0.000000,0.000000,0.000000,31.0473175,-103.5266418,884.880,0.000,6070,21
"COREYMAY3",98,22328,0,9491195,901.789978,52.740002,0.092186,0.069109,0.999023,0.060976,-0.060976,-0.792683,0.490000,0.392000,0.588000,0.000000,0.000000,0.000000,31.0473175,-103.5266418,884.880,0.000,6070,21
"COREYMAY3",98,39902,0,9491205,901.789978,52.740002,0.069719,0.036020,0.996215,0.060976,0.000000,-0.548781,0.588000,0.294000,0.539000,0.000000,0.000000,0.000000,31.0473175,-103.5266418,884.880,0.000,6070,21
"COREYMAY3",98,54794,0,9491215,901.789978,52.740002,0.098779,0.076923,0.992308,0.000000,-0.060976,-0.731707,0.539000,0.294000,0.490000,0.000000,0.000000,0.000000,31.0473175,-103.5266418,884.880,0.000,6070,21
"COREYMAY3",98,19562,0,9491225,901.789978,52.740002,0.087668,0.064347,0.999878,0.000000,-0.060976,-1.280488,0.490000,0.245000,0.637000,0.000000,0.000000,0.000000,31.0473175,-103.5266418,884.880,0.000,6070,21
"COREYMAY3",98,57698,0,9491235,901.809998,52.740002,0.069109,0.055678,0.984249,0.060976,-0.182927,-0.975610,0.539000,0.343000,0.539000,0.000000,0.000000,0.000000,31.0473175,-103.5266418,884.880,0.000,6070,21
"COREYMAY3",98,45181,0,9491245,901.809998,52.740002,0.119048,0.084127,0.995971,0.000000,-0.243902,-0.792683,0.588000,0.245000,0.539000,0.000000,0.000000,0.000000,31.0473175,-103.5266418,884.880,0.000,6070,21
"COREYMAY3",98,24640,0,9491255,901.809998,52.740002,0.063614,0.060928,1.010989,-0.060976,-0.121951,-0.792683,0.588000,0.343000,0.539000,0.000000,0.000000,0.000000,31.0473175,-103.5266418,884.880,0.000,6070,21
"COREYMAY3",98,64416,0,9491265,901.809998,52.740002,0.070940,0.065079,0.973260,-0.121951,-0.121951,-0.426829,0.588000,0.343000,0.539000,0.000000,0.000000,0.000000,31.0473175,-103.5266418,884.880,0.000,6070,21
"COREYMAY3",98,53513,0,9491275,901.780029,52.740002,0.113553,0.055800,1.016361,-0.121951,-0.121951,-0.365854,0.588000,0.392000,0.686000,0.000000,0.000000,0.000000,31.0473175,-103.5266418,884.880,0.000,6070,21
"COREYMAY3",98,3004,0,9491285,901.780029,52.740002,0.075092,0.083028,0.983028,-0.182927,-0.121951,-0.121951,0.588000,0.343000,0.637000,0.000000,0.000000,0.000000,31.0473175,-103.5266418,884.880,0.000,6070,21
"COREYMAY3",98,61984,0,9491295,901.780029,52.740002,0.065690,0.061172,0.983761,-0.182927,-0.182927,0.243902,0.539000,0.343000,0.490000,0.000000,0.000000,0.000000,31.0473175,-103.5266418,884.880,0.000,6070,21
"COREYMAY3",98,7201,0,9491305,901.780029,52.740002,0.120391,0.080830,1.018926,-0.121951,-0.243902,0.487805,0.539000,0.343000,0.588000,0.000000,0.000000,0.000000,31.0473175,-103.5266418,884.880,0.000,6070,21
"COREYMAY3",98,1437,0,9491315,901.789978,52.730000,0.058120,0.054090,0.981807,-0.182927,-0.121951,0.914634,0.441000,0.392000,0.588000,0.000000,0.000000,0.000000,31.0473175,-103.5266418,884.880,0.000,6070,21
"COREYMAY3",98,20271,0,9491325,901.789978,52.730000,0.083394,0.068376,0.986203,-0.243902,-0.121951,1.402439,0.686000,0.245000,0.490000,0.000000,0.000000,0.000000,31.0473175,-103.5266418,884.880,0.000,6070,21
"COREYMAY3",98,56650,0,9491335,901.789978,52.730000,0.124664,0.076923,1.008669,-0.182927,-0.182927,1.829268,0.441000,0.245000,0.637000,0.000000,0.000000,0.000000,31.0473175,-103.5266418,884.880,0.000,6070,21
"COREYMAY3",98,26855,0,9491345,901.789978,52.730000,0.072894,0.050672,0.974359,-0.121951,-0.182927,1.829268,0.490000,0.343000,0.588000,0.000000,0.000000,0.000000,31.0473175,-103.5266418,884.880,0.000,6070,21
"COREYMAY3",98,18124,0,9491355,901.770020,52.740002,0.092430,0.074603,1.005006,-0.121951,-0.243902,1.402439,0.539000,0.343000,0.637000,0.000000,0.000000,0.000000,31.0473175,-103.5266418,884.880,0.000,6070,21
"COREYMAY3",98,17041,0,9491365,901.770020,52.740002,0.107326,0.053358,1.010623,-0.243902,-0.243902,1.219512,0.539000,0.343000,0.539000,0.000000,0.000000,0.000000,31.0473175,-103.5266418,884.880,0.000,6070,21
"COREYMAY3",98,59184,0,9491375,901.770020,52.740002,0.069963,0.054212,0.976557,-0.304878,-0.182927,0.853659,0.490000,0.392000,0.588000,0.000000,0.000000,0.000000,31.0473175,-103.5266418,884.880,0.000,6070,21
"COREYMAY3",98,62659,0,9491385,901.770020,52.740002,0.113065,0.062637,1.009402,-0.243902,-0.243902,0.731707,0.539000,0.392000,0.588000,0.000000,0.000000,0.000000,31.0473175,-103.5266418,884.880,0.000,6070,21
"COREYMAY3",98,47064,0,9491395,901.830017,52.740002,0.116850,0.061050,0.994383,-0.243902,-0.243902,0.731707,0.588000,0.343000,0.637000,0.000000,0.000000,0.000000,31.0473175,-103.5266418,884.880,0.000,6070,21
"COREYMAY3",98,18732,0,9491405,901.830017,52.740002,0.067888,0.044567,0.985714,-0.243902,-0.243902,0.000000,0.637000,0.343000,0.588000,0.000000,0.000000,0.000000,31.0473175,-103.5266418,884.880,0.000,6070,21
"COREYMAY3",98,49102,0,9491415,901.830017,52.740002,0.098657,0.072650,1.013309,-0.243902,-0.304878,-0.243902,0.588000,0.294000,0.588000,0.000000,0.000000,0.000000,31.0473175,-103.5266418,884.880,0.000,6070,21
"COREYMAY3",98,4646,0,9491425,901.830017,52.740002,0.108547,0.047009,0.991941,-0.365854,-0.243902,-0.060976,0.490000,0.294000,0.588000,0.000000,0.000000,0.000000,31.0473175,-103.5266418,884.880,0.000,6070,21
"COREYMAY3",98,51641,0,9491435,901.809998,52.740002,0.081929,0.044444,0.984737,-0.304878,-0.243902,-0.121951,0.588000,0.196000,0.588000,0.000000,0.000000,0.000000,31.0473175,-103.5266418,884.880,0.000,6070,21
"COREYMAY3",98,38955,0,9491445,901.809998,52.740002,0.104640,0.073993,0.998291,-0.182927,-0.182927,0.243902,0.490000,0.343000,0.441000,0.000000,0.000000,0.000000,31.0473175,-103.5266418,884.880,0.000,6070,21
"COREYMAY3",98,12637,0,9491455,901.809998,52.740002,0.108669,0.062759,0.990965,-0.182927,-0.243902,-0.060976,0.539000,0.294000,0.490000,0.000000,0.000000,0.000000,31.0473175,-103.5266418,884.880,0.000,6070,21
"COREYMAY3",98,19161,0,9491465,901.809998,52.740002,0.088767,0.054335,0.993407,-0.304878,-0.243902,-0.487805,0.539000,0.294000,0.588000,0.000000,0.000000,0.000000,31.0473175,-103.5266418,884.880,0.000,6070,21
"COREYMAY3",98,52055,0,9491475,901.809998,52.740002,0.098901,0.052503,0.992796,-0.304878,-0.243902,0.243902,0.637000,0.294000,0.588000,0.000000,0.000000,0.000000,31.0473175,-103.5266418,884.880,0.000,6070,21
"COREYMAY3",98,53942,0,9491485,901.809998,52.740002,0.108669,0.053724,0.993651,-0.243902,-0.182927,0.548781,0.539000,0.343000,0.539000,0.000000,0.000000,0.000000,31.0473175,-103.5266418,884.880,0.000,6070,21
"COREYMAY3",98,7936,0,9491495,901.809998,52.740002,0.084371,0.044200,0.994017,-0.121951,-0.121951,0.487805,0.539000,0.343000,0.686000,0.000000,0.000000,0.000000,31.0473175,-103.5266418,884.880,0.000,6070,21
"COREYMAY3",98,43628,0,9491505,901.809998,52.740002,0.109280,0.059585,0.986813,-0.121951,-0.182927,0.365854,0.539000,0.343000,0.686000,0.000000,0.000000,0.000000,31.0473175,-103.5266418,884.880,0.000,6070,21
"COREYMAY3",98,32265,0,9491515,901.739990,52.740002,0.102076,0.059096,1.007448,-0.182927,-0.243902,-0.548781,0.539000,0.294000,0.588000,0.000000,0.000000,0.000000,31.0473175,-103.5266418,884.880,0.000,6070,21
"COREYMAY3",98,32681,0,9491525,901.739990,52.740002,0.077045,0.049695,0.991209,-0.243902,-0.243902,-0.792683,0.441000,0.343000,0.490000,0.000000,0.000000,0.000000,31.0473175,-103.5266418,884.880,0.000,6070,21
"COREYMAY3",98,5609,0,9491535,901.739990,52.740002,0.103907,0.048840,0.987912,-0.243902,-0.243902,-0.243902,0.539000,0.392000,0.490000,0.000000,0.000000,0.000000,31.0473175,-103.5266418,884.880,0.000,6070,21
"COREYMAY3",98,71,0,9491545,901.739990,52.740002,0.113919,0.062149,1.006838,-0.121951,-0.182927,-0.426829,0.490000,0.343000,0.637000,0.000000,0.000000,0.000000,31.0473175,-103.5266418,884.880,0.000,6070,21
"COREYMAY3",98,62264,0,9491555,901.780029,52.740002,0.069353,0.038950,0.985958,-0.060976,-0.121951,-0.182927,0.539000,0.294000,0.588000,0.000000,0.000000,0.000000,31.0473175,-103.5266418,884.880,0.000,6070,21
"COREYMAY3",98,24894,0,9491565,901.780029,52.740002,0.106105,0.069353,0.991697,-0.060976,-0.121951,0.000000,0.539000,0.245000,0.539000,0.000000,0.000000,0.000000,31.0473175,-103.5266418,884.880,0.000,6070,21
"COREYMAY3",98,37631,0,9491575,901.780029,52.740002,0.100000,0.062271,1.014652,-0.121951,-0.182927,-0.060976,0.539000,0.392000,0.539000,0.000000,0.000000,0.000000,31.0473175,-103.5266418,884.880,0.000,6070,21
"COREYMAY3",98,61287,0,9491585,901.780029,52.740002,0.071184,0.031868,0.971673,-0.121951,-0.121951,0.731707,0.539000,0.294000,0.588000,0.000000,0.000000,0.000000,31.0473175,-103.5266418,884.880,0.000,6070,21
"COREYMAY3",98,10082,0,9491595,901.729980,52.740002,0.115873,0.064347,1.000244,-0.060976,-0.121951,0.975610,0.637000,0.245000,0.637000,0.000000,0.000000,0.000000,31.0473175,-103.5266418,884.880,0.000,6070,21
"COREYMAY3",98,12631,0,9491605,901.729980,52.740002,0.108303,0.063126,1.007814,0.000000,-0.060976,0.853659,0.539000,0.245000,0.588000,0.000000,0.000000,0.000000,31.0473175,-103.5266418,884.880,0.000,6070,21
"COREYMAY3",98,18411,0,9491615,901.729980,52.740002,0.068498,0.033944,0.972283,0.000000,-0.060976,0.914634,0.539000,0.294000,0.588000,0.000000,0.000000,0.000000,31.0473175,-103.5266418,884.880,0.000,6070,21
"COREYMAY3",98,31714,0,9491625,901.729980,52.740002,0.130403,0.060684,1.016361,0.000000,-0.121951,0.853659,0.637000,0.392000,0.637000,0.000000,0.000000,0.000000,31.0473175,-103.5266418,884.880,0.000,6070,21
"COREYMAY3",98,54872,0,9491635,901.799988,52.740002,0.090232,0.052015,1.002808,-0.060976,0.000000,0.853659,0.539000,0.245000,0.490000,0.000000,0.000000,0.000000,31.0473175,-103.5266418,884.880,0.000,6070,21
"COREYMAY3",98,54986,0,9491645,901.799988,52.740002,0.074359,0.027839,0.966545,-0.060976,0.000000,1.036585,0.637000,0.196000,0.539000,0.000000,0.000000,0.000000,31.0473175,-103.5266418,884.880,0.000,6070,21
"COREYMAY3",98,31438,0,9491655,901.799988,52.740002,0.146764,0.068987,1.023077,0.060976,-0.060976,0.609756,0.441000,0.294000,0.588000,0.000000,0.000000,0.000000,31.0473175,-103.5266418,884.880,0.000,6070,21
"COREYMAY3",98,35068,0,9491665,901.799988,52.740002,0.089744,0.048962,0.994750,0.121951,0.000000,0.182927,0.490000,0.343000,0.441000,0.000000,0.000000,0.000000,31.0473175,-103.5266418,884.880,0.000,6070,21
"COREYMAY3",98,41977,0,9491675,901.799988,52.740002,0.070940,0.035043,0.975580,0.000000,0.000000,-0.426829,0.490000,0.392000,0.637000,0.000000,0.000000,0.000000,31.0473175,-103.5266418,884.880,0.000,6070,21
"COREYMAY3",98,27210,0,9491685,901.799988,52.740002,0.134921,0.073260,1.027595,-0.060976,0.000000,-0.670732,0.539000,0.343000,0.588000,0.000000,0.000000,0.000000,31.0473175,-103.5266418,884.880,0.000,6070,21
"COREYMAY3",98,48491,0,9491695,901.799988,52.740002,0.089621,0.035531,0.981685,-0.060976,0.060976,-0.548781,0.588000,0.294000,0.490000,0.000000,0.000000,0.000000,31.0473175,-103.5266418,884.880,0.000,6070,21
"COREYMAY3",98,36038,0,9491705,901.799988,52.740002,0.080952,0.050305,0.986325,0.000000,0.060976,-0.609756,0.539000,0.343000,0.637000,0.000000,0.000000,0.000000,31.0473175,-103.5266418,884.880,0.000,6070,21
"COREYMAY3",98,4642,0,9491715,901.789978,52.740002,0.137851,0.064957,1.019780,0.121951,0.060976,-0.426829,0.490000,0.343000,0.539000,0.000000,0.000000,0.000000,31.0473175,-103.5266418,884.880,0.000,6070,21
"COREYMAY3",98,35699,0,9491725,901.789978,52.740002,0.064103,0.060684,0.976679,0.060976,0.121951,-0.670732,0.588000,0.294000,0.490000,0.000000,0.000000,0.000000,31.0473175,-103.5266418,884.880,0.000,6070,21
"COREYMAY3",98,60013,0,9491735,901.789978,52.740002,0.100000,0.052625,1.002198,0.000000,0.121951,-1.036585,0.588000,0.343000,0.539000,0.000000,0.000000,0.000000,31.0473175,-103.5266418,884.880,0.000,6070,21
"COREYMAY3",98,6772,0,9491745,901.789978,52.740002,0.109768,0.070085,1.007692,0.000000,0.121951,-0.853659,0.588000,0.343000,0.539000,0.000000,0.000000,0.000000,31.0473175,-103.5266418,884.880,0.000,6070,21
"COREYMAY3",98,64208,0,9491755,901.799988,52.740002,0.070818,0.048474,0.975214,0.000000,0.121951,-0.975610,0.490000,0.294000,0.588000,0.000000,0.000000,0.000000,31.0473175,-103.5266418,884.880,0.000,6070,21
"COREYMAY3",98,4318,0,9491765,901.799988,52.740002,0.081929,0.064957,1.007814,0.060976,0.121951,-1.097561,0.490000,0.343000,0.588000,0.000000,0.000000,0.000000,31.0473175,-103.5266418,884.880,0.000,6070,21
"COREYMAY3",98,3462,0,9491775,901.799988,52.740002,0.121856,0.070940,1.000488,0.060976,0.060976,-0.914634,0.539000,0.294000,0.490000,0.000000,0.000000,0.000000,31.0473175,-103.5266418,884.880,0.000,6070,21
"COREYMAY3",98,57000,0,9491785,901.799988,52.740002,0.055556,0.057021,0.984371,0.000000,0.121951,-1.402439,0.539000,0.245000,0.588000,0.000000,0.000000,0.000000,31.0473175,-103.5266418,884.880,0.000,6070,21
"COREYMAY3",98,31394,0,9491795,901.760010,52.730000,0.092430,0.084249,1.010501,0.000000,0.121951,-1.280488,0.490000,0.392000,0.637000,0.000000,0.000000,0.000000,31.0473175,-103.5266418,884.880,0.000,6070,21
"COREYMAY3",98,33898,0,9491805,901.760010,52.730000,0.100244,0.055678,0.991209,-0.121951,0.121951,-0.609756,0.539000,0.294000,0.441000,0.000000,0.000000,0.000000,31.0473175,-103.5266418,884.880,0.000,6070,21
"COREYMAY3",98,13135,0,9491815,901.760010,52.730000,0.066422,0.066178,0.985592,-0.121951,0.060976,-0.731707,0.588000,0.245000,0.490000,0.000000,0.000000,0.000000,31.0473175,-103.5266418,884.880,0.000,6070,21
"COREYMAY3",98,20415,0,9491825,901.760010,52.730000,0.095482,0.072772,1.001954,-0.060976,0.000000,-0.243902,0.588000,0.294000,0.539000,0.000000,0.000000,0.000000,31.0473175,-103.5266418,884.880,0.000,6070,21
"COREYMAY3",98,33476,0,9491835,901.729980,52.730000,0.094628,0.070330,0.996581,-0.060976,0.000000,-0.182927,0.490000,0.392000,0.588000,0.000000,0.000000,0.000000,31.0473175,-103.5266418,884.880,0.000,6070,21
"COREYMAY3",98,41192,0,9491845,901.729980,52.730000,0.073382,0.060684,0.994994,-0.121951,0.060976,-0.426829,0.588000,0.245000,0.539000,0.000000,0.000000,0.000000,31.0473175,-103.5266418,884.880,0.000,6070,21
"COREYMAY3",98,47825,0,9491855,901.729980,52.730000,0.086569,0.069109,0.994139,-0.121951,0.060976,0.487805,0.686000,0.245000,0.686000,0.000000,0.000000,0.000000,31.0473175,-103.5266418,884.880,0.000,6070,21
"COREYMAY3",98,1424,0,9491865,901.729980,52.730000,0.107570,0.059585,0.994872,-0.060976,0.060976,1.036585,0.686000,0.294000,0.588000,0.000000,0.000000,0.000000,31.0473175,-103.5266418,884.880,0.000,6070,21
"COREYMAY3",98,55053,0,9491875,901.719971,52.730000,0.073993,0.057509,0.986569,-0.060976,0.060976,0.975610,0.588000,0.343000,0.539000,0.000000,0.000000,0.000000,31.0473175,-103.5266418,884.880,0.000,6070,21
"COREYMAY3",98,44449,0,9491885,901.719971,52.730000,0.097314,0.071306,0.993651,0.000000,-0.060976,1.219512,0.539000,0.343000,0.637000,0.000000,0.000000,0.000000,31.0473175,-103.5266418,884.880,0.000,6070,21
"COREYMAY3",98,50075,0,9491895,901.719971,52.730000,0.111966,0.061905,1.005494,-0.060976,-0.060976,0.426829,0.490000,0.294000,0.588000,0.000000,0.000000,0.000000,31.0473175,-103.5266418,884.880,0.000,6070,21
"COREYMAY3",98,51665,0,9491905,901.719971,52.730000,0.060440,0.048840,0.992308,-0.182927,-0.060976,-0.121951,0.441000,0.343000,0.490000,0.000000,0.000000,0.000000,31.0473175,-103.5266418,884.880,0.000,6070,21
"COREYMAY3",98,51800,0,9491915,901.789978,52.730000,0.101832,0.054701,0.994628,-0.182927,-0.060976,0.182927,0.490000,0.343000,0.588000,0.000000,0.000000,0.000000,31.0473175,-103.5266418,884.880,0.000,6070,21
"COREYMAY3",98,26033,0,9491925,901.789978,52.730000,0.107448,0.067277,1.000977,-0.182927,-0.060976,-0.304878,0.441000,0.392000,0.588000,0.000000,0.000000,0.000000,31.0473175,-103.5266418,884.880,0.000,6070,21
"COREYMAY3",98,2911,0,9491935,901.789978,52.730000,0.070696,0.048352,0.985470,-0.121951,-0.121951,-0.426829,0.637000,0.343000,0.588000,0.000000,0.000000,0.000000,31.0473175,-103.5266418,884.880,0.000,6070,21
"COREYMAY3",98,15200,0,9491945,901.789978,52.730000,0.108913,0.072772,0.998168,-0.121951,-0.182927,-0.365854,0.588000,0.343000,0.637000,0.000000,0.000000,0.000000,31.0473175,-103.5266418,884.880,0.000,6070,21
"COREYMAY3",98,45499,0,9491955,901.710022,52.730000,0.096215,0.061416,1.009890,-0.243902,-0.182927,-0.609756,0.441000,0.294000,0.490000,0.000000,0.000000,0.000000,31.0473175,-103.5266418,884.880,0.000,6070,21
"COREYMAY3",98,60177,0,9491965,901.710022,52.730000,0.057631,0.036874,0.977656,-0.243902,-0.121951,-0.121951,0.490000,0.343000,0.588000,0.000000,0.000000,0.000000,31.0473175,-103.5266418,884.880,0.000,6070,21
"COREYMAY3",98,49152,0,9491975,901.710022,52.730000,0.118926,0.064591,1.009035,-0.182927,-0.182927,0.426829,0.539000,0.294000,0.588000,0.000000,0.000000,0.000000,31.0473175,-103.5266418,884.880,0.000,6070,21
"COREYMAY3",98,36985,0,9491985,901.710022,52.730000,0.087668,0.059341,0.995482,-0.121951,-0.121951,0.243902,0.539000,0.245000,0.588000,0.000000,0.000000,0.000000,31.0473175,-103.5266418,884.880,0.000,6070,21
"COREYMAY3",98,40811,0,9491995,901.650024,52.730000,0.064103,0.055311,0.982906,-0.121951,-0.182927,0.304878,0.539000,0.245000,0.588000,0.000000,0.000000,0.000000,31.0473175,-103.5266418,884.880,0.000,6070,21
"COREYMAY3",98,24541,0,9492005,901.650024,52.730000,0.122955,0.061905,1.009035,-0.182927,-0.243902,0.304878,0.490000,0.294000,0.588000,0.000000,0.000000,0.000000,31.0473175,-103.5266418,884.880,0.000,6070,21
"COREYMAY3",98,39864,0,9492015,901.650024,52.730000,0.068987,0.062515,0.995726,-0.304878,-0.243902,0.121951,0.441000,0.392000,0.490000,0.000000,0.000000,0.000000,31.0473175,-103.5266418,884.880,0.000,6070,21
"COREYMAY3",98,33308,0,9492025,901.650024,52.730000,0.076068,0.033089,0.983516,-0.243902,-0.243902,0.670732,0.490000,0.294000,0.637000,0.000000,0.000000,0.000000,31.0473175,-103.5266418,884.880,0.000,6070,21
"COREYMAY3",98,16589,0,9492035,901.729980,52.730000,0.119902,0.076679,1.008669,-0.121951,-0.304878,0.487805,0.588000,0.392000,0.539000,0.000000,0.000000,0.000000,31.0473175,-103.5266418,884.880,0.000,6070,21
"COREYMAY3",98,15174,0,9492045,901.729980,52.730000,0.069597,0.053724,0.989499,-0.121951,-0.243902,0.000000,0.539000,0.294000,0.490000,0.000000,0.000000,0.000000,31.0473175,-103.5266418,884.880,0.000,6070,21
"COREYMAY3",98,62726,0,9492055,901.729980,52.730000,0.076435,0.066300,0.988156,-0.243902,-0.365854,-0.365854,0.686000,0.294000,0.490000,0.000000,0.000000,0.000000,31.0473175,-103.5266418,884.880,0.000,6070,21
"COREYMAY3",98,11314,0,9492065,901.729980,52.730000,0.123321,0.068864,1.016361,-0.365854,-0.426829,-0.731707,0.588000,0.343000,0.735000,0.000000,0.000000,0.000000,31.0473175,-103.5266418,884.880,0.000,6070,21
"COREYMAY3",98,45961,0,9492075,901.700012,52.730000,0.050916,0.046520,0.981074,-0.365854,-0.304878,-0.487805,0.539000,0.294000,0.588000,0.000000,0.000000,0.000000,31.0473175,-103.5266418,884.880,0.000,6070,21
"COREYMAY3",98,31778,0,9492085,901.700012,52.730000,0.095726,0.066911,0.993895,-0.243902,-0.304878,0.243902,0.490000,0.392000,0.539000,0.000000,0.000000,0.000000,31.0473175,-103.5266418,884.880,0.000,6070,21
"COREYMAY3",98,3051,0,9492095,901.700012,52.730000,0.118559,0.063858,1.009158,-0.182927,-0.365854,0.670732,0.490000,0.343000,0.539000,0.000000,0.000000,0.000000,31.0473175,-103.5266418,884.880,0.000,6070,21
"COREYMAY3",98,21353,0,9492105,901.700012,52.730000,0.064835,0.069353,0.976190,-0.182927,-0.304878,0.792683,0.588000,0.294000,0.588000,0.000000,0.000000,0.000000,31.0473175,-103.5266418,884.880,0.000,6070,21
"COREYMAY3",98,33142,0,9492115,901.679993,52.730000,0.100366,0.060073,0.997314,-0.243902,-0.365854,0.792683,0.588000,0.343000,0.588000,0.000000,0.000000,0.000000,31.0473175,-103.5266418,884.880,0.000,6070,21
"COREYMAY3",98,21027,0,9492125,901.679993,52.730000,0.105495,0.069353,1.005983,-0.304878,-0.365854,0.914634,0.539000,0.343000,0.490000,0.000000,0.000000,0.000000,31.0473175,-103.5266418,884.880,0.000,6070,21
"COREYMAY3",98,12588,0,9492135,901.679993,52.730000,0.074847,0.039316,0.974237,-0.304878,-0.365854,1.219512,0.392000,0.294000,0.539000,0.000000,0.000000,0.000000,31.0473175,-103.5266418,884.880,0.000,6070,21
"COREYMAY3",98,39263,0,9492145,901.679993,52.730000,0.093407,0.071184,1.004151,-0.182927,-0.365854,1.341463,0.588000,0.343000,0.637000,0.000000,0.000000,0.000000,31.0473175,-103.5266418,884.880,0.000,6070,21
"COREYMAY3",98,23394,0,9492155,901.700012,52.730000,0.130281,0.069109,1.001832,-0.182927,-0.365854,1.036585,0.490000,0.343000,0.539000,0.000000,0.000000,0.000000,31.0473175,-103.5266418,884.880,0.000,6070,21
"COREYMAY3",98,24547,0,9492165,901.700012,52.730000,0.067643,0.057143,0.977656,-0.304878,-0.304878,0.121951,0.539000,0.294000,0.490000,0.000000,0.000000,0.000000,31.0473175,-103.5266418,884.880,0.000,6070,21
"COREYMAY3",98,56076,0,9492175,901.700012,52.730000,0.114286,0.069841,1.004518,-0.304878,-0.365854,0.121951,0.490000,0.294000,0.490000,0.000000,0.000000,0.000000,31.0473175,-103.5266418,884.880,0.000,6070,21
"COREYMAY3",98,7388,0,9492185,901.700012,52.730000,0.109035,0.047863,1.000977,-0.365854,-0.426829,0.487805,0.588000,0.294000,0.539000,0.000000,0.000000,0.000000,31.0473175,-103.5266418,884.880,0.000,6070,21
"COREYMAY3",98,45516,0,9492195,901.729980,52.730000,0.084249,0.048230,0.989988,-0.304878,-0.304878,0.731707,0.539000,0.343000,0.490000,0.000000,0.000000,0.000000,31.0473175,-103.5266418,884.880,0.000,6070,21
"COREYMAY3",98,40773,0,9492205,901.729980,52.730000,0.116606,0.064957,0.993529,-0.182927,-0.243902,0.914634,0.539000,0.245000,0.588000,0.000000,0.000000,0.000000,31.0473175,-103.5266418,884.880,0.000,6070,21
"COREYMAY3",98,31951,0,9492215,901.729980,52.730000,0.122100,0.067033,0.997802,-0.182927,-0.182927,0.182927,0.539000,0.392000,0.686000,0.000000,0.000000,0.000000,31.0473175,-103.5266418,884.880,0.000,6070,21
"COREYMAY3",98,60851,0,9492225,901.729980,52.730000,0.082540,0.052259,0.986813,-0.304878,-0.182927,-0.609756,0.539000,0.294000,0.588000,0.000000,0.000000,0.000000,31.0473175,-103.5266418,884.880,0.000,6070,21
"COREYMAY3",98,38926,0,9492235,901.760010,52.730000,0.099023,0.059585,0.996947,-0.426829,-0.243902,-0.182927,0.539000,0.294000,0.588000,0.000000,0.000000,0.000000,31.0473175,-103.5266418,884.880,0.000,6070,21
"COREYMAY3",98,49660,0,9492245,901.760010,52.730000,0.125763,0.047741,0.995726,-0.365854,-0.182927,0.426829,0.588000,0.343000,0.490000,0.000000,0.000000,0.000000,31.0473175,-103.5266418,884.880,0.000,6070,21
"COREYMAY3",98,8261,0,9492255,901.760010,52.730000,0.066178,0.048352,0.991941,-0.243902,-0.060976,0.487805,0.637000,0.245000,0.539000,0.000000,0.000000,0.000000,31.0473175,-103.5266418,884.880,0.000,6070,21
"COREYMAY3",98,59942,0,9492265,901.760010,52.730000,0.121856,0.061905,0.994017,-0.243902,-0.121951,0.670732,0.588000,0.343000,0.490000,0.000000,0.000000,0.000000,31.0473175,-103.5266418,884.880,0.000,6070,21
"COREYMAY3",98,36575,0,9492275,901.760010,52.730000,0.116972,0.065568,1.004884,-0.243902,-0.060976,-0.182927,0.588000,0.343000,0.490000,0.000000,0.000000,0.000000,31.0473175,-103.5266418,884.880,0.000,6070,21
"COREYMAY3",98,52160,0,9492285,901.760010,52.730000,0.069963,0.043956,0.981563,-0.243902,-0.060976,-0.426829,0.588000,0.294000,0.539000,0.000000,0.000000,0.000000,31.0473175,-103.5266418,884.880,0.000,6070,21
"COREYMAY3",98,45619,0,9492295,901.760010,52.730000,0.100488,0.054212,0.993284,-0.243902,-0.121951,0.121951,0.441000,0.392000,0.686000,0.000000,0.000000,0.000000,31.0473175,-103.5266418,884.880,0.000,6070,21
"COREYMAY3",98,36466,0,9492305,901.760010,52.730000,0.122100,0.062393,1.010867,-0.182927,-0.121951,-0.060976,0.588000,0.294000,0.539000,0.000000,0.000000,0.000000,31.0473175,-103.5266418,884.880,0.000,6070,21
"COREYMAY3",98,7482,0,9492315,901.739990,52.730000,0.061416,0.049817,0.975946,-0.243902,-0.121951,-0.243902,0.539000,0.343000,0.637000,0.000000,0.000000,0.000000,31.0473175,-103.5266418,884.880,0.000,6070,21
"COREYMAY3",98,33198,0,9492325,901.739990,52.730000,0.114774,0.074847,0.995971,-0.243902,-0.121951,-0.609756,0.490000,0.294000,0.539000,0.000000,0.000000,0.000000,31.0473175,-103.5266418,884.880,0.000,6070,21
"COREYMAY3",98,13958,0,9492335,901.739990,52.730000,0.106960,0.054945,1.011477,-0.304878,-0.060976,-0.914634,0.588000,0.196000,0.539000,0.000000,0.000000,0.000000,31.0473175,-103.5266418,884.880,0.000,6070,21
"COREYMAY3",98,15388,0,9492345,901.739990,52.730000,0.053358,0.053114,0.971429,-0.304878,-0.060976,-0.121951,0.490000,0.245000,0.490000,0.000000,0.000000,0.000000,31.0473175,-103.5266418,884.880,0.000,6070,21
"COREYMAY3",98,16421,0,9492355,901.690002,52.730000,0.118193,0.041270,1.005739,-0.182927,-0.182927,0.853659,0.539000,0.392000,0.588000,0.000000,0.000000,0.000000,31.0473175,-103.5266418,884.880,0.000,6070,21
"COREYMAY3",98,47107,0,9492365,901.690002,52.730000,0.097192,0.074603,1.006960,-0.060976,-0.121951,0.975610,0.441000,0.294000,0.490000,0.000000,0.000000,0.000000,31.0473175,-103.5266418,884.880,0.000,6070,21
"COREYMAY3",98,31819,0,9492375,901.690002,52.730000,0.075458,0.035531,0.972772,-0.060976,-0.060976,1.036585,0.588000,0.343000,0.588000,0.000000,0.000000,0.000000,31.0473175,-103.5266418,884.880,0.000,6070,21
"COREYMAY3",98,62127,0,9492385,901.690002,52.730000,0.110745,0.068742,1.010623,-0.121951,-0.121951,0.426829,0.539000,0.294000,0.490000,0.000000,0.000000,0.000000,31.0473175,-103.5266418,884.880,0.000,6070,21
"COREYMAY3",98,9870,0,9492395,901.700012,52.730000,0.110256,0.046154,1.006838,-0.182927,-0.121951,0.548781,0.539000,0.294000,0.539000,0.000000,0.000000,0.000000,31.0473175,-103.5266418,884.880,0.000,6070,21
"COREYMAY3",98,34119,0,9492405,901.700012,52.730000,0.063004,0.025763,0.969475,-0.121951,-0.121951,0.975610,0.588000,0.294000,0.588000,0.000000,0.000000,0.000000,31.0473175,-103.5266418,884.880,0.000,6070,21
"COREYMAY3",98,63570,0,9492415,901.700012,52.730000,0.123321,0.072161,1.010134,0.000000,-0.060976,1.036585,0.588000,0.343000,0.490000,0.000000,0.000000,0.000000,31.0473175,-103.5266418,884.880,0.000,6070,21
"COREYMAY3",98,48656,0,9492425,901.700012,52.730000,0.110989,0.043468,0.982051,0.060976,0.000000,1.036585,0.588000,0.392000,0.490000,0.000000,0.000000,0.000000,31.0473175,-103.5266418,884.880,0.000,6070,21
"COREYMAY3",98,30787,0,9492435,901.710022,52.730000,0.068498,0.066911,0.992918,0.000000,-0.060976,0.121951,0.588000,0.294000,0.686000,0.000000,0.000000,0.000000,31.0473175,-103.5266418,884.880,0.000,6070,21
"COREYMAY3",98,41594,0,9492445,901.710022,52.730000,0.126618,0.040293,1.018681,-0.060976,-0.182927,-0.304878,0.588000,0.294000,0.588000,0.000000,0.000000,0.000000,31.0473175,-103.5266418,884.880,0.000,6070,21
"COREYMAY3",98,61779,0,9492455,901.710022,52.730000,0.088767,0.052503,0.981807,-0.121951,-0.060976,-0.243902,0.441000,0.392000,0.637000,0.000000,0.000000,0.000000,31.0473175,-103.5266418,884.880,0.000,6070,21
"COREYMAY3",98,14079,0,9492465,901.710022,52.730000,0.099878,0.038095,0.989866,0.000000,-0.060976,-0.365854,0.539000,0.343000,0.588000,0.000000,0.000000,0.000000,31.0473175,-103.5266418,884.880,0.000,6070,21
"COREYMAY3",98,6825,0,9492475,901.679993,52.730000,0.099634,0.067277,1.007814,0.121951,0.000000,-0.304878,0.539000,0.343000,0.588000,0.000000,0.000000,0.000000,31.0473175,-103.5266418,884.880,0.000,6070,21
"COREYMAY3",98,36140,0,9492485,901.679993,52.730000,0.110867,0.064469,0.985470,0.060976,-0.060976,-0.548781,0.637000,0.392000,0.539000,0.000000,0.000000,0.000000,31.0473175,-103.5266418,884.880,0.000,6070,21
"COREYMAY3",98,38795,0,9492495,901.679993,52.730000,0.065568,0.053358,1.000733,0.000000,-0.121951,-1.097561,0.392000,0.441000,0.637000,0.000000,0.000000,0.000000,31.0473175,-103.5266418,884.880,0.000,6070,21
"COREYMAY3",98,18771,0,9492505,901.679993,52.730000,0.109280,0.057753,0.997680,-0.060976,-0.121951,-0.365854,0.588000,0.392000,0.637000,0.000000,0.000000,0.000000,31.0473175,-103.5266418,884.880,0.000,6070,21
"COREYMAY3",98,10245,0,9492515,901.729980,52.730000,0.103419,0.036020,0.996825,0.000000,0.000000,0.121951,0.490000,0.245000,0.539000,0.000000,0.000000,0.000000,31.0473175,-103.5266418,884.880,0.000,6070,21
"COREYMAY3",98,25681,0,9492525,901.729980,52.730000,0.073504,0.078266,0.991941,0.121951,0.060976,0.060976,0.588000,0.343000,0.588000,0.000000,0.000000,0.000000,31.0473175,-103.5266418,884.880,0.000,6070,21
"COREYMAY3",98,58020,0,9492535,901.729980,52.730000,0.106105,0.057753,0.988034,0.182927,0.060976,0.182927,0.539000,0.343000,0.588000,0.000000,0.000000,0.000000,31.0473175,-103.5266418,884.880,0.000,6070,21
"COREYMAY3",98,60788,0,9492545,901.729980,52.730000,0.116361,0.087424,1.005617,0.060976,0.000000,-0.914634,0.441000,0.392000,0.588000,0.000000,0.000000,0.000000,31.0473175,-103.5266418,884.880,0.000,6070,21
"COREYMAY3",98,39877,0,9492555,901.710022,52.730000,0.068620,0.044444,0.996459,-0.182927,0.000000,-1.280488,0.441000,0.343000,0.539000,0.000000,0.000000,0.000000,31.0473175,-103.5266418,884.880,0.000,6070,21
"COREYMAY3",98,27246,0,9492565,901.710022,52.730000,0.080098,0.054457,0.981319,-0.182927,0.000000,-0.426829,0.686000,0.294000,0.490000,0.000000,0.000000,0.000000,31.0473175,-103.5266418,884.880,0.000,6070,21
"COREYMAY3",98,41118,0,9492575,901.710022,52.730000,0.122222,0.066667,1.014530,0.000000,0.000000,-0.365854,0.490000,0.294000,0.637000,0.000000,0.000000,0.000000,31.0473175,-103.5266418,884.880,0.000,6070,21
"COREYMAY3",98,18694,0,9492585,901.710022,52.730000,0.064957,0.065690,0.981197,0.121951,0.060976,-0.182927,0.490000,0.343000,0.637000,0.000000,0.000000,0.000000,31.0473175,-103.5266418,884.880,0.000,6070,21
"COREYMAY3",98,2849,0,9492595,901.780029,52.730000,0.105495,0.067155,0.987790,0.000000,0.000000,-0.121951,0.637000,0.294000,0.539000,0.000000,0.000000,0.000000,31.0473175,-103.5266418,884.880,0.000,6070,21
"COREYMAY3",98,417,0,9492605,901.780029,52.730000,0.103297,0.070940,1.020757,-0.121951,-0.060976,-0.792683,0.490000,0.294000,0.490000,0.000000,0.000000,0.000000,31.0473175,-103.5266418,884.880,0.000,6070,21
"COREYMAY3",98,18191,0,9492615,901.780029,52.730000,0.061905,0.061050,0.974603,-0.243902,0.000000,-0.243902,0.490000,0.294000,0.441000,0.000000,0.000000,0.000000,31.0473175,-103.5266418,884.880,0.000,6070,21
"COREYMAY3",98,12776,0,9492625,901.780029,52.730000,0.099390,0.036020,0.993162,-0.182927,0.000000,0.487805,0.588000,0.343000,0.588000,0.000000,0.000000,0.000000,31.0473175,-103.5266418,884.880,0.000,6070,21
"COREYMAY3",98,38297,0,9492635,901.750000,52.730000,0.119414,0.088645,1.010867,-0.060976,0.000000,0.548781,0.490000,0.245000,0.539000,0.000000,0.000000,0.000000,31.0473175,-103.5266418,884.880,0.000,6070,21
"COREYMAY3",98,38157,0,9492645,901.750000,52.730000,0.063736,0.050061,0.977289,0.000000,0.060976,0.487805,0.588000,0.294000,0.588000,0.000000,0.000000,0.000000,31.0473175,-103.5266418,884.880,0.000,6070,21
"COREYMAY3",98,4640,0,9492655,901.750000,52.730000,0.101832,0.077411,1.000488,-0.121951,0.000000,-0.182927,0.539000,0.392000,0.539000,0.000000,0.000000,0.000000,31.0473175,-103.5266418,884.880,0.000,6070,21
"COREYMAY3",98,16999,0,9492665,901.750000,52.730000,0.099878,0.053602,1.013919,-0.304878,-0.060976,-0.243902,0.490000,0.343000,0.539000,0.000000,0.000000,0.000000,31.0473175,-103.5266418,884.880,0.000,6070,21
"COREYMAY3",98,19898,0,9492675,901.710022,52.730000,0.066789,0.044322,0.971184,-0.243902,0.000000,0.304878,0.441000,0.343000,0.588000,0.000000,0.000000,0.000000,31.0473175,-103.5266418,884.880,0.000,6070,21
"COREYMAY3",98,11117,0,9492685,901.710022,52.730000,0.084860,0.060073,1.006105,-0.121951,0.000000,0.487805,0.490000,0.392000,0.637000,0.000000,0.000000,0.000000,31.0473175,-103.5266418,884.880,0.000,6070,21
"COREYMAY3",98,21611,0,9492695,901.710022,52.730000,0.119048,0.071917,0.996459,-0.060976,0.000000,0.243902,0.490000,0.392000,0.637000,0.000000,0.000000,0.000000,31.0473175,-103.5266418,884.880,0.000,6070,21
"COREYMAY3",98,44035,0,9492705,901.710022,52.730000,0.072161,0.058852,0.985836,-0.182927,0.000000,-0.792683,0.441000,0.392000,0.539000,0.000000,0.000000,0.000000,31.0473175,-103.5266418,884.880,0.000,6070,21
"COREYMAY3",98,56516,0,9492715,901.739990,52.730000,0.089866,0.054823,1.005250,-0.365854,-0.121951,-1.341463,0.490000,0.294000,0.539000,0.000000,0.000000,0.000000,31.0473175,-103.5266418,884.880,0.000,6070,21
"COREYMAY3",98,38407,0,9492725,901.739990,52.730000,0.079609,0.061661,0.993284,-0.426829,-0.182927,-0.609756,0.490000,0.294000,0.539000,0.000000,0.000000,0.000000,31.0473175,-103.5266418,884.880,0.000,6070,21
"COREYMAY3",98,36810,0,9492735,901.739990,52.730000,0.084249,0.040659,0.994750,-0.243902,-0.182927,0.304878,0.539000,0.294000,0.539000,0.000000,0.000000,0.000000,31.0473175,-103.5266418,884.880,0.000,6070,21
"COREYMAY3",98,57972,0,9492745,901.739990,52.730000,0.090232,0.074237,0.995604,-0.060976,-0.121951,0.853659,0.637000,0.441000,0.588000,0.000000,0.000000,0.000000,31.0473175,-103.5266418,884.880,0.000,6070,21
"COREYMAY3",98,28629,0,9492755,901.750000,52.730000,0.098657,0.063736,0.993651,-0.060976,-0.121951,0.731707,0.539000,0.343000,0.539000,0.000000,0.000000,0.000000,31.0473175,-103.5266418,884.880,0.000,6070,21
"COREYMAY3",98,9417,0,9492765,901.750000,52.730000,0.074969,0.072772,0.998779,-0.182927,-0.121951,0.060976,0.539000,0.343000,0.588000,0.000000,0.000000,0.000000,31.0473175,-103.5266418,884.880,0.000,6070,21
"COREYMAY3",98,64964,0,9492775,901.750000,52.730000,0.080586,0.045910,0.997802,-0.365854,-0.243902,0.121951,0.539000,0.343000,0.490000,0.000000,0.000000,0.000000,31.0473175,-103.5266418,884.880,0.000,6070,21
"COREYMAY3",98,24502,0,9492785,901.750000,52.730000,0.100611,0.039683,0.990598,-0.365854,-0.304878,0.853659,0.637000,0.294000,0.539000,0.000000,0.000000,0.000000,31.0473175,-103.5266418,884.880,0.000,6070,21
"COREYMAY3",98,25245,0,9492795,901.669983,52.730000,0.076557,0.070696,1.000733,-0.182927,-0.243902,0.914634,0.490000,0.294000,0.490000,0.000000,0.000000,0.000000,31.0473175,-103.5266418,884.880,0.000,6070,21
"COREYMAY3",98,23749,0,9492805,901.669983,52.730000,0.083028,0.047497,0.988278,-0.060976,-0.304878,0.853659,0.441000,0.441000,0.637000,0.000000,0.000000,0.000000,31.0473175,-103.5266418,884.880,0.000,6070,21
"COREYMAY3",98,23262,0,9492815,901.669983,52.730000,0.114286,0.078144,1.008669,-0.182927,-0.365854,0.121951,0.588000,0.343000,0.637000,0.000000,0.000000,0.000000,31.0473175,-103.5266418,884.880,0.000,6070,21
"COREYMAY3",98,60901,0,9492825,901.669983,52.730000,0.075580,0.038462,1.002442,-0.365854,-0.304878,-0.121951,0.490000,0.343000,0.588000,0.000000,0.000000,0.000000,31.0473175,-103.5266418,884.880,0.000,6070,21
"COREYMAY3",98,8177,0,9492835,901.650024,52.730000,0.081319,0.030281,0.979487,-0.365854,-0.304878,0.548781,0.490000,0.294000,0.686000,0.000000,0.000000,0.000000,31.0473175,-103.5266418,884.880,0.000,6070,21
"COREYMAY3",98,15353,0,9492845,901.650024,52.730000,0.120391,0.072161,1.011355,-0.182927,-0.304878,0.792683,0.588000,0.294000,0.490000,0.000000,0.000000,0.000000,31.0473175,-103.5266418,884.880,0.000,6070,21
"COREYMAY3",98,53935,0,9492855,901.650024,52.730000,0.091819,0.047253,0.987912,-0.060976,-0.243902,0.731707,0.490000,0.490000,0.637000,0.000000,0.000000,0.000000,31.0473175,-103.5266418,884.880,0.000,6070,21
"COREYMAY3",98,63831,0,9492865,901.650024,52.730000,0.085836,0.053358,0.989988,-0.182927,-0.365854,0.060976,0.588000,0.343000,0.539000,0.000000,0.000000,0.000000,31.0473175,-103.5266418,884.880,0.000,6070,21
"COREYMAY3",98,14028,0,9492875,901.729980,52.720001,0.110989,0.058608,1.018681,-0.365854,-0.365854,-0.670732,0.588000,0.343000,0.490000,0.000000,0.000000,0.000000,31.0473175,-103.5266418,884.880,0.000,6070,21
"COREYMAY3",98,9684,0,9492885,901.729980,52.720001,0.077900,0.051526,0.981441,-0.365854,-0.365854,-0.304878,0.588000,0.343000,0.490000,0.000000,0.000000,0.000000,31.0473175,-103.5266418,884.880,0.000,6070,21
"COREYMAY3",98,27415,0,9492895,901.729980,52.720001,0.103053,0.021978,0.986325,-0.182927,-0.304878,0.426829,0.539000,0.343000,0.539000,0.000000,0.000000,0.000000,31.0473175,-103.5266418,884.880,0.000,6070,21
"COREYMAY3",98,29347,0,9492905,901.729980,52.720001,0.116361,0.088278,1.006960,0.121951,-0.182927,0.914634,0.539000,0.343000,0.539000,0.000000,0.000000,0.000000,31.0473175,-103.5266418,884.880,0.000,6070,21
"COREYMAY3",98,64002,0,9492915,901.700012,52.730000,0.098046,0.048107,0.986447,0.000000,-0.182927,0.853659,0.490000,0.343000,0.686000,0.000000,0.000000,0.000000,31.0473175,-103.5266418,884.880,0.000,6070,21
"COREYMAY3",98,45736,0,9492925,901.700012,52.730000,0.085714,0.060440,0.996581,-0.182927,-0.243902,0.000000,0.539000,0.294000,0.490000,0.000000,0.000000,0.000000,31.0473175,-103.5266418,884.880,0.000,6070,21
"COREYMAY3",98,39217,0,9492935,901.700012,52.730000,0.122955,0.064835,1.001343,-0.365854,-0.304878,-0.365854,0.490000,0.343000,0.637000,0.000000,0.000000,0.000000,31.0473175,-103.5266418,884.880,0.000,6070,21
"COREYMAY3",98,23436,0,9492945,901.700012,52.730000,0.096581,0.018315,0.989988,-0.304878,-0.243902,-0.304878,0.490000,0.343000,0.490000,0.000000,0.000000,0.000000,31.0473175,-103.5266418,884.880,0.000,6070,21
"COREYMAY3",98,15315,0,9492955,901.690002,52.730000,0.085104,0.076068,0.984493,-0.060976,-0.182927,0.000000,0.539000,0.392000,0.588000,0.000000,0.000000,0.000000,31.0473175,-103.5266418,884.880,0.000,6070,21
"COREYMAY3",98,48297,0,9492965,901.690002,52.730000,0.118803,0.063248,0.994872,0.060976,-0.182927,0.243902,0.539000,0.392000,0.588000,0.000000,0.000000,0.000000,31.0473175,-103.5266418,884.880,0.000,6070,21
"COREYMAY3",98,56570,0,9492975,901.690002,52.730000,0.110989,0.076923,1.000855,-0.060976,-0.182927,-0.426829,0.588000,0.343000,0.588000,0.000000,0.000000,0.000000,31.0473175,-103.5266418,884.880,0.000,6070,21
"COREYMAY3",98,1945,0,9492985,901.690002,52.730000,0.084371,0.034310,0.990476,-0.304878,-0.243902,-0.548781,0.539000,0.294000,0.490000,0.000000,0.000000,0.000000,31.0473175,-103.5266418,884.880,0.000,6070,21
"COREYMAY3",98,54232,0,9492995,901.750000,52.720001,0.092063,0.056410,0.990965,-0.243902,-0.182927,0.060976,0.490000,0.392000,0.588000,0.000000,0.000000,0.000000,31.0473175,-103.5266418,884.880,0.000,6070,21
"COREYMAY3",98,49352,0,9493005,901.750000,52.720001,0.120513,0.048962,1.001099,-0.060976,-0.060976,0.365854,0.588000,0.343000,0.539000,0.000000,0.000000,0.000000,31.0473175,-103.5266418,884.880,0.000,6070,21
"COREYMAY3",98,30325,0,9493015,901.750000,52.720001,0.079121,0.063736,0.984371,0.060976,0.000000,0.792683,0.490000,0.343000,0.637000,0.000000,0.000000,0.000000,31.0473175,-103.5266418,884.880,0.000,6070,21
"COREYMAY3",98,64390,0,9493025,901.750000,52.720001,0.129915,0.077167,0.998535,0.000000,-0.121951,0.365854,0.490000,0.441000,0.637000,0.000000,0.000000,0.000000,31.0473175,-103.5266418,884.880,0.000,6070,21
"COREYMAY3",98,5926,0,9493035,901.750000,52.720001,0.105250,0.050916,1.009890,-0.182927,-0.182927,-0.670732,0.588000,0.294000,0.539000,0.000000,0.000000,0.000000,31.0473175,-103.5266418,884.880,0.000,6070,21
"COREYMAY3",98,3303,0,9493045,901.750000,52.720001,0.068498,0.056410,0.974969,-0.304878,-0.121951,-0.426829,0.686000,0.245000,0.588000,0.000000,0.000000,0.000000,31.0473175,-103.5266418,884.880,0.000,6070,21
"COREYMAY3",98,11934,0,9493055,901.750000,52.720001,0.119048,0.025153,1.001587,-0.121951,-0.060976,0.426829,0.637000,0.294000,0.686000,0.000000,0.000000,0.000000,31.0473175,-103.5266418,884.880,0.000,6070,21
"COREYMAY3",98,50793,0,9493065,901.750000,52.720001,0.119658,0.073260,1.011966,0.121951,0.060976,0.975610,0.539000,0.343000,0.637000,0.000000,0.000000,0.000000,31.0473175,-103.5266418,884.880,0.000,6070,21
"COREYMAY3",98,40875,0,9493075,901.710022,52.720001,0.082662,0.058364,0.967033,0.121951,0.121951,0.853659,0.539000,0.392000,0.539000,0.000000,0.000000,0.000000,31.0473175,-103.5266418,884.880,0.000,6070,21
"COREYMAY3",98,17091,0,9493085,901.710022,52.720001,0.105006,0.066545,1.008425,-0.060976,0.060976,-0.243902,0.490000,0.294000,0.637000,0.000000,0.000000,0.000000,31.0473175,-103.5266418,884.880,0.000,6070,21
"COREYMAY3",98,20242,0,9493095,901.710022,52.720001,0.127961,0.059096,1.009158,-0.243902,0.000000,-0.914634,0.539000,0.245000,0.588000,0.000000,0.000000,0.000000,31.0473175,-103.5266418,884.880,0.000,6070,21
"COREYMAY3",98,30638,0,9493105,901.710022,52.720001,0.060806,0.016606,0.978632,-0.243902,0.060976,-0.609756,0.588000,0.245000,0.490000,0.000000,0.000000,0.000000,31.0473175,-103.5266418,884.880,0.000,6070,21
"COREYMAY3",98,22121,0,9493115,901.700012,52.720001,0.094628,0.063004,1.003052,0.000000,0.121951,0.182927,0.588000,0.343000,0.539000,0.000000,0.000000,0.000000,31.0473175,-103.5266418,884.880,0.000,6070,21
"COREYMAY3",98,388,0,9493125,901.700012,52.720001,0.119170,0.060317,0.996703,0.121951,0.121951,0.609756,0.588000,0.343000,0.490000,0.000000,0.000000,0.000000,31.0473175,-103.5266418,884.880,0.000,6070,21
"COREYMAY3",98,39107,0,9493135,901.700012,52.720001,0.085470,0.064591,0.993651,0.060976,0.121951,-0.487805,0.441000,0.294000,0.588000,0.000000,0.000000,0.000000,31.0473175,-103.5266418,884.880,0.000,6070,21
"COREYMAY3",98,15041,0,9493145,901.700012,52.720001,0.102564,0.042247,1.000977,-0.121951,0.000000,-0.853659,0.588000,0.294000,0.539000,0.000000,0.000000,0.000000,31.0473175,-103.5266418,884.880,0.000,6070,21
"COREYMAY3",98,4651,0,9493155,901.690002,52.720001,0.092796,0.046276,0.999023,-0.182927,0.060976,-0.243902,0.637000,0.245000,0.539000,0.000000,0.000000,0.000000,31.0473175,-103.5266418,884.880,0.000,6070,21
"COREYMAY3",98,47851,0,9493165,901.690002,52.720001,0.075214,0.047863,0.996337,0.000000,0.182927,0.243902,0.588000,0.196000,0.637000,0.000000,0.000000,0.000000,31.0473175,-103.5266418,884.880,0.000,6070,21
"COREYMAY3",98,63332,0,9493175,901.690002,52.720001,0.105372,0.052747,0.993773,0.243902,0.182927,0.853659,0.539000,0.343000,0.588000,0.000000,0.000000,0.000000,31.0473175,-103.5266418,884.880,0.000,6070,21
"COREYMAY3",98,11564,0,9493185,901.690002,52.720001,0.119902,0.087790,0.998046,0.243902,0.182927,-0.243902,0.490000,0.343000,0.588000,0.000000,0.000000,0.000000,31.0473175,-103.5266418,884.880,0.000,6070,21
"COREYMAY3",98,16348,0,9493195,901.719971,52.720001,0.071062,0.044689,0.994383,-0.060976,0.121951,-1.707317,0.490000,0.294000,0.588000,0.000000,0.000000,0.000000,31.0473175,-103.5266418,884.880,0.000,6070,21
"COREYMAY3",98,10104,0,9493205,901.719971,52.720001,0.069475,0.054335,0.991331,-0.304878,0.000000,-1.280488,0.637000,0.294000,0.686000,0.000000,0.000000,0.000000,31.0473175,-103.5266418,884.880,0.000,6070,21
"COREYMAY3",98,50087,0,9493215,901.719971,52.720001,0.120269,0.045543,0.992552,-0.182927,0.000000,-0.121951,0.637000,0.294000,0.686000,0.000000,0.000000,0.000000,31.0473175,-103.5266418,884.880,0.000,6070,21
"COREYMAY3",98,60997,0,9493225,901.719971,52.720001,0.076435,0.063980,0.996703,0.182927,0.121951,0.792683,0.539000,0.294000,0.686000,0.000000,0.000000,0.000000,31.0473175,-103.5266418,884.880,0.000,6070,21
"COREYMAY3",98,32139,0,9493235,901.650024,52.720001,0.090232,0.070085,0.988278,0.243902,0.121951,0.304878,0.588000,0.294000,0.539000,0.000000,0.000000,0.000000,31.0473175,-103.5266418,884.880,0.000,6070,21
"COREYMAY3",98,23277,0,9493245,901.650024,52.720001,0.098046,0.081807,1.006593,0.060976,0.060976,-1.036585,0.539000,0.343000,0.539000,0.000000,0.000000,0.000000,31.0473175,-103.5266418,884.880,0.000,6070,21
"COREYMAY3",98,28784,0,9493255,901.650024,52.720001,0.067277,0.056532,0.993773,-0.243902,-0.060976,-1.341463,0.490000,0.343000,0.441000,0.000000,0.000000,0.000000,31.0473175,-103.5266418,884.880,0.000,6070,21
"COREYMAY3",98,46172,0,9493265,901.650024,52.720001,0.089621,0.029426,0.983761,-0.243902,-0.121951,0.060976,0.539000,0.294000,0.588000,0.000000,0.000000,0.000000,31.0473175,-103.5266418,884.880,0.000,6070,21
"COREYMAY3",98,45146,0,9493275,901.669983,52.720001,0.094261,0.085226,1.008913,0.000000,-0.060976,1.219512,0.539000,0.343000,0.686000,0.000000,0.000000,0.000000,31.0473175,-103.5266418,884.880,0.000,6070,21
"COREYMAY3",98,3042,0,9493285,901.669983,52.720001,0.079976,0.058242,0.980098,0.182927,0.000000,1.219512,0.588000,0.343000,0.637000,0.000000,0.000000,0.000000,31.0473175,-103.5266418,884.880,0.000,6070,21
"COREYMAY3",98,63056,0,9493295,901.669983,52.720001,0.087546,0.067155,1.002076,0.060976,0.000000,0.121951,0.539000,0.245000,0.539000,0.000000,0.000000,0.000000,31.0473175,-103.5266418,884.880,0.000,6070,21
"COREYMAY3",98,29206,0,9493305,901.669983,52.720001,0.111233,0.062759,1.017582,-0.182927,-0.060976,-0.548781,0.539000,0.294000,0.539000,0.000000,0.000000,0.000000,31.0473175,-103.5266418,884.880,0.000,6070,21
"COREYMAY3",98,24091,0,9493315,901.700012,52.720001,0.061172,0.034676,0.978022,-0.304878,-0.060976,0.487805,0.539000,0.343000,0.490000,0.000000,0.000000,0.000000,31.0473175,-103.5266418,884.880,0.000,6070,21
"COREYMAY3",98,40429,0,9493325,901.700012,52.720001,0.084737,0.055067,0.987912,-0.182927,-0.121951,1.280488,0.637000,0.441000,0.686000,0.000000,0.000000,0.000000,31.0473175,-103.5266418,884.880,0.000,6070,21
"COREYMAY3",98,19241,0,9493335,901.700012,52.720001,0.144567,0.074847,1.011844,0.000000,-0.121951,0.853659,0.539000,0.294000,0.588000,0.000000,0.000000,0.000000,31.0473175,-103.5266418,884.880,0.000,6070,21
"COREYMAY3",98,48982,0,9493345,901.700012,52.720001,0.060806,0.064225,0.990476,-0.060976,-0.121951,-0.670732,0.490000,0.294000,0.637000,0.000000,0.000000,0.000000,31.0473175,-103.5266418,884.880,0.000,6070,21
"COREYMAY3",98,19000,0,9493355,901.700012,52.720001,0.094750,0.039560,0.990720,-0.304878,-0.182927,-1.341463,0.588000,0.343000,0.637000,0.000000,0.000000,0.000000,31.0473175,-103.5266418,884.880,0.000,6070,21
"COREYMAY3",98,36395,0,9493365,901.700012,52.720001,0.079365,0.069353,1.005372,-0.426829,-0.182927,-0.365854,0.588000,0.294000,0.588000,0.000000,0.000000,0.000000,31.0473175,-103.5266418,884.880,0.000,6070,21
"COREYMAY3",98,36371,0,9493375,901.700012,52.720001,0.095238,0.035409,0.976801,-0.243902,-0.182927,0.914634,0.588000,0.392000,0.539000,0.000000,0.000000,0.000000,31.0473175,-103.5266418,884.880,0.000,6070,21
"COREYMAY3",98,46241,0,9493385,901.700012,52.720001,0.105250,0.064103,1.004640,0.000000,-0.121951,1.158537,0.539000,0.294000,0.637000,0.000000,0.000000,0.000000,31.0473175,-103.5266418,884.880,0.000,6070,21
"COREYMAY3",98,30232,0,9493395,901.700012,52.720001,0.112698,0.093407,0.991209,0.060976,-0.121951,0.000000,0.490000,0.294000,0.686000,0.000000,0.000000,0.000000,31.0473175,-103.5266418,884.880,0.000,6070,21
"COREYMAY3",98,18950,0,9493405,901.700012,52.720001,0.065568,0.036508,1.001343,-0.182927,-0.182927,-0.975610,0.588000,0.343000,0.686000,0.000000,0.000000,0.000000,31.0473175,-103.5266418,884.880,0.000,6070,21
"COREYMAY3",98,49565,0,9493415,901.700012,52.720001,0.094750,0.059951,1.003175,-0.426829,-0.243902,-0.609756,0.588000,0.294000,0.539000,0.000000,0.000000,0.000000,31.0473175,-103.5266418,884.880,0.000,6070,21
"COREYMAY3",98,2959,0,9493425,901.700012,52.720001,0.115140,0.045543,0.981074,-0.365854,-0.243902,0.609756,0.539000,0.294000,0.539000,0.000000,0.000000,0.000000,31.0473175,-103.5266418,884.880,0.000,6070,21
"COREYMAY3",98,55107,0,9493435,901.690002,52.720001,0.078877,0.059219,0.998413,-0.060976,-0.121951,0.548781,0.588000,0.392000,0.637000,0.000000,0.000000,0.000000,31.0473175,-103.5266418,884.880,0.000,6070,21
"COREYMAY3",98,62128,0,9493445,901.690002,52.720001,0.094383,0.086813,0.981563,0.000000,-0.121951,-0.182927,0.588000,0.343000,0.686000,0.000000,0.000000,0.000000,31.0473175,-103.5266418,884.880,0.000,6070,21
"COREYMAY3",98,48985,0,9493455,901.690002,52.720001,0.089744,0.060806,1.005128,-0.182927,-0.182927,-0.792683,0.588000,0.343000,0.686000,0.000000,0.000000,0.000000,31.0473175,-103.5266418,884.880,0.000,6070,21
"COREYMAY3",98,18676,0,9493465,901.690002,52.720001,0.108181,0.064591,1.006838,-0.426829,-0.304878,-0.487805,0.588000,0.343000,0.539000,0.000000,0.000000,0.000000,31.0473175,-103.5266418,884.880,0.000,6070,21
"COREYMAY3",98,64468,0,9493475,901.679993,52.720001,0.072527,0.026740,0.985958,-0.365854,-0.243902,0.914634,0.588000,0.294000,0.637000,0.000000,0.000000,0.000000,31.0473175,-103.5266418,884.880,0.000,6070,21
"COREYMAY3",98,59645,0,9493485,901.679993,52.720001,0.090965,0.071306,1.000488,-0.182927,-0.182927,1.036585,0.490000,0.392000,0.637000,0.000000,0.000000,0.000000,31.0473175,-103.5266418,884.880,0.000,6070,21
"COREYMAY3",98,45973,0,9493495,901.679993,52.720001,0.124420,0.082418,0.995604,-0.060976,-0.121951,-0.121951,0.539000,0.294000,0.490000,0.000000,0.000000,0.000000,31.0473175,-103.5266418,884.880,0.000,6070,21
"COREYMAY3",98,16855,0,9493505,901.679993,52.720001,0.059829,0.049206,0.985104,-0.182927,-0.121951,-0.731707,0.441000,0.343000,0.588000,0.000000,0.000000,0.000000,31.0473175,-103.5266418,884.880,0.000,6070,21
"COREYMAY3",98,34648,0,9493515,901.669983,52.720001,0.125153,0.076190,1.006838,-0.426829,-0.365854,-0.426829,0.539000,0.392000,0.637000,0.000000,0.000000,0.000000,31.0473175,-103.5266418,884.880,0.000,6070,21
"COREYMAY3",98,25758,0,9493525,901.669983,52.720001,0.061050,0.025885,1.000855,-0.487805,-0.304878,1.158537,0.588000,0.392000,0.539000,0.000000,0.000000,0.000000,31.0473175,-103.5266418,884.880,0.000,6070,21
"COREYMAY3",98,3960,0,9493535,901.669983,52.720001,0.100244,0.047131,0.972772,-0.243902,-0.182927,2.012195,0.490000,0.294000,0.539000,0.000000,0.000000,0.000000,31.0473175,-103.5266418,884.880,0.000,6070,21
"COREYMAY3",98,11750,0,9493545,901.669983,52.720001,0.136630,0.081929,1.019536,0.000000,-0.121951,1.402439,0.588000,0.392000,0.637000,0.000000,0.000000,0.000000,31.0473175,-103.5266418,884.880,0.000,6070,21
"COREYMAY3",98,41211,0,9493555,901.679993,52.720001,0.095360,0.055311,0.988523,-0.060976,-0.060976,0.365854,0.539000,0.343000,0.588000,0.000000,0.000000,0.000000,31.0473175,-103.5266418,884.880,0.000,6070,21
"COREYMAY3",98,12295,0,9493565,901.679993,52.720001,0.081319,0.063370,0.979976,-0.304878,-0.243902,-0.182927,0.490000,0.343000,0.637000,0.000000,0.000000,0.000000,31.0473175,-103.5266418,884.880,0.000,6070,21
"COREYMAY3",98,47920,0,9493575,901.679993,52.720001,0.099267,0.039927,1.011844,-0.426829,-0.304878,0.426829,0.539000,0.343000,0.686000,0.000000,0.000000,0.000000,31.0473175,-103.5266418,884.880,0.000,6070,21
"COREYMAY3",98,15846,0,9493585,901.679993,52.720001,0.134799,0.049084,0.978144,-0.304878,-0.243902,0.853659,0.441000,0.392000,0.539000,0.000000,0.000000,0.000000,31.0473175,-103.5266418,884.880,0.000,6070,21
"COREYMAY3",98,26632,0,9493595,901.659973,52.720001,0.075458,0.035653,1.001832,-0.121951,-0.121951,0.365854,0.637000,0.392000,0.539000,0.000000,0.000000,0.000000,31.0473175,-103.5266418,884.880,0.000,6070,21
"COREYMAY3",98,3745,0,9493605,901.659973,52.720001,0.110012,0.093773,0.991209,-0.060976,-0.060976,-0.243902,0.441000,0.343000,0.539000,0.000000,0.000000,0.000000,31.0473175,-103.5266418,884.880,0.000,6070,21
"COREYMAY3",98,26750,0,9493615,901.659973,52.720001,0.095360,0.034066,1.003297,-0.182927,-0.121951,-0.914634,0.441000,0.343000,0.588000,0.000000,0.000000,0.000000,31.0473175,-103.5266418,884.880,0.000,6070,21
"COREYMAY3",98,40479,0,9493625,901.659973,52.720001,0.078144,0.049939,1.001587,-0.365854,-0.182927,-0.182927,0.588000,0.245000,0.588000,0.000000,0.000000,0.000000,31.0473175,-103.5266418,884.880,0.000,6070,21
"COREYMAY3",98,61334,0,9493635,901.640015,52.720001,0.121245,0.044444,0.985592,-0.243902,-0.243902,0.975610,0.588000,0.392000,0.686000,0.000000,0.000000,0.000000,31.0473175,-103.5266418,884.880,0.000,6070,21
"COREYMAY3",98,12265,0,9493645,901.640015,52.720001,0.091453,0.033089,1.007814,-0.060976,-0.121951,0.731707,0.539000,0.343000,0.588000,0.000000,0.000000,0.000000,31.0473175,-103.5266418,884.880,0.000,6070,21
"COREYMAY3",98,57514,0,9493655,901.640015,52.720001,0.098046,0.089011,0.985348,0.060976,-0.060976,0.426829,0.588000,0.294000,0.539000,0.000000,0.000000,0.000000,31.0473175,-103.5266418,884.880,0.000,6070,21
"COREYMAY3",98,26196,0,9493665,901.640015,52.720001,0.115385,0.029915,1.002198,0.000000,-0.121951,-0.365854,0.490000,0.294000,0.539000,0.000000,0.000000,0.000000,31.0473175,-103.5266418,884.880,0.000,6070,21
"COREYMAY3",98,42953,0,9493675,901.659973,52.720001,0.100977,0.062882,1.009402,-0.243902,-0.121951,-0.670732,0.539000,0.245000,0.490000,0.000000,0.000000,0.000000,31.0473175,-103.5266418,884.880,0.000,6070,21
"COREYMAY3",98,785,0,9493685,901.659973,52.720001,0.079609,0.044078,0.967766,-0.304878,-0.121951,0.365854,0.539000,0.245000,0.539000,0.000000,0.000000,0.000000,31.0473175,-103.5266418,884.880,0.000,6070,21
"COREYMAY3",98,12506,0,9493695,901.659973,52.720001,0.105495,0.024176,1.008791,-0.060976,-0.060976,0.792683,0.539000,0.245000,0.539000,0.000000,0.000000,0.000000,31.0473175,-103.5266418,884.880,0.000,6070,21
"COREYMAY3",98,2683,0,9493705,901.659973,52.720001,0.137363,0.091941,1.004396,0.182927,0.000000,0.975610,0.686000,0.392000,0.637000,0.000000,0.000000,0.000000,31.0473175,-103.5266418,884.880,0.000,6070,21
"COREYMAY3",98,50610,0,9493715,901.659973,52.720001,0.073748,0.030769,0.984493,0.121951,0.060976,0.060976,0.490000,0.392000,0.539000,0.000000,0.000000,0.000000,31.0473175,-103.5266418,884.880,0.000,6070,21
"COREYMAY3",98,26114,0,9493725,901.659973,52.720001,0.100611,0.070085,0.998413,-0.121951,0.000000,-1.158537,0.539000,0.343000,0.686000,0.000000,0.000000,0.000000,31.0473175,-103.5266418,884.880,0.000,6070,21
"COREYMAY3",98,21569,0,9493735,901.659973,52.720001,0.088034,0.048596,0.991819,-0.243902,-0.060976,-1.219512,0.441000,0.343000,0.637000,0.000000,0.000000,0.000000,31.0473175,-103.5266418,884.880,0.000,6070,21
"COREYMAY3",98,19114,0,9493745,901.659973,52.720001,0.101709,0.029060,0.987912,-0.121951,-0.121951,-0.731707,0.735000,0.245000,0.588000,0.000000,0.000000,0.000000,31.0473175,-103.5266418,884.880,0.000,6070,21
"COREYMAY3",98,5100,0,9493755,901.609985,52.720001,0.108791,0.079731,0.992186,0.121951,0.000000,0.121951,0.539000,0.343000,0.539000,0.000000,0.000000,0.000000,31.0473175,-103.5266418,884.880,0.000,6070,21
"COREYMAY3",98,15732,0,9493765,901.609985,52.720001,0.105128,0.070452,0.989133,0.182927,0.000000,0.487805,0.637000,0.294000,0.588000,0.000000,0.000000,0.000000,31.0473175,-103.5266418,884.880,0.000,6070,21
"COREYMAY3",98,14825,0,9493775,901.609985,52.720001,0.098291,0.079243,1.007936,0.060976,0.000000,-0.609756,0.490000,0.392000,0.637000,0.000000,0.000000,0.000000,31.0473175,-103.5266418,884.880,0.000,6070,21
"COREYMAY3",98,8435,0,9493785,901.609985,52.720001,0.086447,0.027717,0.990720,-0.182927,0.000000,-0.670732,0.539000,0.441000,0.490000,0.000000,0.000000,0.000000,31.0473175,-103.5266418,884.880,0.000,6070,21
"COREYMAY3",98,384,0,9493795,901.580017,52.720001,0.110379,0.055189,0.994139,-0.182927,0.060976,0.121951,0.588000,0.343000,0.588000,0.000000,0.000000,0.000000,31.0473175,-103.5266418,884.880,0.000,6070,21
"COREYMAY3",98,49604,0,9493805,901.580017,52.720001,0.078022,0.066178,0.996581,0.121951,0.060976,0.548781,0.588000,0.392000,0.539000,0.000000,0.000000,0.000000,31.0473175,-103.5266418,884.880,0.000,6070,21
"COREYMAY3",98,36507,0,9493815,901.580017,52.720001,0.092552,0.052503,0.977411,0.243902,0.060976,1.097561,0.539000,0.343000,0.539000,0.000000,0.000000,0.000000,31.0473175,-103.5266418,884.880,0.000,6070,21
"COREYMAY3",98,22011,0,9493825,901.580017,52.720001,0.121245,0.097436,1.006471,0.000000,0.000000,-0.304878,0.490000,0.294000,0.686000,0.000000,0.000000,0.000000,31.0473175,-103.5266418,884.880,0.000,6070,21
"COREYMAY3",98,1366,0,9493835,901.570007,52.709999,0.086935,0.011844,1.007326,-0.243902,-0.060976,-1.341463,0.490000,0.294000,0.686000,0.000000,0.000000,0.000000,31.0473175,-103.5266418,884.880,0.000,6070,21
"COREYMAY3",98,56830,0,9493845,901.570007,52.709999,0.066911,0.044567,0.981074,-0.243902,0.060976,-0.670732,0.588000,0.245000,0.686000,0.000000,0.000000,0.000000,31.0473175,-103.5266418,884.880,0.000,6070,21
"COREYMAY3",98,13623,0,9493855,901.570007,52.709999,0.116728,0.076923,1.002564,0.000000,0.060976,0.182927,0.539000,0.294000,0.441000,0.000000,0.000000,0.000000,31.0473175,-103.5266418,884.880,0.000,6070,21
"COREYMAY3",98,33683,0,9493865,901.570007,52.709999,0.094017,0.047863,0.989255,0.243902,0.182927,0.792683,0.539000,0.343000,0.588000,0.000000,0.000000,0.000000,31.0473175,-103.5266418,884.880,0.000,6070,21
"COREYMAY3",98,29478,0,9493875,901.630005,52.709999,0.086691,0.088034,0.991697,0.121951,0.060976,-0.304878,0.539000,0.294000,0.539000,0.000000,0.000000,0.000000,31.0473175,-103.5266418,884.880,0.000,6070,21
"COREYMAY3",98,14703,0,9493885,901.630005,52.709999,0.110745,0.062271,1.008547,-0.182927,-0.121951,-1.768293,0.539000,0.343000,0.686000,0.000000,0.000000,0.000000,31.0473175,-103.5266418,884.880,0.000,6070,21
"COREYMAY3",98,21766,0,9493895,901.630005,52.709999,0.045177,0.050061,0.987179,-0.365854,-0.060976,-1.585366,0.637000,0.196000,0.490000,0.000000,0.000000,0.000000,31.0473175,-103.5266418,884.880,0.000,6070,21
"COREYMAY3",98,44707,0,9493905,901.630005,52.709999,0.118315,0.050672,0.987790,-0.243902,-0.060976,-0.121951,0.441000,0.343000,0.637000,0.000000,0.000000,0.000000,31.0473175,-103.5266418,884.880,0.000,6070,21
"COREYMAY3",98,58118,0,9493915,901.640015,52.709999,0.094383,0.087057,1.006716,0.121951,0.121951,0.975610,0.539000,0.343000,0.539000,0.000000,0.000000,0.000000,31.0473175,-103.5266418,884.880,0.000,6070,21
"COREYMAY3",98,52227,0,9493925,901.640015,52.709999,0.102930,0.078266,0.981563,0.121951,0.121951,0.487805,0.539000,0.294000,0.539000,0.000000,0.000000,0.000000,31.0473175,-103.5266418,884.880,0.000,6070,21
"COREYMAY3",98,56476,0,9493935,901.640015,52.709999,0.078632,0.078632,0.997680,-0.182927,0.060976,-0.487805,0.588000,0.343000,0.686000,0.000000,0.000000,0.000000,31.0473175,-103.5266418,884.880,0.000,6070,21
"COREYMAY3",98,3385,0,9493945,901.640015,52.709999,0.097192,0.052137,1.006105,-0.426829,-0.060976,-0.487805,0.588000,0.343000,0.686000,0.000000,0.000000,0.000000,31.0473175,-103.5266418,884.880,0.000,6070,21
"COREYMAY3",98,50976,0,9493955,901.609985,52.709999,0.097924,0.027839,0.983639,-0.426829,-0.121951,0.853659,0.637000,0.294000,0.539000,0.000000,0.000000,0.000000,31.0473175,-103.5266418,884.880,0.000,6070,21
"COREYMAY3",98,6738,0,9493965,901.609985,52.709999,0.075458,0.061538,0.998168,-0.121951,0.000000,1.463415,0.490000,0.294000,0.637000,0.000000,0.000000,0.000000,31.0473175,-103.5266418,884.880,0.000,6070,21
"COREYMAY3",98,60942,0,9493975,901.609985,52.709999,0.115263,0.080098,0.987424,0.060976,0.060976,0.365854,0.588000,0.343000,0.686000,0.000000,0.000000,0.000000,31.0473175,-103.5266418,884.880,0.000,6070,21
"COREYMAY3",98,20876,0,9493985,901.609985,52.709999,0.066911,0.052747,1.009280,-0.121951,0.000000,-1.463415,0.441000,0.392000,0.637000,0.000000,0.000000,0.000000,31.0473175,-103.5266418,884.880,0.000,6070,21
"COREYMAY3",98,25786,0,9493995,901.609985,52.709999,0.092674,0.049939,1.000733,-0.365854,-0.121951,-1.585366,0.637000,0.392000,0.588000,0.000000,0.000000,0.000000,31.0473175,-103.5266418,884.880,0.000,6070,21
"COREYMAY3",98,34445,0,9494005,901.609985,52.709999,0.077411,0.039072,0.987424,-0.487805,-0.182927,0.243902,0.588000,0.343000,0.441000,0.000000,0.000000,0.000000,31.0473175,-103.5266418,884.880,0.000,6070,21
"COREYMAY3",98,35485,0,9494015,901.609985,52.709999,0.090110,0.046886,1.009524,-0.243902,-0.182927,1.463415,0.539000,0.343000,0.539000,0.000000,0.000000,0.000000,31.0473175,-103.5266418,884.880,0.000,6070,21
"COREYMAY3",98,13999,0,9494025,901.609985,52.709999,0.119170,0.084005,0.988645,0.000000,-0.121951,0.853659,0.539000,0.392000,0.539000,0.000000,0.000000,0.000000,31.0473175,-103.5266418,884.880,0.000,6070,21
"COREYMAY3",98,34940,0,9494035,901.609985,52.709999,0.055922,0.057265,1.005494,0.000000,0.000000,-1.219512,0.490000,0.392000,0.588000,0.000000,0.000000,0.000000,31.0473175,-103.5266418,884.880,0.000,6070,21
"COREYMAY3",98,57014,0,9494045,901.609985,52.709999,0.112454,0.033944,1.005372,-0.365854,-0.121951,-2.134146,0.588000,0.343000,0.490000,0.000000,0.000000,0.000000,31.0473175,-103.5266418,884.880,0.000,6070,21
"COREYMAY3",98,55396,0,9494055,901.609985,52.709999,0.066422,0.098779,0.978755,-0.548781,-0.243902,-0.548781,0.539000,0.343000,0.441000,0.000000,0.000000,0.000000,31.0473175,-103.5266418,884.880,0.000,6070,21
"COREYMAY3",98,37558,0,9494065,901.609985,52.709999,0.066911,-0.007692,0.997558,-0.487805,-0.304878,1.158537,0.588000,0.392000,0.686000,0.000000,0.000000,0.000000,31.0473175,-103.5266418,884.880,0.000,6070,21
"COREYMAY3",98,37037,0,9494075,901.669983,52.709999,0.151282,0.100488,0.993529,-0.182927,-0.243902,1.280488,0.588000,0.343000,0.539000,0.000000,0.000000,0.000000,31.0473175,-103.5266418,884.880,0.000,6070,21
"COREYMAY3",98,12775,0,9494085,901.669983,52.709999,0.078022,0.036630,0.997314,-0.060976,-0.121951,-0.121951,0.441000,0.294000,0.539000,0.000000,0.000000,0.000000,31.0473175,-103.5266418,884.880,0.000,6070,21
"COREYMAY3",98,13918,0,9494095,901.669983,52.709999,0.087057,0.057875,0.989866,-0.121951,-0.121951,-1.097561,0.588000,0.343000,0.490000,0.000000,0.000000,0.000000,31.0473175,-103.5266418,884.880,0.000,6070,21
"COREYMAY3",98,23561,0,9494105,901.669983,52.709999,0.068987,0.064103,1.003419,-0.365854,-0.182927,-0.121951,0.441000,0.294000,0.490000,0.000000,0.000000,0.000000,31.0473175,-103.5266418,884.880,0.000,6070,21
"COREYMAY3",98,60874,0,9494115,901.619995,52.709999,0.109035,0.030647,0.996337,-0.365854,-0.243902,1.341463,0.539000,0.294000,0.686000,0.000000,0.000000,0.000000,31.0473175,-103.5266418,884.880,0.000,6070,21
"COREYMAY3",98,50805,0,9494125,901.619995,52.709999,0.099145,0.066911,0.978877,-0.243902,-0.243902,1.524390,0.588000,0.343000,0.490000,0.000000,0.000000,0.000000,31.0473175,-103.5266418,884.880,0.000,6070,21
"COREYMAY3",98,33924,0,9494135,901.619995,52.709999,0.107448,0.068864,1.002564,-0.121951,-0.304878,0.121951,0.637000,0.343000,0.490000,0.000000,0.000000,0.000000,31.0473175,-103.5266418,884.880,0.000,6070,21
"COREYMAY3",98,47067,0,9494145,901.619995,52.709999,0.104029,0.073748,1.013065,-0.121951,-0.365854,-1.158537,0.637000,0.294000,0.539000,0.000000,0.000000,0.000000,31.0473175,-103.5266418,884.880,0.000,6070,21
"COREYMAY3",98,3567,0,9494155,901.650024,52.709999,0.036264,0.034921,0.979365,-0.365854,-0.304878,-0.121951,0.588000,0.294000,0.588000,0.000000,0.000000,0.000000,31.0473175,-103.5266418,884.880,0.000,6070,21
"COREYMAY3",98,35961,0,9494165,901.650024,52.709999,0.149328,0.041270,1.001587,-0.304878,-0.304878,1.524390,0.539000,0.392000,0.539000,0.000000,0.000000,0.000000,31.0473175,-103.5266418,884.880,0.000,6070,21
"COREYMAY3",98,1842,0,9494175,901.650024,52.709999,0.093773,0.070452,1.008913,-0.060976,-0.182927,1.951220,0.588000,0.343000,0.588000,0.000000,0.000000,0.000000,31.0473175,-103.5266418,884.880,0.000,6070,21
"COREYMAY3",98,23471,0,9494185,901.650024,52.709999,0.092308,0.047131,0.962637,0.060976,-0.182927,0.670732,0.588000,0.343000,0.588000,0.000000,0.000000,0.000000,31.0473175,-103.5266418,884.880,0.000,6070,21
"COREYMAY3",98,20783,0,9494195,901.679993,52.709999,0.121978,0.087424,1.015873,0.000000,-0.304878,-1.036585,0.637000,0.392000,0.637000,0.000000,0.000000,0.000000,31.0473175,-103.5266418,884.880,0.000,6070,21
"COREYMAY3",98,28410,0,9494205,901.679993,52.709999,0.086813,0.028816,1.006960,-0.365854,-0.304878,-1.402439,0.686000,0.245000,0.686000,0.000000,0.000000,0.000000,31.0473175,-103.5266418,884.880,0.000,6070,21
"COREYMAY3",98,27597,0,9494215,901.679993,52.709999,0.086447,0.025763,0.968498,-0.487805,-0.304878,-0.182927,0.637000,0.294000,0.539000,0.000000,0.000000,0.000000,31.0473175,-103.5266418,884.880,0.000,6070,21
"COREYMAY3",98,29286,0,9494225,901.679993,52.709999,0.106227,0.062393,1.011966,-0.304878,-0.243902,0.365854,0.490000,0.441000,0.539000,0.000000,0.000000,0.000000,31.0473175,-103.5266418,884.880,0.000,6070,21
"COREYMAY3",98,57113,0,9494235,901.669983,52.709999,0.149695,0.077778,0.989621,0.000000,-0.121951,-0.365854,0.637000,0.343000,0.637000,0.000000,0.000000,0.000000,31.0473175,-103.5266418,884.880,0.000,6070,21
"COREYMAY3",98,20454,0,9494245,901.669983,52.709999,0.059829,0.064469,0.992918,0.000000,-0.121951,-1.402439,0.539000,0.294000,0.588000,0.000000,0.000000,0.000000,31.0473175,-103.5266418,884.880,0.000,6070,21
"COREYMAY3",98,59567,0,9494255,901.669983,52.709999,0.102320,0.052137,0.996581,-0.243902,-0.182927,-1.402439,0.637000,0.441000,0.490000,0.000000,0.000000,0.000000,31.0473175,-103.5266418,884.880,0.000,6070,21
"COREYMAY3",98,669,0,9494265,901.669983,52.709999,0.106349,0.034799,1.000610,-0.426829,-0.243902,-0.121951,0.539000,0.343000,0.686000,0.000000,0.000000,0.000000,31.0473175,-103.5266418,884.880,0.000,6070,21
"COREYMAY3",98,27959,0,9494275,901.650024,52.709999,0.092186,0.044567,0.988523,-0.304878,-0.121951,0.487805,0.539000,0.343000,0.637000,0.000000,0.000000,0.000000,31.0473175,-103.5266418,884.880,0.000,6070,21
"COREYMAY3",98,5302,0,9494285,901.650024,52.709999,0.119780,0.054945,0.992552,-0.060976,-0.060976,0.121951,0.686000,0.343000,0.735000,0.000000,0.000000,0.000000,31.0473175,-103.5266418,884.880,0.000,6070,21
"COREYMAY3",98,49950,0,9494295,901.650024,52.709999,0.107814,0.054579,1.010989,0.060976,-0.060976,-1.463415,0.490000,0.294000,0.588000,0.000000,0.000000,0.000000,31.0473175,-103.5266418,884.880,0.000,6070,21
"COREYMAY3",98,44064,0,9494305,901.650024,52.709999,0.078632,0.033700,1.002564,-0.121951,-0.060976,-2.804878,0.490000,0.196000,0.784000,0.000000,0.000000,0.000000,31.0473175,-103.5266418,884.880,0.000,6070,21
"COREYMAY3",98,56464,0,9494315,901.630005,52.709999,0.054701,0.018559,1.027106,-0.426829,-0.121951,-1.890244,0.343000,0.343000,0.588000,0.000000,0.000000,0.000000,31.0473175,-103.5266418,884.880,0.000,6070,21
"COREYMAY3",98,52153,0,9494325,901.630005,52.709999,0.154945,-0.001343,0.915507,-0.426829,0.000000,-1.463415,0.686000,0.147000,0.441000,0.000000,0.000000,0.000000,31.0473175,-103.5266418,884.880,0.000,6070,21
"COREYMAY3",98,22405,0,9494335,901.630005,52.709999,0.077411,0.036508,1.069719,-0.121951,-0.060976,-2.256098,0.735000,0.294000,0.980000,0.000000,0.000000,0.000000,31.0473175,-103.5266418,884.880,0.000,6070,21
"COREYMAY3",98,19547,0,9494345,901.630005,52.709999,0.066789,0.000977,1.162637,0.060976,-0.060976,-3.841463,0.441000,0.098000,1.274000,0.000000,0.000000,0.000000,31.0473175,-103.5266418,884.880,0.000,6070,21
"COREYMAY3",98,29861,0,9494355,901.869995,52.709999,-0.016972,0.040659,2.039194,0.731707,0.243902,-5.731707,0.539000,0.098000,3.430000,0.000000,0.000000,0.000000,31.0473175,-103.5266418,884.880,0.000,6070,21
"COREYMAY3",98,55525,0,9494365,901.869995,52.709999,0.148352,0.065446,3.397436,1.341463,0.670732,-4.817073,1.274000,1.078000,3.920000,0.000000,0.000000,0.000000,31.0473175,-103.5266418,884.880,0.000,6070,21
"COREYMAY3",98,17876,0,9494375,901.869995,52.709999,0.341880,0.124176,3.808669,2.195122,0.975610,-0.731707,0.686000,0.441000,4.753000,0.000000,0.000000,0.000000,31.0473175,-103.5266418,884.880,0.000,6070,21
"COREYMAY3",98,14118,0,9494385,901.869995,52.709999,0.238828,0.365690,3.687668,2.378049,0.487805,7.987805,0.245000,1.274000,3.381000,0.000000,0.000000,0.000000,31.0473175,-103.5266418,884.880,0.000,6070,21
"COREYMAY3",98,33144,0,9494395,901.859985,52.709999,0.184860,0.046520,3.884737,1.951220,0.365854,16.219513,1.078000,0.539000,4.067000,0.000000,0.000000,0.000000,31.0473175,-103.5266418,884.880,0.000,6070,21
"COREYMAY3",98,56138,0,9494405,901.859985,52.709999,0.154457,0.128694,3.921123,2.073171,0.609756,19.451220,1.029000,1.029000,4.361000,0.000000,0.000000,0.000000,31.0473175,-103.5266418,884.880,0.000,6070,21
"COREYMAY3",98,32358,0,9494415,901.859985,52.709999,0.155433,0.056166,3.997192,2.073171,0.365854,21.036585,-0.245000,0.637000,6.027000,0.000000,0.000000,0.000000,31.0473175,-103.5266418,884.880,0.000,6070,21
"COREYMAY3",98,41905,0,9494425,901.859985,52.709999,0.142369,0.144200,3.971673,1.097561,0.548781,23.658537,-0.245000,0.637000,6.027000,0.000000,0.000000,0.000000,31.0473175,-103.5266418,884.880,0.000,6070,21
"COREYMAY3",98,48436,0,9494435,901.590027,52.709999,0.085836,0.038828,3.984005,0.487805,1.036585,29.390244,0.392000,0.833000,5.782000,0.000000,0.000000,0.000000,31.0473175,-103.5266418,884.880,0.000,6070,21
"COREYMAY3",98,18142,0,9494445,901.590027,52.709999,0.209158,0.112088,3.995849,1.280488,0.121951,36.219513,0.637000,0.980000,5.390000,0.000000,0.000000,0.000000,31.0473175,-103.5266418,884.880,0.000,6070,21
"COREYMAY3",98,49792,0,9494455,901.590027,52.709999,0.179609,0.102320,3.973504,1.585366,-0.365854,39.512196,0.735000,-0.588000,6.419000,0.000000,0.000000,0.000000,31.0473175,-103.5266418,884.880,0.000,6070,21
"COREYMAY3",98,62889,0,9494465,901.590027,52.709999,0.157387,0.078877,3.990965,1.890244,-1.280488,40.487804,0.833000,0.049000,6.909000,0.000000,0.000000,0.000000,31.0473175,-103.5266418,884.880,0.000,6070,21
"COREYMAY3",98,41033,0,9494475,901.719971,52.709999,0.230281,0.132357,3.963126,1.768293,-1.707317,41.097561,0.980000,0.686000,4.753000,0.000000,0.000000,0.000000,31.0473175,-103.5266418,884.880,0.000,6070,21
"COREYMAY3",98,61,0,9494485,901.719971,52.709999,0.089499,0.025153,3.997680,2.134146,-1.097561,41.280487,0.441000,1.274000,4.361000,0.000000,0.000000,0.000000,31.0473175,-103.5266418,884.880,0.000,6070,21
"COREYMAY3",98,54927,0,9494495,901.719971,52.709999,0.252991,0.134676,4.000854,1.585366,-0.975610,41.646343,0.637000,0.000000,6.125000,0.000000,0.000000,0.000000,31.0473175,-103.5266418,884.880,0.000,6070,21
"COREYMAY3",98,6460,0,9494505,901.719971,52.709999,0.174969,0.113065,4.000854,2.073171,-0.670732,42.560974,0.784000,1.176000,4.655000,0.000000,0.000000,0.000000,31.0473175,-103.5266418,884.880,0.000,6070,21
"COREYMAY3",98,64463,0,9494515,901.679993,52.709999,0.142613,0.072161,3.978755,2.378049,-1.829268,43.902439,1.127000,-0.490000,6.125000,0.000000,0.000000,0.000000,31.0473175,-103.5266418,884.880,0.000,6070,21
"COREYMAY3",98,31007,0,9494525,901.679993,52.709999,0.242002,0.130037,3.995971,1.951220,-1.219512,44.268291,1.029000,0.588000,5.292000,0.000000,0.000000,0.000000,31.0473175,-103.5266418,884.880,0.000,6070,21
"COREYMAY3",98,4123,0,9494535,901.679993,52.709999,0.102076,0.049695,4.000854,2.073171,-1.280488,45.548782,0.588000,0.735000,5.684000,0.000000,0.000000,0.000000,31.0473175,-103.5266418,884.880,0.000,6070,21
"COREYMAY3",98,34481,0,9494545,901.679993,52.709999,0.190476,0.105983,4.000610,2.256098,-1.402439,50.060974,0.882000,0.245000,6.468000,0.000000,0.000000,0.000000,31.0473175,-103.5266418,884.880,0.000,6070,21
"COREYMAY3",98,12591,0,9494555,901.599976,52.709999,0.183028,0.068132,4.000854,2.682927,-1.341463,56.219513,0.686000,0.098000,5.880000,0.000000,0.000000,0.000000,31.0473175,-103.5266418,884.880,0.000,6070,21
"COREYMAY3",98,12608,0,9494565,901.599976,52.709999,0.252259,0.052381,4.000854,2.682927,-1.524390,60.000000,0.784000,0.196000,6.272000,0.000000,0.000000,0.000000,31.0473175,-103.5266418,884.880,0.000,6070,21
"COREYMAY3",98,5136,0,9494575,901.599976,52.709999,0.132479,-0.073260,4.000854,2.560976,-1.829268,61.402439,0.588000,0.049000,6.321000,0.000000,0.000000,0.000000,31.0473175,-103.5266418,884.880,0.000,6070,21
"COREYMAY3",98,11607,0,9494585,901.599976,52.709999,0.220391,0.051404,4.000854,3.292683,-1.707317,64.634148,0.833000,0.490000,5.537000,0.000000,0.000000,0.000000,31.0473175,-103.5266418,884.880,0.000,6070,21
"COREYMAY3",98,62265,0,9494595,901.479980,52.709999,0.149695,-0.096337,4.000854,3.780488,-1.341463,67.134148,0.686000,0.294000,5.488000,0.000000,0.000000,0.000000,31.0473175,-103.5266418,884.880,0.000,6070,21
"COREYMAY3",98,5545,0,9494605,901.479980,52.709999,0.160317,-0.016117,4.000854,4.268293,-1.524390,68.353661,0.784000,0.049000,5.733000,0.000000,0.000000,0.000000,31.0473175,-103.5266418,884.880,0.000,6070,21
"COREYMAY3",98,7931,0,9494615,901.479980,52.709999,0.273871,-0.015629,4.000854,4.878049,-1.707317,69.756096,0.833000,0.490000,5.390000,0.000000,0.000000,0.000000,31.0473175,-103.5266418,884.880,0.257,6070,21
"COREYMAY3",98,17676,0,9494625,901.479980,52.709999,0.159707,0.110256,4.000854,5.182927,-1.402439,69.695122,0.637000,0.294000,5.782000,0.000000,0.000000,0.000000,31.0473175,-103.5266418,884.880,0.257,6070,21
"COREYMAY3",98,28846,0,9494635,901.440002,52.700001,0.140659,-0.014286,4.000854,5.000000,-1.341463,69.146339,0.833000,0.343000,5.782000,0.000000,0.000000,0.000000,31.0473175,-103.5266418,884.880,0.257,6070,21
"COREYMAY3",98,59292,0,9494645,901.440002,52.700001,0.263858,-0.033944,4.000854,4.939024,-1.280488,69.329269,0.294000,-0.049000,6.321000,0.000000,0.000000,0.000000,31.0473175,-103.5266418,884.880,0.257,6070,21
"COREYMAY3",98,59653,0,9494655,901.440002,52.700001,0.208425,-0.140049,4.000854,5.182927,-1.158537,67.926826,1.617000,0.686000,5.439000,0.000000,0.000000,0.000000,31.0473175,-103.5266418,884.880,0.257,6070,21
"COREYMAY3",98,42629,0,9494665,901.440002,52.700001,0.598901,0.382295,3.998291,5.792683,-0.121951,68.170731,0.833000,-0.049000,6.321000,0.000000,0.000000,0.000000,31.0473175,-103.5266418,884.880,0.257,6070,21
"COREYMAY3",98,61274,0,9494675,901.200012,52.700001,0.209035,0.043223,4.000854,5.243902,2.012195,68.353661,0.833000,-0.049000,6.321000,0.000000,0.000000,0.000000,31.0473175,-103.5266418,884.880,0.257,6070,21
"COREYMAY3",98,10147,0,9494685,901.200012,52.700001,0.087057,-0.058242,4.000854,4.085366,2.865854,65.487808,1.176000,0.392000,5.782000,0.000000,0.000000,0.000000,31.0473175,-103.5266418,884.880,0.257,6070,21
"COREYMAY3",98,45416,0,9494695,901.200012,52.700001,0.111722,-0.150183,3.998535,2.804878,3.597561,59.634148,0.539000,0.588000,5.782000,0.000000,0.000000,0.000000,31.0473175,-103.5266418,884.880,0.257,6070,21
"COREYMAY3",98,39940,0,9494705,901.200012,52.700001,0.382295,0.203053,4.000854,2.439024,3.536585,52.134148,1.176000,0.539000,6.076000,0.000000,0.000000,0.000000,31.0473175,-103.5266418,884.880,0.257,6070,21
"COREYMAY3",98,14963,0,9494715,901.280029,52.700001,-0.110012,-0.273260,4.000854,1.768293,3.170732,46.219513,0.245000,0.098000,6.076000,0.000000,0.000000,0.000000,31.0473175,-103.5266418,884.880,0.257,6070,21
"COREYMAY3",98,1622,0,9494725,901.280029,52.700001,0.478266,0.322344,4.000854,1.829268,0.975610,39.085365,0.931000,0.490000,5.978000,0.000000,0.000000,0.000000,31.0473175,-103.5266418,884.880,0.257,6070,21
"COREYMAY3",98,39128,0,9494735,901.280029,52.700001,-0.343101,-0.226374,3.936996,0.914634,-0.243902,31.524391,0.539000,0.588000,6.321000,0.000000,0.000000,0.000000,31.0473175,-103.5266418,884.880,0.257,6070,21
"COREYMAY3",98,36932,0,9494745,901.280029,52.700001,0.196459,0.113553,3.994017,1.219512,-3.780488,33.902439,0.343000,0.147000,6.615000,0.000000,0.000000,0.000000,31.0473175,-103.5266418,884.880,0.257,6070,21
"COREYMAY3",98,16465,0,9494755,900.989990,52.689999,0.348718,0.208791,4.000854,1.341463,-6.341464,34.024391,0.392000,0.343000,6.468000,0.000000,0.000000,0.000000,31.0473175,-103.5266418,884.880,0.257,6070,21
"COREYMAY3",98,356,0,9494765,900.989990,52.689999,0.246398,-0.020269,4.000854,-0.060976,-6.890244,28.048780,0.441000,0.147000,6.860000,0.000000,0.000000,0.000000,31.0473175,-103.5266418,884.880,0.257,6070,21
"COREYMAY3",98,58353,0,9494775,900.989990,52.689999,0.046032,0.072527,4.000854,-0.426829,-7.073171,25.060976,0.686000,0.392000,6.517000,0.000000,0.000000,0.000000,31.0473175,-103.5266418,884.880,0.257,6070,21
"COREYMAY3",98,30192,0,9494785,900.989990,52.689999,0.123687,0.047131,4.000854,-0.670732,-6.829268,18.536585,0.588000,0.245000,6.713000,0.000000,0.000000,0.000000,31.0473175,-103.5266418,884.880,0.257,6070,21
"COREYMAY3",98,14473,0,9494795,901.200012,52.689999,0.208913,0.029792,4.000854,-0.914634,-6.280488,10.487804,0.441000,0.294000,6.566000,0.000000,0.000000,0.000000,31.0473175,-103.5266418,884.880,0.257,6070,21
"COREYMAY3",98,25336,0,9494805,901.200012,52.689999,0.459951,0.236874,4.000854,-0.731707,-6.341464,7.804878,0.931000,0.441000,6.321000,0.000000,0.000000,0.000000,31.0473175,-103.5266418,884.880,0.257,6070,21
"COREYMAY3",98,44188,0,9494815,901.200012,52.689999,0.215873,0.027717,4.000854,-0.609756,-5.670732,4.634146,0.637000,0.539000,6.566000,0.000000,0.000000,0.000000,31.0473175,-103.5266418,884.880,0.257,6070,21
"COREYMAY3",98,18636,0,9494825,901.200012,52.689999,0.017582,0.069719,4.000854,-0.121951,-5.243902,-4.878049,0.735000,0.294000,6.566000,0.000000,0.000000,0.000000,31.0473175,-103.5266418,884.880,0.257,6070,21
"COREYMAY3",98,16175,0,9494835,900.969971,52.680000,0.370818,0.108547,4.000854,0.121951,-5.548780,-9.451220,0.735000,0.490000,6.615000,0.000000,0.000000,0.000000,31.0473175,-103.5266418,884.880,0.257,6070,21
"COREYMAY3",98,23974,0,9494845,900.969971,52.680000,0.156410,0.132234,4.000854,0.121951,-5.182927,-9.024390,0.539000,0.392000,6.517000,0.000000,0.000000,0.000000,31.0473175,-103.5266418,884.880,0.257,6070,21
"COREYMAY3",98,33918,0,9494855,900.969971,52.680000,0.107448,0.012943,4.000854,-0.121951,-5.000000,-7.621951,0.637000,0.441000,6.664000,0.000000,0.000000,0.000000,31.0473175,-103.5266418,884.880,0.257,6070,21
"COREYMAY3",98,17366,0,9494865,900.969971,52.680000,0.278877,0.167888,4.000854,-0.121951,-5.121951,-6.585366,0.784000,0.392000,6.762000,0.000000,0.000000,0.000000,31.0473175,-103.5266418,884.880,0.257,6070,21
"COREYMAY3",98,23896,0,9494875,901.340027,52.680000,0.190965,0.089377,4.000854,-0.121951,-4.756098,-5.792683,0.490000,0.392000,6.762000,0.000000,0.000000,0.000000,31.0473175,-103.5266418,884.880,0.257,6070,21
"COREYMAY3",98,4009,0,9494885,901.340027,52.680000,0.111233,0.072650,4.000854,-0.121951,-4.451220,-5.182927,0.784000,0.245000,6.762000,0.000000,0.000000,0.000000,31.0473175,-103.5266418,884.880,0.257,6070,21
"COREYMAY3",98,19312,0,9494895,901.340027,52.680000,0.265324,0.137485,4.000854,0.000000,-4.329268,-4.451220,0.784000,0.392000,6.517000,0.000000,0.000000,0.000000,31.0473175,-103.5266418,884.880,0.257,6070,21
"COREYMAY3",98,26507,0,9494905,901.340027,52.680000,0.175824,0.093162,4.000854,0.000000,-4.024390,-3.475610,0.588000,0.490000,6.664000,0.000000,0.000000,0.000000,31.0473175,-103.5266418,884.880,0.257,6070,21
"COREYMAY3",98,2274,0,9494915,900.909973,52.669998,0.134310,0.093407,4.000854,0.060976,-3.780488,-2.500000,0.588000,0.490000,6.664000,0.000000,0.000000,0.000000,31.0473175,-103.5266418,884.880,0.257,6070,21
"COREYMAY3",98,21736,0,9494925,900.909973,52.669998,0.261661,0.125641,4.000854,0.121951,-3.658537,-1.463415,0.686000,0.343000,7.007000,0.000000,0.000000,0.000000,31.0473175,-103.5266418,884.880,0.257,6070,21
"COREYMAY3",98,63526,0,9494935,900.909973,52.669998,0.152747,0.118315,4.000854,0.182927,-3.292683,-0.060976,0.637000,0.441000,6.811000,0.000000,0.000000,0.000000,31.0473175,-103.5266418,884.880,0.257,6070,21
"COREYMAY3",98,40080,0,9494945,900.909973,52.669998,0.152747,0.084005,4.000854,0.182927,-3.048780,1.219512,0.588000,0.294000,7.056000,0.000000,0.000000,0.000000,31.0473175,-103.5266418,884.880,0.257,6070,21
"COREYMAY3",98,3635,0,9494955,900.750000,52.660000,0.236752,0.154945,4.000854,0.304878,-2.987805,2.378049,0.637000,0.392000,7.154000,0.000000,0.000000,0.000000,31.0473175,-103.5266418,884.880,0.257,6070,21
"COREYMAY3",98,38030,0,9494965,900.750000,52.660000,0.143468,0.095971,4.000854,0.304878,-2.621951,3.658537,0.637000,0.441000,6.860000,0.000000,0.000000,0.000000,31.0473175,-103.5266418,884.880,0.257,6070,21
"COREYMAY3",98,18339,0,9494975,900.750000,52.660000,0.146642,0.118803,4.000854,0.487805,-2.195122,4.268293,0.637000,0.441000,7.056000,0.000000,0.000000,0.000000,31.0473175,-103.5266418,884.880,0.257,6070,21
"COREYMAY3",98,64703,0,9494985,900.750000,52.660000,0.232112,0.138828,4.000854,0.731707,-1.829268,5.121951,0.637000,0.490000,7.007000,0.000000,0.000000,0.000000,31.0473175,-103.5266418,884.880,0.257,6070,21
"COREYMAY3",98,51222,0,9494995,900.809998,52.660000,0.142857,0.106471,4.000854,0.853659,-1.341463,5.365854,0.637000,0.392000,6.762000,0.000000,0.000000,0.000000,31.0473175,-103.5266418,884.880,0.257,6070,21
"COREYMAY3",98,49840,0,9495005,900.809998,52.660000,0.186935,0.110012,4.000854,1.036585,-1.036585,4.817073,0.637000,0.441000,6.811000,0.000000,0.000000,0.000000,31.0473175,-103.5266418,884.880,0.257,6070,21
"COREYMAY3",98,46872,0,9495015,900.809998,52.660000,0.229792,0.134188,4.000854,1.036585,-0.792683,3.902439,0.588000,0.343000,7.154000,0.000000,0.000000,0.000000,31.0473175,-103.5266418,884.880,0.257,6070,21
"COREYMAY3",98,6376,0,9495025,900.809998,52.660000,0.158608,0.096703,4.000854,1.036585,-0.426829,2.865854,0.637000,0.441000,6.909000,0.000000,0.000000,0.000000,31.0473175,-103.5266418,884.880,0.257,6070,21
"COREYMAY3",98,13033,0,9495035,900.710022,52.650002,0.199756,0.120391,4.000854,1.219512,-0.243902,2.134146,0.686000,0.441000,7.007000,0.000000,0.000000,0.000000,31.0473175,-103.5266418,884.880,0.257,6070,21
"COREYMAY3",98,29979,0,9495045,900.710022,52.650002,0.214408,0.125031,4.000854,1.524390,0.304878,1.768293,0.539000,0.441000,7.056000,0.000000,0.000000,0.000000,31.0473175,-103.5266418,884.880,0.257,6070,21
"COREYMAY3",98,65006,0,9495055,900.710022,52.650002,0.168742,0.101465,4.000854,1.768293,0.670732,1.585366,0.588000,0.343000,7.350000,0.000000,0.000000,0.000000,31.0473175,-103.5266418,884.880,0.257,6070,21
"COREYMAY3",98,30562,0,9495065,900.710022,52.650002,0.227350,0.124298,4.000854,1.951220,0.731707,1.097561,0.686000,0.392000,7.350000,0.000000,0.000000,0.000000,31.0473175,-103.5266418,884.880,0.257,6070,21
"COREYMAY3",98,44648,0,9495075,900.710022,52.650002,0.200733,0.115140,4.000854,2.256098,1.097561,0.609756,0.588000,0.392000,7.203000,0.000000,0.000000,0.000000,31.0473175,-103.5266418,884.880,0.257,6070,21
"COREYMAY3",98,29525,0,9495085,900.710022,52.650002,0.180708,0.100611,4.000854,2.500000,1.463415,0.609756,0.637000,0.245000,7.546000,0.000000,0.000000,0.000000,31.0473175,-103.5266418,884.880,0.257,6070,21
"COREYMAY3",98,602,0,9495095,900.710022,52.650002,0.242125,0.106471,4.000854,2.682927,1.646341,0.365854,0.539000,0.343000,7.644000,0.000000,0.000000,0.000000,31.0473175,-103.5266418,884.880,0.257,6070,21
"COREYMAY3",98,32901,0,9495105,900.710022,52.650002,0.207692,0.110379,4.000854,2.743902,1.890244,-0.243902,0.539000,0.392000,7.105000,0.000000,0.000000,0.000000,31.0473175,-103.5266418,884.880,0.257,6070,21
"COREYMAY3",98,8585,0,9495115,900.570007,52.650002,0.189255,0.091819,4.000854,2.865854,2.134146,-0.487805,0.686000,0.392000,7.154000,0.000000,0.000000,0.000000,31.0473175,-103.5266418,884.880,0.257,6070,21
"COREYMAY3",98,39919,0,9495125,900.570007,52.650002,0.235165,0.120391,4.000854,2.987805,2.500000,-0.548781,0.588000,0.343000,7.252000,0.000000,0.000000,0.000000,31.0473175,-103.5266418,884.880,0.257,6070,21
"COREYMAY3",98,31377,0,9495135,900.570007,52.650002,0.205006,0.100000,4.000854,3.048780,2.926829,-0.670732,0.637000,0.392000,7.399000,0.000000,0.000000,0.000000,31.0473175,-103.5266418,884.880,0.257,6070,21
"COREYMAY3",98,61200,0,9495145,900.570007,52.650002,0.200000,0.106716,4.000854,3.170732,3.231707,-0.853659,0.686000,0.245000,7.399000,0.000000,0.000000,0.000000,31.0473175,-103.5266418,884.880,0.257,6070,21
"COREYMAY3",98,61550,0,9495155,900.510010,52.650002,0.237973,0.116117,4.000854,3.170732,3.414634,-0.853659,0.490000,0.294000,7.399000,0.000000,0.000000,0.000000,31.0473175,-103.5266418,884.880,0.257,6070,21
"COREYMAY3",98,12946,0,9495165,900.510010,52.650002,0.199512,0.107814,4.000854,3.292683,3.780488,-0.731707,0.490000,0.294000,7.399000,0.000000,0.000000,0.000000,31.0473175,-103.5266418,884.880,0.257,6070,21
"COREYMAY3",98,64037,0,9495175,900.510010,52.650002,0.217460,0.108913,4.000854,3.292683,3.963415,-0.670732,0.686000,0.490000,7.350000,0.000000,0.000000,0.000000,31.0473175,-103.5266418,884.880,0.257,6070,21
"COREYMAY3",98,43863,0,9495185,900.510010,52.650002,0.236752,0.118193,4.000854,3.231707,4.207317,-0.731707,0.686000,0.392000,7.252000,0.000000,0.000000,0.000000,31.0473175,-103.5266418,884.880,0.257,6070,21
"COREYMAY3",98,30797,0,9495195,900.200012,52.650002,0.204396,0.111844,4.000854,3.231707,4.512195,-0.914634,0.784000,0.441000,7.399000,0.000000,0.000000,0.000000,31.0473175,-103.5266418,884.880,0.257,6070,21
"COREYMAY3",98,9059,0,9495205,900.200012,52.650002,0.223810,0.116239,4.000854,3.231707,4.878049,-1.097561,0.637000,0.441000,7.350000,0.000000,0.000000,0.000000,31.0473175,-103.5266418,884.880,0.257,6070,21
"COREYMAY3",98,50517,0,9495215,900.200012,52.650002,0.240781,0.123932,4.000854,3.292683,5.243902,-1.158537,0.539000,0.294000,7.644000,0.000000,0.000000,0.000000,31.0473175,-103.5266418,884.880,0.257,6070,21
"COREYMAY3",98,20637,0,9495225,900.200012,52.650002,0.213187,0.114530,4.000854,3.353658,5.548780,-1.219512,0.539000,0.392000,7.546000,0.000000,0.000000,0.000000,31.0473175,-103.5266418,884.880,0.257,6070,21
"COREYMAY3",98,55056,0,9495235,900.150024,52.650002,0.228327,0.121490,4.000854,3.475610,5.914634,-1.097561,0.637000,0.343000,7.448000,0.000000,0.000000,0.000000,31.0473175,-103.5266418,884.880,0.257,6070,21
"COREYMAY3",98,61841,0,9495245,900.150024,52.650002,0.247863,0.118803,4.000854,3.475610,6.158536,-1.036585,0.637000,0.343000,7.644000,0.000000,0.000000,0.000000,31.0473175,-103.5266418,884.880,0.257,6070,21
"COREYMAY3",98,54400,0,9495255,900.150024,52.650002,0.211355,0.115873,4.000854,3.536585,6.524390,-1.097561,0.637000,0.392000,7.399000,0.000000,0.000000,0.000000,31.0473175,-103.5266418,884.880,0.257,6070,21
"COREYMAY3",98,64099,0,9495265,900.150024,52.650002,0.243956,0.118315,4.000854,3.475610,6.829268,-1.097561,0.833000,0.294000,7.644000,0.000000,0.000000,0.000000,31.0473175,-103.5266418,884.880,0.257,6070,21
"COREYMAY3",98,45119,0,9495275,900.030029,52.639999,0.236630,0.127717,4.000854,3.536585,7.073171,-0.853659,0.686000,0.343000,7.595000,0.000000,0.000000,0.000000,31.0473175,-103.5266418,884.880,0.257,6070,21
"COREYMAY3",98,26180,0,9495285,900.030029,52.639999,0.224786,0.106960,4.000854,3.597561,7.317073,-0.670732,0.588000,0.294000,7.546000,0.000000,0.000000,0.000000,31.0473175,-103.5266418,884.880,0.257,6070,21
"COREYMAY3",98,2104,0,9495295,900.030029,52.639999,0.253358,0.126252,4.000854,3.597561,7.560976,-0.487805,0.735000,0.196000,7.693000,0.000000,0.000000,0.000000,31.0473175,-103.5266418,884.880,0.257,6070,21
"COREYMAY3",98,19031,0,9495305,900.030029,52.639999,0.247497,0.111233,4.000854,3.597561,7.865854,-0.487805,0.833000,0.294000,7.497000,0.000000,0.000000,0.000000,31.0473175,-103.5266418,884.880,0.257,6070,21
"COREYMAY3",98,23604,0,9495315,899.940002,52.639999,0.237363,0.117460,4.000854,3.597561,8.048780,-0.487805,0.637000,0.490000,7.497000,0.000000,0.000000,0.000000,31.0473175,-103.5266418,884.880,0.257,6070,21
"COREYMAY3",98,64490,0,9495325,899.940002,52.639999,0.262759,0.123932,4.000854,3.597561,8.292683,-0.304878,0.735000,0.343000,7.791000,0.000000,0.000000,0.000000,31.0473175,-103.5266418,884.880,0.257,6070,21
"COREYMAY3",98,60836,0,9495335,899.940002,52.639999,0.235287,0.115385,4.000854,3.597561,8.658537,0.060976,0.637000,0.392000,7.693000,0.000000,0.000000,0.000000,31.0473175,-103.5266418,884.880,0.257,6070,21
"COREYMAY3",98,40831,0,9495345,899.940002,52.639999,0.253602,0.130403,4.000854,3.536585,8.841463,0.426829,0.784000,0.490000,7.546000,0.000000,0.000000,0.000000,31.0473175,-103.5266418,884.880,0.257,6070,21
"COREYMAY3",98,19462,0,9495355,899.919983,52.650002,0.283150,0.134799,4.000854,3.475610,9.146341,0.792683,0.735000,0.441000,7.546000,0.000000,0.000000,0.000000,31.0473175,-103.5266418,884.880,0.257,6070,21
"COREYMAY3",98,33590,0,9495365,899.919983,52.650002,0.246032,0.132601,4.000854,3.414634,9.512196,0.975610,0.637000,0.539000,7.448000,0.000000,0.000000,0.000000,31.0473175,-103.5266418,884.880,0.257,6070,21
"COREYMAY3",98,63933,0,9495375,899.919983,52.650002,0.263370,0.137363,4.000854,3.292683,9.695122,1.280488,0.735000,0.392000,7.399000,0.000000,0.000000,0.000000,31.0473175,-103.5266418,884.880,0.257,6070,21
"COREYMAY3",98,41886,0,9495385,899.919983,52.650002,0.279487,0.155800,4.000854,3.170732,9.817073,1.768293,0.735000,0.539000,7.399000,0.000000,0.000000,0.000000,31.0473175,-103.5266418,884.880,0.257,6070,21
"COREYMAY3",98,59871,0,9495395,899.679993,52.639999,0.265079,0.144200,4.000854,3.231707,10.182927,2.134146,0.686000,0.588000,7.497000,0.000000,0.000000,0.000000,31.0473175,-103.5266418,884.880,0.257,6070,21
"COREYMAY3",98,41893,0,9495405,899.679993,52.639999,0.252869,0.154945,4.000854,3.109756,10.243902,2.378049,0.686000,0.588000,7.497000,0.000000,0.000000,0.000000,31.0473175,-103.5266418,884.880,0.257,6070,21
"COREYMAY3",98,28665,0,9495415,899.679993,52.639999,0.273993,0.148352,4.000854,3.231707,10.426829,2.500000,0.931000,0.245000,7.742000,0.000000,0.000000,0.000000,31.0473175,-103.5266418,884.880,0.257,6070,21
"COREYMAY3",98,60975,0,9495425,899.679993,52.639999,0.268010,0.153114,4.000854,3.231707,10.609756,2.621951,0.588000,0.490000,7.546000,0.000000,0.000000,0.000000,31.0473175,-103.5266418,884.880,0.257,6070,21
"COREYMAY3",98,27878,0,9495435,899.349976,52.639999,0.268742,0.142735,4.000854,3.292683,10.792683,2.560976,0.686000,0.392000,7.595000,0.000000,0.000000,0.000000,31.0473175,-103.5266418,884.880,0.257,6070,21
"COREYMAY3",98,53980,0,9495445,899.349976,52.639999,0.270818,0.164347,4.000854,3.353658,10.914634,2.439024,0.637000,0.343000,8.036000,0.000000,0.000000,0.000000,31.0473175,-103.5266418,884.880,0.257,6070,21
"COREYMAY3",98,54712,0,9495455,899.349976,52.639999,0.277534,0.145299,4.000854,3.475610,11.158537,2.560976,0.833000,0.637000,7.448000,0.000000,0.000000,0.000000,31.0473175,-103.5266418,884.880,0.257,6070,21
"COREYMAY3",98,32218,0,9495465,899.349976,52.639999,0.274969,0.160440,4.000854,3.475610,11.402439,2.926829,0.686000,0.441000,7.791000,0.000000,0.000000,0.000000,31.0473175,-103.5266418,884.880,0.257,6070,21
"COREYMAY3",98,20094,0,9495475,899.270020,52.639999,0.293407,0.149328,4.000854,3.475610,11.585366,3.231707,0.784000,0.490000,7.693000,0.000000,0.000000,0.000000,31.0473175,-103.5266418,884.880,0.257,6070,21
"COREYMAY3",98,11488,0,9495485,899.270020,52.639999,0.282295,0.161783,4.000854,3.475610,11.707317,3.475610,0.686000,0.490000,7.889000,0.000000,0.000000,0.000000,31.0473175,-103.5266418,884.880,0.257,6070,21
"COREYMAY3",98,3822,0,9495495,899.270020,52.639999,0.292064,0.152259,4.000854,3.475610,11.951220,3.719512,0.735000,0.392000,7.889000,0.000000,0.000000,0.000000,31.0473175,-103.5266418,884.880,0.257,6070,21
"COREYMAY3",98,50985,0,9495505,899.270020,52.639999,0.297314,0.165812,4.000854,3.414634,12.195122,4.024390,0.637000,0.490000,7.938000,0.000000,0.000000,0.000000,31.0473175,-103.5266418,884.880,0.257,6070,21
"COREYMAY3",98,7306,0,9495515,899.059998,52.639999,0.301465,0.152747,4.000854,3.414634,12.256098,4.268293,0.686000,0.343000,7.987000,0.000000,0.000000,0.000000,31.0473175,-103.5266418,884.880,0.257,6070,21
"COREYMAY3",98,29767,0,9495525,899.059998,52.639999,0.301099,0.165934,4.000854,3.536585,12.500000,4.268293,0.637000,0.392000,7.840000,0.000000,0.000000,0.000000,31.0473175,-103.5266418,884.880,0.257,6070,21
"COREYMAY3",98,12551,0,9495535,899.059998,52.639999,0.312210,0.162027,4.000854,3.536585,12.682927,4.390244,0.637000,0.441000,7.742000,0.000000,0.000000,0.000000,31.0473175,-103.5266418,884.880,0.257,6070,21
"COREYMAY3",98,64870,0,9495545,899.059998,52.639999,0.308425,0.161172,4.000854,3.475610,12.804878,4.573171,0.637000,0.392000,7.938000,0.000000,0.000000,0.000000,31.0473175,-103.5266418,884.880,0.257,6070,21
"COREYMAY3",98,54461,0,9495555,898.929993,52.639999,0.325153,0.169109,4.000854,3.475610,12.804878,4.817073,0.686000,0.490000,7.987000,0.000000,0.000000,0.000000,31.0473175,-103.5266418,884.880,0.257,6070,21
"COREYMAY3",98,29147,0,9495565,898.929993,52.639999,0.331990,0.166789,4.000854,3.475610,13.048780,4.939024,0.833000,0.441000,7.938000,0.000000,0.000000,0.000000,31.0473175,-103.5266418,884.880,0.257,6070,21
"COREYMAY3",98,53866,0,9495575,898.929993,52.639999,0.332112,0.166545,4.000854,3.292683,12.987804,5.000000,0.882000,0.343000,8.036000,0.000000,0.000000,0.000000,31.0473175,-103.5266418,884.880,0.257,6070,21
"COREYMAY3",98,9275,0,9495585,898.929993,52.639999,0.342247,0.167766,4.000854,3.292683,13.170732,5.121951,0.735000,0.539000,8.134000,0.000000,0.000000,0.000000,31.0473175,-103.5266418,884.830,0.257,6070,21
"COREYMAY3",98,54339,0,9495595,898.789978,52.639999,0.334921,0.171184,4.000854,3.353658,13.597561,5.121951,0.784000,0.490000,7.938000,0.000000,0.000000,0.000000,31.0473175,-103.5266418,884.830,0.257,6070,21
"COREYMAY3",98,24775,0,9495605,898.789978,52.639999,0.352137,0.166789,4.000854,3.292683,13.719512,5.243902,0.735000,0.343000,8.036000,0.000000,0.000000,0.000000,31.0473175,-103.5266418,884.830,0.257,6070,21
"COREYMAY3",98,30334,0,9495615,898.789978,52.639999,0.352015,0.174359,4.000854,3.170732,13.536586,5.304878,0.686000,0.441000,8.036000,0.000000,0.000000,0.000000,31.0473175,-103.5266418,884.830,0.257,6070,21
"COREYMAY3",98,32571,0,9495625,898.789978,52.639999,0.350794,0.165201,4.000854,3.109756,13.536586,5.304878,0.784000,0.588000,8.036000,0.000000,0.000000,0.000000,31.0473175,-103.5266418,884.830,0.257,6070,21
"COREYMAY3",98,34231,0,9495635,898.679993,52.639999,0.364469,0.170940,4.000854,2.987805,13.597561,5.365854,0.833000,0.539000,7.938000,0.000000,0.000000,0.000000,31.0473175,-103.5266418,884.830,0.257,6070,21
"COREYMAY3",98,54184,0,9495645,898.679993,52.639999,0.367888,0.172283,4.000854,3.048780,13.658537,5.365854,0.784000,0.539000,8.036000,0.000000,0.000000,0.000000,31.0473175,-103.5266418,884.830,0.257,6070,21
"COREYMAY3",98,55557,0,9495655,898.679993,52.639999,0.368254,0.167033,4.000854,2.865854,13.780488,5.365854,0.784000,0.539000,8.036000,0.000000,0.000000,0.000000,31.0473175,-103.5266418,884.830,0.257,6070,21
"COREYMAY3",98,26344,0,9495665,898.679993,52.639999,0.378755,0.172894,4.000854,2.743902,13.719512,5.426829,0.637000,0.637000,7.987000,0.000000,0.000000,0.000000,31.0473175,-103.5266418,884.830,0.257,6070,21
"COREYMAY3",98,11480,0,9495675,898.429993,52.639999,0.386569,0.167033,4.000854,2.682927,13.658537,5.426829,0.833000,0.588000,8.231999,0.000000,0.000000,0.000000,31.0473175,-103.5266418,884.830,0.257,6070,21
"COREYMAY3",98,45791,0,9495685,898.429993,52.639999,0.385226,0.164347,4.000854,2.621951,13.658537,5.365854,0.882000,0.441000,8.085000,0.000000,0.000000,0.000000,31.0473175,-103.5266418,884.830,0.257,6070,21
"COREYMAY3",98,50639,0,9495695,898.429993,52.639999,0.397924,0.171673,4.000854,2.560976,13.597561,5.304878,0.833000,0.441000,8.134000,0.000000,0.000000,0.000000,31.0473175,-103.5266418,884.830,8.025,7640,21
"COREYMAY3",98,18906,0,9495705,898.429993,52.639999,0.405495,0.177289,4.000854,2.500000,13.597561,5.182927,0.882000,0.490000,8.281000,0.000000,0.000000,0.000000,31.0473175,-103.5266418,884.830,8.025,7640,21
"COREYMAY3",98,1602,0,9495715,898.289978,52.639999,0.405495,0.167033,4.000854,2.256098,13.475610,5.121951,0.833000,0.441000,8.036000,0.000000,0.000000,0.000000,31.0473175,-103.5266418,884.830,8.025,7640,21
"COREYMAY3",98,43073,0,9495725,898.289978,52.639999,0.423443,0.177289,4.000854,2.073171,13.231708,5.060976,0.833000,0.539000,8.330000,0.000000,0.000000,0.000000,31.0473175,-103.5266418,884.830,8.025,7640,21
"COREYMAY3",98,62649,0,9495735,898.289978,52.639999,0.430281,0.176801,4.000854,1.829268,13.170732,4.878049,0.882000,0.539000,8.134000,0.000000,0.000000,0.000000,31.0473175,-103.5266418,884.830,8.025,7640,21
"COREYMAY3",98,35918,0,9495745,898.289978,52.639999,0.429548,0.178999,4.000854,1.707317,13.048780,4.695122,0.882000,0.588000,8.183000,0.000000,0.000000,0.000000,31.0473175,-103.5266418,884.830,8.025,7640,21
"COREYMAY3",98,12859,0,9495755,898.070007,52.639999,0.447985,0.178999,4.000854,1.524390,12.804878,4.451220,0.833000,0.392000,8.379000,0.000000,0.000000,0.000000,31.0473175,-103.5266418,884.830,8.025,7640,21
"COREYMAY3",98,8535,0,9495765,898.070007,52.639999,0.446154,0.179853,4.000854,1.280488,12.682927,4.268293,0.882000,0.490000,8.281000,0.000000,0.000000,0.000000,31.0473175,-103.5266418,884.830,8.025,7640,21
"COREYMAY3",98,11747,0,9495775,898.070007,52.639999,0.452625,0.171062,4.000854,1.158537,12.500000,3.963415,0.882000,0.539000,8.183000,0.000000,0.000000,0.000000,31.0473175,-103.5266418,884.830,8.025,7640,21
"COREYMAY3",98,53306,0,9495785,898.070007,52.639999,0.464713,0.172772,4.000854,1.036585,12.256098,3.719512,0.882000,0.490000,8.281000,0.000000,0.000000,0.000000,31.0473175,-103.5266418,884.830,8.025,7640,21
"COREYMAY3",98,39126,0,9495795,897.950012,52.639999,0.470696,0.172527,4.000854,0.975610,12.134147,3.231707,1.029000,0.441000,8.427999,0.000000,0.000000,0.000000,31.0473175,-103.5266418,884.830,8.025,7640,21
"COREYMAY3",98,26377,0,9495805,897.950012,52.639999,0.464225,0.165934,4.000854,0.731707,11.768292,2.743902,0.980000,0.392000,8.379000,0.000000,0.000000,0.000000,31.0473175,-103.5266418,884.830,8.025,7640,21
"COREYMAY3",98,13079,0,9495815,897.950012,52.639999,0.481563,0.169963,4.000854,0.487805,11.402439,2.195122,0.931000,0.392000,8.427999,0.000000,0.000000,0.000000,31.0473175,-103.5266418,884.830,8.025,7640,21
"COREYMAY3",98,1340,0,9495825,897.950012,52.639999,0.498413,0.178388,4.000854,0.182927,11.097561,1.524390,0.882000,0.343000,8.575000,0.000000,0.000000,0.000000,31.0473175,-103.5266418,884.830,8.025,7640,21
"COREYMAY3",98,33481,0,9495835,897.760010,52.639999,0.485226,0.168864,4.000854,-0.060976,10.914634,0.853659,0.931000,0.392000,8.624000,0.000000,0.000000,0.000000,31.0473175,-103.5266418,884.830,8.025,7640,21
"COREYMAY3",98,34783,0,9495845,897.760010,52.639999,0.505128,0.178999,4.000854,-0.304878,10.609756,0.243902,0.833000,0.490000,8.330000,0.000000,0.000000,0.000000,31.0473175,-103.5266418,884.830,8.025,7640,21
"COREYMAY3",98,34697,0,9495855,897.760010,52.639999,0.520391,0.186325,4.000854,-0.609756,10.182927,-0.426829,0.882000,0.637000,8.427999,0.000000,0.000000,0.000000,31.0473175,-103.5266418,884.830,8.025,7640,21
"COREYMAY3",98,14908,0,9495865,897.760010,52.639999,0.507570,0.182784,4.000854,-0.914634,9.817073,-1.097561,1.029000,0.392000,8.477000,0.000000,0.000000,0.000000,31.0473175,-103.5266418,884.830,8.025,7640,21
"COREYMAY3",98,8809,0,9495875,897.489990,52.639999,0.530891,0.189988,4.000854,-1.219512,9.451220,-1.829268,0.980000,0.441000,8.575000,0.000000,0.000000,0.000000,31.0473175,-103.5266418,884.830,8.025,7640,21
"COREYMAY3",98,54183,0,9495885,897.489990,52.639999,0.534066,0.193529,4.000854,-1.463415,8.963414,-2.560976,0.980000,0.539000,8.379000,0.000000,0.000000,0.000000,31.0473175,-103.5266418,884.830,8.025,7640,21
"COREYMAY3",98,36644,0,9495895,897.489990,52.639999,0.542613,0.190598,4.000854,-1.585366,8.597561,-3.292683,0.980000,0.539000,8.379000,0.000000,0.000000,0.000000,31.0473175,-103.5266418,884.830,8.025,7640,21
"COREYMAY3",98,4538,0,9495905,897.489990,52.639999,0.541148,0.198535,4.000854,-1.890244,8.231708,-4.085366,0.931000,0.490000,8.575000,0.000000,0.000000,0.000000,31.0473175,-103.5266418,884.830,8.025,7640,21
"COREYMAY3",98,9425,0,9495915,897.309998,52.639999,0.551404,0.188889,4.000854,-2.195122,7.743902,-4.756098,0.931000,0.539000,8.575000,0.000000,0.000000,0.000000,31.0473175,-103.5266418,884.830,8.025,7640,21
"COREYMAY3",98,26745,0,9495925,897.309998,52.639999,0.556410,0.206471,4.000854,-2.500000,7.256098,-5.487805,0.980000,0.539000,8.624000,0.000000,0.000000,0.000000,31.0473175,-103.5266418,884.830,8.025,7640,21
"COREYMAY3",98,12018,0,9495935,897.309998,52.639999,0.559463,0.202564,4.000854,-2.743902,6.829268,-6.341464,1.029000,0.490000,8.575000,0.000000,0.000000,0.000000,31.0473175,-103.5266418,884.830,8.025,7640,21
"COREYMAY3",98,14157,0,9495945,897.309998,52.639999,0.551038,0.214774,4.000854,-2.926829,6.341464,-7.134146,1.078000,0.441000,8.672999,0.000000,0.000000,0.000000,31.0473175,-103.5266418,884.830,8.025,7640,21
"COREYMAY3",98,11908,0,9495955,897.130005,52.639999,0.560073,0.210623,4.000854,-3.170732,6.036585,-7.987805,1.029000,0.441000,8.575000,0.000000,0.000000,0.000000,31.0473175,-103.5266418,884.830,8.025,7640,21
"COREYMAY3",98,54017,0,9495965,897.130005,52.639999,0.571184,0.214164,4.000854,-3.414634,5.487805,-8.719512,1.029000,0.441000,8.868999,0.000000,0.000000,0.000000,31.0473175,-103.5266418,884.830,8.025,7640,21
"COREYMAY3",98,9142,0,9495975,897.130005,52.639999,0.562149,0.219292,4.000854,-3.658537,5.000000,-9.390244,1.029000,0.392000,8.672999,0.000000,0.000000,0.000000,31.0473175,-103.5266418,884.830,8.025,7640,21
"COREYMAY3",98,42637,0,9495985,897.130005,52.639999,0.562882,0.215629,4.000854,-3.902439,4.512195,-9.878049,0.980000,0.539000,8.624000,0.000000,0.000000,0.000000,31.0473175,-103.5266418,884.830,8.025,7640,21
"COREYMAY3",98,13187,0,9495995,896.849976,52.639999,0.580952,0.228083,4.000854,-4.146341,3.902439,-10.243902,1.127000,0.588000,8.672999,0.000000,0.000000,0.000000,31.0473175,-103.5266418,884.830,8.025,7640,21
"COREYMAY3",98,41832,0,9496005,896.849976,52.639999,0.567277,0.227839,4.000854,-4.268293,3.536585,-10.914634,0.980000,0.392000,8.771000,0.000000,0.000000,0.000000,31.0473175,-103.5266418,884.830,8.025,7640,21
"COREYMAY3",98,49090,0,9496015,896.849976,52.639999,0.571184,0.234799,4.000854,-4.695122,2.987805,-11.341463,1.029000,0.490000,8.771000,0.000000,0.000000,0.000000,31.0473175,-103.5266418,884.830,8.025,7640,21
"COREYMAY3",98,45310,0,9496025,896.849976,52.639999,0.578877,0.234188,4.000854,-4.939024,2.560976,-11.768292,0.882000,0.539000,8.967000,0.000000,0.000000,0.000000,31.0473175,-103.5266418,884.830,8.025,7640,21
"COREYMAY3",98,39738,0,9496035,896.559998,52.639999,0.565690,0.243712,4.000854,-5.121951,2.012195,-12.134147,0.931000,0.637000,8.771000,0.000000,0.000000,0.000000,31.0473175,-103.5266418,884.830,8.025,7640,21
"COREYMAY3",98,21327,0,9496045,896.559998,52.639999,0.579487,0.237118,4.000854,-5.182927,1.707317,-12.317073,1.029000,0.588000,8.722000,0.000000,0.000000,0.000000,31.0473175,-103.5266418,884.830,8.025,7640,21
"COREYMAY3",98,22333,0,9496055,896.559998,52.639999,0.580464,0.254090,4.000854,-5.243902,1.402439,-12.378049,0.931000,0.490000,8.918000,0.000000,0.000000,0.000000,31.0473175,-103.5266418,884.830,8.025,7640,21
"COREYMAY3",98,61697,0,9496065,896.559998,52.639999,0.576068,0.249573,4.000854,-5.487805,0.853659,-12.378049,0.980000,0.490000,8.967000,0.000000,0.000000,0.000000,31.0473175,-103.5266418,884.830,8.025,7640,21
"COREYMAY3",98,29779,0,9496075,896.250000,52.639999,0.573138,0.255067,4.000854,-5.670732,0.548781,-12.439024,0.980000,0.539000,8.722000,0.000000,0.000000,0.000000,31.0473175,-103.5266418,884.830,8.025,7640,21
"COREYMAY3",98,55946,0,9496085,896.250000,52.639999,0.579976,0.269475,4.000854,-5.975610,0.000000,-12.560976,1.029000,0.588000,8.868999,0.000000,0.000000,0.000000,31.0473175,-103.5266418,884.830,8.025,7640,21
"COREYMAY3",98,17002,0,9496095,896.250000,52.639999,0.574115,0.265934,4.000854,-5.975610,-0.182927,-12.560976,1.078000,0.637000,8.918000,0.000000,0.000000,0.000000,31.0473175,-103.5266418,884.830,8.025,7640,21
"COREYMAY3",98,20842,0,9496105,896.250000,52.639999,0.576923,0.270452,4.000854,-5.975610,-0.243902,-12.500000,0.833000,0.490000,9.065000,0.000000,0.000000,0.000000,31.0473175,-103.5266418,884.830,8.025,7640,21
"COREYMAY3",98,7516,0,9496115,895.940002,52.639999,0.582662,0.273748,4.000854,-6.158536,-0.731707,-12.256098,0.882000,0.686000,9.065000,0.000000,0.000000,0.000000,31.0473175,-103.5266418,884.830,8.025,7640,21
"COREYMAY3",98,5781,0,9496125,895.940002,52.639999,0.570696,0.274603,4.000854,-6.219512,-1.036585,-12.012196,0.980000,0.539000,8.967000,0.000000,0.000000,0.000000,31.0473175,-103.5266418,884.830,8.025,7640,21
"COREYMAY3",98,57672,0,9496135,895.940002,52.639999,0.585836,0.287790,4.000854,-6.219512,-1.585366,-11.646341,0.980000,0.539000,8.967000,0.000000,0.000000,0.000000,31.0473175,-103.5266418,884.830,8.025,7640,21
"COREYMAY3",98,19246,0,9496145,895.940002,52.639999,0.568132,0.287424,4.000854,-6.280488,-1.768293,-11.280488,1.078000,0.539000,9.016000,0.000000,0.000000,0.000000,31.0473175,-103.5266418,884.830,8.025,7640,21
"COREYMAY3",98,44352,0,9496155,895.669983,52.639999,0.567521,0.302442,4.000854,-6.524390,-2.195122,-10.792683,0.980000,0.735000,9.065000,0.000000,0.000000,0.000000,31.0473175,-103.5266418,884.830,8.025,7640,21
"COREYMAY3",98,22444,0,9496165,895.669983,52.639999,0.574969,0.310989,4.000854,-6.463415,-2.500000,-10.304878,1.029000,0.686000,9.016000,0.000000,0.000000,0.000000,31.0473175,-103.5266418,884.830,8.025,7640,21
"COREYMAY3",98,59547,0,9496175,895.669983,52.639999,0.550672,0.316850,4.000854,-6.524390,-2.682927,-9.634147,0.882000,0.637000,9.163000,0.000000,0.000000,0.000000,31.0473175,-103.5266418,884.830,8.025,7640,21
"COREYMAY3",98,64881,0,9496185,895.669983,52.639999,0.564957,0.326007,4.000854,-6.402439,-2.804878,-8.780488,0.931000,0.637000,9.065000,0.000000,0.000000,0.000000,31.0473175,-103.5266418,884.830,8.025,7640,21
"COREYMAY3",98,49211,0,9496195,895.380005,52.639999,0.561538,0.335653,4.000854,-6.341464,-2.865854,-7.865854,0.882000,0.735000,9.113999,0.000000,0.000000,0.000000,31.0473175,-103.5266418,884.830,8.025,7640,21
"COREYMAY3",98,1708,0,9496205,895.380005,52.639999,0.542735,0.337851,4.000854,-6.402439,-3.170732,-6.768293,0.833000,0.735000,9.163000,0.000000,0.000000,0.000000,31.0473175,-103.5266418,884.830,8.025,7640,21
"COREYMAY3",98,5782,0,9496215,895.380005,52.639999,0.564591,0.335653,4.000854,-6.219512,-3.231707,-5.670732,0.980000,0.588000,9.261000,0.000000,0.000000,0.000000,31.0473175,-103.5266418,884.830,8.025,7640,21
"COREYMAY3",98,61467,0,9496225,895.380005,52.639999,0.540904,0.352747,4.000854,-6.158536,-3.170732,-4.573171,1.078000,0.588000,9.163000,0.000000,0.000000,0.000000,31.0473175,-103.5266418,884.830,8.025,7640,21
"COREYMAY3",98,16268,0,9496235,895.030029,52.639999,0.551404,0.347375,4.000854,-6.158536,-3.292683,-3.353658,0.980000,0.539000,9.261000,0.000000,0.000000,0.000000,31.0473175,-103.5266418,884.830,8.025,7640,21
"COREYMAY3",98,45625,0,9496245,895.030029,52.639999,0.554212,0.364103,4.000854,-6.097561,-3.414634,-2.073171,1.029000,0.637000,9.212000,0.000000,0.000000,0.000000,31.0473175,-103.5266418,884.830,8.025,7640,21
"COREYMAY3",98,64007,0,9496255,895.030029,52.639999,0.555922,0.366545,4.000854,-5.792683,-3.475610,-0.792683,1.176000,0.588000,9.261000,0.000000,0.000000,0.000000,31.0473175,-103.5266418,884.830,8.025,7640,21
"COREYMAY3",98,5953,0,9496265,895.030029,52.639999,0.560440,0.376190,4.000854,-5.365854,-3.353658,0.426829,1.029000,0.686000,9.212000,0.000000,0.000000,0.000000,31.0473175,-103.5266418,884.830,8.025,7640,21
"COREYMAY3",98,64504,0,9496275,894.710022,52.639999,0.559951,0.379121,4.000854,-5.243902,-3.475610,1.768293,0.882000,0.637000,9.309999,0.000000,0.000000,0.000000,31.0473175,-103.5266418,884.830,8.025,7640,21
"COREYMAY3",98,21011,0,9496285,894.710022,52.639999,0.564957,0.383394,4.000854,-5.304878,-3.536585,3.109756,0.980000,0.784000,9.065000,0.000000,0.000000,0.000000,31.0473175,-103.5266418,884.830,8.025,7640,21
"COREYMAY3",98,27853,0,9496295,894.710022,52.639999,0.555433,0.393040,4.000854,-5.060976,-3.353658,4.329268,0.980000,0.784000,9.163000,0.000000,0.000000,0.000000,31.0473175,-103.5266418,884.830,8.025,7640,21
"COREYMAY3",98,10483,0,9496305,894.710022,52.639999,0.555556,0.395727,4.000854,-4.756098,-3.231707,5.609756,1.127000,0.735000,9.359000,0.000000,0.000000,0.000000,31.0473175,-103.5266418,884.830,8.025,7640,21
"COREYMAY3",98,26962,0,9496315,894.409973,52.639999,0.563980,0.409280,4.000854,-4.451220,-3.475610,7.073171,1.029000,0.686000,9.261000,0.000000,0.000000,0.000000,31.0473175,-103.5266418,884.830,8.025,7640,21
"COREYMAY3",98,36337,0,9496325,894.409973,52.639999,0.528694,0.401954,4.000854,-4.146341,-3.536585,8.536586,0.980000,0.637000,9.359000,0.000000,0.000000,0.000000,31.0473175,-103.5266418,884.830,8.025,7640,21
"COREYMAY3",98,21066,0,9496335,894.409973,52.639999,0.540171,0.410867,4.000854,-3.780488,-3.658537,10.060976,0.980000,0.882000,9.309999,0.000000,0.000000,0.000000,31.0473175,-103.5266418,884.830,8.025,7640,21
"COREYMAY3",98,12205,0,9496345,894.409973,52.639999,0.536752,0.414286,4.000854,-3.658537,-3.780488,11.646341,1.029000,0.637000,9.212000,0.000000,0.000000,0.000000,31.0473175,-103.5266418,884.830,8.025,7640,21
"COREYMAY3",98,30360,0,9496355,893.979980,52.639999,0.508425,0.418193,4.000854,-3.292683,-3.597561,13.292683,1.029000,0.735000,9.212000,0.000000,0.000000,0.000000,31.0473175,-103.5266418,884.830,8.025,7640,21
"COREYMAY3",98,18672,0,9496365,893.979980,52.639999,0.527106,0.416117,4.000854,-3.109756,-3.597561,15.243902,0.882000,0.686000,9.457000,0.000000,0.000000,0.000000,31.0473175,-103.5266418,884.830,8.025,7640,21
"COREYMAY3",98,44356,0,9496375,893.979980,52.639999,0.523199,0.426862,4.000854,-2.865854,-3.414634,17.073172,0.931000,0.588000,9.457000,0.000000,0.000000,0.000000,31.0473175,-103.5266418,884.830,8.025,7640,21
"COREYMAY3",98,17650,0,9496385,893.979980,52.639999,0.514530,0.415140,4.000854,-2.500000,-3.536585,19.085365,0.931000,0.588000,9.457000,0.000000,0.000000,0.000000,31.0473175,-103.5266418,884.830,8.025,7640,21
"COREYMAY3",98,22690,0,9496395,893.619995,52.639999,0.518926,0.438828,4.000854,-2.012195,-3.475610,21.158537,0.931000,0.931000,9.359000,0.000000,0.000000,0.000000,31.0473175,-103.5266418,884.830,8.025,7640,21
"COREYMAY3",98,48648,0,9496405,893.619995,52.639999,0.525031,0.426618,4.000854,-1.463415,-3.170732,23.231707,0.882000,0.784000,9.359000,0.000000,0.000000,0.000000,31.0473175,-103.5266418,884.830,8.025,7640,21
"COREYMAY3",98,21240,0,9496415,893.619995,52.639999,0.512698,0.439560,4.000854,-1.402439,-3.109756,25.304878,0.980000,0.784000,9.604000,0.000000,0.000000,0.000000,31.0473175,-103.5266418,884.830,8.025,7640,21
"COREYMAY3",98,7979,0,9496425,893.619995,52.639999,0.538706,0.431013,4.000854,-0.914634,-2.926829,27.378048,1.078000,0.539000,9.604000,0.000000,0.000000,0.000000,31.0473175,-103.5266418,884.830,8.025,7640,21
"COREYMAY3",98,29048,0,9496435,893.260010,52.639999,0.519048,0.444078,4.000854,-0.487805,-3.048780,29.634146,0.931000,0.833000,9.554999,0.000000,0.000000,0.000000,31.0473175,-103.5266418,884.830,8.025,7640,21
"COREYMAY3",98,7131,0,9496445,893.260010,52.639999,0.538095,0.425885,4.000854,-0.182927,-2.926829,31.890244,1.029000,0.539000,9.554999,0.000000,0.000000,0.000000,31.0473175,-103.5266418,884.830,8.025,7640,21
"COREYMAY3",98,44502,0,9496455,893.260010,52.639999,0.532723,0.438584,4.000854,0.121951,-2.804878,34.085365,1.029000,0.833000,9.309999,0.000000,0.000000,0.000000,31.0473175,-103.5266418,884.830,8.025,7640,21
"COREYMAY3",98,21466,0,9496465,893.260010,52.639999,0.520757,0.445299,4.000854,0.304878,-2.682927,36.341465,1.029000,0.833000,9.309999,0.000000,0.000000,0.000000,31.0473175,-103.5266418,884.830,8.025,7640,21
"COREYMAY3",98,22540,0,9496475,892.969971,52.639999,0.544322,0.429304,4.000854,0.609756,-2.317073,38.414635,0.931000,0.735000,9.604000,0.000000,0.000000,0.000000,31.0473175,-103.5266418,884.830,8.025,7640,21
"COREYMAY3",98,47999,0,9496485,892.969971,52.639999,0.520757,0.441392,4.000854,1.219512,-2.378049,40.731709,1.078000,0.735000,9.309999,0.000000,0.000000,0.000000,31.0473175,-103.5266418,884.830,8.025,7640,21
"COREYMAY3",98,16263,0,9496495,892.969971,52.639999,0.534799,0.411966,4.000854,1.524390,-2.256098,43.170731,0.833000,0.588000,9.653000,0.000000,0.000000,0.000000,31.0473175,-103.5266418,884.830,8.025,7640,21
"COREYMAY3",98,7780,0,9496505,892.969971,52.639999,0.539805,0.430525,4.000854,1.707317,-2.134146,45.548782,0.931000,0.637000,9.506000,0.000000,0.000000,0.000000,31.0473175,-103.5266418,884.830,8.025,7640,21
"COREYMAY3",98,25438,0,9496515,892.650024,52.639999,0.536508,0.414408,4.000854,2.256098,-2.256098,47.804878,1.029000,0.784000,9.506000,0.000000,0.000000,0.000000,31.0473175,-103.5266418,884.830,8.025,7640,21
"COREYMAY3",98,38571,0,9496525,892.650024,52.639999,0.540049,0.416606,4.000854,2.621951,-2.378049,50.060974,1.127000,0.931000,9.359000,0.000000,0.000000,0.000000,31.0473175,-103.5266418,884.830,8.025,7640,21
"COREYMAY3",98,7499,0,9496535,892.650024,52.639999,0.550794,0.431624,4.000854,2.621951,-2.317073,52.256096,1.176000,0.735000,9.898000,0.000000,0.000000,0.000000,31.0473175,-103.5266418,884.830,8.025,7640,21
"COREYMAY3",98,7001,0,9496545,892.650024,52.639999,0.540904,0.394139,4.000854,2.865854,-2.378049,54.573170,1.078000,0.539000,9.800000,0.000000,0.000000,0.000000,31.0473175,-103.5266418,884.830,8.025,7640,21
"COREYMAY3",98,1460,0,9496555,892.369995,52.639999,0.547131,0.412698,4.000854,3.536585,-2.134146,56.768291,1.127000,0.539000,9.702000,0.000000,0.000000,0.000000,31.0473175,-103.5266418,884.830,8.025,7640,21
"COREYMAY3",98,32114,0,9496565,892.369995,52.639999,0.548718,0.374481,4.000854,3.902439,-2.073171,59.085365,1.029000,0.686000,9.750999,0.000000,0.000000,0.000000,31.0473175,-103.5266418,884.830,8.025,7640,21
"COREYMAY3",98,39616,0,9496575,892.369995,52.639999,0.528205,0.414408,4.000854,3.963415,-2.195122,61.585365,0.980000,0.735000,9.800000,0.000000,0.000000,0.000000,31.0473175,-103.5266418,884.830,8.025,7640,21
"COREYMAY3",98,60486,0,9496585,892.369995,52.639999,0.549695,0.375946,4.000854,4.085366,-2.500000,64.146339,0.882000,0.637000,9.800000,0.000000,0.000000,0.000000,31.0473347,-103.5265579,884.870,8.025,7640,16
"COREYMAY3",98,41214,0,9496595,891.950012,52.639999,0.536752,0.407082,4.000854,4.512195,-2.682927,66.585365,0.931000,0.539000,9.702000,0.000000,0.000000,0.000000,31.0473347,-103.5265579,884.870,8.025,7640,16
takeoff time: 9496605
"COREYMAY3",98,14875,0,9496605,891.950012,52.639999,0.540049,0.367277,4.000854,5.000000,-2.682927,69.085365,0.882000,0.686000,10.094000,0.000000,0.000000,0.000000,31.0473347,-103.5265579,884.870,8.025,7640,16
"COREYMAY3",98,21190,0,9496615,891.950012,52.639999,0.555800,0.397802,4.000854,5.426829,-2.682927,71.768295,0.931000,0.588000,9.849000,0.000000,0.000000,0.000000,31.0473347,-103.5265579,884.870,8.025,7640,16
"COREYMAY3",98,49244,0,9496625,891.950012,52.639999,0.552381,0.365568,4.000854,5.731707,-2.439024,74.451218,0.931000,0.588000,9.849000,0.000000,0.000000,0.000000,31.0473347,-103.5265579,884.870,8.025,7640,16
takeoff time: 9496635
"COREYMAY3",98,9850,0,9496635,891.679993,52.639999,0.558486,0.371551,4.000854,5.975610,-2.560976,77.134148,1.078000,0.588000,10.339000,0.000000,0.000000,0.000000,31.0473347,-103.5265579,884.870,8.025,7640,16
"COREYMAY3",98,9235,0,9496645,891.679993,52.639999,0.569231,0.359463,4.000854,6.341464,-2.804878,79.695122,1.029000,0.637000,9.898000,0.000000,0.000000,0.000000,31.0473347,-103.5265579,884.870,8.025,7640,16
"COREYMAY3",98,52554,0,9496655,891.679993,52.639999,0.556288,0.344078,4.000854,6.524390,-3.292683,82.256096,0.980000,0.833000,9.898000,0.000000,0.000000,0.000000,31.0473347,-103.5265579,884.870,8.025,7640,16
"COREYMAY3",98,30512,0,9496665,891.679993,52.639999,0.559707,0.352747,4.000854,6.585366,-3.475610,84.878052,0.980000,0.735000,9.750999,0.000000,0.000000,0.000000,31.0473347,-103.5265579,884.870,8.025,7640,16
"COREYMAY3",98,1988,0,9496675,891.390015,52.639999,0.563004,0.318559,4.000854,6.829268,-3.475610,87.439026,1.029000,0.686000,9.947000,0.000000,0.000000,0.000000,31.0473347,-103.5265579,884.870,8.025,7640,16
"COREYMAY3",98,43507,0,9496685,891.390015,52.639999,0.532723,0.345910,4.000854,7.073171,-3.719512,90.121948,0.980000,0.735000,9.898000,0.000000,0.000000,0.000000,31.0473347,-103.5265579,884.870,8.025,7640,16
"COREYMAY3",98,64290,0,9496695,891.390015,52.639999,0.569963,0.301343,4.000854,7.439024,-4.024390,92.865852,1.176000,0.539000,9.947000,0.000000,0.000000,0.000000,31.0473347,-103.5265579,884.870,8.025,7640,16
"COREYMAY3",98,19662,0,9496705,891.390015,52.639999,0.546154,0.316606,4.000854,7.621951,-4.207317,95.914635,1.029000,0.490000,9.947000,0.000000,0.000000,0.000000,31.0473347,-103.5265579,884.870,8.025,7640,16
takeoff time: 9496715
"COREYMAY3",98,4246,0,9496715,890.950012,52.639999,0.563980,0.268498,4.000854,8.109756,-4.207317,98.780487,0.931000,0.539000,10.143000,0.000000,0.000000,0.000000,31.0473347,-103.5265579,884.870,8.025,7640,16
takeoff time: 9496725
"COREYMAY3",98,35910,0,9496725,890.950012,52.639999,0.560684,0.270696,4.000854,8.292683,-4.512195,101.646339,0.931000,0.735000,10.143000,0.000000,0.000000,0.000000,31.0473347,-103.5265579,884.870,8.025,7640,16
takeoff time: 9496735
"COREYMAY3",98,37196,0,9496735,890.950012,52.639999,0.555800,0.251648,4.000854,8.231708,-4.695122,104.573174,0.931000,0.539000,10.191999,0.000000,0.000000,0.000000,31.0473347,-103.5265579,884.870,8.025,7640,16
takeoff time: 9496745
"COREYMAY3",98,49223,0,9496745,890.950012,52.639999,0.558852,0.218071,4.000854,8.292683,-4.817073,107.439026,1.029000,0.490000,10.241000,0.000000,0.000000,0.000000,31.0473347,-103.5265579,884.870,8.025,7640,16
takeoff time: 9496755
"COREYMAY3",98,60400,0,9496755,890.700012,52.639999,0.554579,0.213553,4.000854,8.414634,-5.304878,110.365852,1.029000,0.490000,10.290000,0.000000,0.000000,0.000000,31.0473347,-103.5265579,884.870,8.025,7640,16
"COREYMAY3",98,36540,0,9496765,890.700012,52.639999,0.543223,0.189988,4.000854,8.719512,-5.304878,113.292686,0.882000,0.392000,9.898000,0.000000,0.000000,0.000000,31.0473347,-103.5265579,884.870,8.025,7640,16
takeoff time: 9496775
"COREYMAY3",98,47899,0,9496775,890.700012,52.639999,0.526984,0.192186,4.000854,8.658537,-5.731707,116.402435,0.980000,0.441000,10.143000,0.000000,0.000000,0.000000,31.0473347,-103.5265579,884.870,8.025,7640,16
takeoff time: 9496785
"COREYMAY3",98,64519,0,9496785,890.700012,52.639999,0.521123,0.169841,4.000854,8.780488,-6.219512,119.512192,0.882000,0.490000,10.339000,0.000000,0.000000,0.000000,31.0473347,-103.5265579,884.870,8.025,7640,16
takeoff time: 9496795
"COREYMAY3",98,14258,0,9496795,890.099976,52.639999,0.491331,0.147497,4.000854,8.841463,-6.341464,122.682930,0.931000,0.588000,10.241000,0.000000,0.000000,0.000000,31.0473347,-103.5265579,884.870,8.025,7640,16
takeoff time: 9496805
"COREYMAY3",98,39942,0,9496805,890.099976,52.639999,0.516850,0.133822,4.000854,8.658537,-6.463415,126.036583,0.931000,0.490000,10.191999,0.000000,0.000000,0.000000,31.0473347,-103.5265579,884.870,8.025,7640,16
takeoff time: 9496815
"COREYMAY3",98,18253,0,9496815,890.099976,52.639999,0.499512,0.100244,4.000854,8.475610,-6.524390,129.512192,0.980000,0.294000,10.290000,0.000000,0.000000,0.000000,31.0473347,-103.5265579,884.870,8.025,7640,16
takeoff time: 9496825
"COREYMAY3",98,61901,0,9496825,890.099976,52.639999,0.485226,0.099512,4.000854,8.719512,-6.463415,132.926834,0.980000,0.392000,10.436999,0.000000,0.000000,0.000000,31.0473347,-103.5265579,884.870,8.025,7640,16
takeoff time: 9496835
"COREYMAY3",98,24006,0,9496835,889.719971,52.639999,0.511111,0.099756,4.000854,8.475610,-6.707317,136.585373,0.980000,0.441000,10.191999,0.000000,0.000000,0.000000,31.0473347,-103.5265579,884.870,8.025,7640,16
takeoff time: 9496845
"COREYMAY3",98,19554,0,9496845,889.719971,52.639999,0.467033,0.086325,4.000854,8.170732,-7.012195,140.243896,0.833000,0.588000,10.094000,0.000000,0.000000,0.000000,31.0473347,-103.5265579,884.870,8.025,7640,16
takeoff time: 9496855
"COREYMAY3",98,17189,0,9496855,889.719971,52.639999,0.484493,0.066422,4.000854,7.865854,-7.195122,143.963409,0.931000,0.441000,10.486000,0.000000,0.000000,0.000000,31.0473347,-103.5265579,884.870,8.025,7640,16
takeoff time: 9496865
"COREYMAY3",98,1786,0,9496865,889.719971,52.639999,0.466545,0.068620,4.000854,7.926829,-6.829268,147.560974,1.029000,0.392000,10.436999,0.000000,0.000000,0.000000,31.0473347,-103.5265579,884.870,8.025,7640,16
takeoff time: 9496875
"COREYMAY3",98,38084,0,9496875,889.289978,52.639999,0.441758,0.039927,4.000854,7.804878,-6.890244,151.402435,1.029000,0.392000,10.436999,0.000000,0.000000,0.000000,31.0473347,-103.5265579,884.870,8.025,7640,16
takeoff time: 9496885
"COREYMAY3",98,18695,0,9496885,889.289978,52.639999,0.436386,0.032723,4.000854,7.560976,-7.317073,155.487808,0.833000,0.343000,10.241000,0.000000,0.000000,0.000000,31.0473347,-103.5265579,884.870,8.025,7640,16
takeoff time: 9496895
"COREYMAY3",98,22039,0,9496895,889.289978,52.639999,0.429426,0.032967,4.000854,7.560976,-7.500000,159.512192,0.980000,0.196000,10.632999,0.000000,0.000000,0.000000,31.0473347,-103.5265579,884.870,8.025,7640,16
takeoff time: 9496905
"COREYMAY3",98,3268,0,9496905,889.289978,52.639999,0.421123,0.019292,4.000854,7.195122,-7.073171,163.475616,0.931000,0.245000,10.535000,0.000000,0.000000,0.000000,31.0473347,-103.5265579,884.870,8.025,7640,16
takeoff time: 9496915
"COREYMAY3",98,23971,0,9496915,888.799988,52.639999,0.423321,0.017827,4.000854,6.951220,-6.829268,167.560974,0.833000,0.343000,10.436999,0.000000,0.000000,0.000000,31.0473347,-103.5265579,884.870,8.025,7640,16
takeoff time: 9496925
"COREYMAY3",98,7675,0,9496925,888.799988,52.639999,0.410256,-0.009280,4.000854,6.524390,-6.768293,171.768295,0.686000,0.392000,10.339000,0.000000,0.000000,0.000000,31.0473347,-103.5265579,884.870,8.025,7640,16
takeoff time: 9496935
"COREYMAY3",98,11284,0,9496935,888.799988,52.639999,0.407082,-0.011111,4.000854,6.402439,-6.768293,176.036591,0.784000,0.294000,10.339000,0.000000,0.000000,0.000000,31.0473347,-103.5265579,884.870,8.025,7640,16
takeoff time: 9496945
"COREYMAY3",98,53049,0,9496945,888.799988,52.639999,0.401343,-0.025763,4.000854,6.158536,-6.951220,180.487808,0.833000,0.392000,10.535000,0.000000,0.000000,0.000000,31.0473347,-103.5265579,884.870,8.025,7640,16
takeoff time: 9496955
"COREYMAY3",98,26977,0,9496955,888.359985,52.639999,0.396581,-0.030525,4.000854,5.731707,-6.890244,184.939026,0.882000,0.392000,10.339000,0.000000,0.000000,0.000000,31.0473347,-103.5265579,884.870,8.025,7640,16
takeoff time: 9496965
"COREYMAY3",98,59908,0,9496965,888.359985,52.639999,0.362027,-0.038950,4.000854,5.487805,-6.524390,189.207321,0.735000,0.294000,10.584000,0.000000,0.000000,0.000000,31.0473347,-103.5265579,884.870,8.025,7640,16
takeoff time: 9496975
"COREYMAY3",98,59556,0,9496975,888.359985,52.639999,0.347497,-0.033089,4.000854,4.756098,-6.463415,193.597565,0.735000,0.343000,10.486000,0.000000,0.000000,0.000000,31.0473347,-103.5265579,884.870,8.025,7640,16
takeoff time: 9496985
"COREYMAY3",98,19884,0,9496985,888.359985,52.639999,0.329670,-0.057387,4.000854,4.207317,-6.402439,198.231705,0.882000,0.294000,10.436999,0.000000,0.000000,0.000000,31.0473347,-103.5265579,884.870,8.025,7640,16
takeoff time: 9496995
"COREYMAY3",98,55353,0,9496995,888.010010,52.639999,0.326252,-0.043468,4.000854,4.268293,-5.853659,202.682922,0.686000,0.392000,10.486000,0.000000,0.000000,0.000000,31.0473347,-103.5265579,884.870,8.025,7640,16
takeoff time: 9497005
"COREYMAY3",98,33604,0,9497005,888.010010,52.639999,0.333333,-0.068864,4.000854,4.329268,-5.182927,207.134140,0.686000,0.343000,10.682000,0.000000,0.000000,0.000000,31.0473347,-103.5265579,884.870,8.025,7640,16
takeoff time: 9497015
"COREYMAY3",98,30645,0,9497015,888.010010,52.639999,0.298291,-0.043956,4.000854,3.658537,-4.878049,211.829269,0.686000,0.196000,10.436999,0.000000,0.000000,0.000000,31.0473347,-103.5265579,884.870,8.025,7640,16
takeoff time: 9497025
"COREYMAY3",98,1357,0,9497025,888.010010,52.639999,0.307570,-0.069109,4.000854,2.987805,-4.817073,216.646347,0.735000,0.294000,10.339000,0.000000,0.000000,0.000000,31.0473347,-103.5265579,884.870,8.025,7640,16
takeoff time: 9497035
"COREYMAY3",98,39276,0,9497035,887.690002,52.639999,0.305128,-0.039072,4.000854,2.743902,-4.329268,221.280487,0.735000,0.392000,10.191999,0.000000,0.000000,0.000000,31.0473347,-103.5265579,884.870,8.025,7640,16
takeoff time: 9497045
"COREYMAY3",98,61365,0,9497045,887.690002,52.639999,0.279121,-0.069841,4.000854,2.987805,-3.597561,225.792679,0.637000,0.343000,10.535000,0.000000,0.000000,0.000000,31.0473347,-103.5265579,884.870,8.025,7640,16
takeoff time: 9497055
"COREYMAY3",98,51293,0,9497055,887.690002,52.639999,0.264591,-0.052137,4.000854,3.109756,-3.048780,230.365860,0.882000,0.343000,10.241000,0.000000,0.000000,0.000000,31.0473347,-103.5265579,884.870,8.025,7640,16
takeoff time: 9497065
"COREYMAY3",98,40631,0,9497065,887.690002,52.639999,0.264835,-0.065446,4.000854,3.048780,-2.378049,235.000000,0.931000,0.294000,10.486000,0.000000,0.000000,0.000000,31.0473347,-103.5265579,884.870,8.025,7640,16
takeoff time: 9497075
"COREYMAY3",98,64254,0,9497075,887.369995,52.639999,0.257998,-0.048718,4.000854,2.743902,-2.012195,239.756104,0.784000,0.196000,10.535000,0.000000,0.000000,0.000000,31.0473347,-103.5265579,884.870,8.025,7640,16
takeoff time: 9497085
"COREYMAY3",98,56697,0,9497085,887.369995,52.639999,0.255311,-0.058730,4.000854,2.682927,-1.524390,244.451218,0.588000,0.343000,10.829000,0.000000,0.000000,0.000000,31.0473347,-103.5265579,884.870,8.025,7640,16
takeoff time: 9497095
"COREYMAY3",98,34931,0,9497095,887.369995,52.639999,0.242369,-0.049939,4.000854,2.926829,-0.609756,249.085373,0.784000,0.245000,10.632999,0.000000,0.000000,0.000000,31.0473347,-103.5265579,884.870,8.025,7640,16
takeoff time: 9497105
"COREYMAY3",98,3528,0,9497105,887.369995,52.639999,0.255311,-0.056654,4.000854,3.170732,0.182927,253.719513,0.588000,0.147000,10.829000,0.000000,0.000000,0.000000,31.0473347,-103.5265579,884.870,8.025,7640,16
takeoff time: 9497115
"COREYMAY3",98,25988,0,9497115,887.039978,52.639999,0.237973,-0.052137,4.000854,2.865854,0.609756,258.475616,0.588000,0.147000,10.829000,0.000000,0.000000,0.000000,31.0473347,-103.5265579,884.870,8.025,7640,16
takeoff time: 9497125
"COREYMAY3",98,9470,0,9497125,887.039978,52.639999,0.234799,-0.050794,4.000854,2.987805,1.341463,263.170746,0.637000,0.098000,10.682000,0.000000,0.000000,0.000000,31.0473347,-103.5265579,884.870,8.025,7640,16
takeoff time: 9497135
"COREYMAY3",98,62361,0,9497135,887.039978,52.639999,0.248230,-0.043468,4.000854,3.292683,2.195122,267.865845,0.539000,0.147000,11.172000,0.000000,0.000000,0.000000,31.0473347,-103.5265579,884.870,8.025,7640,16
takeoff time: 9497145
"COREYMAY3",98,9785,0,9497145,887.039978,52.639999,0.236630,-0.042002,4.000854,3.414634,2.743902,272.621948,0.784000,0.098000,11.123000,0.000000,0.000000,0.000000,31.0473347,-103.5265579,884.870,8.025,7640,16
takeoff time: 9497155
"COREYMAY3",98,7962,0,9497155,886.669983,52.639999,0.251648,-0.033578,4.000854,3.292683,3.292683,277.439026,0.735000,0.343000,10.877999,0.000000,0.000000,0.000000,31.0473347,-103.5265579,884.870,8.025,7640,16
takeoff time: 9497165
"COREYMAY3",98,59562,0,9497165,886.669983,52.639999,0.262759,-0.030525,4.000854,3.658537,3.902439,282.195129,0.539000,0.196000,11.025000,0.000000,0.000000,0.000000,31.0473347,-103.5265579,884.870,8.025,7640,16
takeoff time: 9497175
"COREYMAY3",98,49584,0,9497175,886.669983,52.639999,0.252137,-0.025397,4.000854,4.207317,4.451220,286.829254,0.882000,0.196000,11.221000,0.000000,0.000000,0.000000,31.0473347,-103.5265579,884.870,8.025,7640,16
takeoff time: 9497185
"COREYMAY3",98,37258,0,9497185,886.669983,52.639999,0.285592,-0.034188,4.000854,4.390244,5.000000,291.524384,0.490000,0.441000,11.172000,0.000000,0.000000,0.000000,31.0473347,-103.5265579,884.870,8.025,7640,16
takeoff time: 9497195
"COREYMAY3",98,45450,0,9497195,886.359985,52.639999,0.280830,-0.034188,4.000854,5.121951,5.670732,296.219513,0.539000,0.245000,10.829000,0.000000,0.000000,0.000000,31.0473347,-103.5265579,884.870,8.025,7640,16
takeoff time: 9497205
"COREYMAY3",98,61054,0,9497205,886.359985,52.639999,0.285714,-0.042491,4.000854,5.914634,6.158536,300.792694,0.686000,0.294000,11.172000,0.000000,0.000000,0.000000,31.0473347,-103.5265579,884.870,8.025,7640,16
takeoff time: 9497215
"COREYMAY3",98,13462,0,9497215,886.359985,52.639999,0.298291,-0.050305,4.000854,6.219512,6.768293,305.426819,0.784000,0.147000,11.073999,0.000000,0.000000,0.000000,31.0473347,-103.5265579,884.870,8.025,7640,16
takeoff time: 9497225
"COREYMAY3",98,21879,0,9497225,886.359985,52.639999,0.307082,-0.042125,4.000854,6.524390,7.256098,310.121948,0.539000,0.343000,11.025000,0.000000,0.000000,0.000000,31.0473347,-103.5265579,884.870,8.025,7640,16
takeoff time: 9497235
"COREYMAY3",98,35385,0,9497235,885.969971,52.639999,0.328205,-0.054579,4.000854,7.195122,7.317073,314.817078,0.833000,0.294000,10.976000,0.000000,0.000000,0.000000,31.0473347,-103.5265579,884.870,8.025,7640,16
takeoff time: 9497245
"COREYMAY3",98,3424,0,9497245,885.969971,52.639999,0.334554,-0.047741,4.000854,7.195122,7.804878,319.512207,0.882000,0.196000,10.731000,0.000000,0.000000,0.000000,31.0473347,-103.5265579,884.870,8.025,7640,16
takeoff time: 9497255
"COREYMAY3",98,42248,0,9497255,885.969971,52.639999,0.368498,-0.073138,4.000854,7.439024,8.170732,324.146332,0.931000,0.098000,11.172000,0.000000,0.000000,0.000000,31.0473347,-103.5265579,884.870,8.025,7640,16
takeoff time: 9497265
"COREYMAY3",98,23315,0,9497265,885.969971,52.639999,0.381074,-0.068864,4.000854,7.804878,8.170732,328.780487,0.882000,0.196000,11.123000,0.000000,0.000000,0.000000,31.0473347,-103.5265579,884.870,8.025,7640,16
takeoff time: 9497275
"COREYMAY3",98,9806,0,9497275,885.590027,52.639999,0.389255,-0.085836,4.000854,8.658537,8.658537,333.292694,0.980000,0.196000,10.927000,0.000000,0.000000,0.000000,31.0473347,-103.5265579,884.870,8.025,7640,16
takeoff time: 9497285
"COREYMAY3",98,48880,0,9497285,885.590027,52.639999,0.400733,-0.112332,4.000854,8.963414,7.926829,337.926819,0.833000,0.098000,11.172000,0.000000,0.000000,0.000000,31.0473347,-103.5265579,884.870,8.025,7640,16
takeoff time: 9497295
"COREYMAY3",98,14467,0,9497295,885.590027,52.639999,0.412210,-0.104029,4.000854,9.573171,7.865854,342.500000,0.588000,0.245000,11.514999,0.000000,0.000000,0.000000,31.0473347,-103.5265579,884.870,8.025,7640,16
takeoff time: 9497305
"COREYMAY3",98,53600,0,9497305,885.590027,52.639999,0.425763,-0.152869,4.000854,9.390244,8.292683,347.256104,0.931000,0.000000,11.466000,0.000000,0.000000,0.000000,31.0473347,-103.5265579,884.870,8.025,7640,16
takeoff time: 9497315
"COREYMAY3",98,23459,0,9497315,885.239990,52.630001,0.430281,-0.148107,4.000854,9.329268,7.256098,352.256104,0.882000,0.294000,11.025000,0.000000,0.000000,0.000000,31.0473347,-103.5265579,884.870,8.025,7640,16
takeoff time: 9497325
"COREYMAY3",98,39672,0,9497325,885.239990,52.630001,0.441270,-0.185714,4.000854,10.426829,7.378049,356.890259,1.176000,0.000000,11.466000,0.000000,0.000000,0.000000,31.0473347,-103.5265579,884.870,8.025,7640,16
takeoff time: 9497335
"COREYMAY3",98,2694,0,9497335,885.239990,52.630001,0.435409,-0.190842,4.000854,10.609756,7.682927,361.463409,1.225000,-0.049000,11.123000,0.000000,0.000000,0.000000,31.0473347,-103.5265579,884.870,8.025,7640,16
takeoff time: 9497345
"COREYMAY3",98,16985,0,9497345,885.239990,52.630001,0.450061,-0.221490,4.000854,10.426829,7.256098,366.219513,1.029000,0.000000,11.270000,0.000000,0.000000,0.000000,31.0473347,-103.5265579,884.870,8.025,7640,16
takeoff time: 9497355
"COREYMAY3",98,54261,0,9497355,884.760010,52.630001,0.436264,-0.236020,4.000854,10.121951,6.829268,371.036591,1.029000,0.000000,11.270000,0.000000,0.000000,0.000000,31.0473347,-103.5265579,884.870,8.025,7640,16
takeoff time: 9497365
"COREYMAY3",98,34522,0,9497365,884.760010,52.630001,0.426252,-0.253968,4.000854,10.304878,6.463415,375.792694,0.980000,0.049000,11.564000,0.000000,0.000000,0.000000,31.0473347,-103.5265579,884.870,8.025,7640,16
takeoff time: 9497375
"COREYMAY3",98,60261,0,9497375,884.760010,52.630001,0.435043,-0.267033,4.000854,10.365853,6.463415,380.670746,0.686000,0.049000,11.759999,0.000000,0.000000,0.000000,31.0473347,-103.5265579,884.870,8.025,7640,16
takeoff time: 9497385
"COREYMAY3",98,9693,0,9497385,884.760010,52.630001,0.409890,-0.250427,4.000854,10.487804,6.768293,385.548767,0.931000,0.049000,11.172000,0.000000,0.000000,0.000000,31.0473347,-103.5265579,884.870,8.025,7640,16
takeoff time: 9497395
"COREYMAY3",98,50403,0,9497395,884.510010,52.630001,0.455922,-0.329792,4.000854,10.060976,5.853659,390.731720,0.686000,0.588000,11.172000,0.000000,0.000000,0.000000,31.0473347,-103.5265579,884.870,8.025,7640,16
takeoff time: 9497405
"COREYMAY3",98,60197,0,9497405,884.510010,52.630001,0.388889,-0.350794,4.000854,9.756098,5.609756,395.731720,0.980000,-0.049000,11.613000,0.000000,0.000000,0.000000,31.0473347,-103.5265579,884.870,8.025,7640,16
takeoff time: 9497415
"COREYMAY3",98,35179,0,9497415,884.510010,52.630001,0.424054,-0.356654,4.000854,9.451220,5.548780,400.853668,0.784000,0.196000,10.976000,0.000000,0.000000,0.000000,31.0473347,-103.5265579,884.870,8.025,7640,16
takeoff time: 9497425
"COREYMAY3",98,30267,0,9497425,884.510010,52.630001,0.399756,-0.346276,4.000854,8.963414,5.548780,406.097565,0.833000,0.196000,11.368000,0.000000,0.000000,0.000000,31.0473347,-103.5265579,884.870,8.025,7640,16
takeoff time: 9497435
"COREYMAY3",98,47045,0,9497435,884.419983,52.630001,0.378510,-0.394017,4.000854,8.048780,5.609756,411.402435,1.323000,-0.245000,11.759999,0.000000,0.000000,0.000000,31.0473347,-103.5265579,884.870,8.025,7640,16
takeoff time: 9497445
"COREYMAY3",98,40206,0,9497445,884.419983,52.630001,0.331258,-0.300855,4.000854,7.256098,5.609756,416.768280,0.833000,-0.196000,11.907000,0.000000,0.000000,0.000000,31.0473347,-103.5265579,884.870,8.025,7640,16
takeoff time: 9497455
"COREYMAY3",98,45427,0,9497455,884.419983,52.630001,0.379365,-0.472405,4.000854,6.768293,6.097561,422.256104,0.637000,0.000000,11.221000,0.000000,0.000000,0.000000,31.0473347,-103.5265579,884.870,8.025,7640,16
takeoff time: 9497465
"COREYMAY3",98,58517,0,9497465,884.419983,52.630001,0.458242,-0.313919,4.000854,6.463415,5.975610,427.682922,1.274000,-0.098000,11.221000,0.000000,0.000000,0.000000,31.0473347,-103.5265579,884.870,8.025,7640,16
takeoff time: 9497475
"COREYMAY3",98,46916,0,9497475,884.340027,52.630001,0.311844,-0.456899,4.000854,6.280488,6.402439,432.987793,0.343000,-0.098000,11.613000,0.000000,0.000000,0.000000,31.0473347,-103.5265579,884.870,8.025,7640,16
takeoff time: 9497485
"COREYMAY3",98,36039,0,9497485,884.340027,52.630001,0.342125,-0.378510,4.000854,6.097561,6.646341,438.292694,0.686000,0.245000,10.927000,0.000000,0.000000,0.000000,31.0473347,-103.5265579,884.870,8.025,7640,16
takeoff time: 9497495
"COREYMAY3",98,4110,0,9497495,884.340027,52.630001,0.441026,-0.405372,4.000854,5.365854,6.402439,443.780487,0.784000,0.000000,10.976000,0.000000,0.000000,0.000000,31.0473347,-103.5265579,884.870,8.025,7640,16
takeoff time: 9497505
"COREYMAY3",98,49640,0,9497505,884.340027,52.630001,0.286325,-0.393040,4.000854,4.634146,6.402439,449.268280,0.882000,0.147000,11.123000,0.000000,0.000000,0.000000,31.0473347,-103.5265579,884.870,8.025,7640,16
takeoff time: 9497515
"COREYMAY3",98,21366,0,9497515,883.840027,52.630001,0.375336,-0.414774,4.000854,4.512195,6.585366,454.695129,0.931000,-0.343000,11.613000,0.000000,0.000000,0.000000,31.0473347,-103.5265579,884.870,8.025,7640,16
takeoff time: 9497525
"COREYMAY3",98,24226,0,9497525,883.840027,52.630001,0.372650,-0.355922,4.000854,4.756098,7.073171,460.000000,0.931000,-0.196000,11.710999,0.000000,0.000000,0.000000,31.0473347,-103.5265579,884.870,8.025,7640,16
takeoff time: 9497535
"COREYMAY3",98,5017,0,9497535,883.840027,52.630001,0.288278,-0.435531,4.000854,4.512195,7.804878,465.304871,0.833000,-0.049000,11.466000,0.000000,0.000000,0.000000,31.0473347,-103.5265579,884.870,8.025,7640,16
takeoff time: 9497545
"COREYMAY3",98,16772,0,9497545,883.840027,52.630001,0.365324,-0.373138,4.000854,4.268293,8.170732,470.731720,0.686000,0.049000,11.270000,0.000000,0.000000,0.000000,31.0473347,-103.5265579,884.870,8.025,7640,16
takeoff time: 9497555
"COREYMAY3",98,8438,0,9497555,883.679993,52.630001,0.357753,-0.391209,4.000854,4.512195,8.414634,475.853668,1.274000,-0.049000,11.073999,0.000000,0.000000,0.000000,31.0473347,-103.5265579,884.870,8.025,7640,16
takeoff time: 9497565
"COREYMAY3",98,64550,0,9497565,883.679993,52.630001,0.301099,-0.393040,4.000854,4.573171,8.353659,480.853668,0.931000,-0.196000,11.564000,0.000000,0.000000,0.000000,31.0473347,-103.5265579,884.870,8.025,7640,16
takeoff time: 9497575
"COREYMAY3",98,63304,0,9497575,883.679993,52.630001,0.409890,-0.388034,4.000854,4.756098,8.597561,486.158539,0.931000,0.245000,11.417000,0.000000,0.000000,0.000000,31.0473347,-103.5265579,884.870,8.025,7640,16
takeoff time: 9497585
"COREYMAY3",98,64184,0,9497585,883.679993,52.630001,0.351404,-0.379365,4.000854,5.000000,9.634147,491.463409,0.980000,0.049000,11.809000,0.000000,0.000000,0.000000,31.0473518,-103.5264740,884.900,8.025,7640,17
takeoff time: 9497595
"COREYMAY3",98,57523,0,9497595,883.400024,52.630001,0.315873,-0.416117,4.000854,5.365854,10.000000,496.646332,0.735000,0.000000,11.759999,0.000000,0.000000,0.000000,31.0473518,-103.5264740,884.900,8.025,7640,17
takeoff time: 9497605
"COREYMAY3",98,15344,0,9497605,883.400024,52.630001,0.391087,-0.406960,4.000854,5.121951,10.060976,501.829254,0.735000,0.000000,11.759999,0.000000,0.000000,0.000000,31.0473518,-103.5264740,884.900,8.025,7640,17
takeoff time: 9497615
"COREYMAY3",98,55115,0,9497615,883.400024,52.630001,0.385958,-0.391331,4.000854,5.000000,10.609756,507.073181,1.176000,0.147000,11.710999,0.000000,0.000000,0.000000,31.0473518,-103.5264740,884.900,8.025,7640,17
takeoff time: 9497625
"COREYMAY3",98,37574,0,9497625,883.400024,52.630001,0.417338,-0.410867,4.000854,5.182927,10.609756,512.134155,1.127000,-0.343000,11.662000,0.000000,0.000000,0.000000,31.0473518,-103.5264740,884.900,8.025,7640,17
takeoff time: 9497635
"COREYMAY3",98,10578,0,9497635,883.169983,52.630001,0.431013,-0.362149,4.000854,5.182927,10.731708,517.256104,1.274000,0.049000,11.662000,0.000000,0.000000,0.000000,31.0473518,-103.5264740,884.900,8.025,7640,17
takeoff time: 9497645
"COREYMAY3",98,37671,0,9497645,883.169983,52.630001,0.426374,-0.421001,4.000854,5.426829,11.219512,522.195129,0.686000,-0.147000,11.710999,0.000000,0.000000,0.000000,31.0473518,-103.5264740,884.900,8.025,7640,17
takeoff time: 9497655
"COREYMAY3",98,52049,0,9497655,883.169983,52.630001,0.437851,-0.377411,4.000854,6.097561,11.402439,527.195129,0.980000,-0.049000,11.955999,0.000000,0.000000,0.000000,31.0473518,-103.5264740,884.900,8.025,7640,17
takeoff time: 9497665
"COREYMAY3",98,53749,0,9497665,883.169983,52.630001,0.448230,-0.420635,4.000854,6.463415,11.463414,532.134155,1.078000,-0.392000,11.662000,0.000000,0.000000,0.000000,31.0473518,-103.5264740,884.900,8.025,7640,17
takeoff time: 9497675
"COREYMAY3",98,22259,0,9497675,882.820007,52.630001,0.450305,-0.410989,4.000854,7.195122,11.341463,536.707336,0.833000,0.098000,12.200999,0.000000,0.000000,0.000000,31.0473518,-103.5264740,884.900,8.025,7640,17
takeoff time: 9497685
"COREYMAY3",98,29656,0,9497685,882.820007,52.630001,0.471795,-0.429915,4.000854,7.134146,11.341463,541.707336,0.882000,-0.098000,11.907000,0.000000,0.000000,0.000000,31.0473518,-103.5264740,884.900,8.025,7640,17
takeoff time: 9497695
"COREYMAY3",98,31075,0,9497695,882.820007,52.630001,0.476435,-0.436142,4.000854,8.292683,11.707317,546.402466,1.127000,-0.049000,11.613000,0.000000,0.000000,0.000000,31.0473518,-103.5264740,884.900,8.025,7640,17
takeoff time: 9497705
"COREYMAY3",98,14827,0,9497705,882.820007,52.630001,0.491209,-0.457509,4.000854,8.414634,11.219512,551.219482,0.735000,0.000000,11.710999,0.000000,0.000000,0.000000,31.0473518,-103.5264740,884.900,8.025,7640,17
takeoff time: 9497715
"COREYMAY3",98,3805,0,9497715,882.539978,52.630001,0.510867,-0.459341,4.000854,8.292683,10.853659,556.036560,1.372000,-0.147000,12.005000,0.000000,0.000000,0.000000,31.0473518,-103.5264740,884.900,8.025,7640,17
takeoff time: 9497725
"COREYMAY3",98,1792,0,9497725,882.539978,52.630001,0.504029,-0.482784,4.000854,8.170732,10.121951,561.036560,1.078000,-0.294000,11.613000,0.000000,0.000000,0.000000,31.0473518,-103.5264740,884.900,8.025,7640,17
takeoff time: 9497735
"COREYMAY3",98,58574,0,9497735,882.539978,52.630001,0.495360,-0.479609,4.000854,8.597561,10.182927,565.670715,0.343000,0.196000,11.662000,0.000000,0.000000,0.000000,31.0473518,-103.5264740,884.900,8.025,7640,17
takeoff time: 9497745
"COREYMAY3",98,10987,0,9497745,882.539978,52.630001,0.501709,-0.501954,4.000854,9.146341,10.121951,570.548767,0.686000,-0.245000,12.396999,0.000000,0.000000,0.000000,31.0473518,-103.5264740,884.900,8.025,7640,17
takeoff time: 9497755
"COREYMAY3",98,28286,0,9497755,882.450012,52.630001,0.481074,-0.474115,4.000854,8.719512,10.182927,575.243896,0.931000,-0.147000,12.005000,0.000000,0.000000,0.000000,31.0473518,-103.5264740,884.900,8.025,7640,17
takeoff time: 9497765
"COREYMAY3",98,42787,0,9497765,882.450012,52.630001,0.500488,-0.586813,4.000854,8.780488,10.792683,579.695129,1.470000,-0.098000,11.662000,0.000000,0.000000,0.000000,31.0473518,-103.5264740,884.900,8.025,7640,17
takeoff time: 9497775
"COREYMAY3",98,14976,0,9497775,882.450012,52.630001,0.520757,-0.550183,4.000854,9.085366,10.548780,584.634155,0.980000,-0.196000,11.955999,0.000000,0.000000,0.000000,31.0473518,-103.5264740,884.900,8.025,7640,17
takeoff time: 9497785
"COREYMAY3",98,52056,0,9497785,882.450012,52.630001,0.481197,-0.608181,4.000854,9.329268,9.207317,589.756104,1.568000,-0.441000,12.200999,0.000000,0.000000,0.000000,31.0473518,-103.5264740,884.900,8.025,7640,17
takeoff time: 9497795
"COREYMAY3",98,51086,0,9497795,882.349976,52.630001,0.454090,-0.626252,4.000854,8.231708,8.719512,595.182922,1.274000,-0.196000,11.710999,0.000000,0.000000,0.000000,31.0473518,-103.5264740,884.900,8.025,7640,17
takeoff time: 9497805
"COREYMAY3",98,4323,0,9497805,882.349976,52.630001,0.496825,-0.628694,4.000854,7.987805,9.207317,600.548767,1.127000,-0.245000,11.662000,0.000000,0.000000,0.000000,31.0473518,-103.5264740,884.900,8.025,7640,17
takeoff time: 9497815
"COREYMAY3",98,28898,0,9497815,882.349976,52.630001,0.401709,-0.685348,4.000854,8.170732,8.719512,605.487793,1.421000,-0.049000,11.564000,0.000000,0.000000,0.000000,31.0473518,-103.5264740,884.900,8.025,7640,17
takeoff time: 9497825
"COREYMAY3",98,1569,0,9497825,882.349976,52.630001,0.413187,-0.672283,4.000854,7.926829,9.573171,610.121948,0.441000,-0.294000,12.103000,0.000000,0.000000,0.000000,31.0473518,-103.5264740,884.900,8.025,7640,17
takeoff time: 9497835
"COREYMAY3",98,53597,0,9497835,882.159973,52.630001,0.429670,-0.749573,4.000854,7.926829,9.756098,615.243896,1.176000,-0.392000,12.446000,0.000000,0.000000,0.000000,31.0473518,-103.5264740,884.900,8.025,7640,17
takeoff time: 9497845
"COREYMAY3",98,47131,0,9497845,882.159973,52.630001,0.498413,-0.660195,4.000854,7.926829,9.268292,620.609741,1.176000,-0.392000,12.446000,0.000000,0.000000,0.000000,31.0473518,-103.5264740,884.900,8.025,7640,17
takeoff time: 9497855
"COREYMAY3",98,57726,0,9497855,882.159973,52.630001,0.376923,-0.742491,4.000854,7.682927,9.207317,625.914612,0.735000,-0.490000,12.054000,0.000000,0.000000,0.000000,31.0473518,-103.5264740,884.900,8.025,7640,17
takeoff time: 9497865
"COREYMAY3",98,37176,0,9497865,882.159973,52.630001,0.397070,-0.728083,4.000854,6.707317,8.963414,631.646362,0.637000,-0.098000,11.759999,0.000000,0.000000,0.000000,31.0473518,-103.5264740,884.900,8.025,7640,17
takeoff time: 9497875
"COREYMAY3",98,65408,0,9497875,882.200012,52.619999,0.453358,-0.714164,4.000854,6.646341,9.329268,637.378052,1.127000,-0.539000,12.103000,0.000000,0.000000,0.000000,31.0473518,-103.5264740,884.900,8.025,7640,17
takeoff time: 9497885
"COREYMAY3",98,18575,0,9497885,882.200012,52.619999,0.316972,-0.732234,4.000854,6.219512,9.573171,642.865845,0.833000,-0.343000,12.005000,0.000000,0.000000,0.000000,31.0473518,-103.5264740,884.900,8.025,7640,17
takeoff time: 9497895
"COREYMAY3",98,3557,0,9497895,882.200012,52.619999,0.364713,-0.734554,4.000854,5.792683,9.390244,648.536560,0.637000,-0.245000,11.858000,0.000000,0.000000,0.000000,31.0473518,-103.5264740,884.900,8.025,7640,17
takeoff time: 9497905
"COREYMAY3",98,14706,0,9497905,882.200012,52.619999,0.362271,-0.725519,4.000854,6.585366,10.000000,654.451233,0.833000,0.098000,11.710999,0.000000,0.000000,0.000000,31.0473518,-103.5264740,884.900,8.025,7640,17
takeoff time: 9497915
"COREYMAY3",98,46846,0,9497915,882.080017,52.619999,0.292674,-0.749573,4.000854,6.829268,10.731708,659.512207,0.490000,-0.588000,12.200999,0.000000,0.000000,0.000000,31.0473518,-103.5264740,884.900,8.025,7640,17
takeoff time: 9497925
"COREYMAY3",98,23674,0,9497925,882.080017,52.619999,0.347131,-0.734799,4.000854,7.195122,10.853659,664.817078,0.441000,-0.049000,11.907000,0.000000,0.000000,0.000000,31.0473518,-103.5264740,884.900,8.025,7640,17
takeoff time: 9497935
"COREYMAY3",98,14853,0,9497935,882.080017,52.619999,0.315873,-0.738095,4.000854,7.804878,11.646341,670.426819,1.029000,-0.343000,12.789000,0.000000,0.000000,0.000000,31.0473518,-103.5264740,884.900,8.025,7640,17
takeoff time: 9497945
"COREYMAY3",98,15684,0,9497945,882.080017,52.619999,0.302564,-0.737607,4.000854,8.414634,12.256098,675.792664,1.029000,-0.441000,11.955999,0.000000,0.000000,0.000000,31.0473518,-103.5264740,884.900,8.025,7640,17
takeoff time: 9497955
"COREYMAY3",98,55764,0,9497955,882.059998,52.619999,0.344811,-0.712698,4.000854,8.353659,12.500000,681.219482,0.931000,-0.392000,11.907000,0.000000,0.000000,0.000000,31.0473518,-103.5264740,884.900,8.025,7640,17
takeoff time: 9497965
"COREYMAY3",98,18885,0,9497965,882.059998,52.619999,0.288523,-0.732723,4.000854,8.353659,12.987804,686.829285,0.490000,0.098000,11.368000,0.000000,0.000000,0.000000,31.0473518,-103.5264740,884.900,8.025,7640,17
takeoff time: 9497975
"COREYMAY3",98,33562,0,9497975,882.059998,52.619999,0.331502,-0.744200,4.000854,9.329268,14.024390,692.317078,1.078000,-0.441000,12.299000,0.000000,0.000000,0.000000,31.0473518,-103.5264740,884.900,8.025,7640,17
takeoff time: 9497985
"COREYMAY3",98,30013,0,9497985,882.059998,52.619999,0.372161,-0.704762,4.000854,10.670732,14.695122,697.500000,1.078000,-0.833000,12.592999,0.000000,0.000000,0.000000,31.0473518,-103.5264740,884.900,8.025,7640,17
takeoff time: 9497995
"COREYMAY3",98,30795,0,9497995,882.140015,52.619999,0.347985,-0.741270,4.000854,10.487804,14.451220,702.743896,0.686000,-0.392000,12.641999,0.000000,0.000000,0.000000,31.0473518,-103.5264740,884.900,8.025,7640,17
takeoff time: 9498005
"COREYMAY3",98,13060,0,9498005,882.140015,52.619999,0.346154,-0.769353,4.000854,11.524390,12.804878,708.414612,0.784000,-0.196000,11.858000,0.000000,0.000000,0.000000,31.0473518,-103.5264740,884.900,8.025,7640,17
takeoff time: 9498015
"COREYMAY3",98,3526,0,9498015,882.140015,52.619999,0.378632,-0.780952,4.000854,12.804878,11.219512,713.963440,1.029000,-0.490000,12.250000,0.000000,0.000000,0.000000,31.0473518,-103.5264740,884.900,8.025,7640,17
takeoff time: 9498025
"COREYMAY3",98,34153,0,9498025,882.140015,52.619999,0.356777,-0.815507,4.000854,14.390244,12.134147,719.512207,1.029000,-0.490000,12.054000,0.000000,0.000000,0.000000,31.0473518,-103.5264740,884.900,8.025,7640,17
takeoff time: 9498035
"COREYMAY3",98,55222,0,9498035,882.359985,52.619999,0.359341,-0.843712,4.000854,14.817073,13.292683,726.646362,0.588000,-0.392000,12.592999,0.000000,0.000000,0.000000,31.0473518,-103.5264740,884.900,8.025,7640,17
takeoff time: 9498045
"COREYMAY3",98,63423,0,9498045,882.359985,52.619999,0.362515,-0.873626,4.000854,13.414634,13.109756,732.256104,0.490000,-0.539000,12.299000,0.000000,0.000000,0.000000,31.0473518,-103.5264740,884.900,8.025,7640,17
takeoff time: 9498055
"COREYMAY3",98,47141,0,9498055,882.359985,52.619999,0.333211,-0.915629,4.000854,13.658537,12.256098,737.073181,0.931000,-0.882000,12.250000,0.000000,0.000000,0.000000,31.0473518,-103.5264740,884.900,8.025,7640,17
takeoff time: 9498065
"COREYMAY3",98,39092,0,9498065,882.359985,52.619999,0.341880,-0.936020,4.000854,14.878049,11.280488,742.073181,0.882000,-0.588000,11.759999,0.000000,0.000000,0.000000,31.0473518,-103.5264740,884.900,8.025,7640,17
takeoff time: 9498075
"COREYMAY3",98,49371,0,9498075,882.559998,52.619999,0.303419,-0.968132,4.000854,15.060976,11.036586,747.317078,1.029000,-0.686000,12.151999,0.000000,0.000000,0.000000,31.0473518,-103.5264740,884.900,8.025,7640,17
takeoff time: 9498085
"COREYMAY3",98,11829,0,9498085,882.559998,52.619999,0.282051,-0.988400,4.000854,15.182927,11.341463,752.926819,0.833000,-0.588000,11.662000,0.000000,0.000000,0.000000,31.0473518,-103.5264740,884.900,8.025,7640,17
takeoff time: 9498095
"COREYMAY3",98,27174,0,9498095,882.559998,52.619999,0.294261,-1.012454,4.000854,15.304878,11.402439,759.756104,0.833000,-0.588000,11.662000,0.000000,0.000000,0.000000,31.0473518,-103.5264740,884.900,8.025,7640,17
takeoff time: 9498105
"COREYMAY3",98,11860,0,9498105,882.559998,52.619999,0.118193,-0.931868,4.000854,14.878049,11.097561,766.524414,0.441000,-0.490000,12.348000,0.000000,0.000000,0.000000,31.0473518,-103.5264740,884.900,8.025,7640,17
takeoff time: 9498115
"COREYMAY3",98,45132,0,9498115,882.969971,52.610001,0.217582,-1.148596,4.000854,13.902439,10.792683,772.439026,0.441000,-0.588000,11.809000,0.000000,0.000000,0.000000,31.0473518,-103.5264740,884.900,8.025,7640,17
takeoff time: 9498125
"COREYMAY3",98,55121,0,9498125,882.969971,52.610001,0.184005,-0.973260,4.000854,14.207317,9.939024,777.621948,0.441000,-0.686000,12.887000,0.000000,0.000000,0.000000,31.0473518,-103.5264740,884.900,8.025,7640,17
takeoff time: 9498135
"COREYMAY3",98,55125,0,9498135,882.969971,52.610001,0.104884,-1.104396,4.000854,15.609756,9.756098,783.170715,0.539000,-0.392000,12.005000,0.000000,0.000000,0.000000,31.0473518,-103.5264740,884.900,8.025,7640,17
takeoff time: 9498145
"COREYMAY3",98,64956,0,9498145,882.969971,52.610001,0.088523,-1.020635,4.000854,15.792683,9.695122,789.451233,0.833000,-0.931000,12.446000,0.000000,0.000000,0.000000,31.0473518,-103.5264740,884.900,8.025,7640,17
takeoff time: 9498155
"COREYMAY3",98,53554,0,9498155,883.119995,52.619999,0.115018,-1.041758,4.000854,15.487804,10.487804,795.670715,0.980000,-0.196000,11.417000,0.000000,0.000000,0.000000,31.0473518,-103.5264740,884.900,8.025,7640,17
takeoff time: 9498165
"COREYMAY3",98,40547,0,9498165,883.119995,52.619999,0.037607,-1.031868,4.000854,14.146341,10.731708,803.475586,0.343000,-0.833000,13.033999,0.000000,0.000000,0.000000,31.0473518,-103.5264740,884.900,8.025,7640,17
takeoff time: 9498175
"COREYMAY3",98,48583,0,9498175,883.119995,52.619999,0.088400,-1.017827,4.000854,14.573171,11.463414,808.292664,0.686000,-0.343000,12.151999,0.000000,0.000000,0.000000,31.0473518,-103.5264740,884.900,8.025,7640,17
takeoff time: 9498185
"COREYMAY3",98,27591,0,9498185,883.119995,52.619999,-0.038462,-1.001587,4.000854,15.548780,13.048780,812.500000,0.931000,-0.490000,12.299000,0.000000,0.000000,0.000000,31.0473518,-103.5264740,884.900,8.025,7640,17
takeoff time: 9498195
"COREYMAY3",98,64686,0,9498195,883.859985,52.610001,0.110867,-1.015140,4.000854,16.280487,12.439024,818.170715,0.686000,-0.735000,12.691000,0.000000,0.000000,0.000000,31.0473518,-103.5264740,884.900,8.025,7640,17
takeoff time: 9498205
"COREYMAY3",98,52320,0,9498205,883.859985,52.610001,0.081929,-0.963736,4.000854,16.646341,12.743902,824.390259,0.196000,-0.294000,12.348000,0.000000,0.000000,0.000000,31.0473518,-103.5264740,884.900,8.025,7640,17
takeoff time: 9498215
"COREYMAY3",98,17714,0,9498215,883.859985,52.610001,-0.013309,-1.037607,4.000854,17.743902,13.414634,830.243896,0.147000,-0.539000,12.299000,0.000000,0.000000,0.000000,31.0473518,-103.5264740,884.900,8.025,7640,17
takeoff time: 9498225
"COREYMAY3",98,44200,0,9498225,883.859985,52.610001,0.097436,-0.975214,4.000854,18.841463,12.987804,836.280518,0.931000,-0.980000,12.691000,0.000000,0.000000,0.000000,31.0473518,-103.5264740,884.900,8.025,7640,17
takeoff time: 9498235
"COREYMAY3",98,41803,0,9498235,884.460022,52.619999,0.095116,-0.972894,4.000854,20.365854,11.646341,841.707336,1.029000,-1.274000,12.789000,0.000000,0.000000,0.000000,31.0473518,-103.5264740,884.900,8.025,7640,17
takeoff time: 9498245
"COREYMAY3",98,632,0,9498245,884.460022,52.619999,0.029182,-1.007814,4.000854,21.158537,12.256098,847.256104,1.029000,-0.980000,12.348000,0.000000,0.000000,0.000000,31.0473518,-103.5264740,884.900,8.025,7640,17
takeoff time: 9498255
"COREYMAY3",98,27988,0,9498255,884.460022,52.619999,0.143468,-0.992918,4.000854,22.317074,12.439024,852.682922,1.127000,-0.784000,12.544000,0.000000,0.000000,0.000000,31.0473518,-103.5264740,884.900,8.025,7640,17
takeoff time: 9498265
"COREYMAY3",98,20453,0,9498265,884.460022,52.619999,0.105861,-1.163126,4.000854,22.682926,12.500000,858.109741,0.637000,-0.882000,11.955999,0.000000,0.000000,0.000000,31.0473518,-103.5264740,884.900,8.025,7640,17
takeoff time: 9498275
"COREYMAY3",98,47137,0,9498275,885.330017,52.610001,-0.008303,-1.013553,4.000854,22.500000,12.134147,863.231689,0.098000,-0.735000,12.789000,0.000000,0.000000,0.000000,31.0473518,-103.5264740,884.900,8.025,7640,17
takeoff time: 9498285
"COREYMAY3",98,44038,0,9498285,885.330017,52.610001,0.198169,-1.100000,4.000854,23.109756,11.280488,869.268311,0.686000,-0.539000,12.250000,0.000000,0.000000,0.000000,31.0473518,-103.5264740,884.900,8.025,7640,17
takeoff time: 9498295
"COREYMAY3",98,8061,0,9498295,885.330017,52.610001,-0.058608,-1.043101,4.000854,23.048780,10.853659,874.207336,0.294000,-0.245000,12.789000,0.000000,0.000000,0.000000,31.0473518,-103.5264740,884.900,8.025,7640,17
takeoff time: 9498305
"COREYMAY3",98,18404,0,9498305,885.330017,52.610001,0.010745,-1.176435,4.000854,23.841463,8.658537,879.695129,0.882000,-0.098000,11.613000,0.000000,0.000000,0.000000,31.0473518,-103.5264740,884.900,8.025,7640,17
takeoff time: 9498315
"COREYMAY3",98,11630,0,9498315,886.289978,52.610001,0.063736,-1.100122,4.000854,24.939024,7.560976,886.036560,-0.294000,-0.539000,12.740000,0.000000,0.000000,0.000000,31.0473518,-103.5264740,884.900,8.025,7640,17
takeoff time: 9498325
"COREYMAY3",98,6923,0,9498325,886.289978,52.610001,-0.081197,-1.244200,4.000854,24.329268,7.804878,891.097534,0.049000,-0.833000,12.396999,0.000000,0.000000,0.000000,31.0473518,-103.5264740,884.900,8.025,7640,17
takeoff time: 9498335
"COREYMAY3",98,49097,0,9498335,886.289978,52.610001,-0.066667,-1.230891,4.000854,23.414635,7.682927,896.890259,0.049000,-0.833000,12.396999,0.000000,0.000000,0.000000,31.0473518,-103.5264740,884.900,8.025,7640,17
takeoff time: 9498345
"COREYMAY3",98,14876,0,9498345,886.289978,52.610001,-0.056288,-1.272161,4.000854,24.634146,6.707317,902.621948,0.539000,-0.784000,12.200999,0.000000,0.000000,0.000000,31.0473518,-103.5264740,884.900,8.025,7640,17
takeoff time: 9498355
"COREYMAY3",98,7776,0,9498355,887.710022,52.610001,-0.270940,-1.287912,4.000854,25.548780,6.158536,907.682922,0.441000,-1.029000,12.544000,0.000000,0.000000,0.000000,31.0473518,-103.5264740,884.900,8.025,7640,17
takeoff time: 9498365
"COREYMAY3",98,42826,0,9498365,887.710022,52.610001,-0.238584,-1.317094,4.000854,25.365854,6.707317,912.987793,0.000000,-0.588000,12.005000,0.000000,0.000000,0.000000,31.0473518,-103.5264740,884.900,8.025,7640,17
takeoff time: 9498375
"COREYMAY3",98,33820,0,9498375,887.710022,52.610001,-0.249451,-1.251770,4.000854,25.304878,6.829268,918.231689,-0.196000,-0.098000,11.955999,0.000000,0.000000,0.000000,31.0473518,-103.5264740,884.900,8.025,7640,17
takeoff time: 9498385
"COREYMAY3",98,29587,0,9498385,887.710022,52.610001,-0.329915,-1.272772,4.000854,23.902439,8.109756,923.780518,-0.049000,-0.539000,12.396999,0.000000,0.000000,0.000000,31.0473518,-103.5264740,884.900,8.025,7640,17
takeoff time: 9498395
"COREYMAY3",98,63180,0,9498395,889.700012,52.610001,-0.324054,-1.227717,4.000854,23.963415,9.024390,929.695129,0.392000,-0.833000,12.151999,0.000000,0.000000,0.000000,31.0473518,-103.5264740,884.900,8.025,7640,17
takeoff time: 9498405
"COREYMAY3",98,55824,0,9498405,889.700012,52.610001,-0.304274,-1.233089,4.000854,23.963415,9.512196,935.792664,-0.588000,-0.637000,12.740000,0.000000,0.000000,0.000000,31.0473518,-103.5264740,884.900,8.025,7640,17
takeoff time: 9498415
"COREYMAY3",98,7141,0,9498415,889.700012,52.610001,-0.354701,-1.192308,4.000854,24.451220,10.121951,940.487793,-0.147000,-0.294000,12.446000,0.000000,0.000000,0.000000,31.0473518,-103.5264740,884.900,8.025,7640,17
takeoff time: 9498425
"COREYMAY3",98,24251,0,9498425,889.700012,52.610001,-0.294750,-1.156899,4.000854,27.134146,10.426829,944.207336,0.343000,-1.029000,12.691000,0.000000,0.000000,0.000000,31.0473518,-103.5264740,884.900,8.025,7640,17
takeoff time: 9498435
"COREYMAY3",98,24979,0,9498435,894.359985,52.599998,-0.278877,-1.125641,4.000854,28.048780,10.914634,949.878052,0.637000,-0.882000,11.759999,0.000000,0.000000,0.000000,31.0473518,-103.5264740,884.900,8.025,7640,17
takeoff time: 9498445
"COREYMAY3",98,58033,0,9498445,894.359985,52.599998,-0.365324,-1.163492,4.000854,28.841463,11.036586,954.451233,-0.147000,-0.539000,12.299000,0.000000,0.000000,0.000000,31.0473518,-103.5264740,884.900,8.025,7640,17
takeoff time: 9498455
"COREYMAY3",98,22716,0,9498455,894.359985,52.599998,-0.284005,-1.176679,4.000854,30.975609,12.926829,957.743896,0.343000,-1.078000,13.082999,0.000000,0.000000,0.000000,31.0473518,-103.5264740,884.900,8.025,7640,17
takeoff time: 9498465
"COREYMAY3",98,61684,0,9498465,894.359985,52.599998,-0.212210,-1.176190,4.000854,31.585365,12.804878,962.195129,0.637000,-0.833000,12.887000,0.000000,0.000000,0.000000,31.0473518,-103.5264740,884.900,8.025,7640,17
takeoff time: 9498475
"COREYMAY3",98,63260,0,9498475,900.789978,52.599998,-0.284493,-1.265568,4.000854,32.195122,11.951220,967.073181,0.098000,-1.176000,12.299000,0.000000,0.000000,0.000000,31.0473518,-103.5264740,884.900,8.025,7640,17
takeoff time: 9498485
"COREYMAY3",98,3065,0,9498485,900.789978,52.599998,-0.230037,-1.329060,4.000854,33.536587,12.073171,971.402466,-0.147000,-0.980000,12.740000,0.000000,0.000000,0.000000,31.0473518,-103.5264740,884.900,8.025,7640,17
takeoff time: 9498495
"COREYMAY3",98,20429,0,9498495,900.789978,52.599998,-0.225275,-1.353846,4.000854,33.353657,8.780488,978.841492,0.637000,-0.539000,11.417000,0.000000,0.000000,0.000000,31.0473518,-103.5264740,884.900,8.025,7640,17
takeoff time: 9498505
"COREYMAY3",98,17493,0,9498505,900.789978,52.599998,-0.313919,-1.426129,4.000854,33.170731,8.170732,983.231689,0.196000,-0.980000,12.592999,0.000000,0.000000,0.000000,31.0473518,-103.5264740,884.900,8.025,7640,17
takeoff time: 9498515
"COREYMAY3",98,20258,0,9498515,907.719971,52.599998,-0.310501,-1.463126,4.000854,34.207317,8.841463,985.426819,0.098000,-1.225000,12.103000,0.000000,0.000000,0.000000,31.0473518,-103.5264740,884.900,8.025,7640,17
takeoff time: 9498525
"COREYMAY3",98,19241,0,9498525,907.719971,52.599998,-0.344322,-1.463614,4.000854,34.695122,6.402439,989.207336,-0.490000,-0.637000,12.054000,0.000000,0.000000,0.000000,31.0473518,-103.5264740,884.900,8.025,7640,17
takeoff time: 9498535
"COREYMAY3",98,24675,0,9498535,907.719971,52.599998,-0.407326,-1.515995,4.000854,32.804878,6.280488,994.390259,0.196000,-0.882000,12.200999,0.000000,0.000000,0.000000,31.0473518,-103.5264740,884.900,8.025,7640,17
takeoff time: 9498545
"COREYMAY3",98,31562,0,9498545,907.719971,52.599998,-0.422833,-1.415385,4.000854,31.097561,7.804878,999.085388,0.637000,-1.666000,11.907000,0.000000,0.000000,0.000000,31.0473518,-103.5264740,884.900,8.025,7640,17
takeoff time: 9498555
"COREYMAY3",98,20774,0,9498555,915.030029,52.590000,-0.463980,-1.398779,4.000854,29.268293,8.353659,1003.414612,-0.098000,-1.176000,11.417000,0.000000,0.000000,0.000000,31.0473518,-103.5264740,884.900,8.025,7640,17
takeoff time: 9498565
"COREYMAY3",98,4384,0,9498565,915.030029,52.590000,-0.524420,-1.393529,4.000854,28.780487,8.353659,1008.048767,-0.196000,-1.127000,12.544000,0.000000,0.000000,0.000000,31.0473518,-103.5264740,884.900,8.025,7640,17
takeoff time: 9498575
"COREYMAY3",98,55368,0,9498575,915.030029,52.590000,-0.505861,-1.404518,4.000854,28.475609,9.817073,1011.707336,-0.539000,-0.882000,12.446000,0.000000,0.000000,0.000000,31.0473518,-103.5264740,884.900,8.025,7640,17
takeoff time: 9498585
"COREYMAY3",98,40765,0,9498585,915.030029,52.590000,-0.477778,-1.346764,4.000854,30.914635,10.731708,1016.158508,-0.539000,-0.882000,12.446000,0.000000,0.000000,0.000000,31.0476341,-103.5260925,938.990,8.025,7640,8
takeoff time: 9498595
"COREYMAY3",98,7679,0,9498595,915.179993,52.590000,-0.495849,-1.319170,4.000854,31.890244,11.097561,1025.304932,-1.078000,-0.441000,12.740000,0.000000,0.000000,0.000000,31.0476341,-103.5260925,938.990,8.025,7640,8
takeoff time: 9498605
"COREYMAY3",98,8681,0,9498605,915.179993,52.590000,-0.632234,-1.420146,4.000854,31.829268,10.914634,1032.256104,-0.392000,-1.323000,11.809000,0.000000,0.000000,0.000000,31.0476341,-103.5260925,938.990,8.025,7640,8
takeoff time: 9498615
"COREYMAY3",98,43879,0,9498615,915.179993,52.590000,-0.449084,-1.378022,4.000854,32.804878,12.012196,1031.158569,-0.147000,-1.078000,12.200999,0.000000,0.000000,0.000000,31.0476341,-103.5260925,938.990,8.025,7640,8
takeoff time: 9498625
"COREYMAY3",98,61805,0,9498625,915.179993,52.590000,-0.419536,-1.316972,4.000854,33.292683,12.012196,1036.036621,0.539000,-1.323000,12.054000,0.000000,0.000000,0.000000,31.0476341,-103.5260925,938.990,8.025,7640,8
takeoff time: 9498635
"COREYMAY3",98,14166,0,9498635,906.780029,52.590000,-0.478877,-1.427106,4.000854,35.182926,12.560976,1040.121948,0.392000,-0.049000,10.927000,0.000000,0.000000,0.000000,31.0476341,-103.5260925,938.990,8.025,7640,8
takeoff time: 9498645
"COREYMAY3",98,4596,0,9498645,906.780029,52.590000,-0.358486,-1.407570,4.000854,36.036587,12.195122,1040.731689,0.833000,-0.980000,11.368000,0.000000,0.000000,0.000000,31.0476341,-103.5260925,938.990,8.025,7640,8
takeoff time: 9498655
"COREYMAY3",98,54887,0,9498655,906.780029,52.590000,-0.351526,-1.454457,4.000854,34.634148,10.792683,1043.841431,0.833000,-0.882000,11.318999,0.000000,0.000000,0.000000,31.0476341,-103.5260925,938.990,8.025,7640,8
takeoff time: 9498665
"COREYMAY3",98,42531,0,9498665,906.780029,52.590000,-0.460073,-1.503419,4.000854,35.670731,8.963414,1048.475586,-0.980000,-0.686000,12.054000,0.000000,0.000000,0.000000,31.0476341,-103.5260925,938.990,8.025,7640,8
takeoff time: 9498675
"COREYMAY3",98,9671,0,9498675,905.700012,52.590000,-0.368254,-1.586813,4.000854,35.121952,8.780488,1053.231689,0.294000,-0.686000,11.172000,0.000000,0.000000,0.000000,31.0476341,-103.5260925,938.990,8.025,7640,8
takeoff time: 9498685
"COREYMAY3",98,45486,0,9498685,905.700012,52.590000,-0.426984,-1.549939,4.000854,35.792683,11.707317,1058.597534,-1.029000,-0.882000,12.005000,0.000000,0.000000,0.000000,31.0476341,-103.5260925,938.990,8.025,7640,8
takeoff time: 9498695
"COREYMAY3",98,18798,0,9498695,905.700012,52.590000,-0.464225,-1.641758,4.000854,35.792683,11.524390,1061.707275,-0.147000,-1.470000,12.446000,0.000000,0.000000,0.000000,31.0476341,-103.5260925,938.990,30.815,5260,8
takeoff time: 9498705
"COREYMAY3",98,51101,0,9498705,905.700012,52.590000,-0.469841,-1.615140,4.000854,35.182926,10.060976,1066.524414,-0.392000,-0.686000,12.005000,0.000000,0.000000,0.000000,31.0476341,-103.5260925,938.990,30.815,5260,8
takeoff time: 9498715
"COREYMAY3",98,47006,0,9498715,903.159973,52.590000,-0.528694,-1.642735,4.000854,34.146343,7.865854,1072.378052,0.196000,-0.931000,10.877999,0.000000,0.000000,0.000000,31.0476341,-103.5260925,938.990,30.815,5260,8
takeoff time: 9498725
"COREYMAY3",98,65023,0,9498725,903.159973,52.590000,-0.562515,-1.623810,4.000854,33.109756,9.451220,1077.987793,0.049000,-0.735000,11.809000,0.000000,0.000000,0.000000,31.0476341,-103.5260925,938.990,30.815,5260,8
takeoff time: 9498735
"COREYMAY3",98,45694,0,9498735,903.159973,52.590000,-0.547131,-1.622955,4.000854,32.256096,10.609756,1079.756104,1.078000,-1.274000,10.976000,0.000000,0.000000,0.000000,31.0476341,-103.5260925,938.990,30.815,5260,8
takeoff time: 9498745
"COREYMAY3",98,10800,0,9498745,903.159973,52.590000,-0.594750,-1.649206,4.000854,32.439026,10.487804,1083.475586,0.245000,-0.784000,10.780000,0.000000,0.000000,0.000000,31.0476341,-103.5260925,938.990,30.815,5260,8
takeoff time: 9498755
"COREYMAY3",98,35949,0,9498755,898.969971,52.580002,-0.597070,-1.653724,4.000854,33.658535,12.378049,1088.963379,-0.294000,-1.666000,12.691000,0.000000,0.000000,0.000000,31.0476341,-103.5260925,938.990,30.815,5260,8
takeoff time: 9498765
"COREYMAY3",98,58943,0,9498765,898.969971,52.580002,-0.549695,-1.637607,4.000854,35.000000,14.085366,1093.109741,0.147000,-1.225000,11.564000,0.000000,0.000000,0.000000,31.0476341,-103.5260925,938.990,30.815,5260,8
takeoff time: 9498775
"COREYMAY3",98,50221,0,9498775,898.969971,52.580002,-0.580464,-1.626374,4.000854,34.207317,13.109756,1098.780518,0.686000,-1.568000,11.466000,0.000000,0.000000,0.000000,31.0476341,-103.5260925,938.990,30.815,5260,8
takeoff time: 9498785
"COREYMAY3",98,28288,0,9498785,898.969971,52.580002,-0.577778,-1.626496,4.000854,34.268291,13.353659,1110.853638,-0.049000,-1.225000,12.299000,0.000000,0.000000,0.000000,31.0476341,-103.5260925,938.990,30.815,5260,8
takeoff time: 9498795
"COREYMAY3",98,52070,0,9498795,896.039978,52.580002,-0.495360,-1.631258,4.000854,35.670731,12.804878,1116.768311,-0.098000,-1.372000,12.544000,0.000000,0.000000,0.000000,31.0476341,-103.5260925,938.990,30.815,5260,8
takeoff time: 9498805
"COREYMAY3",98,65365,0,9498805,896.039978,52.580002,-0.529426,-1.612821,4.000854,35.792683,12.865853,1118.963379,0.441000,-1.029000,11.368000,0.000000,0.000000,0.000000,31.0476341,-103.5260925,938.990,30.815,5260,8
takeoff time: 9498815
"COREYMAY3",98,2660,0,9498815,896.039978,52.580002,-0.467888,-1.648962,4.000854,35.182926,12.073171,1120.975586,-0.196000,-0.931000,12.005000,0.000000,0.000000,0.000000,31.0476341,-103.5260925,938.990,30.815,5260,8
takeoff time: 9498825
"COREYMAY3",98,61478,0,9498825,896.039978,52.580002,-0.461661,-1.661172,4.000854,36.463413,13.475610,1125.061035,-0.196000,-0.931000,12.005000,0.000000,0.000000,0.000000,31.0476341,-103.5260925,938.990,30.815,5260,8
takeoff time: 9498835
"COREYMAY3",98,36869,0,9498835,893.390015,52.580002,-0.497680,-1.749695,4.000854,36.585365,13.292683,1129.938965,-0.784000,-0.882000,13.573000,0.000000,0.000000,0.000000,31.0476341,-103.5260925,938.990,30.815,5260,8
takeoff time: 9498845
"COREYMAY3",98,9432,0,9498845,893.390015,52.580002,-0.427961,-1.750305,4.000854,35.853657,11.585366,1137.012207,-0.637000,-1.225000,11.613000,0.000000,0.000000,0.000000,31.0476341,-103.5260925,938.990,30.815,5260,8
takeoff time: 9498855
"COREYMAY3",98,32417,0,9498855,893.390015,52.580002,-0.545543,-1.783761,4.000854,36.829269,11.707317,1145.853638,-0.294000,-0.735000,12.299000,0.000000,0.000000,0.000000,31.0476341,-103.5260925,938.990,30.815,5260,8
takeoff time: 9498865
"COREYMAY3",98,21156,0,9498865,893.390015,52.580002,-0.592674,-1.872772,4.000854,35.426830,11.524390,1148.719482,-0.098000,-1.470000,10.927000,0.000000,0.000000,0.000000,31.0476341,-103.5260925,938.990,30.815,5260,8
takeoff time: 9498875
"COREYMAY3",98,60194,0,9498875,891.169983,52.580002,-0.510867,-1.866422,4.000854,33.109756,9.695122,1150.731689,-0.049000,-1.372000,11.907000,0.000000,0.000000,0.000000,31.0476341,-103.5260925,938.990,30.815,5260,8
takeoff time: 9498885
"COREYMAY3",98,46615,0,9498885,891.169983,52.580002,-0.622955,-1.872039,4.000854,33.536587,11.280488,1155.609741,-0.588000,-0.833000,12.005000,0.000000,0.000000,0.000000,31.0476341,-103.5260925,938.990,30.815,5260,8
takeoff time: 9498895
"COREYMAY3",98,33888,0,9498895,891.169983,52.580002,-0.634066,-1.963248,4.000854,34.146343,10.670732,1161.707275,0.098000,-0.588000,11.221000,0.000000,0.000000,0.000000,31.0476341,-103.5260925,938.990,30.815,5260,8
takeoff time: 9498905
"COREYMAY3",98,54332,0,9498905,891.169983,52.580002,-0.582051,-1.882295,4.000854,36.463413,10.731708,1165.670776,-0.147000,-1.078000,11.564000,0.000000,0.000000,0.000000,31.0476341,-103.5260925,938.990,30.815,5260,8
takeoff time: 9498915
"COREYMAY3",98,49703,0,9498915,888.799988,52.580002,-0.645055,-1.881685,4.000854,35.914635,11.158537,1172.134155,0.441000,-1.421000,11.613000,0.000000,0.000000,0.000000,31.0476341,-103.5260925,938.990,30.815,5260,8
takeoff time: 9498925
"COREYMAY3",98,24700,0,9498925,888.799988,52.580002,-0.642369,-1.915140,4.000854,33.048782,11.829268,1185.548828,0.588000,-1.911000,11.907000,0.000000,0.000000,0.000000,31.0476341,-103.5260925,938.990,30.815,5260,8
takeoff time: 9498935
"COREYMAY3",98,50402,0,9498935,888.799988,52.580002,-0.646642,-1.912943,4.000854,32.926830,12.256098,1192.256104,-0.588000,-1.372000,11.759999,0.000000,0.000000,0.000000,31.0476341,-103.5260925,938.990,30.815,5260,8
takeoff time: 9498945
"COREYMAY3",98,21906,0,9498945,888.799988,52.580002,-0.638706,-1.909402,4.000854,36.524391,14.146341,1185.609741,0.000000,-1.274000,10.877999,0.000000,0.000000,0.000000,31.0476341,-103.5260925,938.990,30.815,5260,8
takeoff time: 9498955
"COREYMAY3",98,16261,0,9498955,887.280029,52.580002,-0.606471,-1.924664,4.000854,36.707317,15.121951,1185.365845,-0.343000,-1.274000,12.151999,0.000000,0.000000,0.000000,31.0476341,-103.5260925,938.990,30.815,5260,8
takeoff time: 9498965
"COREYMAY3",98,27058,0,9498965,887.280029,52.580002,-0.603785,-1.925763,4.000854,37.865852,14.268292,1185.853638,-0.294000,-1.666000,12.837999,0.000000,0.000000,0.000000,31.0476341,-103.5260925,938.990,30.815,5260,8
takeoff time: 9498975
"COREYMAY3",98,60263,0,9498975,887.280029,52.580002,-0.575580,-1.942002,4.000854,37.317074,13.414634,1191.341431,-0.245000,-1.372000,11.955999,0.000000,0.000000,0.000000,31.0476341,-103.5260925,938.990,30.815,5260,8
takeoff time: 9498985
"COREYMAY3",98,10035,0,9498985,887.280029,52.580002,-0.542247,-1.972528,4.000854,36.890244,15.853659,1193.231689,-0.441000,-1.029000,11.759999,0.000000,0.000000,0.000000,31.0476341,-103.5260925,938.990,30.815,5260,8
takeoff time: 9498995
"COREYMAY3",98,4809,0,9498995,885.679993,52.570000,-0.545788,-1.991819,4.000854,36.158535,15.000000,1193.841431,-0.245000,-1.323000,11.318999,0.000000,0.000000,0.000000,31.0476341,-103.5260925,938.990,30.815,5260,8
takeoff time: 9499005
"COREYMAY3",98,23,0,9499005,885.679993,52.570000,-0.543712,-2.069719,4.000854,38.597561,14.390244,1194.756104,0.147000,-1.323000,11.318999,0.000000,0.000000,0.000000,31.0476341,-103.5260925,938.990,30.815,5260,8
takeoff time: 9499015
"COREYMAY3",98,47242,0,9499015,885.679993,52.570000,-0.493284,-2.056410,4.000854,37.987804,12.195122,1201.524414,-0.441000,-1.470000,11.858000,0.000000,0.000000,0.000000,31.0476341,-103.5260925,938.990,30.815,5260,8
takeoff time: 9499025
"COREYMAY3",98,9044,0,9499025,885.679993,52.570000,-0.501221,-2.090232,4.000854,36.158535,13.109756,1203.597534,0.637000,-1.421000,11.417000,0.000000,0.000000,0.000000,31.0476341,-103.5260925,938.990,30.815,5260,8
takeoff time: 9499035
"COREYMAY3",98,62634,0,9499035,884.179993,52.570000,-0.525153,-2.075458,4.000854,34.512196,12.743902,1202.926880,-0.147000,-1.372000,12.151999,0.000000,0.000000,0.000000,31.0476341,-103.5260925,938.990,30.815,5260,8
takeoff time: 9499045
"COREYMAY3",98,166,0,9499045,884.179993,52.570000,-0.519536,-2.130525,4.000854,34.634148,13.292683,1204.146362,-1.274000,-1.421000,12.985000,0.000000,0.000000,0.000000,31.0476341,-103.5260925,938.990,30.815,5260,8
takeoff time: 9499055
"COREYMAY3",98,2370,0,9499055,884.179993,52.570000,-0.582051,-2.163370,4.000854,35.853657,14.085366,1207.073120,0.098000,-1.274000,12.250000,0.000000,0.000000,0.000000,31.0476341,-103.5260925,938.990,30.815,5260,8
takeoff time: 9499065
"COREYMAY3",98,12653,0,9499065,884.179993,52.570000,-0.581685,-2.117949,4.000854,35.182926,13.231708,1210.000000,0.098000,-1.274000,12.250000,0.000000,0.000000,0.000000,31.0476341,-103.5260925,938.990,30.815,5260,8
takeoff time: 9499075
"COREYMAY3",98,58664,0,9499075,882.799988,52.570000,-0.630525,-2.135897,4.000854,34.451218,13.414634,1210.121948,-0.147000,-1.176000,11.270000,0.000000,0.000000,0.000000,31.0476341,-103.5260925,938.990,30.815,5260,8
takeoff time: 9499085
"COREYMAY3",98,34953,0,9499085,882.799988,52.570000,-0.641026,-2.072039,4.000854,34.024391,15.487804,1214.146362,0.441000,-1.470000,12.299000,0.000000,0.000000,0.000000,31.0476341,-103.5260925,938.990,30.815,5260,8
takeoff time: 9499095
"COREYMAY3",98,62033,0,9499095,882.799988,52.570000,-0.606105,-2.108059,4.000854,32.987804,14.329268,1221.585327,1.323000,-2.205000,12.005000,0.000000,0.000000,0.000000,31.0476341,-103.5260925,938.990,30.815,5260,8
takeoff time: 9499105
"COREYMAY3",98,54434,0,9499105,882.799988,52.570000,-0.582906,-2.093285,4.000854,33.292683,15.182927,1218.109741,0.980000,-1.862000,11.809000,0.000000,0.000000,0.000000,31.0476341,-103.5260925,938.990,30.815,5260,8
takeoff time: 9499115
"COREYMAY3",98,14021,0,9499115,881.690002,52.560001,-0.553480,-2.078510,4.000854,34.695122,16.463415,1213.902466,0.392000,-1.862000,12.936000,0.000000,0.000000,0.000000,31.0476341,-103.5260925,938.990,30.815,5260,8
takeoff time: 9499125
"COREYMAY3",98,23289,0,9499125,881.690002,52.560001,-0.548962,-2.080098,4.000854,36.341465,17.134146,1217.621948,0.000000,-1.323000,12.103000,0.000000,0.000000,0.000000,31.0476341,-103.5260925,938.990,30.815,5260,8
takeoff time: 9499135
"COREYMAY3",98,40483,0,9499135,881.690002,52.560001,-0.473626,-2.090965,4.000854,35.182926,16.829268,1222.865845,-0.343000,-1.274000,11.955999,0.000000,0.000000,0.000000,31.0476341,-103.5260925,938.990,30.815,5260,8
takeoff time: 9499145
"COREYMAY3",98,46578,0,9499145,881.690002,52.560001,-0.470452,-2.113919,4.000854,36.646343,19.024391,1220.853638,1.666000,-2.744000,12.396999,0.000000,0.000000,0.000000,31.0476341,-103.5260925,938.990,30.815,5260,8
takeoff time: 9499155
"COREYMAY3",98,23418,0,9499155,880.719971,52.570000,-0.463004,-2.156166,4.000854,36.402439,16.829268,1216.463379,0.147000,-1.715000,12.250000,0.000000,0.000000,0.000000,31.0476341,-103.5260925,938.990,30.815,5260,8
takeoff time: 9499165
"COREYMAY3",98,20975,0,9499165,880.719971,52.570000,-0.464591,-2.163736,4.000854,35.000000,14.146341,1216.463379,-0.098000,-0.833000,10.486000,0.000000,0.000000,0.000000,31.0476341,-103.5260925,938.990,30.815,5260,8
takeoff time: 9499175
"COREYMAY3",98,32332,0,9499175,880.719971,52.570000,-0.490354,-2.198535,4.000854,36.036587,15.365853,1219.573120,-0.196000,-1.715000,12.103000,0.000000,0.000000,0.000000,31.0476341,-103.5260925,938.990,30.815,5260,8
takeoff time: 9499185
"COREYMAY3",98,44603,0,9499185,880.719971,52.570000,-0.490965,-2.240904,4.000854,36.219513,13.536586,1219.695068,0.147000,-1.862000,11.368000,0.000000,0.000000,0.000000,31.0476341,-103.5260925,938.990,30.815,5260,8
takeoff time: 9499195
"COREYMAY3",98,57930,0,9499195,879.840027,52.560001,-0.495482,-2.233333,4.000854,37.195122,13.719512,1219.451172,0.392000,-1.323000,11.221000,0.000000,0.000000,0.000000,31.0476341,-103.5260925,938.990,30.815,5260,8
takeoff time: 9499205
"COREYMAY3",98,12740,0,9499205,879.840027,52.560001,-0.519292,-2.278388,4.000854,36.341465,14.024390,1225.731689,0.539000,-2.303000,12.005000,0.000000,0.000000,0.000000,31.0476341,-103.5260925,938.990,30.815,5260,8
takeoff time: 9499215
"COREYMAY3",98,16481,0,9499215,879.840027,52.560001,-0.584493,-2.247619,4.000854,35.914635,13.292683,1226.097534,0.098000,-2.254000,11.270000,0.000000,0.000000,0.000000,31.0476341,-103.5260925,938.990,30.815,5260,8
takeoff time: 9499225
"COREYMAY3",98,18330,0,9499225,879.840027,52.560001,-0.537485,-2.293040,4.000854,33.597561,14.146341,1223.475586,0.049000,-1.911000,12.348000,0.000000,0.000000,0.000000,31.0476341,-103.5260925,938.990,30.815,5260,8
takeoff time: 9499235
"COREYMAY3",98,42652,0,9499235,879.200012,52.560001,-0.520024,-2.246886,4.000854,35.121952,17.256098,1218.536621,0.441000,-1.764000,11.221000,0.000000,0.000000,0.000000,31.0476341,-103.5260925,938.990,30.815,5260,8
takeoff time: 9499245
"COREYMAY3",98,28909,0,9499245,879.200012,52.560001,-0.534799,-2.254579,4.000854,33.719513,14.207317,1222.134155,0.049000,-1.862000,11.466000,0.000000,0.000000,0.000000,31.0476341,-103.5260925,938.990,30.815,5260,8
takeoff time: 9499255
"COREYMAY3",98,37926,0,9499255,879.200012,52.560001,-0.540293,-2.220879,4.000854,32.134148,16.036585,1221.890259,-0.049000,-1.519000,11.073999,0.000000,0.000000,0.000000,31.0476341,-103.5260925,938.990,30.815,5260,8
takeoff time: 9499265
"COREYMAY3",98,27493,0,9499265,879.200012,52.560001,-0.480098,-2.221001,4.000854,35.609756,18.231707,1221.402466,-0.392000,-0.980000,11.221000,0.000000,0.000000,0.000000,31.0476341,-103.5260925,938.990,30.815,5260,8
takeoff time: 9499275
"COREYMAY3",98,4823,0,9499275,878.859985,52.560001,-0.467643,-2.209524,4.000854,31.646341,17.743902,1219.634155,0.490000,-1.666000,11.613000,0.000000,0.000000,0.000000,31.0476341,-103.5260925,938.990,30.815,5260,8
takeoff time: 9499285
"COREYMAY3",98,55107,0,9499285,878.859985,52.560001,-0.480708,-2.250061,4.000854,34.512196,17.134146,1220.000000,0.735000,-2.009000,11.564000,0.000000,0.000000,0.000000,31.0476341,-103.5260925,938.990,30.815,5260,8
takeoff time: 9499295
"COREYMAY3",98,58115,0,9499295,878.859985,52.560001,-0.413187,-2.222589,4.000854,34.451218,16.951220,1221.524414,0.000000,-1.764000,11.025000,0.000000,0.000000,0.000000,31.0476341,-103.5260925,938.990,30.815,5260,8
takeoff time: 9499305
"COREYMAY3",98,165,0,9499305,878.859985,52.560001,-0.351770,-2.222711,4.000854,34.268291,15.609756,1220.061035,0.196000,-1.176000,11.172000,0.000000,0.000000,0.000000,31.0476341,-103.5260925,938.990,30.815,5260,8
takeoff time: 9499315
"COREYMAY3",98,26070,0,9499315,878.469971,52.560001,-0.315629,-2.267155,4.000854,33.719513,16.341463,1225.487793,0.196000,-1.176000,11.172000,0.000000,0.000000,0.000000,31.0476341,-103.5260925,938.990,30.815,5260,8
takeoff time: 9499325
"COREYMAY3",98,39875,0,9499325,878.469971,52.560001,-0.316606,-2.273993,4.000854,32.500000,16.951220,1222.987793,0.294000,-0.735000,10.143000,0.000000,0.000000,0.000000,31.0476341,-103.5260925,938.990,30.815,5260,8
takeoff time: 9499335
"COREYMAY3",98,20177,0,9499335,878.469971,52.560001,-0.319414,-2.297314,4.000854,32.317074,17.865854,1219.329224,0.245000,-2.205000,11.907000,0.000000,0.000000,0.000000,31.0476341,-103.5260925,938.990,30.815,5260,8
takeoff time: 9499345
"COREYMAY3",98,51692,0,9499345,878.469971,52.560001,-0.272527,-2.328694,4.000854,31.158537,18.780487,1218.719482,0.441000,-1.666000,11.759999,0.000000,0.000000,0.000000,31.0476341,-103.5260925,938.990,30.815,5260,8
takeoff time: 9499355
"COREYMAY3",98,5816,0,9499355,878.210022,52.549999,-0.310745,-2.455067,4.000854,32.621952,16.951220,1216.707275,1.372000,-1.862000,10.436999,0.000000,0.000000,0.000000,31.0476341,-103.5260925,938.990,30.815,5260,8
takeoff time: 9499365
"COREYMAY3",98,40946,0,9499365,878.210022,52.549999,-0.397924,-2.472283,4.000854,31.219513,16.890244,1220.670776,-0.294000,-1.274000,10.780000,0.000000,0.000000,0.000000,31.0476341,-103.5260925,938.990,30.815,5260,8
takeoff time: 9499375
"COREYMAY3",98,23347,0,9499375,878.210022,52.549999,-0.293407,-2.377167,4.000854,32.256096,16.280487,1230.304932,-0.294000,-1.715000,10.094000,0.000000,0.000000,0.000000,31.0476341,-103.5260925,938.990,30.815,5260,8
"COREYMAY3",98,7968,0,9499385,878.210022,52.549999,-0.383028,-2.364469,4.000854,31.707317,16.158537,1228.841431,0.049000,-0.735000,9.506000,0.000000,0.000000,0.000000,31.0476341,-103.5260925,938.990,30.815,5260,8
takeoff time: 9499395
"COREYMAY3",98,43467,0,9499395,877.409973,52.549999,-0.463858,-2.365324,4.000854,31.585365,18.109756,1220.182983,0.245000,-2.009000,11.172000,0.000000,0.000000,0.000000,31.0476341,-103.5260925,938.990,30.815,5260,8
takeoff time: 9499405
"COREYMAY3",98,61124,0,9499405,877.409973,52.549999,-0.364713,-2.286813,4.000854,30.182926,19.207317,1217.195068,-0.588000,-2.058000,11.662000,0.000000,0.000000,0.000000,31.0476341,-103.5260925,938.990,30.815,5260,8
takeoff time: 9499415
"COREYMAY3",98,27095,0,9499415,877.409973,52.549999,-0.299756,-2.290232,4.000854,30.243902,19.085365,1215.365845,-1.029000,-1.029000,11.368000,0.000000,0.000000,0.000000,31.0476341,-103.5260925,938.990,30.815,5260,8
takeoff time: 9499425
"COREYMAY3",98,40044,0,9499425,877.409973,52.549999,-0.352259,-2.310012,4.000854,32.195122,20.853659,1222.865845,-0.147000,-1.127000,10.191999,0.000000,0.000000,0.000000,31.0476341,-103.5260925,938.990,30.815,5260,8
takeoff time: 9499435
"COREYMAY3",98,43783,0,9499435,877.419983,52.549999,-0.317094,-2.271917,4.000854,31.036585,23.231707,1233.902466,0.833000,-1.421000,10.388000,0.000000,0.000000,0.000000,31.0476341,-103.5260925,938.990,30.815,5260,8
takeoff time: 9499445
"COREYMAY3",98,41011,0,9499445,877.419983,52.549999,-0.194628,-2.273748,4.000854,28.841463,20.243902,1222.317017,0.294000,-1.176000,11.564000,0.000000,0.000000,0.000000,31.0476341,-103.5260925,938.990,30.815,5260,8
takeoff time: 9499455
"COREYMAY3",98,50814,0,9499455,877.419983,52.549999,-0.102564,-2.256899,4.000854,30.731707,20.121952,1223.841431,0.588000,-0.980000,10.780000,0.000000,0.000000,0.000000,31.0476341,-103.5260925,938.990,30.815,5260,8
takeoff time: 9499465
"COREYMAY3",98,55419,0,9499465,877.419983,52.549999,-0.086325,-2.346154,4.000854,30.670732,19.573172,1224.390259,0.049000,-1.911000,11.318999,0.000000,0.000000,0.000000,31.0476341,-103.5260925,938.990,30.815,5260,8
takeoff time: 9499475
"COREYMAY3",98,26091,0,9499475,880.669983,52.540001,-0.095726,-2.375946,4.000854,30.548780,19.268293,1222.926880,0.686000,-2.107000,10.976000,0.000000,0.000000,0.000000,31.0476341,-103.5260925,938.990,30.815,5260,8
takeoff time: 9499485
"COREYMAY3",98,12167,0,9499485,880.669983,52.540001,0.015507,-2.415018,4.000854,30.731707,18.658537,1221.646362,1.470000,-2.009000,10.682000,0.000000,0.000000,0.000000,31.0476341,-103.5260925,938.990,30.815,5260,8
takeoff time: 9499495
"COREYMAY3",98,35030,0,9499495,880.669983,52.540001,0.104762,-2.636386,4.000854,31.585365,17.682926,1218.109741,1.715000,-2.548000,10.682000,0.000000,0.000000,0.000000,31.0476341,-103.5260925,938.990,30.815,5260,8
"COREYMAY3",98,52835,0,9499505,880.669983,52.540001,-0.098046,-2.486203,4.000854,30.243902,16.707317,1222.378052,0.490000,-2.058000,9.898000,0.000000,0.000000,0.000000,31.0476341,-103.5260925,938.990,30.815,5260,8
takeoff time: 9499515
"COREYMAY3",98,32243,0,9499515,882.469971,52.540001,-0.034676,-2.638584,4.000854,26.829268,16.707317,1218.902466,1.323000,-2.156000,10.927000,0.000000,0.000000,0.000000,31.0476341,-103.5260925,938.990,30.815,5260,8
takeoff time: 9499525
"COREYMAY3",98,50823,0,9499525,882.469971,52.540001,-0.041514,-2.507692,4.000854,23.353659,15.060976,1212.073120,1.078000,-2.401000,10.829000,0.000000,0.000000,0.000000,31.0476341,-103.5260925,938.990,30.815,5260,8
takeoff time: 9499535
"COREYMAY3",98,46216,0,9499535,882.469971,52.540001,0.000611,-2.554579,4.000854,26.219513,17.073172,1211.158569,0.588000,-1.862000,10.877999,0.000000,0.000000,0.000000,31.0476341,-103.5260925,938.990,30.815,5260,8
takeoff time: 9499545
"COREYMAY3",98,63032,0,9499545,882.469971,52.540001,-0.064469,-2.388156,4.000854,24.146341,20.609756,1210.670776,0.735000,-1.764000,10.682000,0.000000,0.000000,0.000000,31.0476341,-103.5260925,938.990,30.815,5260,8
takeoff time: 9499555
"COREYMAY3",98,15034,0,9499555,882.190002,52.540001,-0.037363,-2.431868,4.000854,22.317074,22.987804,1216.585327,0.735000,-1.764000,10.682000,0.000000,0.000000,0.000000,31.0476341,-103.5260925,938.990,30.815,5260,8
"COREYMAY3",98,6242,0,9499565,882.190002,52.540001,-0.033211,-2.270086,4.000854,24.268293,22.865854,1218.780518,0.637000,-2.058000,9.947000,0.000000,0.000000,0.000000,31.0476341,-103.5260925,938.990,30.815,5260,8
"COREYMAY3",98,16481,0,9499575,882.190002,52.540001,0.027106,-2.355067,4.000854,24.329268,23.231707,1217.378052,0.637000,-1.029000,9.750999,0.000000,0.000000,0.000000,31.0476341,-103.5260925,938.990,30.815,5260,5
"COREYMAY3",98,60135,0,9499585,882.190002,52.540001,0.107082,-2.318803,4.000854,22.987804,23.414635,1207.743896,-0.098000,-0.441000,8.722000,0.000000,0.000000,0.000000,31.0476341,-103.5260925,938.990,30.815,5260,5
takeoff time: 9499595
"COREYMAY3",98,41423,0,9499595,881.429993,52.540001,0.174115,-2.318315,4.000854,25.487804,24.817074,1201.890259,0.588000,-1.862000,10.780000,0.000000,0.000000,0.000000,31.0476341,-103.5260925,938.990,30.815,5260,5
takeoff time: 9499605
"COREYMAY3",98,19761,0,9499605,881.429993,52.540001,0.211844,-2.417827,4.000854,28.841463,23.353659,1200.548828,0.343000,-1.813000,10.241000,0.000000,0.000000,0.000000,31.0476341,-103.5260925,938.990,30.815,5260,5
takeoff time: 9499615
"COREYMAY3",98,16268,0,9499615,881.429993,52.540001,0.269475,-2.430891,4.000854,26.951220,23.414635,1198.231689,1.862000,-2.499000,10.780000,0.000000,0.000000,0.000000,31.0476341,-103.5260925,938.990,30.815,5260,5
takeoff time: 9499625
"COREYMAY3",98,63305,0,9499625,881.429993,52.540001,0.289377,-2.408913,4.000854,25.304878,23.902439,1199.451172,0.588000,-1.715000,10.927000,0.000000,0.000000,0.000000,31.0476341,-103.5260925,938.990,30.815,5260,5
takeoff time: 9499635
"COREYMAY3",98,44502,0,9499635,881.760010,52.529999,0.396703,-2.587424,4.000854,23.231707,21.158537,1199.817017,0.539000,-2.401000,10.927000,0.000000,0.000000,0.000000,31.0476341,-103.5260925,938.990,30.815,5260,5
"COREYMAY3",98,39186,0,9499645,881.760010,52.529999,0.416728,-2.597802,4.000854,23.475609,19.146341,1213.597534,0.441000,-1.519000,9.849000,0.000000,0.000000,0.000000,31.0476341,-103.5260925,938.990,30.815,5260,5
takeoff time: 9499655
"COREYMAY3",98,14167,0,9499655,881.760010,52.529999,0.385104,-2.607448,4.000854,21.951220,19.878048,1217.317017,2.646000,-2.597000,10.877999,0.000000,0.000000,0.000000,31.0476341,-103.5260925,938.990,30.815,5260,5
takeoff time: 9499665
"COREYMAY3",98,57290,0,9499665,881.760010,52.529999,0.350549,-2.623688,4.000854,21.585365,18.719513,1204.146362,2.009000,-2.009000,10.045000,0.000000,0.000000,0.000000,31.0476341,-103.5260925,938.990,30.815,5260,5
"COREYMAY3",98,34790,0,9499675,882.239990,52.529999,0.250672,-2.567765,4.000854,20.853659,17.926828,1198.719482,0.980000,-2.401000,8.624000,0.000000,0.000000,0.000000,31.0476341,-103.5260925,938.990,30.815,5260,5
"COREYMAY3",98,34681,0,9499685,882.239990,52.529999,0.373504,-2.527228,4.000854,18.902439,19.085365,1194.329224,2.401000,-3.136000,9.506000,0.000000,0.000000,0.000000,31.0476341,-103.5260925,938.990,30.815,5260,5
takeoff time: 9499695
"COREYMAY3",98,63444,0,9499695,882.239990,52.529999,0.373504,-2.527228,4.000854,18.902439,19.085365,1194.329224,-0.343000,-1.519000,10.486000,0.000000,0.000000,0.000000,31.0476341,-103.5260925,938.990,30.815,5260,5
takeoff time: 9499705
"COREYMAY3",98,9511,0,9499705,882.239990,52.529999,0.269353,-2.440415,4.000854,16.707317,19.878048,1190.975586,0.833000,-1.372000,10.339000,0.000000,0.000000,0.000000,31.0476341,-103.5260925,938.990,30.815,5260,5
"COREYMAY3",98,5378,0,9499715,881.469971,52.529999,0.398901,-2.459951,4.000854,15.426829,22.500000,1194.207275,0.686000,-1.029000,8.526000,0.000000,0.000000,0.000000,31.0476341,-103.5260925,938.990,30.815,5260,5
"COREYMAY3",98,64867,0,9499725,881.469971,52.529999,0.389011,-2.377534,4.000854,16.646341,22.743902,1202.438965,1.127000,-1.960000,9.163000,0.000000,0.000000,0.000000,31.0476341,-103.5260925,938.990,30.815,5260,5
takeoff time: 9499735
"COREYMAY3",98,18723,0,9499735,881.469971,52.529999,0.466178,-2.402930,4.000854,21.707317,25.121952,1194.573120,0.490000,-1.617000,10.094000,0.000000,0.000000,0.000000,31.0476341,-103.5260925,938.990,30.815,5260,5
takeoff time: 9499745
"COREYMAY3",98,58440,0,9499745,881.469971,52.529999,0.567888,-2.377900,4.000854,19.878048,26.219513,1185.000000,2.107000,-2.499000,10.339000,0.000000,0.000000,0.000000,31.0476341,-103.5260925,938.990,30.815,5260,5
takeoff time: 9499755
"COREYMAY3",98,45990,0,9499755,882.099976,52.520000,0.633578,-2.319170,4.000854,16.768293,26.280487,1180.914673,0.931000,-2.205000,10.976000,0.000000,0.000000,0.000000,31.0476341,-103.5260925,938.990,30.815,5260,5
takeoff time: 9499765
"COREYMAY3",98,44731,0,9499765,882.099976,52.520000,0.722466,-2.291331,4.000854,16.097561,26.097561,1180.243896,0.588000,-1.176000,10.436999,0.000000,0.000000,0.000000,31.0476341,-103.5260925,938.990,30.815,5260,5
"COREYMAY3",98,16600,0,9499775,882.099976,52.520000,0.884860,-2.366544,4.000854,16.036585,24.512196,1191.585327,1.323000,-1.470000,9.457000,0.000000,0.000000,0.000000,31.0476341,-103.5260925,938.990,30.815,5260,5
"COREYMAY3",98,5442,0,9499785,882.099976,52.520000,0.898901,-2.418193,4.000854,17.865854,22.073172,1191.341431,2.548000,-1.764000,8.231999,0.000000,0.000000,0.000000,31.0476341,-103.5260925,938.990,30.815,5260,5
"COREYMAY3",98,43264,0,9499795,883.000000,52.520000,0.851770,-2.494383,4.000854,17.012196,20.975609,1175.609741,2.058000,-2.107000,9.604000,0.000000,0.000000,0.000000,31.0476341,-103.5260925,938.990,30.815,5260,5
"COREYMAY3",98,45963,0,9499805,883.000000,52.520000,0.839927,-2.517216,4.000854,13.963414,19.085365,1172.865845,2.058000,-2.107000,9.604000,0.000000,0.000000,0.000000,31.0476341,-103.5260925,938.990,30.815,5260,5
takeoff time: 9499815
"COREYMAY3",98,64835,0,9499815,883.000000,52.520000,0.821734,-2.463370,4.000854,12.865853,19.024391,1171.280518,1.421000,-2.548000,10.584000,0.000000,0.000000,0.000000,31.0476341,-103.5260925,938.990,30.815,5260,5
"COREYMAY3",98,43582,0,9499825,883.000000,52.520000,0.669597,-2.418559,4.000854,11.585366,20.426828,1164.756104,1.029000,-2.401000,9.113999,0.000000,0.000000,0.000000,31.0476341,-103.5260925,938.990,30.815,5260,5
"COREYMAY3",98,17392,0,9499835,882.900024,52.520000,0.662882,-2.343956,4.000854,12.439024,22.865854,1160.061035,2.254000,-2.107000,9.408000,0.000000,0.000000,0.000000,31.0476341,-103.5260925,938.990,30.815,5260,5
"COREYMAY3",98,33899,0,9499845,882.900024,52.520000,0.696093,-2.289255,4.000854,11.402439,21.463415,1163.414673,0.637000,-0.882000,7.595000,0.000000,0.000000,0.000000,31.0476341,-103.5260925,938.990,30.815,5260,5
"COREYMAY3",98,30917,0,9499855,882.900024,52.520000,0.744689,-2.214896,4.000854,8.231708,22.256098,1161.280518,1.274000,-1.470000,9.800000,0.000000,0.000000,0.000000,31.0476341,-103.5260925,938.990,30.815,5260,5
"COREYMAY3",98,37389,0,9499865,882.900024,52.520000,0.900122,-2.238584,4.000854,7.804878,27.256098,1154.938965,1.617000,-0.833000,8.575000,0.000000,0.000000,0.000000,31.0476341,-103.5260925,938.990,30.815,5260,5
takeoff time: 9499875
"COREYMAY3",98,34250,0,9499875,882.669983,52.520000,1.012454,-2.192430,4.000854,14.329268,29.024391,1154.024414,0.833000,-2.107000,10.535000,0.000000,0.000000,0.000000,31.0476341,-103.5260925,938.990,30.815,5260,5
"COREYMAY3",98,57343,0,9499885,882.669983,52.520000,1.097680,-2.186325,4.000854,8.963414,26.890244,1146.280518,2.156000,-1.568000,9.212000,0.000000,0.000000,0.000000,31.0476341,-103.5260925,938.990,30.815,5260,5
"COREYMAY3",98,58324,0,9499895,882.669983,52.520000,1.154823,-2.182540,4.000854,10.792683,27.195122,1140.243896,1.960000,-1.421000,8.771000,0.000000,0.000000,0.000000,31.0476341,-103.5260925,938.990,30.815,5260,5
"COREYMAY3",98,60337,0,9499905,882.669983,52.520000,1.213797,-2.182784,4.000854,11.280488,25.182926,1134.268311,0.980000,-1.225000,8.868999,0.000000,0.000000,0.000000,31.0476341,-103.5260925,938.990,30.815,5260,5
"COREYMAY3",98,20690,0,9499915,883.289978,52.509998,1.341880,-2.223199,4.000854,13.963414,22.012196,1137.195068,2.058000,-1.372000,8.134000,0.000000,0.000000,0.000000,31.0476341,-103.5260925,938.990,30.815,5260,5
"COREYMAY3",98,14887,0,9499925,883.289978,52.509998,1.402808,-2.114774,4.000854,13.536586,22.743902,1130.792725,0.882000,-1.715000,8.330000,0.000000,0.000000,0.000000,31.0476341,-103.5260925,938.990,30.815,5260,5
"COREYMAY3",98,13479,0,9499935,883.289978,52.509998,1.443223,-2.140171,4.000854,12.378049,21.280487,1118.963379,1.813000,-2.205000,8.672999,0.000000,0.000000,0.000000,31.0476341,-103.5260925,938.990,30.815,5260,5
"COREYMAY3",98,44387,0,9499945,883.289978,52.509998,1.499878,-2.115385,4.000854,6.402439,19.817074,1115.975586,2.156000,-1.225000,8.085000,0.000000,0.000000,0.000000,31.0476341,-103.5260925,938.990,30.815,5260,5
"COREYMAY3",98,12792,0,9499955,883.039978,52.509998,1.477289,-2.028571,4.000854,5.426829,19.695122,1131.951172,1.715000,-1.617000,8.820000,0.000000,0.000000,0.000000,31.0476341,-103.5260925,938.990,30.815,5260,5
"COREYMAY3",98,44071,0,9499965,883.039978,52.509998,1.506960,-2.098657,4.000854,4.024390,19.024391,1137.134155,1.029000,-1.274000,9.995999,0.000000,0.000000,0.000000,31.0476341,-103.5260925,938.990,30.815,5260,5
"COREYMAY3",98,8155,0,9499975,883.039978,52.509998,1.486203,-1.986325,4.000854,-0.060976,18.597561,1109.268311,0.931000,-2.058000,9.800000,0.000000,0.000000,0.000000,31.0476341,-103.5260925,938.990,30.815,5260,5
"COREYMAY3",98,37013,0,9499985,883.039978,52.509998,1.520024,-2.040537,4.000854,3.780488,18.719513,1088.353638,1.813000,-1.274000,8.183000,0.000000,0.000000,0.000000,31.0476341,-103.5260925,938.990,30.815,5260,5
"COREYMAY3",98,12195,0,9499995,882.000000,52.509998,1.601221,-1.915262,4.000854,-0.487805,19.085365,1084.451172,2.352000,-0.539000,7.350000,0.000000,0.000000,0.000000,31.0476341,-103.5260925,938.990,30.815,5260,5
"COREYMAY3",98,10660,0,9500005,882.000000,52.509998,1.690598,-1.903175,4.000854,-0.487805,20.670732,1075.061035,1.323000,-0.735000,8.771000,0.000000,0.000000,0.000000,31.0476341,-103.5260925,938.990,30.815,5260,5
"COREYMAY3",98,28341,0,9500015,882.000000,52.509998,1.726374,-1.764469,4.000854,-3.780488,18.841463,1066.890259,0.686000,-0.588000,9.113999,0.000000,0.000000,0.000000,31.0476341,-103.5260925,938.990,30.815,5260,5
"COREYMAY3",98,41732,0,9500025,882.000000,52.509998,1.715995,-1.731502,4.000854,-6.524390,19.512196,1064.207275,2.940000,-1.960000,8.820000,0.000000,0.000000,0.000000,31.0476341,-103.5260925,938.990,30.815,5260,5
"COREYMAY3",98,2242,0,9500035,881.179993,52.509998,1.785226,-1.727228,4.000854,-4.268293,20.426828,1056.341431,2.891000,-1.519000,8.379000,0.000000,0.000000,0.000000,31.0476341,-103.5260925,938.990,30.815,5260,5
"COREYMAY3",98,27716,0,9500045,881.179993,52.509998,1.907448,-1.639072,4.000854,-6.219512,18.658537,1061.280518,2.891000,-1.519000,8.379000,0.000000,0.000000,0.000000,31.0476341,-103.5260925,938.990,30.815,5260,5
"COREYMAY3",98,22721,0,9500055,881.179993,52.509998,2.042857,-1.446154,4.000854,-8.353659,19.634146,1048.170776,1.960000,-1.862000,7.742000,0.000000,0.000000,0.000000,31.0476341,-103.5260925,938.990,30.815,5260,5
"COREYMAY3",98,46431,0,9500065,881.179993,52.509998,2.173138,-1.421856,4.000854,-7.195122,20.182926,1033.292725,1.813000,-0.539000,8.427999,0.000000,0.000000,0.000000,31.0476341,-103.5260925,938.990,30.815,5260,5
"COREYMAY3",98,5449,0,9500075,879.989990,52.509998,2.357143,-1.312576,4.000854,-6.463415,19.146341,1032.500000,1.617000,0.441000,5.929000,0.000000,0.000000,0.000000,31.0476341,-103.5260925,938.990,30.815,5260,5
"COREYMAY3",98,30423,0,9500085,879.989990,52.509998,2.416483,-1.235531,4.000854,-7.560976,17.804878,1030.548828,2.989000,-0.637000,7.546000,0.000000,0.000000,0.000000,31.0476341,-103.5260925,938.990,30.815,5260,5
"COREYMAY3",98,35781,0,9500095,879.989990,52.509998,2.439072,-1.277656,4.000854,-6.097561,16.097561,1009.146362,3.920000,-0.588000,7.546000,0.000000,0.000000,0.000000,31.0476341,-103.5260925,938.990,30.815,5260,5
"COREYMAY3",98,44138,0,9500105,879.989990,52.509998,2.489621,-1.237118,4.000854,-5.426829,12.439024,1000.365845,3.087000,-1.127000,8.820000,0.000000,0.000000,0.000000,31.0476341,-103.5260925,938.990,30.815,5260,5
"COREYMAY3",98,45786,0,9500115,878.950012,52.500000,2.517216,-1.191697,4.000854,-3.963415,12.926829,997.804871,3.675000,-0.343000,7.399000,0.000000,0.000000,0.000000,31.0476341,-103.5260925,938.990,30.815,5260,5
"COREYMAY3",98,45793,0,9500125,878.950012,52.500000,2.561538,-1.157753,4.000854,-9.512196,9.817073,983.231689,3.430000,-0.098000,6.272000,0.000000,0.000000,0.000000,31.0476341,-103.5260925,938.990,30.815,5260,5
"COREYMAY3",98,22714,0,9500135,878.950012,52.500000,2.511477,-1.011111,4.000854,-11.402439,8.475610,967.012207,2.597000,-1.225000,8.330000,0.000000,0.000000,0.000000,31.0476341,-103.5260925,938.990,30.815,5260,5
"COREYMAY3",98,47294,0,9500145,878.950012,52.500000,2.517827,-0.889255,4.000854,-11.341463,9.268292,954.390259,3.626000,-1.029000,8.085000,0.000000,0.000000,0.000000,31.0476341,-103.5260925,938.990,30.815,5260,5
"COREYMAY3",98,30861,0,9500155,877.340027,52.500000,2.563858,-0.816483,4.000854,-14.390244,7.743902,944.817078,3.773000,-0.245000,7.105000,0.000000,0.000000,0.000000,31.0476341,-103.5260925,938.990,30.815,5260,5
"COREYMAY3",98,57747,0,9500165,877.340027,52.500000,2.533089,-0.622833,4.000854,-13.170732,7.865854,940.060974,2.989000,-0.147000,7.742000,0.000000,0.000000,0.000000,31.0476341,-103.5260925,938.990,30.815,5260,5
"COREYMAY3",98,33690,0,9500175,877.340027,52.500000,2.581807,-0.535531,4.000854,-12.987804,8.536586,945.243896,2.842000,0.196000,7.448000,0.000000,0.000000,0.000000,31.0476341,-103.5260925,938.990,30.815,5260,5
"COREYMAY3",98,33803,0,9500185,877.340027,52.500000,2.575824,-0.384371,4.000854,-12.804878,7.439024,968.841492,3.626000,0.343000,7.252000,0.000000,0.000000,0.000000,31.0476341,-103.5260925,938.990,30.815,5260,5
"COREYMAY3",98,65354,0,9500195,876.729980,52.500000,2.627350,-0.258120,4.000854,-12.865853,5.731707,960.670715,3.332000,0.343000,6.370000,0.000000,0.000000,0.000000,31.0476341,-103.5260925,938.990,30.815,5260,5
"COREYMAY3",98,35366,0,9500205,876.729980,52.500000,2.793895,-0.160928,4.000854,-10.060976,7.195122,939.146362,2.891000,0.196000,6.272000,0.000000,0.000000,0.000000,31.0476341,-103.5260925,938.990,30.815,5260,5
"COREYMAY3",98,57809,0,9500215,876.729980,52.500000,2.761050,-0.042125,4.000854,-12.317073,5.548780,918.170715,3.087000,0.392000,6.909000,0.000000,0.000000,0.000000,31.0476341,-103.5260925,938.990,30.815,5260,5
"COREYMAY3",98,26567,0,9500225,876.729980,52.500000,2.879487,-0.047985,4.000854,-13.170732,3.048780,907.073181,3.479000,0.539000,7.742000,0.000000,0.000000,0.000000,31.0476341,-103.5260925,938.990,30.815,5260,5
"COREYMAY3",98,13013,0,9500235,875.940002,52.500000,2.983150,-0.005617,4.000854,-10.487804,-0.731707,914.634155,3.234000,-0.588000,6.909000,0.000000,0.000000,0.000000,31.0476341,-103.5260925,938.990,30.815,5260,5
"COREYMAY3",98,39050,0,9500245,875.940002,52.500000,2.996581,0.013553,4.000854,-9.512196,1.341463,935.365845,1.911000,-0.392000,9.016000,0.000000,0.000000,0.000000,31.0476341,-103.5260925,938.990,30.815,5260,5
"COREYMAY3",98,37699,0,9500255,875.940002,52.500000,2.953968,0.074359,4.000854,-13.536586,0.365854,935.548767,2.842000,1.764000,5.782000,0.000000,0.000000,0.000000,31.0476341,-103.5260925,938.990,30.815,5260,5
"COREYMAY3",98,3290,0,9500265,875.940002,52.500000,2.959463,0.129792,4.000854,-12.378049,-2.378049,909.634155,2.793000,0.735000,5.194000,0.000000,0.000000,0.000000,31.0476341,-103.5260925,938.990,30.815,5260,5
"COREYMAY3",98,3353,0,9500275,877.500000,52.500000,2.959341,0.195971,4.000854,-10.304878,-0.731707,899.634155,3.430000,0.245000,5.635000,0.000000,0.000000,0.000000,31.0476341,-103.5260925,938.990,30.815,5260,5
"COREYMAY3",98,43365,0,9500285,877.500000,52.500000,2.948230,0.223199,4.000854,-14.817073,-5.426829,889.573181,3.038000,2.156000,5.243000,0.000000,0.000000,0.000000,31.0476341,-103.5260925,938.990,30.815,5260,5
"COREYMAY3",98,32214,0,9500295,877.500000,52.500000,2.851404,0.267155,4.000854,-19.756098,-6.524390,886.219482,3.038000,2.156000,5.243000,0.000000,0.000000,0.000000,31.0476341,-103.5260925,938.990,30.815,5260,5
"COREYMAY3",98,58386,0,9500305,877.500000,52.500000,2.894261,0.315385,4.000854,-20.975609,-7.317073,886.951233,3.136000,0.735000,7.203000,0.000000,0.000000,0.000000,31.0476341,-103.5260925,938.990,30.815,5260,5
"COREYMAY3",98,37844,0,9500315,876.849976,52.490002,2.792674,0.359951,4.000488,-18.109756,-9.756098,887.682922,2.401000,1.127000,6.517000,0.000000,0.000000,0.000000,31.0476341,-103.5260925,938.990,30.815,5260,5
"COREYMAY3",98,31460,0,9500325,876.849976,52.490002,2.763736,0.501709,4.000854,-13.536586,-7.560976,886.402466,2.793000,2.842000,5.390000,0.000000,0.000000,0.000000,31.0476341,-103.5260925,938.990,30.815,5260,5
"COREYMAY3",98,6020,0,9500335,876.849976,52.490002,2.816606,0.594383,4.000854,-15.487804,-7.134146,890.182922,3.479000,2.156000,5.439000,0.000000,0.000000,0.000000,31.0476341,-103.5260925,938.990,30.815,5260,5
"COREYMAY3",98,16236,0,9500345,876.849976,52.490002,2.760195,0.673260,4.000854,-20.670732,-8.780488,900.304871,3.332000,1.568000,5.488000,0.000000,0.000000,0.000000,31.0476341,-103.5260925,938.990,30.815,5260,5
"COREYMAY3",98,35788,0,9500355,875.330017,52.490002,2.767277,0.694628,3.997558,-19.878048,-6.463415,910.670715,3.626000,1.078000,4.704000,0.000000,0.000000,0.000000,31.0476341,-103.5260925,938.990,30.815,5260,5
"COREYMAY3",98,64346,0,9500365,875.330017,52.490002,2.723687,0.818681,3.988645,-16.524391,-9.207317,925.000000,3.577000,0.539000,5.635000,0.000000,0.000000,0.000000,31.0476341,-103.5260925,938.990,30.815,5260,5
"COREYMAY3",98,7716,0,9500375,875.330017,52.490002,2.784860,0.819902,3.989499,-9.329268,-7.012195,934.451233,3.332000,1.911000,5.145000,0.000000,0.000000,0.000000,31.0476341,-103.5260925,938.990,30.815,5260,5
"COREYMAY3",98,6744,0,9500385,875.330017,52.490002,2.847131,0.918803,3.999389,-9.939024,-6.890244,920.365845,3.871000,1.764000,4.116000,0.000000,0.000000,0.000000,31.0476341,-103.5260925,938.990,30.815,5260,5
"COREYMAY3",98,34722,0,9500395,872.960022,52.490002,2.894872,0.839438,3.985226,-8.109756,-8.048780,911.402466,2.107000,1.568000,3.675000,0.000000,0.000000,0.000000,31.0476341,-103.5260925,938.990,30.815,5260,5
"COREYMAY3",98,48199,0,9500405,872.960022,52.490002,2.892063,0.786935,3.950794,-8.292683,-9.390244,918.963440,3.038000,1.421000,4.753000,0.000000,0.000000,0.000000,31.0476341,-103.5260925,938.990,30.815,5260,5
"COREYMAY3",98,11076,0,9500415,872.960022,52.490002,2.914652,0.676801,3.968864,-5.792683,-10.792683,918.170715,2.156000,1.617000,5.096000,0.000000,0.000000,0.000000,31.0476341,-103.5260925,938.990,30.815,5260,5
"COREYMAY3",98,35287,0,9500425,872.960022,52.490002,2.806471,0.641514,3.916606,-10.670732,-10.365853,914.451233,6.272000,0.539000,4.214000,0.000000,0.000000,0.000000,31.0476341,-103.5260925,938.990,30.815,5260,5
"COREYMAY3",98,24064,0,9500435,874.400024,52.490002,2.794017,0.632723,3.878999,-11.158537,-12.317073,900.060974,4.263000,-0.441000,5.831000,0.000000,0.000000,0.000000,31.0476341,-103.5260925,938.990,30.815,5260,5
"COREYMAY3",98,16801,0,9500445,874.400024,52.490002,2.861660,0.537607,3.903785,-10.853659,-13.048780,903.597534,3.234000,1.029000,3.724000,0.000000,0.000000,0.000000,31.0476341,-103.5260925,938.990,30.815,5260,5
"COREYMAY3",98,15244,0,9500455,874.400024,52.490002,2.761172,0.648352,3.893651,-11.463414,-16.097561,904.939026,4.067000,0.735000,4.753000,0.000000,0.000000,0.000000,31.0476341,-103.5260925,938.990,30.815,5260,5
"COREYMAY3",98,24291,0,9500465,874.400024,52.490002,2.570696,0.611233,3.907448,-8.902439,-15.060976,905.914612,3.969000,1.421000,4.655000,0.000000,0.000000,0.000000,31.0476341,-103.5260925,938.990,30.815,5260,5
"COREYMAY3",98,42394,0,9500475,873.349976,52.480000,2.533211,0.626862,3.759829,-9.146341,-13.597561,910.426819,2.793000,1.911000,2.548000,0.000000,0.000000,0.000000,31.0476341,-103.5260925,938.990,30.815,5260,5
"COREYMAY3",98,33848,0,9500485,873.349976,52.480000,2.374603,0.697924,3.797924,-11.036586,-10.792683,948.353638,2.597000,0.882000,4.753000,0.000000,0.000000,0.000000,31.0476341,-103.5260925,938.990,30.815,5260,5
"COREYMAY3",98,62445,0,9500495,873.349976,52.480000,2.375092,0.784860,3.806593,-11.280488,-12.378049,951.341492,3.087000,2.352000,3.773000,0.000000,0.000000,0.000000,31.0476341,-103.5260925,938.990,30.815,5260,5
"COREYMAY3",98,9106,0,9500505,873.349976,52.480000,2.606349,0.785714,3.728693,-6.219512,-10.548780,926.707336,3.528000,1.323000,4.361000,0.000000,0.000000,0.000000,31.0476341,-103.5260925,938.990,30.815,5260,5
"COREYMAY3",98,31440,0,9500515,871.690002,52.480000,2.376068,0.820635,3.674603,-7.621951,-8.780488,927.743896,6.027000,-0.196000,4.116000,0.000000,0.000000,0.000000,31.0476341,-103.5260925,938.990,30.815,5260,5
"COREYMAY3",98,5233,0,9500525,871.690002,52.480000,2.634676,0.713065,3.605617,-11.707317,-7.987805,944.756104,2.597000,1.470000,3.920000,0.000000,0.000000,0.000000,31.0476341,-103.5260925,938.990,30.815,5260,5
"COREYMAY3",98,2926,0,9500535,871.690002,52.480000,2.663126,0.803297,3.520391,-10.853659,-5.365854,934.939026,3.185000,1.666000,4.165000,0.000000,0.000000,0.000000,31.0476341,-103.5260925,938.990,30.815,5260,5
"COREYMAY3",98,56502,0,9500545,871.690002,52.480000,2.495482,0.692186,3.507326,-8.658537,-6.646341,939.512207,3.185000,1.666000,4.165000,0.000000,0.000000,0.000000,31.0476341,-103.5260925,938.990,30.815,5260,5
"COREYMAY3",98,17192,0,9500555,870.219971,52.480000,2.578144,0.667033,3.410256,-5.060976,-7.865854,992.682922,3.136000,0.931000,4.410000,0.000000,0.000000,0.000000,31.0476341,-103.5260925,938.990,30.815,5260,5
"COREYMAY3",98,16580,0,9500565,870.219971,52.480000,2.657509,0.593529,3.313431,-2.500000,-7.987805,986.463440,3.381000,1.568000,3.675000,0.000000,0.000000,0.000000,31.0476341,-103.5260925,938.990,30.815,5260,5
"COREYMAY3",98,56921,0,9500575,870.219971,52.480000,2.534677,0.520024,3.278999,-5.731707,-8.841463,938.414612,2.548000,0.147000,5.096000,0.000000,0.000000,0.000000,31.0476341,-103.5260925,938.990,30.815,5260,0
"COREYMAY3",98,64448,0,9500585,870.219971,52.480000,2.600366,0.367643,3.200122,-6.219512,-7.865854,931.890259,4.606000,0.049000,2.793000,0.000000,0.000000,0.000000,31.0476341,-103.5260925,938.990,30.815,5260,0
"COREYMAY3",98,48702,0,9500595,868.619995,52.480000,2.705739,0.280830,3.076679,-4.695122,-8.475610,945.975586,2.842000,0.833000,4.116000,0.000000,0.000000,0.000000,31.0476341,-103.5260925,938.990,30.815,5260,0
"COREYMAY3",98,5403,0,9500605,868.619995,52.480000,2.730037,0.286081,3.047375,-3.719512,-8.231708,950.487793,3.822000,0.294000,2.793000,0.000000,0.000000,0.000000,31.0476341,-103.5260925,938.990,30.815,5260,0
"COREYMAY3",98,2699,0,9500615,868.619995,52.480000,2.582417,0.275946,2.963980,-6.280488,-6.463415,941.463440,3.038000,1.176000,0.980000,0.000000,0.000000,0.000000,31.0476341,-103.5260925,938.990,30.815,5260,0
"COREYMAY3",98,28772,0,9500625,868.619995,52.480000,2.568865,0.235409,2.873138,-9.268292,-7.560976,938.536560,3.136000,0.196000,4.165000,0.000000,0.000000,0.000000,31.0476341,-103.5260925,938.990,30.815,5260,0
"COREYMAY3",98,44320,0,9500635,866.609985,52.480000,2.576557,0.293162,2.776191,-10.548780,-8.170732,956.097534,2.793000,1.470000,2.597000,0.000000,0.000000,0.000000,31.0476341,-103.5260925,938.990,30.815,5260,0
"COREYMAY3",98,50131,0,9500645,866.609985,52.480000,2.469963,0.279487,2.723932,-11.158537,-7.439024,949.939026,4.116000,1.470000,1.372000,0.000000,0.000000,0.000000,31.0476341,-103.5260925,938.990,30.815,5260,0
"COREYMAY3",98,44303,0,9500655,866.609985,52.480000,2.569109,0.322589,2.616972,-7.317073,-7.134146,933.170715,2.058000,1.372000,2.009000,0.000000,0.000000,0.000000,31.0476341,-103.5260925,938.990,30.815,5260,0
"COREYMAY3",98,28361,0,9500665,866.609985,52.480000,2.524542,0.398779,2.513553,-10.365853,-6.768293,942.378052,1.764000,0.245000,3.136000,0.000000,0.000000,0.000000,31.0476341,-103.5260925,938.990,30.815,5260,0
"COREYMAY3",98,47292,0,9500675,864.450012,52.480000,2.449450,0.357143,2.447253,-11.951220,-5.609756,971.768311,3.332000,1.323000,1.862000,0.000000,0.000000,0.000000,31.0476341,-103.5260925,938.990,30.815,5260,0
"COREYMAY3",98,18502,0,9500685,864.450012,52.480000,2.599023,0.435653,2.353480,-12.621951,-4.207317,1000.365845,2.352000,0.833000,1.225000,0.000000,0.000000,0.000000,31.0476341,-103.5260925,938.990,30.815,5260,0
"COREYMAY3",98,17609,0,9500695,864.450012,52.480000,2.578266,0.405739,2.231014,-7.195122,-4.878049,976.219482,1.323000,1.862000,1.372000,0.000000,0.000000,0.000000,31.0476341,-103.5260925,938.990,30.815,5260,0
"COREYMAY3",98,61787,0,9500705,864.450012,52.480000,2.592552,0.422833,2.162027,-4.146341,-3.048780,950.000000,3.087000,0.833000,2.499000,0.000000,0.000000,0.000000,31.0476341,-103.5260925,938.990,30.815,5260,0
"COREYMAY3",98,56184,0,9500715,862.820007,52.480000,2.724298,0.381319,2.080220,-2.256098,-1.036585,965.914612,4.900000,1.029000,0.686000,0.000000,0.000000,0.000000,31.0476341,-103.5260925,938.990,30.815,5260,0
"COREYMAY3",98,50187,0,9500725,862.820007,52.480000,2.691331,0.375214,1.975946,-1.585366,-2.134146,972.500000,3.822000,0.931000,2.352000,0.000000,0.000000,0.000000,31.0476341,-103.5260925,938.990,30.815,5260,0
"COREYMAY3",98,18281,0,9500735,862.820007,52.480000,2.769475,0.319536,1.913431,-6.524390,-2.926829,956.768311,4.361000,0.735000,1.176000,0.000000,0.000000,0.000000,31.0476341,-103.5260925,938.990,30.815,5260,0
"COREYMAY3",98,40155,0,9500745,862.820007,52.480000,2.786325,0.259096,1.797558,-9.024390,-2.804878,936.646362,3.430000,0.343000,1.911000,0.000000,0.000000,0.000000,31.0476341,-103.5260925,938.990,30.815,5260,0
"COREYMAY3",98,22935,0,9500755,860.640015,52.480000,2.849695,0.182540,1.695727,-8.170732,-4.085366,938.231689,2.156000,1.078000,2.695000,0.000000,0.000000,0.000000,31.0476341,-103.5260925,938.990,30.815,5260,0
"COREYMAY3",98,4417,0,9500765,860.640015,52.480000,2.615018,0.221001,1.637118,-9.207317,-3.780488,951.402466,2.842000,1.813000,0.637000,0.000000,0.000000,0.000000,31.0476341,-103.5260925,938.990,30.815,5260,0
"COREYMAY3",98,41908,0,9500775,860.640015,52.480000,2.798657,0.153724,1.560684,-11.219512,-3.902439,989.390259,4.018000,0.539000,1.225000,0.000000,0.000000,0.000000,31.0476341,-103.5260925,938.990,30.815,5260,0
"COREYMAY3",98,31731,0,9500785,860.640015,52.480000,2.886325,0.141148,1.442369,-9.878049,-1.280488,1025.426880,4.018000,0.539000,1.225000,0.000000,0.000000,0.000000,31.0476341,-103.5260925,938.990,30.815,5260,0
"COREYMAY3",98,12422,0,9500795,858.369995,52.480000,2.670085,0.207448,1.389255,-9.085366,-3.475610,1037.987793,4.312000,0.882000,1.862000,0.000000,0.000000,0.000000,31.0476341,-103.5260925,938.990,30.815,5260,0
"COREYMAY3",98,9290,0,9500805,858.369995,52.480000,2.657753,0.126862,1.300488,-9.390244,-5.975610,966.646362,2.842000,1.568000,-0.245000,0.000000,0.000000,0.000000,31.0476341,-103.5260925,938.990,30.815,5260,0
"COREYMAY3",98,510,0,9500815,858.369995,52.480000,2.811966,0.249573,1.166178,-11.829268,-3.658537,934.878052,2.401000,1.274000,0.343000,0.000000,0.000000,0.000000,31.0476341,-103.5260925,938.990,30.815,5260,0
"COREYMAY3",98,39170,0,9500825,858.369995,52.480000,2.696215,0.229792,1.079976,-14.878049,-4.024390,926.951233,2.989000,1.323000,1.715000,0.000000,0.000000,0.000000,31.0476341,-103.5260925,938.990,30.815,5260,0
"COREYMAY3",98,19598,0,9500835,856.330017,52.470001,2.734798,0.264469,0.995849,-13.475610,-3.170732,946.219482,3.283000,1.029000,1.176000,0.000000,0.000000,0.000000,31.0476341,-103.5260925,938.990,30.815,5260,0
"COREYMAY3",98,42693,0,9500845,856.330017,52.470001,2.779854,0.321368,0.902442,-16.768293,-3.109756,1007.500000,2.597000,1.568000,0.882000,0.000000,0.000000,0.000000,31.0476341,-103.5260925,938.990,30.815,5260,0
"COREYMAY3",98,26291,0,9500855,856.330017,52.470001,2.223932,0.438217,0.829060,-17.560976,-2.439024,986.768311,3.822000,0.049000,0.980000,0.000000,0.000000,0.000000,31.0476341,-103.5260925,938.990,30.815,5260,0
"COREYMAY3",98,1021,0,9500865,856.330017,52.470001,2.804274,0.463614,0.737729,-15.426829,0.426829,942.134155,4.655000,0.686000,0.539000,0.000000,0.000000,0.000000,31.0476341,-103.5260925,938.990,30.815,5260,0
"COREYMAY3",98,49592,0,9500875,853.940002,52.480000,3.156288,0.514652,0.628327,-13.292683,-0.670732,944.329285,4.361000,0.882000,-1.225000,0.000000,0.000000,0.000000,31.0476341,-103.5260925,938.990,30.815,5260,0
"COREYMAY3",98,47434,0,9500885,853.940002,52.480000,3.247375,0.500000,0.522833,-11.402439,-1.158537,942.073181,3.283000,0.147000,1.078000,0.000000,0.000000,0.000000,31.0476341,-103.5260925,938.990,30.815,5260,0
"COREYMAY3",98,62760,0,9500895,853.940002,52.480000,3.060195,0.395727,0.467888,-10.182927,-0.853659,946.463440,3.234000,1.127000,0.980000,0.000000,0.000000,0.000000,31.0476341,-103.5260925,938.990,30.815,5260,0
"COREYMAY3",98,22575,0,9500905,853.940002,52.480000,3.052137,0.291941,0.382418,-10.792683,-2.743902,959.939026,3.087000,0.833000,0.539000,0.000000,0.000000,0.000000,31.0476341,-103.5260925,938.990,30.815,5260,0
"COREYMAY3",98,51551,0,9500915,851.080017,52.470001,3.137607,0.105372,0.322711,-5.121951,-3.353658,941.158508,3.528000,1.127000,0.098000,0.000000,0.000000,0.000000,31.0476341,-103.5260925,938.990,30.815,5260,0
"COREYMAY3",98,14485,0,9500925,851.080017,52.470001,3.063126,-0.035043,0.207082,-7.987805,-3.475610,920.731689,3.577000,1.421000,-0.196000,0.000000,0.000000,0.000000,31.0476341,-103.5260925,938.990,30.815,5260,0
"COREYMAY3",98,60559,0,9500935,851.080017,52.470001,2.994627,-0.095116,0.138828,-9.695122,-1.402439,914.451233,4.067000,-0.441000,1.568000,0.000000,0.000000,0.000000,31.0476341,-103.5260925,938.990,30.815,5260,0
"COREYMAY3",98,22658,0,9500945,851.080017,52.470001,2.980220,0.092186,0.044078,-16.524391,-2.804878,932.012207,3.871000,0.931000,-1.225000,0.000000,0.000000,0.000000,31.0476341,-103.5260925,938.990,30.815,5260,0
"COREYMAY3",98,26530,0,9500955,847.940002,52.480000,2.994994,0.048962,-0.022833,-17.195122,-2.865854,932.073181,2.695000,0.294000,0.294000,0.000000,0.000000,0.000000,31.0476341,-103.5260925,938.990,30.815,5260,0
"COREYMAY3",98,35505,0,9500965,847.940002,52.480000,2.813065,0.153968,-0.098046,-16.951220,-2.926829,920.243896,4.018000,0.343000,-0.686000,0.000000,0.000000,0.000000,31.0476341,-103.5260925,938.990,30.815,5260,0
"COREYMAY3",98,45469,0,9500975,847.940002,52.480000,2.927106,0.073871,-0.179609,-16.097561,-3.780488,913.292664,3.332000,0.882000,-0.392000,0.000000,0.000000,0.000000,31.0476341,-103.5260925,938.990,30.815,5260,0
"COREYMAY3",98,17711,0,9500985,847.940002,52.480000,2.951282,0.173748,-0.255189,-18.109756,-4.329268,915.609741,3.479000,0.588000,0.196000,0.000000,0.000000,0.000000,31.0476341,-103.5260925,938.990,30.815,5260,0
"COREYMAY3",98,39921,0,9500995,845.830017,52.470001,2.864835,0.178510,-0.326984,-21.829268,-1.646341,913.597534,3.871000,0.588000,-0.539000,0.000000,0.000000,0.000000,31.0476341,-103.5260925,938.990,30.815,5260,0
"COREYMAY3",98,16389,0,9501005,845.830017,52.470001,2.896947,0.107448,-0.396948,-16.707317,1.036585,908.109741,3.577000,1.421000,-2.107000,0.000000,0.000000,0.000000,31.0476341,-103.5260925,938.990,30.815,5260,0
"COREYMAY3",98,45292,0,9501015,845.830017,52.470001,2.969597,0.268987,-0.483761,-14.695122,2.926829,907.621948,2.548000,1.225000,0.392000,0.000000,0.000000,0.000000,31.0476341,-103.5260925,938.990,30.815,5260,0
"COREYMAY3",98,53180,0,9501025,845.830017,52.470001,3.029182,0.330403,-0.556288,-16.219513,-0.731707,912.317078,3.038000,2.058000,-1.715000,0.000000,0.000000,0.000000,31.0476341,-103.5260925,938.990,30.815,5260,0
"COREYMAY3",98,52526,0,9501035,843.210022,52.470001,3.043101,0.322222,-0.624298,-19.329268,-1.707317,909.817078,3.038000,2.058000,-1.715000,0.000000,0.000000,0.000000,31.0476341,-103.5260925,938.990,30.815,5260,0
"COREYMAY3",98,27048,0,9501045,843.210022,52.470001,3.151160,0.336508,-0.704518,-18.231707,-1.036585,909.512207,4.508000,0.588000,-0.980000,0.000000,0.000000,0.000000,31.0476341,-103.5260925,938.990,30.815,5260,0
"COREYMAY3",98,10266,0,9501055,843.210022,52.470001,3.124542,0.253846,-0.787424,-12.865853,2.378049,918.963440,4.704000,0.392000,0.294000,0.000000,0.000000,0.000000,31.0476341,-103.5260925,938.990,30.815,5260,0
"COREYMAY3",98,61541,0,9501065,843.210022,52.470001,3.113553,0.202198,-0.827961,-11.463414,0.731707,923.231689,5.047000,0.294000,-0.098000,0.000000,0.000000,0.000000,31.0476341,-103.5260925,938.990,30.815,5260,0
"COREYMAY3",98,1571,0,9501075,841.219971,52.480000,3.220269,0.112698,-0.925153,-15.304878,-2.560976,913.170715,2.499000,1.666000,-0.833000,0.000000,0.000000,0.000000,31.0476341,-103.5260925,938.990,30.815,5260,0
"COREYMAY3",98,7923,0,9501085,841.219971,52.480000,3.284493,0.065079,-0.981319,-17.743902,-4.756098,911.768311,3.381000,1.813000,-1.127000,0.000000,0.000000,0.000000,31.0476341,-103.5260925,938.990,30.815,5260,0
"COREYMAY3",98,35382,0,9501095,841.219971,52.480000,3.270940,0.023565,-1.055189,-17.256098,-4.146341,902.682922,4.508000,0.686000,-2.793000,0.000000,0.000000,0.000000,31.0476341,-103.5260925,938.990,30.815,5260,0
"COREYMAY3",98,17464,0,9501105,841.219971,52.480000,3.147863,0.023199,-1.123077,-17.317074,-5.365854,895.304871,4.459000,0.784000,-1.862000,0.000000,0.000000,0.000000,31.0476341,-103.5260925,938.990,30.815,5260,0
"COREYMAY3",98,44160,0,9501115,838.299988,52.480000,3.170574,0.048840,-1.164591,-18.780487,-3.719512,910.365845,3.675000,1.127000,-2.450000,0.000000,0.000000,0.000000,31.0476341,-103.5260925,938.990,30.815,5260,0
"COREYMAY3",98,55535,0,9501125,838.299988,52.480000,3.145665,0.070940,-1.205250,-18.536585,-4.939024,913.963440,4.508000,-1.274000,0.539000,0.000000,0.000000,0.000000,31.0476341,-103.5260925,938.990,30.815,5260,0
"COREYMAY3",98,46197,0,9501135,838.299988,52.480000,2.966056,0.064835,-1.285104,-20.365854,-3.780488,916.829285,3.773000,1.176000,-1.568000,0.000000,0.000000,0.000000,31.0476341,-103.5260925,938.990,30.815,5260,0
"COREYMAY3",98,59273,0,9501145,838.299988,52.480000,3.053113,0.171673,-1.358608,-21.646341,-3.109756,908.048767,4.802000,0.294000,0.147000,0.000000,0.000000,0.000000,31.0476341,-103.5260925,938.990,30.815,5260,0
"COREYMAY3",98,61599,0,9501155,835.669983,52.470001,3.146276,0.069963,-1.429914,-21.158537,-4.024390,890.914612,3.773000,0.196000,-1.519000,0.000000,0.000000,0.000000,31.0476341,-103.5260925,938.990,30.815,5260,0
"COREYMAY3",98,42729,0,9501165,835.669983,52.470001,3.037729,0.159829,-1.473626,-19.329268,-1.646341,881.524414,3.822000,-0.735000,-0.294000,0.000000,0.000000,0.000000,31.0476341,-103.5260925,938.990,30.815,5260,0
"COREYMAY3",98,7769,0,9501175,835.669983,52.470001,3.126618,0.177778,-1.533089,-21.707317,-1.402439,890.731689,2.646000,2.205000,-1.960000,0.000000,0.000000,0.000000,31.0476341,-103.5260925,938.990,30.815,5260,0
"COREYMAY3",98,56979,0,9501185,835.669983,52.470001,3.142002,0.203175,-1.623565,-23.292683,-1.524390,898.475586,1.960000,2.009000,-2.352000,0.000000,0.000000,0.000000,31.0476341,-103.5260925,938.990,30.815,5260,0
"COREYMAY3",98,21651,0,9501195,833.340027,52.480000,3.117705,0.276557,-1.674481,-21.158537,-0.060976,887.195129,4.557000,0.147000,-1.470000,0.000000,0.000000,0.000000,31.0476341,-103.5260925,938.990,30.815,5260,0
"COREYMAY3",98,49247,0,9501205,833.340027,52.480000,3.143224,0.238339,-1.731380,-21.829268,-1.402439,886.585388,3.430000,0.245000,-2.303000,0.000000,0.000000,0.000000,31.0476341,-103.5260925,938.990,30.815,5260,0
"COREYMAY3",98,2569,0,9501215,833.340027,52.480000,3.231502,0.304396,-1.805495,-18.658537,0.182927,886.768311,2.499000,1.372000,-2.695000,0.000000,0.000000,0.000000,31.0476341,-103.5260925,938.990,30.815,5260,0
"COREYMAY3",98,61033,0,9501225,833.340027,52.480000,3.262271,0.428571,-1.880098,-20.609756,-1.158537,882.073181,4.655000,1.225000,-2.450000,0.000000,0.000000,0.000000,31.0476341,-103.5260925,938.990,30.815,5260,0
"COREYMAY3",98,1262,0,9501235,830.809998,52.470001,3.120635,0.437607,-1.930403,-22.256098,-6.219512,887.743896,3.283000,0.833000,-1.519000,0.000000,0.000000,0.000000,31.0476341,-103.5260925,938.990,30.815,5260,0
"COREYMAY3",98,1899,0,9501245,830.809998,52.470001,3.213065,0.426252,-1.975946,-23.231707,-7.317073,889.817078,3.724000,0.882000,-2.352000,0.000000,0.000000,0.000000,31.0476341,-103.5260925,938.990,30.815,5260,0
"COREYMAY3",98,30845,0,9501255,830.809998,52.470001,3.260073,0.497314,-2.038461,-19.451220,-3.597561,889.573181,3.577000,1.764000,-3.087000,0.000000,0.000000,0.000000,31.0476341,-103.5260925,938.990,30.815,5260,0
"COREYMAY3",98,6231,0,9501265,830.809998,52.470001,3.207082,0.466300,-2.090965,-15.365853,-3.048780,881.646362,4.263000,1.078000,-3.381000,0.000000,0.000000,0.000000,31.0476341,-103.5260925,938.990,30.815,5260,0
"COREYMAY3",98,38800,0,9501275,829.890015,52.480000,3.169353,0.391087,-2.067888,-17.987804,-4.146341,880.914612,4.263000,1.078000,-3.381000,0.000000,0.000000,0.000000,31.0476341,-103.5260925,938.990,30.815,5260,0
"COREYMAY3",98,24967,0,9501285,829.890015,52.480000,3.142247,0.392430,-2.152381,-16.890244,-7.256098,883.414612,1.666000,1.470000,-2.646000,0.000000,0.000000,0.000000,31.0476341,-103.5260925,938.990,30.815,5260,0
"COREYMAY3",98,17091,0,9501295,829.890015,52.480000,3.000977,0.319414,-2.203541,-13.292683,-6.707317,885.365845,5.537000,-1.029000,-1.470000,0.000000,0.000000,0.000000,31.0476341,-103.5260925,938.990,30.815,5260,0
"COREYMAY3",98,17553,0,9501305,829.890015,52.480000,3.036386,0.283516,-2.244933,-15.000000,-6.402439,889.512207,4.067000,0.833000,-3.185000,0.000000,0.000000,0.000000,31.0476341,-103.5260925,938.990,30.815,5260,0
"COREYMAY3",98,45392,0,9501315,825.630005,52.480000,3.005617,0.256777,-2.302198,-20.609756,-7.865854,893.292664,4.116000,0.588000,-1.323000,0.000000,0.000000,0.000000,31.0476341,-103.5260925,938.990,30.815,5260,0
"COREYMAY3",98,53468,0,9501325,825.630005,52.480000,2.912088,0.276557,-2.284127,-20.060976,-8.658537,888.536560,3.920000,-0.147000,-2.450000,0.000000,0.000000,0.000000,31.0476341,-103.5260925,938.990,30.815,5260,0
"COREYMAY3",98,52738,0,9501335,825.630005,52.480000,2.756532,0.228694,-2.344445,-15.731708,-8.170732,889.207336,3.626000,1.078000,-3.283000,0.000000,0.000000,0.000000,31.0476341,-103.5260925,938.990,30.815,5260,0
"COREYMAY3",98,63293,0,9501345,825.630005,52.480000,2.776435,0.209280,-2.390354,-18.536585,-6.524390,905.304871,4.263000,1.029000,-3.283000,0.000000,0.000000,0.000000,31.0476341,-103.5260925,938.990,30.815,5260,0
"COREYMAY3",98,25300,0,9501355,823.489990,52.480000,2.896703,0.272283,-2.434921,-18.841463,-4.268293,916.097534,1.519000,2.058000,-2.450000,0.000000,0.000000,0.000000,31.0476341,-103.5260925,938.990,30.815,5260,0
"COREYMAY3",98,15725,0,9501365,823.489990,52.480000,2.645665,0.330525,-2.443834,-18.170732,-4.939024,902.378052,3.479000,0.588000,-3.773000,0.000000,0.000000,0.000000,31.0476341,-103.5260925,938.990,30.815,5260,0
"COREYMAY3",98,21619,0,9501375,823.489990,52.480000,2.885226,0.201832,-2.494261,-15.914634,-5.060976,901.097534,4.508000,1.617000,-5.194000,0.000000,0.000000,0.000000,31.0476341,-103.5260925,938.990,30.815,5260,0
"COREYMAY3",98,60475,0,9501385,823.489990,52.480000,2.975458,0.488278,-2.521368,-14.451220,-3.780488,905.000000,4.165000,0.784000,-3.528000,0.000000,0.000000,0.000000,31.0476341,-103.5260925,938.990,30.815,5260,0
"COREYMAY3",98,31341,0,9501395,820.929993,52.480000,2.758608,0.333089,-2.556288,-12.439024,-0.792683,900.121948,1.666000,1.519000,-2.499000,0.000000,0.000000,0.000000,31.0476341,-103.5260925,938.990,30.815,5260,0
"COREYMAY3",98,40759,0,9501405,820.929993,52.480000,2.939316,0.317338,-2.580952,-10.609756,0.365854,905.060974,3.969000,0.196000,-1.666000,0.000000,0.000000,0.000000,31.0476341,-103.5260925,938.990,30.815,5260,0
"COREYMAY3",98,16364,0,9501415,820.929993,52.480000,3.195116,0.264957,-2.675824,-11.829268,-0.914634,904.390259,5.096000,0.490000,-3.234000,0.000000,0.000000,0.000000,31.0476341,-103.5260925,938.990,30.815,5260,0
"COREYMAY3",98,45161,0,9501425,820.929993,52.480000,3.046032,0.234310,-2.690476,-14.268292,-4.939024,902.256104,3.626000,1.813000,-5.586000,0.000000,0.000000,0.000000,31.0476341,-103.5260925,938.990,30.815,5260,0
"COREYMAY3",98,5362,0,9501435,818.989990,52.480000,2.940903,0.133211,-2.673993,-14.817073,-6.646341,905.853638,2.793000,0.637000,-3.283000,0.000000,0.000000,0.000000,31.0476341,-103.5260925,938.990,30.815,5260,0
"COREYMAY3",98,8522,0,9501445,818.989990,52.480000,2.920513,0.127106,-2.779609,-14.756098,-6.524390,921.341492,2.058000,-0.294000,-2.303000,0.000000,0.000000,0.000000,31.0476341,-103.5260925,938.990,30.815,5260,0
"COREYMAY3",98,22559,0,9501455,818.989990,52.480000,2.906960,-0.014042,-2.791941,-14.817073,-7.500000,910.914612,3.577000,1.617000,-4.410000,0.000000,0.000000,0.000000,31.0476341,-103.5260925,938.990,30.815,5260,0
"COREYMAY3",98,28465,0,9501465,818.989990,52.480000,2.943590,0.076679,-2.785836,-11.951220,-7.195122,903.292664,3.136000,0.245000,-2.940000,0.000000,0.000000,0.000000,31.0476341,-103.5260925,938.990,30.815,5260,0
"COREYMAY3",98,3816,0,9501475,815.880005,52.480000,2.709402,-0.011233,-2.805983,-12.012196,-5.365854,901.524414,2.450000,1.127000,-3.969000,0.000000,0.000000,0.000000,31.0476341,-103.5260925,938.990,30.815,5260,0
"COREYMAY3",98,10302,0,9501485,815.880005,52.480000,2.677534,-0.023932,-2.809646,-16.829268,-3.658537,897.804871,3.871000,0.441000,-3.626000,0.000000,0.000000,0.000000,31.0476341,-103.5260925,938.990,30.815,5260,0
"COREYMAY3",98,22150,0,9501495,815.880005,52.480000,2.728571,-0.022711,-2.863736,-19.756098,-4.085366,895.914612,1.862000,0.245000,-2.597000,0.000000,0.000000,0.000000,31.0476341,-103.5260925,938.990,30.815,5260,0
"COREYMAY3",98,22592,0,9501505,815.880005,52.480000,2.629915,0.052991,-2.938584,-17.682926,-3.292683,898.109741,2.695000,0.882000,-3.038000,0.000000,0.000000,0.000000,31.0476341,-103.5260925,938.990,30.815,5260,0
"COREYMAY3",98,18427,0,9501515,812.700012,52.480000,2.651038,0.042613,-2.933944,-18.353659,-5.365854,900.487793,2.695000,0.196000,-2.744000,0.000000,0.000000,0.000000,31.0476341,-103.5260925,938.990,30.815,5260,0
"COREYMAY3",98,63404,0,9501525,812.700012,52.480000,2.507570,0.096337,-2.914652,-16.036585,-4.634146,902.926819,2.695000,0.196000,-2.744000,0.000000,0.000000,0.000000,31.0476341,-103.5260925,938.990,30.815,5260,0
"COREYMAY3",98,5122,0,9501535,812.700012,52.480000,2.627595,0.092796,-2.921123,-15.548780,-2.439024,903.902466,3.381000,0.490000,-3.675000,0.000000,0.000000,0.000000,31.0476341,-103.5260925,938.990,30.815,5260,0
"COREYMAY3",98,30963,0,9501545,812.700012,52.480000,2.609402,0.203663,-2.967155,-15.548780,-0.914634,909.451233,3.381000,1.715000,-3.969000,0.000000,0.000000,0.000000,31.0476341,-103.5260925,938.990,30.815,5260,0
"COREYMAY3",98,22933,0,9501555,810.969971,52.480000,2.483394,0.168132,-3.002442,-13.780488,-2.500000,922.134155,3.920000,1.519000,-4.557000,0.000000,0.000000,0.000000,31.0476341,-103.5260925,938.990,30.815,5260,0
"COREYMAY3",98,13852,0,9501565,810.969971,52.480000,2.810989,0.095238,-2.984371,-16.402439,-1.951220,931.219482,3.920000,1.274000,-5.145000,0.000000,0.000000,0.000000,31.0476341,-103.5260925,938.990,30.815,5260,0
"COREYMAY3",98,51377,0,9501575,810.969971,52.480000,2.816117,0.077900,-3.016850,-14.756098,0.182927,941.402466,3.038000,-0.098000,-1.960000,0.000000,0.000000,0.000000,31.0476341,-103.5260925,938.990,30.815,5260,0
"COREYMAY3",98,57685,0,9501585,808.599976,52.480000,2.862515,-0.003785,-3.024542,-10.975610,0.182927,952.560974,4.116000,0.098000,-3.185000,0.000000,0.000000,0.000000,31.0476341,-103.5260925,938.990,30.815,5260,0
"COREYMAY3",98,3275,0,9501595,808.599976,52.480000,2.952503,-0.146276,-3.037241,-11.219512,-1.219512,932.012207,3.626000,-0.196000,-2.205000,0.000000,0.000000,0.000000,31.0476341,-103.5260925,938.990,30.815,5260,0
"COREYMAY3",98,38741,0,9501605,808.599976,52.480000,2.866300,-0.178022,-3.046154,-13.048780,-2.073171,907.378052,3.479000,1.225000,-3.038000,0.000000,0.000000,0.000000,31.0476341,-103.5260925,938.990,30.815,5260,0
"COREYMAY3",98,59677,0,9501615,808.599976,52.480000,2.851770,-0.212576,-2.961050,-13.841463,-2.256098,897.012207,3.822000,0.343000,-3.773000,0.000000,0.000000,0.000000,31.0476341,-103.5260925,938.990,30.815,5260,0
"COREYMAY3",98,52572,0,9501625,806.659973,52.490002,2.721490,-0.319414,-3.011844,-10.487804,-3.841463,895.365845,2.156000,0.490000,-4.018000,0.000000,0.000000,0.000000,31.0476341,-103.5260925,938.990,30.815,5260,0
"COREYMAY3",98,8808,0,9501635,806.659973,52.490002,2.701465,-0.262759,-3.111233,-11.402439,-3.597561,900.609741,4.067000,0.098000,-2.842000,0.000000,0.000000,0.000000,31.0476341,-103.5260925,938.990,30.815,5260,0
"COREYMAY3",98,56280,0,9501645,806.659973,52.490002,2.574970,-0.274115,-3.029304,-13.353659,-2.134146,899.695129,2.989000,0.882000,-4.753000,0.000000,0.000000,0.000000,31.0476341,-103.5260925,938.990,30.815,5260,0
"COREYMAY3",98,23359,0,9501655,806.659973,52.490002,2.520635,-0.274969,-3.023443,-15.914634,-1.158537,904.085388,3.479000,0.784000,-4.214000,0.000000,0.000000,0.000000,31.0476341,-103.5260925,938.990,30.815,5260,0
"COREYMAY3",98,37241,0,9501665,803.619995,52.490002,2.493284,-0.387668,-3.056288,-18.170732,-2.682927,895.914612,2.940000,-0.196000,-3.430000,0.000000,0.000000,0.000000,31.0476341,-103.5260925,938.990,30.815,5260,0
"COREYMAY3",98,5451,0,9501675,803.619995,52.490002,2.428083,-0.181319,-3.073382,-18.048780,-0.914634,893.109741,2.940000,0.490000,-2.891000,0.000000,0.000000,0.000000,31.0476341,-103.5260925,938.990,30.815,5260,0
"COREYMAY3",98,41378,0,9501685,803.619995,52.490002,2.404029,-0.164835,-3.041758,-16.463415,1.646341,905.060974,3.871000,0.343000,-3.920000,0.000000,0.000000,0.000000,31.0476341,-103.5260925,938.990,30.815,5260,0
"COREYMAY3",98,6654,0,9501695,803.619995,52.490002,2.373749,-0.108059,-3.139805,-16.646341,1.097561,917.804871,3.185000,0.784000,-3.577000,0.000000,0.000000,0.000000,31.0476341,-103.5260925,938.990,30.815,5260,0
"COREYMAY3",98,46452,0,9501705,800.700012,52.490002,2.518925,-0.019780,-3.144200,-15.731708,-0.670732,902.743896,3.283000,0.490000,-3.822000,0.000000,0.000000,0.000000,31.0476341,-103.5260925,938.990,30.815,5260,0
"COREYMAY3",98,38116,0,9501715,800.700012,52.490002,2.522466,0.008059,-3.151038,-16.219513,0.243902,890.731689,3.283000,0.490000,-3.332000,0.000000,0.000000,0.000000,31.0476341,-103.5260925,938.990,30.815,5260,0
"COREYMAY3",98,46183,0,9501725,800.700012,52.490002,2.502076,0.005983,-3.092185,-12.500000,3.475610,892.073181,3.528000,0.392000,-5.194000,0.000000,0.000000,0.000000,31.0476341,-103.5260925,938.990,30.815,5260,0
"COREYMAY3",98,18035,0,9501735,800.700012,52.490002,2.574970,-0.111722,-3.145665,-10.792683,6.951220,888.841492,3.234000,0.490000,-4.704000,0.000000,0.000000,0.000000,31.0476341,-103.5260925,938.990,30.815,5260,0
"COREYMAY3",98,8813,0,9501745,797.869995,52.490002,2.647741,0.019902,-3.102564,-11.951220,4.573171,885.548767,3.969000,1.372000,-3.381000,0.000000,0.000000,0.000000,31.0476341,-103.5260925,938.990,30.815,5260,0
"COREYMAY3",98,62767,0,9501755,797.869995,52.490002,2.753968,-0.129060,-3.125519,-13.780488,2.012195,884.451233,3.675000,1.127000,-5.586000,0.000000,0.000000,0.000000,31.0476341,-103.5260925,938.990,30.815,5260,0
"COREYMAY3",98,36301,0,9501765,797.869995,52.490002,2.797070,-0.169353,-3.118804,-14.329268,1.524390,886.585388,3.675000,1.127000,-5.586000,0.000000,0.000000,0.000000,31.0476341,-103.5260925,938.990,30.815,5260,0
"COREYMAY3",98,27822,0,9501775,797.869995,52.490002,2.781197,-0.321245,-3.074115,-12.317073,0.853659,888.231689,3.283000,-1.470000,-2.597000,0.000000,0.000000,0.000000,31.0476341,-103.5260925,938.990,30.815,5260,0
"COREYMAY3",98,15773,0,9501785,795.590027,52.490002,2.710378,-0.320879,-3.121856,-11.219512,2.378049,881.951233,1.911000,-0.245000,-3.136000,0.000000,0.000000,0.000000,31.0476341,-103.5260925,938.990,30.815,5260,0
"COREYMAY3",98,618,0,9501795,795.590027,52.490002,2.572405,-0.240171,-3.110501,-14.756098,2.317073,875.121948,3.773000,-0.539000,-3.038000,0.000000,0.000000,0.000000,31.0476341,-103.5260925,938.990,30.815,5260,0
"COREYMAY3",98,26198,0,9501805,795.590027,52.490002,2.522222,-0.367277,-3.171062,-17.743902,-2.378049,871.280518,3.185000,0.000000,-3.234000,0.000000,0.000000,0.000000,31.0476341,-103.5260925,938.990,30.815,5260,0
"COREYMAY3",98,60657,0,9501815,795.590027,52.490002,2.517460,-0.244200,-3.231868,-17.926828,-1.280488,870.792664,4.018000,-0.490000,-3.283000,0.000000,0.000000,0.000000,31.0476341,-103.5260925,938.990,30.815,5260,0
"COREYMAY3",98,17962,0,9501825,792.409973,52.480000,2.504762,-0.251404,-3.222222,-16.463415,-3.597561,872.073181,2.499000,0.490000,-3.773000,0.000000,0.000000,0.000000,31.0476341,-103.5260925,938.990,30.815,5260,0
"COREYMAY3",98,29064,0,9501835,792.409973,52.480000,2.417583,-0.224420,-3.221734,-15.792683,-1.524390,874.085388,2.401000,0.980000,-3.773000,0.000000,0.000000,0.000000,31.0476341,-103.5260925,938.990,30.815,5260,0
"COREYMAY3",98,57980,0,9501845,792.409973,52.480000,2.460684,-0.283272,-3.181929,-16.341463,-0.182927,869.207336,1.666000,-0.147000,-3.038000,0.000000,0.000000,0.000000,31.0476341,-103.5260925,938.990,30.815,5260,0
"COREYMAY3",98,43822,0,9501855,792.409973,52.480000,2.523443,-0.129182,-3.164713,-16.158537,0.426829,865.548767,3.430000,1.225000,-4.606000,0.000000,0.000000,0.000000,31.0476341,-103.5260925,938.990,30.815,5260,0
"COREYMAY3",98,61403,0,9501865,789.710022,52.480000,2.473504,-0.162882,-3.258364,-12.987804,0.914634,863.597534,2.303000,-0.098000,-2.156000,0.000000,0.000000,0.000000,31.0476341,-103.5260925,938.990,30.815,5260,0
"COREYMAY3",98,16109,0,9501875,789.710022,52.480000,2.459341,-0.090842,-3.176557,-14.878049,3.231707,867.012207,3.724000,-0.637000,-2.842000,0.000000,0.000000,0.000000,31.0476341,-103.5260925,938.990,30.815,5260,0
"COREYMAY3",98,56419,0,9501885,789.710022,52.480000,2.589866,-0.131380,-3.264347,-15.121951,3.841463,865.609741,2.499000,1.519000,-3.577000,0.000000,0.000000,0.000000,31.0476341,-103.5260925,938.990,30.815,5260,0
"COREYMAY3",98,54575,0,9501895,789.710022,52.480000,2.512454,-0.057143,-3.141148,-13.719512,4.939024,862.378052,3.528000,-0.049000,-2.793000,0.000000,0.000000,0.000000,31.0476341,-103.5260925,938.990,30.815,5260,0
"COREYMAY3",98,47789,0,9501905,787.700012,52.480000,2.500489,-0.123443,-3.147863,-15.975610,3.963415,861.768311,3.724000,-0.980000,-2.989000,0.000000,0.000000,0.000000,31.0476341,-103.5260925,938.990,30.815,5260,0
"COREYMAY3",98,417,0,9501915,787.700012,52.480000,2.660195,-0.080708,-3.219048,-16.036585,1.829268,861.646362,3.920000,0.539000,-4.214000,0.000000,0.000000,0.000000,31.0476341,-103.5260925,938.990,30.815,5260,0
"COREYMAY3",98,40205,0,9501925,787.700012,52.480000,2.691941,-0.101465,-3.157143,-13.414634,1.585366,865.487793,2.940000,0.147000,-4.018000,0.000000,0.000000,0.000000,31.0476341,-103.5260925,938.990,30.815,5260,0
"COREYMAY3",98,60996,0,9501935,787.700012,52.480000,2.759951,-0.221368,-3.266545,-10.000000,3.170732,876.829285,4.606000,0.441000,-4.851000,0.000000,0.000000,0.000000,31.0476341,-103.5260925,938.990,30.815,5260,0
"COREYMAY3",98,8255,0,9501945,785.630005,52.470001,2.676557,-0.182051,-3.197680,-13.841463,-0.609756,883.536560,3.675000,0.441000,-4.802000,0.000000,0.000000,0.000000,31.0476341,-103.5260925,938.990,30.815,5260,0
"COREYMAY3",98,17885,0,9501955,785.630005,52.470001,2.496459,-0.248107,-3.193162,-13.231708,-1.463415,870.670715,3.185000,0.343000,-3.087000,0.000000,0.000000,0.000000,31.0476341,-103.5260925,938.990,30.815,5260,0
"COREYMAY3",98,43496,0,9501965,785.630005,52.470001,2.516728,-0.262393,-3.061905,-10.975610,-3.048780,855.670715,3.087000,0.343000,-4.165000,0.000000,0.000000,0.000000,31.0476341,-103.5260925,938.990,30.815,5260,0
"COREYMAY3",98,47585,0,9501975,785.630005,52.470001,2.625275,-0.238584,-3.132479,-14.451220,-6.951220,850.731689,1.862000,-0.196000,-2.793000,0.000000,0.000000,0.000000,31.0476341,-103.5260925,938.990,30.815,5260,0
"COREYMAY3",98,65369,0,9501985,782.890015,52.470001,2.414530,-0.265812,-3.215507,-16.646341,-6.280488,848.475586,2.842000,0.441000,-4.851000,0.000000,0.000000,0.000000,31.0476341,-103.5260925,938.990,30.815,5260,0
"COREYMAY3",98,21860,0,9501995,782.890015,52.470001,2.459463,-0.298779,-3.154090,-16.463415,-2.073171,848.170715,2.450000,1.127000,-2.940000,0.000000,0.000000,0.000000,31.0476341,-103.5260925,938.990,30.815,5260,0
"COREYMAY3",98,8575,0,9502005,782.890015,52.470001,2.360195,-0.146520,-3.212943,-15.487804,-0.426829,846.707336,3.871000,1.568000,-5.978000,0.000000,0.000000,0.000000,31.0476341,-103.5260925,938.990,30.815,5260,0
"COREYMAY3",98,39663,0,9502015,782.890015,52.470001,2.288400,-0.235897,-3.191331,-16.463415,0.914634,842.926819,3.871000,1.568000,-5.978000,0.000000,0.000000,0.000000,31.0476341,-103.5260925,938.990,30.815,5260,0
"COREYMAY3",98,45456,0,9502025,779.940002,52.470001,2.438339,-0.049206,-3.271795,-16.707317,-0.548781,844.512207,2.499000,1.911000,-3.479000,0.000000,0.000000,0.000000,31.0476341,-103.5260925,938.990,30.815,5260,0
"COREYMAY3",98,23371,0,9502035,779.940002,52.470001,2.398046,-0.042125,-3.139805,-19.024391,-1.402439,848.780518,3.430000,0.784000,-4.998000,0.000000,0.000000,0.000000,31.0476341,-103.5260925,938.990,30.815,5260,0
"COREYMAY3",98,20294,0,9502045,779.940002,52.470001,2.315507,-0.057387,-3.229914,-19.085365,-1.646341,848.109741,1.960000,0.882000,-3.038000,0.000000,0.000000,0.000000,31.0476341,-103.5260925,938.990,30.815,5260,0
"COREYMAY3",98,54887,0,9502055,779.940002,52.470001,2.378266,-0.054579,-3.270086,-16.158537,-0.792683,847.256104,1.911000,-0.049000,-1.911000,0.000000,0.000000,0.000000,31.0476341,-103.5260925,938.990,30.815,5260,0
"COREYMAY3",98,59684,0,9502065,778.049988,52.470001,2.313065,0.037607,-3.122344,-15.792683,1.158537,848.780518,4.116000,-0.294000,-3.283000,0.000000,0.000000,0.000000,31.0476341,-103.5260925,938.990,30.815,5260,0
"COREYMAY3",98,54776,0,9502075,778.049988,52.470001,2.445910,-0.074115,-3.211966,-16.280487,1.158537,851.280518,2.891000,0.490000,-4.704000,0.000000,0.000000,0.000000,31.0476341,-103.5260925,938.990,30.815,5260,0
"COREYMAY3",98,39844,0,9502085,778.049988,52.470001,2.298168,0.052259,-3.258974,-15.304878,2.256098,849.329285,3.479000,0.147000,-4.557000,0.000000,0.000000,0.000000,31.0476341,-103.5260925,938.990,30.815,5260,0
"COREYMAY3",98,25818,0,9502095,778.049988,52.470001,2.270330,-0.056166,-3.084127,-15.182927,0.792683,853.292664,4.067000,-0.539000,-3.430000,0.000000,0.000000,0.000000,31.0476341,-103.5260925,938.990,30.815,5260,0
"COREYMAY3",98,38547,0,9502105,775.570007,52.470001,2.517704,-0.171306,-3.165690,-14.146341,-1.219512,856.402466,2.303000,0.882000,-4.410000,0.000000,0.000000,0.000000,31.0476341,-103.5260925,938.990,30.815,5260,0
"COREYMAY3",98,41406,0,9502115,775.570007,52.470001,2.511233,-0.093651,-3.217460,-12.804878,-1.097561,855.975586,2.548000,-0.490000,-1.617000,0.000000,0.000000,0.000000,31.0476341,-103.5260925,938.990,30.815,5260,0
"COREYMAY3",98,15614,0,9502125,775.570007,52.470001,2.421245,-0.228938,-3.257753,-10.914634,-0.670732,852.012207,2.695000,0.931000,-4.361000,0.000000,0.000000,0.000000,31.0476341,-103.5260925,938.990,30.815,5260,0
"COREYMAY3",98,28282,0,9502135,775.570007,52.470001,2.478022,-0.200977,-3.147375,-9.939024,-0.121951,853.109741,3.822000,-0.392000,-3.087000,0.000000,0.000000,0.000000,31.0476341,-103.5260925,938.990,30.815,5260,0
"COREYMAY3",98,21238,0,9502145,773.489990,52.470001,2.426618,-0.223810,-3.122344,-10.365853,1.524390,849.695129,2.940000,-0.049000,-3.234000,0.000000,0.000000,0.000000,31.0476341,-103.5260925,938.990,30.815,5260,0
"COREYMAY3",98,19568,0,9502155,773.489990,52.470001,2.305006,-0.239560,-2.925153,-13.963414,0.365854,848.841492,3.283000,-0.882000,-3.283000,0.000000,0.000000,0.000000,31.0476341,-103.5260925,938.990,30.815,5260,0
"COREYMAY3",98,19906,0,9502165,773.489990,52.470001,2.366789,-0.327473,-3.113431,-13.841463,-0.975610,849.756104,2.793000,0.147000,-4.165000,0.000000,0.000000,0.000000,31.0476341,-103.5260925,938.990,30.815,5260,0
"COREYMAY3",98,54140,0,9502175,773.489990,52.470001,2.264225,-0.314164,-3.061905,-12.743902,-0.121951,843.902466,2.597000,0.343000,-2.891000,0.000000,0.000000,0.000000,31.0476341,-103.5260925,938.990,30.815,5260,0
"COREYMAY3",98,7214,0,9502185,769.450012,52.470001,2.343468,-0.386813,-3.003663,-14.573171,1.219512,840.243896,0.882000,1.421000,-3.675000,0.000000,0.000000,0.000000,31.0476341,-103.5260925,938.990,30.815,5260,0
"COREYMAY3",98,47308,0,9502195,769.450012,52.470001,2.178877,-0.200366,-3.129304,-14.085366,-2.195122,841.402466,3.185000,0.098000,-3.381000,0.000000,0.000000,0.000000,31.0476341,-103.5260925,938.990,30.815,5260,0
"COREYMAY3",98,43863,0,9502205,769.450012,52.470001,2.291087,-0.335775,-3.170330,-13.475610,-1.402439,840.304871,2.989000,1.127000,-4.018000,0.000000,0.000000,0.000000,31.0476341,-103.5260925,938.990,30.815,5260,0
"COREYMAY3",98,50829,0,9502215,769.450012,52.470001,2.280708,-0.004029,-3.167766,-17.865854,-0.182927,838.353638,2.352000,1.029000,-3.675000,0.000000,0.000000,0.000000,31.0476341,-103.5260925,938.990,30.815,5260,0
"COREYMAY3",98,51849,0,9502225,767.570007,52.470001,2.208791,-0.112821,-3.190232,-19.878048,0.548781,840.548767,1.813000,0.686000,-3.479000,0.000000,0.000000,0.000000,31.0476341,-103.5260925,938.990,30.815,5260,0
"COREYMAY3",98,52717,0,9502235,767.570007,52.470001,2.164835,0.050794,-3.118193,-16.707317,2.195122,841.951233,2.156000,0.245000,-3.136000,0.000000,0.000000,0.000000,31.0476341,-103.5260925,938.990,30.815,5260,0
"COREYMAY3",98,32928,0,9502245,767.570007,52.470001,2.156288,-0.043223,-2.904274,-14.207317,3.414634,844.451233,4.116000,0.049000,-4.459000,0.000000,0.000000,0.000000,31.0476341,-103.5260925,938.990,30.815,5260,0
"COREYMAY3",98,21560,0,9502255,767.570007,52.470001,2.197680,0.096947,-3.170452,-14.756098,3.292683,848.353638,4.116000,0.049000,-4.459000,0.000000,0.000000,0.000000,31.0476341,-103.5260925,938.990,30.815,5260,0
"COREYMAY3",98,23273,0,9502265,765.940002,52.470001,2.405983,-0.060073,-3.062027,-13.536586,4.268293,847.439026,3.234000,0.490000,-4.067000,0.000000,0.000000,0.000000,31.0476341,-103.5260925,938.990,30.815,5260,0
"COREYMAY3",98,36404,0,9502275,765.940002,52.470001,2.388523,0.051038,-3.090354,-12.134147,3.048780,845.304871,3.381000,0.980000,-4.018000,0.000000,0.000000,0.000000,31.0476341,-103.5260925,938.990,30.815,5260,0
"COREYMAY3",98,62976,0,9502285,765.940002,52.470001,2.310989,-0.042491,-3.114530,-11.402439,3.109756,850.000000,3.038000,0.637000,-3.969000,0.000000,0.000000,0.000000,31.0476341,-103.5260925,938.990,30.815,5260,0
"COREYMAY3",98,27061,0,9502295,765.940002,52.470001,2.412088,-0.253968,-3.173626,-12.317073,0.731707,855.060974,2.058000,0.637000,-3.577000,0.000000,0.000000,0.000000,31.0476341,-103.5260925,938.990,30.815,5260,0
"COREYMAY3",98,62872,0,9502305,764.150024,52.470001,2.519048,-0.222466,-3.105006,-9.390244,-1.158537,855.731689,3.283000,0.490000,-3.381000,0.000000,0.000000,0.000000,31.0476341,-103.5260925,938.990,30.815,5260,0
"COREYMAY3",98,60463,0,9502315,764.150024,52.470001,2.295238,-0.283639,-3.042247,-11.646341,-0.670732,854.329285,2.450000,0.245000,-3.675000,0.000000,0.000000,0.000000,31.0476341,-103.5260925,938.990,30.815,5260,0
"COREYMAY3",98,39929,0,9502325,764.150024,52.470001,2.444078,-0.423687,-3.155922,-10.670732,-2.134146,848.292664,2.695000,0.049000,-3.528000,0.000000,0.000000,0.000000,31.0476341,-103.5260925,938.990,30.815,5260,0
"COREYMAY3",98,49751,0,9502335,764.150024,52.470001,2.336996,-0.193895,-3.158608,-10.548780,-3.353658,850.060974,1.960000,1.274000,-3.871000,0.000000,0.000000,0.000000,31.0476341,-103.5260925,938.990,30.815,5260,0
"COREYMAY3",98,9434,0,9502345,761.020020,52.459999,2.142125,-0.389621,-3.009646,-11.158537,-2.865854,845.975586,3.822000,-0.833000,-2.499000,0.000000,0.000000,0.000000,31.0476341,-103.5260925,938.990,30.815,5260,0
"COREYMAY3",98,18665,0,9502355,761.020020,52.459999,2.200366,-0.178877,-3.144078,-14.817073,-1.646341,835.000000,3.332000,-0.245000,-4.214000,0.000000,0.000000,0.000000,31.0476341,-103.5260925,938.990,30.815,5260,0
"COREYMAY3",98,24848,0,9502365,761.020020,52.459999,2.143224,-0.351404,-3.156654,-14.024390,-3.170732,829.512207,2.646000,-0.049000,-3.626000,0.000000,0.000000,0.000000,31.0476341,-103.5260925,938.990,30.815,5260,0
"COREYMAY3",98,57497,0,9502375,761.020020,52.459999,1.995482,-0.159829,-3.147497,-12.012196,0.365854,828.902466,1.470000,-0.098000,-2.352000,0.000000,0.000000,0.000000,31.0476341,-103.5260925,938.990,30.815,5260,0
"COREYMAY3",98,19439,0,9502385,758.150024,52.459999,1.951160,-0.303541,-3.172772,-13.292683,1.341463,830.182922,3.332000,1.176000,-5.586000,0.000000,0.000000,0.000000,31.0476341,-103.5260925,938.990,30.815,5260,0
"COREYMAY3",98,56570,0,9502395,758.150024,52.459999,2.017949,-0.187424,-3.191453,-15.365853,0.182927,830.975586,2.401000,1.225000,-3.577000,0.000000,0.000000,0.000000,31.0476341,-103.5260925,938.990,30.815,5260,0
"COREYMAY3",98,12497,0,9502405,758.150024,52.459999,1.943956,-0.266789,-3.130769,-14.024390,1.280488,832.317078,2.744000,0.539000,-3.773000,0.000000,0.000000,0.000000,31.0476341,-103.5260925,938.990,30.815,5260,0
"COREYMAY3",98,15621,0,9502415,758.150024,52.459999,1.933822,-0.255433,-2.939560,-12.804878,3.414634,839.146362,2.646000,0.294000,-3.381000,0.000000,0.000000,0.000000,31.0476341,-103.5260925,938.990,30.815,5260,0
"COREYMAY3",98,60499,0,9502425,756.330017,52.459999,2.125763,-0.272527,-3.249328,-10.487804,4.146341,837.987793,3.332000,0.931000,-5.292000,0.000000,0.000000,0.000000,31.0476341,-103.5260925,938.990,30.815,5260,0
"COREYMAY3",98,34007,0,9502435,756.330017,52.459999,1.978510,-0.232479,-3.193407,-10.426829,5.182927,834.817078,3.822000,-0.539000,-4.214000,0.000000,0.000000,0.000000,31.0476341,-103.5260925,938.990,30.815,5260,0
"COREYMAY3",98,42470,0,9502445,756.330017,52.459999,2.141270,-0.318315,-3.036264,-9.756098,7.378049,833.780518,4.655000,-0.147000,-4.998000,0.000000,0.000000,0.000000,31.0476341,-103.5260925,938.990,30.815,5260,0
"COREYMAY3",98,45499,0,9502455,756.330017,52.459999,2.320757,-0.304640,-3.172161,-8.719512,8.536586,836.890259,2.940000,-0.196000,-3.283000,0.000000,0.000000,0.000000,31.0476341,-103.5260925,938.990,30.815,5260,0
"COREYMAY3",98,51436,0,9502465,754.679993,52.459999,2.212698,-0.449328,-3.127717,-10.853659,4.634146,841.646362,3.234000,0.490000,-3.969000,0.000000,0.000000,0.000000,31.0476341,-103.5260925,938.990,30.815,5260,0
"COREYMAY3",98,61580,0,9502475,754.679993,52.459999,2.312454,-0.428327,-3.019170,-10.853659,4.085366,837.378052,2.058000,0.686000,-4.116000,0.000000,0.000000,0.000000,31.0476341,-103.5260925,938.990,30.815,5260,0
"COREYMAY3",98,48466,0,9502485,754.679993,52.459999,2.341148,-0.491453,-3.106105,-11.585366,4.207317,829.146362,4.116000,-0.882000,-3.234000,0.000000,0.000000,0.000000,31.0476341,-103.5260925,938.990,30.815,5260,0
"COREYMAY3",98,26491,0,9502495,754.679993,52.459999,2.272039,-0.526862,-3.162515,-11.219512,4.939024,822.195129,3.087000,0.049000,-3.675000,0.000000,0.000000,0.000000,31.0476341,-103.5260925,938.990,30.815,5260,0
"COREYMAY3",98,20864,0,9502505,751.729980,52.459999,2.171062,-0.490110,-3.053358,-12.256098,4.024390,818.475586,3.087000,0.049000,-3.675000,0.000000,0.000000,0.000000,31.0476341,-103.5260925,938.990,30.815,5260,0
"COREYMAY3",98,61176,0,9502515,751.729980,52.459999,2.140049,-0.468620,-3.010012,-11.280488,4.329268,816.097534,2.548000,0.882000,-4.949000,0.000000,0.000000,0.000000,31.0476341,-103.5260925,938.990,30.815,5260,0
"COREYMAY3",98,28367,0,9502525,751.729980,52.459999,2.234432,-0.432845,-3.056777,-12.743902,3.475610,812.134155,3.479000,-0.686000,-2.744000,0.000000,0.000000,0.000000,31.0476341,-103.5260925,938.990,30.815,5260,0
"COREYMAY3",98,52604,0,9502535,751.729980,52.459999,2.231258,-0.492308,-3.177778,-12.621951,4.634146,812.134155,1.911000,0.294000,-2.695000,0.000000,0.000000,0.000000,31.0476341,-103.5260925,938.990,30.815,5260,0
"COREYMAY3",98,46145,0,9502545,748.880005,52.450001,2.179609,-0.478144,-3.045299,-16.219513,3.048780,812.134155,2.401000,0.049000,-4.165000,0.000000,0.000000,0.000000,31.0476341,-103.5260925,938.990,30.815,5260,0
"COREYMAY3",98,23555,0,9502555,748.880005,52.450001,2.228327,-0.368376,-3.042369,-17.256098,1.219512,808.780518,3.087000,0.245000,-4.116000,0.000000,0.000000,0.000000,31.0476341,-103.5260925,938.990,30.815,5260,0
"COREYMAY3",98,3965,0,9502565,748.880005,52.450001,2.257631,-0.386325,-2.921856,-16.768293,1.707317,810.975586,3.185000,-1.078000,-3.724000,0.000000,0.000000,0.000000,31.0476341,-103.5260925,938.990,30.815,5260,0
"COREYMAY3",98,25266,0,9502575,748.880005,52.450001,1.984615,-0.179365,-3.064713,-15.000000,3.841463,806.829285,3.087000,1.029000,-4.508000,0.000000,0.000000,0.000000,31.0476341,-103.5260925,938.990,30.815,5260,0
"COREYMAY3",98,43320,0,9502585,747.409973,52.450001,2.059707,-0.201465,-3.114896,-16.829268,5.670732,806.280518,2.695000,0.147000,-3.528000,0.000000,0.000000,0.000000,31.0476341,-103.5260925,938.990,30.815,5260,0
"COREYMAY3",98,33293,0,9502595,747.409973,52.450001,2.165323,0.070818,-3.187790,-18.292683,5.853659,810.792664,2.842000,1.470000,-4.508000,0.000000,0.000000,0.000000,31.0476341,-103.5260925,938.990,30.815,5260,0
"COREYMAY3",98,38028,0,9502605,747.409973,52.450001,2.238217,-0.065201,-2.974969,-17.317074,2.987805,809.573181,2.450000,0.882000,-5.096000,0.000000,0.000000,0.000000,31.0476341,-103.5260925,938.990,30.815,5260,0
"COREYMAY3",98,15724,0,9502615,747.409973,52.450001,2.229182,-0.022466,-3.099023,-15.243902,3.658537,808.475586,2.989000,1.176000,-4.410000,0.000000,0.000000,0.000000,31.0476341,-103.5260925,938.990,30.815,5260,0
"COREYMAY3",98,12220,0,9502625,745.989990,52.450001,2.370330,-0.214652,-3.055678,-15.365853,2.073171,807.500000,3.528000,0.294000,-3.871000,0.000000,0.000000,0.000000,31.0476341,-103.5260925,938.990,30.815,5260,0
"COREYMAY3",98,60239,0,9502635,745.989990,52.450001,2.325397,-0.103785,-3.015507,-12.987804,1.768293,807.073181,1.470000,0.931000,-3.332000,0.000000,0.000000,0.000000,31.0476341,-103.5260925,938.990,30.815,5260,0
"COREYMAY3",98,50879,0,9502645,745.989990,52.450001,2.432723,-0.247375,-3.036630,-12.073171,-0.487805,806.097534,3.577000,0.882000,-5.782000,0.000000,0.000000,0.000000,31.0476341,-103.5260925,938.990,30.815,5260,0
"COREYMAY3",98,64241,0,9502655,745.989990,52.450001,2.483761,-0.263492,-3.103541,-15.365853,-2.865854,809.329285,2.793000,0.588000,-4.263000,0.000000,0.000000,0.000000,31.0476341,-103.5260925,938.990,30.815,5260,0
"COREYMAY3",98,11534,0,9502665,743.799988,52.450001,2.236508,-0.289744,-3.060195,-16.707317,-3.231707,806.402466,2.107000,0.490000,-5.047000,0.000000,0.000000,0.000000,31.0476341,-103.5260925,938.990,30.815,5260,0
"COREYMAY3",98,11736,0,9502675,743.799988,52.450001,2.110256,-0.261050,-3.027350,-17.621952,-3.658537,806.890259,2.499000,1.470000,-4.067000,0.000000,0.000000,0.000000,31.0476341,-103.5260925,938.990,30.815,5260,0
"COREYMAY3",98,14691,0,9502685,743.799988,52.450001,2.098657,-0.100611,-3.036630,-18.841463,-5.731707,803.841492,2.891000,0.490000,-2.989000,0.000000,0.000000,0.000000,31.0476341,-103.5260925,938.990,30.815,5260,0
"COREYMAY3",98,51738,0,9502695,743.799988,52.450001,1.980708,-0.031380,-3.052381,-20.000000,-4.390244,801.585388,1.421000,2.107000,-4.361000,0.000000,0.000000,0.000000,31.0476341,-103.5260925,938.990,30.815,5260,0
"COREYMAY3",98,43424,0,9502705,741.719971,52.450001,1.982784,0.055189,-3.225885,-18.475609,-2.987805,805.914612,2.352000,1.862000,-3.479000,0.000000,0.000000,0.000000,31.0476341,-103.5260925,938.990,30.815,5260,0
"COREYMAY3",98,5290,0,9502715,741.719971,52.450001,2.166911,0.168010,-3.135531,-18.780487,-0.487805,808.597534,2.156000,1.470000,-4.165000,0.000000,0.000000,0.000000,31.0476341,-103.5260925,938.990,30.815,5260,0
"COREYMAY3",98,7902,0,9502725,741.719971,52.450001,2.087668,0.261294,-3.122955,-17.987804,1.341463,809.268311,1.960000,0.882000,-3.185000,0.000000,0.000000,0.000000,31.0476341,-103.5260925,938.990,30.815,5260,0
"COREYMAY3",98,3309,0,9502735,741.719971,52.450001,2.269841,0.117338,-3.014041,-16.890244,0.792683,813.170715,2.793000,1.127000,-4.214000,0.000000,0.000000,0.000000,31.0476341,-103.5260925,938.990,30.815,5260,0
"COREYMAY3",98,7990,0,9502745,741.109985,52.450001,2.402930,0.156410,-3.022711,-13.475610,0.243902,814.451233,2.793000,1.127000,-4.214000,0.000000,0.000000,0.000000,31.0476341,-103.5260925,938.990,30.815,5260,0
"COREYMAY3",98,26452,0,9502755,741.109985,52.450001,2.370696,0.078510,-2.997070,-13.048780,0.975610,814.390259,2.450000,1.176000,-5.047000,0.000000,0.000000,0.000000,31.0476341,-103.5260925,938.990,30.815,5260,0
"COREYMAY3",98,57347,0,9502765,741.109985,52.450001,2.345788,0.059463,-3.053358,-14.329268,-0.853659,817.134155,3.234000,2.009000,-4.802000,0.000000,0.000000,0.000000,31.0476341,-103.5260925,938.990,30.815,5260,0
"COREYMAY3",98,432,0,9502775,741.109985,52.450001,2.352503,-0.011844,-3.083394,-13.902439,-4.024390,817.804871,2.744000,0.784000,-1.470000,0.000000,0.000000,0.000000,31.0476341,-103.5260925,938.990,30.815,5260,0
"COREYMAY3",98,9698,0,9502785,739.200012,52.439999,2.195604,-0.100733,-2.976923,-11.524390,-4.329268,817.682922,2.842000,-0.098000,-3.136000,0.000000,0.000000,0.000000,31.0476341,-103.5260925,938.990,30.815,5260,0
"COREYMAY3",98,18582,0,9502795,739.200012,52.439999,2.038461,-0.172527,-3.018437,-14.756098,-5.914634,817.682922,4.214000,-0.294000,-3.283000,0.000000,0.000000,0.000000,31.0476341,-103.5260925,938.990,30.815,5260,0
"COREYMAY3",98,21208,0,9502805,739.200012,52.439999,2.058242,-0.245665,-3.080708,-17.134146,-7.256098,817.560974,2.597000,-0.980000,-2.989000,0.000000,0.000000,0.000000,31.0476341,-103.5260925,938.990,30.815,5260,0
"COREYMAY3",98,4262,0,9502815,739.200012,52.439999,1.972772,-0.105983,-3.078877,-17.134146,-6.646341,818.048767,2.842000,0.931000,-3.528000,0.000000,0.000000,0.000000,31.0476341,-103.5260925,938.990,30.815,5260,0
"COREYMAY3",98,56618,0,9502825,735.940002,52.439999,1.931013,-0.195482,-2.943712,-17.378048,-6.463415,818.597534,2.793000,0.637000,-4.851000,0.000000,0.000000,0.000000,31.0476341,-103.5260925,938.990,30.815,5260,0
"COREYMAY3",98,56303,0,9502835,735.940002,52.439999,1.916606,0.061783,-3.017094,-18.048780,-5.365854,818.231689,3.136000,1.029000,-4.018000,0.000000,0.000000,0.000000,31.0476341,-103.5260925,938.990,30.815,5260,0
"COREYMAY3",98,33781,0,9502845,735.940002,52.439999,1.876190,0.076435,-2.929426,-19.024391,-3.597561,819.024414,3.332000,-1.029000,-2.058000,0.000000,0.000000,0.000000,31.0476341,-103.5260925,938.990,30.815,5260,0
"COREYMAY3",98,24846,0,9502855,735.940002,52.439999,1.923687,0.136630,-3.011111,-16.707317,-3.353658,823.963440,2.401000,0.343000,-3.430000,0.000000,0.000000,0.000000,31.0476341,-103.5260925,938.990,30.815,5260,0
"COREYMAY3",98,9889,0,9502865,734.309998,52.439999,1.962393,0.232234,-3.000122,-17.378048,-3.231707,826.890259,2.058000,0.735000,-3.087000,0.000000,0.000000,0.000000,31.0476341,-103.5260925,938.990,30.815,5260,0
"COREYMAY3",98,1809,0,9502875,734.309998,52.439999,1.901587,0.252259,-2.994505,-16.219513,-1.158537,836.890259,2.009000,0.931000,-2.646000,0.000000,0.000000,0.000000,31.0476341,-103.5260925,938.990,30.815,5260,0
"COREYMAY3",98,37981,0,9502885,734.309998,52.439999,1.902564,0.205983,-3.018193,-10.365853,2.804878,843.292664,2.744000,0.294000,-3.871000,0.000000,0.000000,0.000000,31.0476341,-103.5260925,938.990,30.815,5260,0
"COREYMAY3",98,60012,0,9502895,734.309998,52.439999,1.819292,0.150794,-2.895116,-9.634147,2.439024,843.536560,3.234000,-0.441000,-1.274000,0.000000,0.000000,0.000000,31.0476341,-103.5260925,938.990,30.815,5260,0
"COREYMAY3",98,11848,0,9502905,732.809998,52.439999,2.041270,0.067643,-2.964469,-10.975610,0.853659,841.280518,3.087000,0.686000,-3.479000,0.000000,0.000000,0.000000,31.0476341,-103.5260925,938.990,30.815,5260,0
"COREYMAY3",98,65413,0,9502915,732.809998,52.439999,2.060195,0.015385,-3.024909,-11.402439,-1.890244,839.817078,2.107000,0.245000,-4.067000,0.000000,0.000000,0.000000,31.0476341,-103.5260925,938.990,30.815,5260,0
"COREYMAY3",98,52941,0,9502925,732.809998,52.439999,2.117338,-0.198779,-2.978144,-10.000000,-2.256098,839.634155,3.136000,0.931000,-4.214000,0.000000,0.000000,0.000000,31.0476341,-103.5260925,938.990,30.815,5260,0
"COREYMAY3",98,4908,0,9502935,732.809998,52.439999,2.232479,-0.260195,-2.968010,-10.975610,-0.670732,839.634155,2.597000,0.735000,-4.557000,0.000000,0.000000,0.000000,31.0476341,-103.5260925,938.990,30.815,5260,0
"COREYMAY3",98,43916,0,9502945,730.400024,52.439999,1.987424,-0.274969,-3.015629,-11.036586,-1.158537,841.524414,2.401000,0.049000,-4.116000,0.000000,0.000000,0.000000,31.0476341,-103.5260925,938.990,30.815,5260,0
"COREYMAY3",98,16368,0,9502955,730.400024,52.439999,2.109890,-0.439072,-2.864469,-10.792683,-4.512195,840.182922,2.597000,-0.637000,-2.352000,0.000000,0.000000,0.000000,31.0476341,-103.5260925,938.990,30.815,5260,0
"COREYMAY3",98,25397,0,9502965,730.400024,52.439999,1.940537,-0.375092,-2.983761,-10.548780,-4.695122,837.195129,2.107000,0.294000,-4.361000,0.000000,0.000000,0.000000,31.0476341,-103.5260925,938.990,30.815,5260,0
"COREYMAY3",98,54956,0,9502975,730.400024,52.439999,1.855556,-0.474237,-2.930769,-13.048780,-2.378049,833.353638,3.038000,-0.490000,-3.136000,0.000000,0.000000,0.000000,31.0476341,-103.5260925,938.990,30.815,5260,0
"COREYMAY3",98,10049,0,9502985,726.969971,52.439999,1.755189,-0.274969,-2.934921,-14.695122,-4.512195,829.268311,2.303000,-0.196000,-3.283000,0.000000,0.000000,0.000000,31.0476341,-103.5260925,938.990,30.815,5260,0
"COREYMAY3",98,62361,0,9502995,726.969971,52.439999,1.617705,-0.263736,-2.906471,-15.243902,-4.939024,829.695129,2.303000,-0.196000,-3.283000,0.000000,0.000000,0.000000,31.0476341,-103.5260925,938.990,30.815,5260,0
"COREYMAY3",98,21597,0,9503005,726.969971,52.439999,1.731502,-0.188034,-2.951038,-18.841463,-3.597561,838.597534,2.009000,0.343000,-3.234000,0.000000,0.000000,0.000000,31.0476341,-103.5260925,938.990,30.815,5260,0
"COREYMAY3",98,20361,0,9503015,726.969971,52.439999,1.721490,0.032723,-3.008547,-20.243902,-1.402439,840.121948,2.058000,1.372000,-4.263000,0.000000,0.000000,0.000000,31.0476341,-103.5260925,938.990,30.815,5260,0
"COREYMAY3",98,30379,0,9503025,725.450012,52.430000,1.727473,0.003419,-2.947985,-18.170732,1.585366,838.414612,3.136000,0.490000,-3.822000,0.000000,0.000000,0.000000,31.0476341,-103.5260925,938.990,30.815,5260,0
"COREYMAY3",98,30786,0,9503035,725.450012,52.430000,1.793651,0.067766,-3.021001,-14.329268,2.378049,838.719482,2.548000,0.588000,-2.597000,0.000000,0.000000,0.000000,31.0476341,-103.5260925,938.990,30.815,5260,0
"COREYMAY3",98,35279,0,9503045,725.450012,52.430000,1.890354,-0.035897,-2.927595,-13.231708,2.012195,849.451233,3.185000,0.049000,-3.185000,0.000000,0.000000,0.000000,31.0476341,-103.5260925,938.990,30.815,5260,0
"COREYMAY3",98,24053,0,9503055,725.450012,52.430000,2.046398,-0.005250,-2.978022,-12.743902,2.134146,848.841492,3.087000,-0.245000,-2.891000,0.000000,0.000000,0.000000,31.0476341,-103.5260925,938.990,30.815,5260,0
"COREYMAY3",98,58756,0,9503065,724.419983,52.430000,2.166545,-0.088523,-3.064469,-10.365853,3.109756,852.012207,3.773000,-0.098000,-3.087000,0.000000,0.000000,0.000000,31.0476341,-103.5260925,938.990,30.815,5260,0
"COREYMAY3",98,21811,0,9503075,724.419983,52.430000,2.181319,-0.181563,-2.873138,-9.756098,3.597561,848.719482,2.548000,0.147000,-2.842000,0.000000,0.000000,0.000000,31.0476341,-103.5260925,938.990,30.815,5260,0
"COREYMAY3",98,54397,0,9503085,724.419983,52.430000,2.304640,-0.317216,-2.893895,-9.390244,2.073171,840.548767,3.528000,-0.637000,-3.381000,0.000000,0.000000,0.000000,31.0476341,-103.5260925,938.990,30.815,5260,0
"COREYMAY3",98,58135,0,9503095,724.419983,52.430000,2.133211,-0.485592,-2.919658,-9.878049,0.975610,837.012207,2.499000,0.196000,-3.626000,0.000000,0.000000,0.000000,31.0476341,-103.5260925,938.990,30.815,5260,0
"COREYMAY3",98,33446,0,9503105,721.559998,52.430000,2.082417,-0.509035,-2.972894,-10.853659,-2.621951,846.829285,3.038000,-0.147000,-3.381000,0.000000,0.000000,0.000000,31.0476341,-103.5260925,938.990,30.815,5260,0
"COREYMAY3",98,48233,0,9503115,721.559998,52.430000,2.104884,-0.476068,-3.000855,-11.890244,-5.243902,848.719482,2.597000,0.784000,-4.312000,0.000000,0.000000,0.000000,31.0476341,-103.5260925,938.990,30.815,5260,0
"COREYMAY3",98,16978,0,9503125,721.559998,52.430000,1.924176,-0.395849,-2.970452,-13.048780,-4.817073,837.439026,3.136000,-0.686000,-2.744000,0.000000,0.000000,0.000000,31.0476341,-103.5260925,938.990,30.815,5260,0
"COREYMAY3",98,41274,0,9503135,721.559998,52.430000,1.790110,-0.499023,-2.980952,-13.963414,-3.292683,824.817078,2.499000,0.147000,-3.038000,0.000000,0.000000,0.000000,31.0476341,-103.5260925,938.990,30.815,5260,0
"COREYMAY3",98,5488,0,9503145,718.200012,52.430000,1.636996,-0.410134,-2.973626,-14.573171,-2.317073,821.524414,1.862000,-0.343000,-2.352000,0.000000,0.000000,0.000000,31.0476341,-103.5260925,938.990,30.815,5260,0
"COREYMAY3",98,31798,0,9503155,718.200012,52.430000,1.613675,-0.469841,-2.935409,-13.353659,-2.134146,820.426819,2.058000,-0.294000,-3.332000,0.000000,0.000000,0.000000,31.0476341,-103.5260925,938.990,30.815,5260,0
"COREYMAY3",98,64714,0,9503165,718.200012,52.430000,1.519536,-0.172283,-2.958852,-17.987804,-2.926829,822.439026,2.107000,0.000000,-3.724000,0.000000,0.000000,0.000000,31.0476341,-103.5260925,938.990,30.815,5260,0
"COREYMAY3",98,6736,0,9503175,718.200012,52.430000,1.450672,-0.103175,-2.870574,-18.292683,1.646341,825.060974,1.666000,0.735000,-3.332000,0.000000,0.000000,0.000000,31.0476341,-103.5260925,938.990,30.815,5260,0
"COREYMAY3",98,38878,0,9503185,716.440002,52.430000,1.650183,-0.078388,-2.935043,-18.231707,2.804878,828.048767,1.372000,1.323000,-3.773000,0.000000,0.000000,0.000000,31.0476341,-103.5260925,938.990,30.815,5260,0
"COREYMAY3",98,45734,0,9503195,716.440002,52.430000,1.786935,0.020879,-2.952381,-14.634147,2.621951,831.158508,2.499000,0.441000,-3.283000,0.000000,0.000000,0.000000,31.0476341,-103.5260925,938.990,30.815,5260,0
"COREYMAY3",98,19071,0,9503205,716.440002,52.430000,1.695849,-0.024054,-2.931258,-12.621951,3.719512,833.536560,2.156000,0.196000,-1.911000,0.000000,0.000000,0.000000,31.0476341,-103.5260925,938.990,30.815,5260,0
"COREYMAY3",98,61713,0,9503215,716.440002,52.430000,1.952015,-0.076923,-2.986081,-10.975610,4.451220,833.780518,3.822000,-0.245000,-3.087000,0.000000,0.000000,0.000000,31.0476341,-103.5260925,938.990,30.815,5260,0
"COREYMAY3",98,4126,0,9503225,716.090027,52.419998,1.797802,-0.011966,-2.943346,-9.939024,5.548780,840.243896,2.450000,0.294000,-3.332000,0.000000,0.000000,0.000000,31.0476341,-103.5260925,938.990,30.815,5260,0
"COREYMAY3",98,55459,0,9503235,716.090027,52.419998,2.060195,-0.215018,-2.868010,-8.597561,5.182927,844.451233,3.234000,0.049000,-4.263000,0.000000,0.000000,0.000000,31.0476341,-103.5260925,938.990,30.815,5260,0
"COREYMAY3",98,25628,0,9503245,716.090027,52.419998,2.162027,-0.198535,-2.931380,-5.304878,6.158536,840.548767,3.234000,0.049000,-4.263000,0.000000,0.000000,0.000000,31.0476341,-103.5260925,938.990,30.815,5260,0
"COREYMAY3",98,46774,0,9503255,716.090027,52.419998,1.929548,-0.435409,-2.889988,-6.402439,4.695122,833.658508,2.254000,0.294000,-2.499000,0.000000,0.000000,0.000000,31.0476341,-103.5260925,938.990,30.815,5260,0
"COREYMAY3",98,61070,0,9503265,714.440002,52.419998,2.287668,-0.384737,-2.769231,-7.804878,1.036585,829.573181,1.617000,-0.196000,-2.156000,0.000000,0.000000,0.000000,31.0476341,-103.5260925,938.990,30.815,5260,0
"COREYMAY3",98,39450,0,9503275,714.440002,52.419998,2.063370,-0.466300,-2.855189,-9.451220,-0.670732,826.707336,2.940000,0.686000,-4.410000,0.000000,0.000000,0.000000,31.0476341,-103.5260925,938.990,30.815,5260,0
"COREYMAY3",98,10778,0,9503285,714.440002,52.419998,2.002198,-0.598413,-2.844445,-9.024390,-1.829268,824.817078,2.744000,-0.686000,-2.156000,0.000000,0.000000,0.000000,31.0476341,-103.5260925,938.990,30.815,5260,0
"COREYMAY3",98,16428,0,9503295,714.440002,52.419998,2.085104,-0.509646,-2.803663,-10.914634,-3.414634,823.170715,2.499000,0.098000,-3.038000,0.000000,0.000000,0.000000,31.0476341,-103.5260925,938.990,30.815,5260,0
"COREYMAY3",98,21247,0,9503305,710.940002,52.419998,1.528571,-0.622711,-2.796703,-13.719512,-4.146341,821.463440,2.156000,-0.490000,-2.548000,0.000000,0.000000,0.000000,31.0476341,-103.5260925,938.990,30.815,5260,0
"COREYMAY3",98,62828,0,9503315,710.940002,52.419998,1.704762,-0.699145,-2.869353,-16.951220,-4.573171,820.487793,2.205000,-0.539000,-2.891000,0.000000,0.000000,0.000000,31.0476341,-103.5260925,938.990,30.815,5260,0
"COREYMAY3",98,56036,0,9503325,710.940002,52.419998,1.675458,-0.480464,-2.873504,-19.695122,-3.963415,818.780518,2.156000,0.686000,-2.597000,0.000000,0.000000,0.000000,31.0476341,-103.5260925,938.990,30.815,5260,0
"COREYMAY3",98,53518,0,9503335,710.940002,52.419998,1.447253,-0.525397,-2.782540,-21.951220,-2.378049,815.548767,2.793000,-0.392000,-3.234000,0.000000,0.000000,0.000000,31.0476341,-103.5260925,938.990,30.815,5260,0
"COREYMAY3",98,34751,0,9503345,708.130005,52.419998,1.645788,-0.241270,-2.908547,-22.439024,-1.219512,818.536560,2.450000,0.392000,-4.851000,0.000000,0.000000,0.000000,31.0476341,-103.5260925,938.990,30.815,5260,0
"COREYMAY3",98,64780,0,9503355,708.130005,52.419998,1.497070,-0.272894,-2.844322,-21.097561,1.280488,821.402466,3.626000,-0.637000,-3.479000,0.000000,0.000000,0.000000,31.0476341,-103.5260925,938.990,30.815,5260,0
"COREYMAY3",98,36626,0,9503365,708.130005,52.419998,1.536752,-0.240171,-2.919658,-21.890244,4.085366,823.963440,2.891000,0.735000,-4.263000,0.000000,0.000000,0.000000,31.0476341,-103.5260925,938.990,30.815,5260,0
"COREYMAY3",98,23811,0,9503375,708.130005,52.419998,1.809524,-0.139194,-2.877656,-19.512196,5.000000,821.707336,2.401000,0.784000,-2.401000,0.000000,0.000000,0.000000,31.0476341,-103.5260925,938.990,30.815,5260,0
"COREYMAY3",98,32027,0,9503385,708.049988,52.419998,1.664957,-0.097802,-2.903541,-17.865854,6.707317,824.329285,2.548000,0.833000,-4.753000,0.000000,0.000000,0.000000,31.0476341,-103.5260925,938.990,30.815,5260,0
"COREYMAY3",98,12206,0,9503395,708.049988,52.419998,1.964835,-0.060073,-2.923321,-14.268292,7.134146,824.146362,2.401000,0.049000,-2.352000,0.000000,0.000000,0.000000,31.0476341,-103.5260925,938.990,30.815,5260,0
"COREYMAY3",98,21073,0,9503405,708.049988,52.419998,2.006716,0.091453,-2.926007,-11.707317,7.134146,823.658508,3.430000,0.490000,-4.459000,0.000000,0.000000,0.000000,31.0476341,-103.5260925,938.990,30.815,5260,0
"COREYMAY3",98,60918,0,9503415,708.049988,52.419998,2.042125,-0.098901,-2.951771,-12.439024,7.439024,822.987793,2.597000,1.421000,-3.969000,0.000000,0.000000,0.000000,31.0476341,-103.5260925,938.990,30.815,5260,0
"COREYMAY3",98,37233,0,9503425,707.700012,52.419998,2.263370,-0.078632,-2.870208,-10.365853,5.304878,823.963440,2.401000,0.147000,-3.381000,0.000000,0.000000,0.000000,31.0476341,-103.5260925,938.990,30.815,5260,0
"COREYMAY3",98,5782,0,9503435,707.700012,52.419998,2.176923,-0.247863,-2.847131,-8.048780,4.634146,825.548767,2.744000,0.049000,-4.557000,0.000000,0.000000,0.000000,31.0476341,-103.5260925,938.990,30.815,5260,0
"COREYMAY3",98,16247,0,9503445,707.700012,52.419998,2.097192,-0.389866,-2.879731,-7.987805,3.597561,817.439026,2.450000,0.490000,-3.577000,0.000000,0.000000,0.000000,31.0476341,-103.5260925,938.990,30.815,5260,0
"COREYMAY3",98,15283,0,9503455,707.700012,52.419998,2.293162,-0.430647,-2.934432,-9.878049,0.975610,812.804871,2.450000,-0.441000,-2.842000,0.000000,0.000000,0.000000,31.0476341,-103.5260925,938.990,30.815,5260,0
"COREYMAY3",98,51456,0,9503465,705.080017,52.410000,2.139805,-0.508669,-2.892063,-9.390244,-2.073171,813.536560,2.156000,-0.196000,-2.989000,0.000000,0.000000,0.000000,31.0476341,-103.5260925,938.990,30.815,5260,0
"COREYMAY3",98,1137,0,9503475,705.080017,52.410000,1.878755,-0.574603,-2.856776,-13.292683,-5.365854,812.500000,2.548000,-0.490000,-3.479000,0.000000,0.000000,0.000000,31.0476341,-103.5260925,938.990,30.815,5260,0
"COREYMAY3",98,1194,0,9503485,705.080017,52.410000,1.831380,-0.657021,-2.766789,-16.768293,-7.743902,805.670715,2.548000,-0.490000,-3.479000,0.000000,0.000000,0.000000,31.0476341,-103.5260925,938.990,30.815,5260,0
"COREYMAY3",98,36854,0,9503495,705.080017,52.410000,1.684737,-0.503175,-2.811477,-19.268293,-7.500000,800.975586,1.568000,0.392000,-3.136000,0.000000,0.000000,0.000000,31.0476341,-103.5260925,938.990,30.815,5260,0
"COREYMAY3",98,61239,0,9503505,700.789978,52.410000,1.618071,-0.540415,-2.846276,-19.207317,-4.634146,799.268311,2.450000,-0.343000,-1.911000,0.000000,0.000000,0.000000,31.0476341,-103.5260925,938.990,30.815,5260,0
"COREYMAY3",98,51613,0,9503515,700.789978,52.410000,1.488767,-0.427717,-2.838950,-20.243902,-4.512195,803.658508,0.784000,-0.098000,-2.744000,0.000000,0.000000,0.000000,31.0476341,-103.5260925,938.990,30.815,5260,0
"COREYMAY3",98,36052,0,9503525,700.789978,52.410000,1.448474,-0.365446,-2.772527,-20.060976,-2.439024,807.500000,2.058000,-0.049000,-2.450000,0.000000,0.000000,0.000000,31.0476341,-103.5260925,938.990,30.815,5260,0
"COREYMAY3",98,51814,0,9503535,700.789978,52.410000,1.468376,-0.211600,-2.790476,-21.768293,0.670732,804.878052,1.862000,0.196000,-4.410000,0.000000,0.000000,0.000000,31.0476341,-103.5260925,938.990,30.815,5260,0
"COREYMAY3",98,7988,0,9503545,699.409973,52.410000,1.434188,-0.140293,-2.854579,-21.646341,2.682927,802.012207,2.009000,0.735000,-3.332000,0.000000,0.000000,0.000000,31.0476341,-103.5260925,938.990,30.815,5260,0
"COREYMAY3",98,54086,0,9503555,699.409973,52.410000,1.574725,-0.065812,-2.805128,-20.243902,4.573171,804.390259,2.548000,-0.196000,-2.597000,0.000000,0.000000,0.000000,31.0476341,-103.5260925,938.990,30.815,5260,0
"COREYMAY3",98,18118,0,9503565,699.409973,52.410000,1.637118,0.027473,-2.826129,-18.841463,6.280488,810.060974,2.793000,1.274000,-4.312000,0.000000,0.000000,0.000000,31.0476341,-103.5260925,938.990,30.815,5260,0
"COREYMAY3",98,34677,0,9503575,699.409973,52.410000,1.770085,-0.020269,-2.832479,-17.195122,8.475610,816.585388,2.842000,0.588000,-3.332000,0.000000,0.000000,0.000000,31.0476341,-103.5260925,938.990,30.815,5260,0
"COREYMAY3",98,55322,0,9503585,699.530029,52.410000,1.930403,0.049573,-2.891575,-15.670732,7.560976,812.865845,2.891000,0.294000,-2.842000,0.000000,0.000000,0.000000,31.0476341,-103.5260925,938.990,30.815,5260,0
"COREYMAY3",98,52020,0,9503595,699.530029,52.410000,1.926007,-0.020757,-2.849695,-11.890244,8.109756,810.609741,2.891000,-0.343000,-2.205000,0.000000,0.000000,0.000000,31.0476341,-103.5260925,938.990,30.815,5260,0
"COREYMAY3",98,60194,0,9503605,699.530029,52.410000,2.073993,-0.091209,-2.868742,-11.402439,6.402439,813.170715,2.156000,1.127000,-3.087000,0.000000,0.000000,0.000000,31.0476341,-103.5260925,938.990,30.815,5260,0
"COREYMAY3",98,10101,0,9503615,699.530029,52.410000,2.140781,-0.136874,-2.813187,-12.195122,5.243902,817.073181,3.136000,0.245000,-2.989000,0.000000,0.000000,0.000000,31.0476341,-103.5260925,938.990,30.815,5260,0
"COREYMAY3",98,37590,0,9503625,698.659973,52.410000,2.047253,-0.292308,-2.794750,-10.670732,2.500000,819.146362,2.891000,0.931000,-4.361000,0.000000,0.000000,0.000000,31.0476341,-103.5260925,938.990,30.815,5260,0
"COREYMAY3",98,9470,0,9503635,698.659973,52.410000,2.132601,-0.348352,-2.818071,-9.451220,-1.280488,811.219482,2.009000,0.343000,-2.842000,0.000000,0.000000,0.000000,31.0476341,-103.5260925,938.990,30.815,5260,0
"COREYMAY3",98,34078,0,9503645,698.659973,52.410000,1.985348,-0.415995,-2.838584,-9.512196,-2.560976,806.524414,2.744000,-0.147000,-3.185000,0.000000,0.000000,0.000000,31.0476341,-103.5260925,938.990,30.815,5260,0
"COREYMAY3",98,41773,0,9503655,698.659973,52.410000,1.989866,-0.510012,-2.715629,-11.951220,-4.756098,802.256104,1.960000,-0.441000,-2.254000,0.000000,0.000000,0.000000,31.0476341,-103.5260925,938.990,30.815,5260,0
"COREYMAY3",98,11420,0,9503665,695.359985,52.410000,1.909280,-0.463736,-2.686813,-14.512196,-4.939024,801.585388,2.597000,0.049000,-3.577000,0.000000,0.000000,0.000000,31.0476341,-103.5260925,938.990,30.815,5260,0
"COREYMAY3",98,58628,0,9503675,695.359985,52.410000,1.739560,-0.523810,-2.708425,-14.390244,-6.402439,800.792664,1.470000,0.098000,-2.450000,0.000000,0.000000,0.000000,31.0476341,-103.5260925,938.990,30.815,5260,0
"COREYMAY3",98,61386,0,9503685,695.359985,52.410000,1.694628,-0.533578,-2.738339,-15.670732,-5.914634,795.975586,2.254000,-0.147000,-3.332000,0.000000,0.000000,0.000000,31.0476341,-103.5260925,938.990,30.815,5260,0
"COREYMAY3",98,29401,0,9503695,695.359985,52.410000,1.544200,-0.482418,-2.723199,-17.317074,-4.878049,793.719482,2.009000,-0.343000,-1.372000,0.000000,0.000000,0.000000,31.0476341,-103.5260925,938.990,30.815,5260,0
"COREYMAY3",98,57153,0,9503705,692.070007,52.410000,1.448352,-0.500488,-2.712454,-19.451220,-3.597561,793.353638,2.352000,0.245000,-3.038000,0.000000,0.000000,0.000000,31.0476341,-103.5260925,938.990,30.815,5260,0
"COREYMAY3",98,17757,0,9503715,692.070007,52.410000,1.432723,-0.437729,-2.723687,-20.365854,-1.707317,793.048767,1.764000,-0.392000,-1.960000,0.000000,0.000000,0.000000,31.0476341,-103.5260925,938.990,30.815,5260,0
"COREYMAY3",98,18358,0,9503725,692.070007,52.410000,1.362149,-0.326374,-2.739194,-20.914635,-0.792683,794.695129,2.450000,-0.539000,-1.666000,0.000000,0.000000,0.000000,31.0476341,-103.5260925,938.990,30.815,5260,0
"COREYMAY3",98,49565,0,9503735,692.070007,52.410000,1.558486,-0.307204,-2.768986,-21.524391,-0.243902,796.402466,2.450000,-0.539000,-1.666000,0.000000,0.000000,0.000000,31.0476341,-103.5260925,938.990,30.815,5260,0
"COREYMAY3",98,39819,0,9503745,691.010010,52.400002,1.453236,-0.130769,-2.733944,-22.439024,-0.121951,797.012207,2.450000,-0.098000,-2.989000,0.000000,0.000000,0.000000,31.0476341,-103.5260925,938.990,30.815,5260,0
"COREYMAY3",98,42296,0,9503755,691.010010,52.400002,1.547619,-0.166545,-2.651404,-20.670732,2.378049,798.841492,1.127000,0.490000,-3.626000,0.000000,0.000000,0.000000,31.0476341,-103.5260925,938.990,30.815,5260,0
"COREYMAY3",98,711,0,9503765,691.010010,52.400002,1.733089,-0.025885,-2.732845,-19.817074,5.792683,802.256104,1.078000,0.147000,-2.842000,0.000000,0.000000,0.000000,31.0476341,-103.5260925,938.990,30.815,5260,0
"COREYMAY3",98,32866,0,9503775,691.010010,52.400002,1.750794,0.005739,-2.637851,-18.170732,7.073171,804.268311,2.156000,1.225000,-3.969000,0.000000,0.000000,0.000000,31.0476341,-103.5260925,938.990,30.815,5260,0
"COREYMAY3",98,35959,0,9503785,691.340027,52.400002,1.842247,0.031258,-2.598046,-15.548780,6.280488,809.695129,2.401000,0.539000,-2.107000,0.000000,0.000000,0.000000,31.0476341,-103.5260925,938.990,30.815,5260,0
"COREYMAY3",98,39220,0,9503795,691.340027,52.400002,1.966789,-0.096459,-2.748474,-14.024390,5.914634,807.804871,2.303000,0.343000,-2.940000,0.000000,0.000000,0.000000,31.0476341,-103.5260925,938.990,30.815,5260,0
"COREYMAY3",98,46187,0,9503805,691.340027,52.400002,2.031013,-0.149817,-2.729914,-13.353659,4.268293,804.634155,3.234000,-0.294000,-1.862000,0.000000,0.000000,0.000000,31.0476341,-103.5260925,938.990,30.815,5260,0
"COREYMAY3",98,59944,0,9503815,691.340027,52.400002,2.089866,-0.246764,-2.675702,-12.134147,1.646341,803.658508,2.940000,-0.686000,-2.352000,0.000000,0.000000,0.000000,31.0476341,-103.5260925,938.990,30.815,5260,0
"COREYMAY3",98,28804,0,9503825,689.679993,52.400002,2.145177,-0.386203,-2.683761,-10.060976,1.890244,800.487793,3.528000,-0.049000,-3.724000,0.000000,0.000000,0.000000,31.0476341,-103.5260925,938.990,30.815,5260,0
"COREYMAY3",98,37976,0,9503835,689.679993,52.400002,2.103663,-0.456410,-2.697558,-11.951220,-0.121951,798.902466,2.793000,0.392000,-4.116000,0.000000,0.000000,0.000000,31.0476341,-103.5260925,938.990,30.815,5260,0
"COREYMAY3",98,14342,0,9503845,689.679993,52.400002,2.054090,-0.528083,-2.632479,-12.195122,-3.048780,793.841492,2.842000,-0.147000,-3.920000,0.000000,0.000000,0.000000,31.0476341,-103.5260925,938.990,30.815,5260,0
"COREYMAY3",98,53859,0,9503855,689.679993,52.400002,1.853846,-0.528205,-2.700610,-13.902439,-3.963415,790.121948,2.352000,0.147000,-3.969000,0.000000,0.000000,0.000000,31.0476341,-103.5260925,938.990,30.815,5260,0
"COREYMAY3",98,60566,0,9503865,686.309998,52.400002,1.905250,-0.597436,-2.734676,-16.524391,-6.097561,792.500000,3.283000,-0.147000,-3.626000,0.000000,0.000000,0.000000,31.0476341,-103.5260925,938.990,30.815,5260,0
"COREYMAY3",98,43708,0,9503875,686.309998,52.400002,1.710379,-0.474969,-2.698901,-18.597561,-7.256098,795.243896,1.911000,0.392000,-2.940000,0.000000,0.000000,0.000000,31.0476341,-103.5260925,938.990,30.815,5260,0
"COREYMAY3",98,40092,0,9503885,686.309998,52.400002,1.593284,-0.506593,-2.669841,-19.695122,-7.500000,789.024414,2.254000,0.049000,-4.410000,0.000000,0.000000,0.000000,31.0476341,-103.5260925,938.990,30.815,5260,0
"COREYMAY3",98,43904,0,9503895,686.309998,52.400002,1.477412,-0.342491,-2.637851,-19.878048,-5.121951,784.573181,2.107000,-0.098000,-2.254000,0.000000,0.000000,0.000000,31.0476341,-103.5260925,938.990,30.815,5260,0
"COREYMAY3",98,28182,0,9503905,683.640015,52.400002,1.537118,-0.288523,-2.681563,-20.182926,-4.085366,784.146362,1.813000,-0.441000,-2.303000,0.000000,0.000000,0.000000,31.0476341,-103.5260925,938.990,30.815,5260,0
"COREYMAY3",98,57686,0,9503915,683.640015,52.400002,1.510256,-0.089621,-2.697070,-21.158537,-3.231707,786.768311,2.254000,0.686000,-3.038000,0.000000,0.000000,0.000000,31.0476341,-103.5260925,938.990,30.815,5260,0
"COREYMAY3",98,2173,0,9503925,683.640015,52.400002,1.488523,-0.001221,-2.733089,-19.695122,1.097561,793.353638,1.960000,0.686000,-2.352000,0.000000,0.000000,0.000000,31.0476341,-103.5260925,938.990,30.815,5260,0
"COREYMAY3",98,33922,0,9503935,683.640015,52.400002,1.570086,0.126129,-2.646154,-20.853659,2.743902,799.024414,2.107000,0.833000,-4.263000,0.000000,0.000000,0.000000,31.0476341,-103.5260925,938.990,30.815,5260,0
"COREYMAY3",98,16657,0,9503945,684.210022,52.389999,1.663980,0.136996,-2.705739,-18.902439,1.951220,805.000000,2.058000,0.343000,-2.499000,0.000000,0.000000,0.000000,31.0476341,-103.5260925,938.990,30.815,5260,0
"COREYMAY3",98,11852,0,9503955,684.210022,52.389999,1.716972,0.192796,-2.694994,-16.219513,3.658537,799.329285,2.891000,0.245000,-3.038000,0.000000,0.000000,0.000000,31.0476341,-103.5260925,938.990,30.815,5260,0
"COREYMAY3",98,18463,0,9503965,684.210022,52.389999,1.817827,0.142247,-2.743712,-15.670732,5.000000,796.646362,2.842000,-0.147000,-1.862000,0.000000,0.000000,0.000000,31.0476341,-103.5260925,938.990,30.815,5260,0
"COREYMAY3",98,53295,0,9503975,684.210022,52.389999,1.857631,0.120391,-2.670696,-13.475610,4.817073,798.048767,2.548000,0.294000,-2.352000,0.000000,0.000000,0.000000,31.0476341,-103.5260925,938.990,30.815,5260,0
"COREYMAY3",98,3371,0,9503985,683.580017,52.389999,1.963980,0.056899,-2.711233,-10.243902,4.451220,798.902466,2.548000,0.294000,-2.352000,0.000000,0.000000,0.000000,31.0476341,-103.5260925,938.990,30.815,5260,0
"COREYMAY3",98,32585,0,9503995,683.580017,52.389999,1.850427,-0.056777,-2.633456,-9.146341,2.743902,801.280518,2.842000,1.421000,-4.410000,0.000000,0.000000,0.000000,31.0476341,-103.5260925,938.990,30.815,5260,0
"COREYMAY3",98,52617,0,9504005,683.580017,52.389999,1.910134,-0.175458,-2.667521,-8.658537,1.036585,801.097534,3.185000,-0.294000,-2.254000,0.000000,0.000000,0.000000,31.0476341,-103.5260925,938.990,30.815,5260,0
"COREYMAY3",98,34576,0,9504015,683.580017,52.389999,2.029182,-0.242002,-2.678022,-9.024390,-0.975610,800.000000,3.185000,-0.490000,-2.205000,0.000000,0.000000,0.000000,31.0476341,-103.5260925,938.990,30.815,5260,0
"COREYMAY3",98,57601,0,9504025,681.309998,52.389999,1.893529,-0.277534,-2.663492,-9.207317,-2.560976,797.804871,2.597000,-0.490000,-1.568000,0.000000,0.000000,0.000000,31.0476341,-103.5260925,938.990,30.815,5260,0
"COREYMAY3",98,13446,0,9504035,681.309998,52.389999,1.947253,-0.377778,-2.730403,-10.487804,-4.390244,795.792664,1.862000,0.882000,-3.234000,0.000000,0.000000,0.000000,31.0476341,-103.5260925,938.990,30.815,5260,0
"COREYMAY3",98,43590,0,9504045,681.309998,52.389999,1.847009,-0.447497,-2.680586,-12.743902,-7.012195,794.268311,1.617000,0.392000,-3.185000,0.000000,0.000000,0.000000,31.0476341,-103.5260925,938.990,30.815,5260,0
"COREYMAY3",98,31052,0,9504055,681.309998,52.389999,1.667033,-0.514774,-2.645543,-14.573171,-7.195122,795.731689,1.911000,0.245000,-2.156000,0.000000,0.000000,0.000000,31.0476341,-103.5260925,938.990,30.815,5260,0
"COREYMAY3",98,49572,0,9504065,677.750000,52.389999,1.675092,-0.459829,-2.610745,-16.951220,-7.682927,796.463440,2.205000,-0.245000,-2.842000,0.000000,0.000000,0.000000,31.0476341,-103.5260925,938.990,30.815,5260,0
"COREYMAY3",98,47999,0,9504075,677.750000,52.389999,1.472528,-0.384860,-2.640049,-18.048780,-7.560976,793.597534,1.911000,0.147000,-3.920000,0.000000,0.000000,0.000000,31.0476341,-103.5260925,938.990,30.815,5260,0
"COREYMAY3",98,64444,0,9504085,677.750000,52.389999,1.479365,-0.426374,-2.683272,-19.878048,-6.524390,789.024414,2.058000,0.000000,-2.352000,0.000000,0.000000,0.000000,31.0476341,-103.5260925,938.990,30.815,5260,0
"COREYMAY3",98,2653,0,9504095,677.750000,52.389999,1.358974,-0.279121,-2.592430,-22.621952,-4.146341,787.317078,1.813000,0.784000,-4.116000,0.000000,0.000000,0.000000,31.0476341,-103.5260925,938.990,30.815,5260,0
"COREYMAY3",98,5851,0,9504105,675.710022,52.389999,1.166667,-0.317216,-2.647497,-20.365854,-1.463415,789.146362,2.107000,0.147000,-3.332000,0.000000,0.000000,0.000000,31.0476341,-103.5260925,938.990,30.815,5260,0
"COREYMAY3",98,64253,0,9504115,675.710022,52.389999,1.291941,-0.195604,-2.605983,-20.243902,-0.182927,793.292664,2.254000,0.588000,-4.116000,0.000000,0.000000,0.000000,31.0476341,-103.5260925,938.990,30.815,5260,0
"COREYMAY3",98,50468,0,9504125,675.710022,52.389999,1.309890,-0.093651,-2.600610,-19.756098,1.951220,795.792664,2.695000,0.588000,-4.900000,0.000000,0.000000,0.000000,31.0476341,-103.5260925,938.990,30.815,5260,0
"COREYMAY3",98,58524,0,9504135,675.710022,52.389999,1.256777,0.081074,-2.648962,-19.573172,3.170732,796.097534,1.666000,0.441000,-2.303000,0.000000,0.000000,0.000000,31.0476341,-103.5260925,938.990,30.815,5260,0
"COREYMAY3",98,41958,0,9504145,675.210022,52.389999,1.483272,0.214896,-2.692064,-16.890244,5.060976,798.475586,2.156000,1.078000,-4.263000,0.000000,0.000000,0.000000,31.0476341,-103.5260925,938.990,30.815,5260,0
"COREYMAY3",98,50684,0,9504155,675.210022,52.389999,1.567888,0.189377,-2.684127,-13.719512,7.500000,802.804871,1.911000,0.098000,-2.695000,0.000000,0.000000,0.000000,31.0476341,-103.5260925,938.990,30.815,5260,0
"COREYMAY3",98,2794,0,9504165,675.210022,52.389999,1.719902,0.149328,-2.690720,-12.256098,5.670732,812.987793,2.450000,0.245000,-3.185000,0.000000,0.000000,0.000000,31.0476341,-103.5260925,938.990,30.815,5260,0
"COREYMAY3",98,38617,0,9504175,675.210022,52.389999,1.962393,0.108791,-2.677412,-9.329268,6.646341,818.536560,1.715000,1.519000,-2.940000,0.000000,0.000000,0.000000,31.0476341,-103.5260925,938.990,30.815,5260,0
"COREYMAY3",98,36098,0,9504185,675.340027,52.380001,1.992064,-0.003175,-2.666789,-8.353659,5.060976,812.378052,3.038000,0.784000,-3.332000,0.000000,0.000000,0.000000,31.0476341,-103.5260925,938.990,30.815,5260,0
"COREYMAY3",98,54931,0,9504195,675.340027,52.380001,2.042857,-0.164103,-2.630159,-7.865854,1.707317,815.853638,2.352000,0.637000,-4.165000,0.000000,0.000000,0.000000,31.0476341,-103.5260925,938.990,30.815,5260,0
"COREYMAY3",98,7381,0,9504205,675.340027,52.380001,1.987668,-0.218315,-2.617582,-5.792683,-0.365854,820.121948,2.744000,0.000000,-3.038000,0.000000,0.000000,0.000000,31.0476341,-103.5260925,938.990,30.815,5260,0
"COREYMAY3",98,17169,0,9504215,675.340027,52.380001,1.906593,-0.360317,-2.702930,-4.939024,-3.048780,812.439026,2.793000,-0.441000,-3.087000,0.000000,0.000000,0.000000,31.0476341,-103.5260925,938.990,30.815,5260,0
"COREYMAY3",98,33980,0,9504225,672.890015,52.380001,1.798779,-0.478755,-2.664713,-6.158536,-4.329268,803.292664,2.793000,-0.441000,-3.087000,0.000000,0.000000,0.000000,31.0476341,-103.5260925,938.990,30.815,5260,0
"COREYMAY3",98,31542,0,9504235,672.890015,52.380001,1.656166,-0.584982,-2.697070,-9.024390,-6.768293,799.329285,1.960000,-0.490000,-2.548000,0.000000,0.000000,0.000000,31.0476341,-103.5260925,938.990,30.815,5260,0
"COREYMAY3",98,58190,0,9504245,672.890015,52.380001,1.573138,-0.651893,-2.552991,-10.304878,-7.743902,796.524414,1.519000,0.098000,-2.352000,0.000000,0.000000,0.000000,31.0476341,-103.5260925,938.990,30.815,5260,0
"COREYMAY3",98,28797,0,9504255,672.890015,52.380001,1.414286,-0.615018,-2.541148,-14.024390,-8.658537,796.524414,2.254000,0.000000,-1.519000,0.000000,0.000000,0.000000,31.0476341,-103.5260925,938.990,30.815,5260,0
"COREYMAY3",98,54629,0,9504265,668.090027,52.380001,1.287057,-0.620147,-2.622589,-16.890244,-7.134146,797.987793,2.156000,-0.147000,-3.087000,0.000000,0.000000,0.000000,31.0476341,-103.5260925,938.990,30.815,5260,0
"COREYMAY3",98,21544,0,9504275,668.090027,52.380001,1.300000,-0.538217,-2.581563,-18.231707,-5.670732,795.914612,1.666000,0.098000,-3.038000,0.000000,0.000000,0.000000,31.0476341,-103.5260925,938.990,30.815,5260,0
"COREYMAY3",98,32017,0,9504285,668.090027,52.380001,1.191941,-0.427473,-2.609035,-19.817074,-2.987805,793.841492,0.980000,-0.098000,-1.911000,0.000000,0.000000,0.000000,31.0476341,-103.5260925,938.990,30.815,5260,0
"COREYMAY3",98,11690,0,9504295,668.090027,52.380001,1.139438,-0.363492,-2.604274,-19.024391,-2.317073,795.000000,2.744000,0.000000,-2.646000,0.000000,0.000000,0.000000,31.0476341,-103.5260925,938.990,30.815,5260,0
"COREYMAY3",98,50312,0,9504305,666.719971,52.380001,1.191209,-0.242979,-2.567399,-19.329268,0.243902,797.073181,1.372000,0.588000,-3.626000,0.000000,0.000000,0.000000,31.0476341,-103.5260925,938.990,30.815,5260,0
"COREYMAY3",98,43377,0,9504315,666.719971,52.380001,1.165690,-0.159951,-2.573382,-20.060976,3.475610,797.987793,1.568000,0.245000,-2.842000,0.000000,0.000000,0.000000,31.0476341,-103.5260925,938.990,30.815,5260,0
"COREYMAY3",98,42828,0,9504325,666.719971,52.380001,1.274237,-0.135775,-2.629304,-19.390244,5.609756,801.585388,1.323000,1.029000,-4.753000,0.000000,0.000000,0.000000,31.0476341,-103.5260925,938.990,30.815,5260,0
"COREYMAY3",98,35615,0,9504335,666.719971,52.380001,1.391697,-0.066300,-2.600000,-17.865854,6.036585,808.231689,2.205000,0.196000,-2.401000,0.000000,0.000000,0.000000,31.0476341,-103.5260925,938.990,30.815,5260,0
"COREYMAY3",98,59424,0,9504345,666.969971,52.380001,1.487302,-0.113675,-2.478877,-15.670732,7.865854,807.682922,2.156000,0.343000,-3.332000,0.000000,0.000000,0.000000,31.0476341,-103.5260925,938.990,30.815,5260,0
"COREYMAY3",98,19457,0,9504355,666.969971,52.380001,1.611844,-0.095971,-2.536142,-12.987804,9.634147,807.134155,2.695000,0.588000,-3.234000,0.000000,0.000000,0.000000,31.0476341,-103.5260925,938.990,30.815,5260,0
"COREYMAY3",98,38210,0,9504365,666.969971,52.380001,1.769719,-0.185714,-2.547009,-10.548780,9.085366,808.475586,2.548000,0.686000,-3.038000,0.000000,0.000000,0.000000,31.0476341,-103.5260925,938.990,30.815,5260,0
"COREYMAY3",98,15209,0,9504375,666.969971,52.380001,1.779121,-0.242247,-2.583394,-8.109756,8.170732,807.195129,1.568000,0.833000,-2.842000,0.000000,0.000000,0.000000,31.0476341,-103.5260925,938.990,30.815,5260,0
"COREYMAY3",98,60935,0,9504385,666.390015,52.380001,1.871429,-0.412943,-2.517949,-7.804878,5.487805,805.975586,2.744000,0.000000,-2.009000,0.000000,0.000000,0.000000,31.0476341,-103.5260925,938.990,30.815,5260,0
"COREYMAY3",98,17048,0,9504395,666.390015,52.380001,1.862637,-0.458486,-2.484859,-8.109756,4.085366,804.085388,1.911000,-0.245000,-1.813000,0.000000,0.000000,0.000000,31.0476341,-103.5260925,938.990,30.815,5260,0
"COREYMAY3",98,14143,0,9504405,666.390015,52.380001,1.760195,-0.593040,-2.527228,-8.109756,2.560976,801.768311,2.842000,-0.343000,-2.842000,0.000000,0.000000,0.000000,31.0476341,-103.5260925,938.990,30.815,5260,0
"COREYMAY3",98,18348,0,9504415,666.390015,52.380001,1.728816,-0.650427,-2.550183,-10.365853,-0.304878,799.268311,2.009000,0.294000,-3.381000,0.000000,0.000000,0.000000,31.0476341,-103.5260925,938.990,30.815,5260,0
"COREYMAY3",98,23596,0,9504425,662.630005,52.380001,1.640781,-0.681075,-2.524664,-11.280488,-1.036585,795.609741,2.254000,-0.490000,-2.842000,0.000000,0.000000,0.000000,31.0476341,-103.5260925,938.990,30.815,5260,0
"COREYMAY3",98,23572,0,9504435,662.630005,52.380001,1.492064,-0.731868,-2.494872,-13.780488,-1.341463,792.378052,1.666000,0.294000,-4.018000,0.000000,0.000000,0.000000,31.0476341,-103.5260925,938.990,30.815,5260,0
"COREYMAY3",98,1595,0,9504445,662.630005,52.380001,1.423443,-0.699145,-2.507326,-14.817073,-1.280488,790.121948,1.862000,-0.441000,-3.332000,0.000000,0.000000,0.000000,31.0476341,-103.5260925,938.990,30.815,5260,0
"COREYMAY3",98,13415,0,9504455,662.630005,52.380001,1.326618,-0.646276,-2.455311,-15.487804,-0.975610,788.109741,1.911000,-0.245000,-2.695000,0.000000,0.000000,0.000000,31.0476341,-103.5260925,938.990,30.815,5260,0
"COREYMAY3",98,45699,0,9504465,659.479980,52.380001,1.296215,-0.664713,-2.520635,-16.951220,-0.792683,788.475586,1.421000,-0.686000,-2.107000,0.000000,0.000000,0.000000,31.0476341,-103.5260925,938.990,30.815,5260,0
"COREYMAY3",98,60798,0,9504475,659.479980,52.380001,1.303541,-0.551893,-2.472772,-19.146341,-0.365854,790.792664,1.421000,-0.686000,-2.107000,0.000000,0.000000,0.000000,31.0476341,-103.5260925,938.990,30.815,5260,0
"COREYMAY3",98,56320,0,9504485,659.479980,52.380001,1.234188,-0.519536,-2.449939,-17.987804,1.829268,789.695129,2.009000,-0.686000,-1.372000,0.000000,0.000000,0.000000,31.0476341,-103.5260925,938.990,30.815,5260,0
"COREYMAY3",98,29326,0,9504495,659.479980,52.380001,1.272161,-0.417094,-2.515141,-17.560976,3.658537,789.451233,1.764000,-0.294000,-1.323000,0.000000,0.000000,0.000000,31.0476341,-103.5260925,938.990,30.815,5260,0
"COREYMAY3",98,46471,0,9504505,658.799988,52.380001,1.349084,-0.363736,-2.514652,-19.390244,5.975610,791.524414,1.960000,0.637000,-3.479000,0.000000,0.000000,0.000000,31.0476341,-103.5260925,938.990,30.815,5260,0
"COREYMAY3",98,9240,0,9504515,658.799988,52.380001,1.320147,-0.337485,-2.473993,-18.780487,8.292683,796.341492,2.107000,0.245000,-2.989000,0.000000,0.000000,0.000000,31.0476341,-103.5260925,938.990,30.815,5260,0
"COREYMAY3",98,43888,0,9504525,658.799988,52.380001,1.485958,-0.297680,-2.479365,-17.560976,8.414634,802.560974,1.715000,0.539000,-2.352000,0.000000,0.000000,0.000000,31.0476341,-103.5260925,938.990,30.815,5260,0
"COREYMAY3",98,55031,0,9504535,658.799988,52.380001,1.554945,-0.246764,-2.479487,-17.378048,7.987805,801.768311,2.156000,0.441000,-3.283000,0.000000,0.000000,0.000000,31.0476341,-103.5260925,938.990,30.815,5260,0
"COREYMAY3",98,41908,0,9504545,659.229980,52.380001,1.591697,-0.342369,-2.524786,-15.609756,8.597561,797.134155,1.764000,0.049000,-3.381000,0.000000,0.000000,0.000000,31.0476341,-103.5260925,938.990,30.815,5260,0
"COREYMAY3",98,5076,0,9504555,659.229980,52.380001,1.665324,-0.286447,-2.482296,-12.560976,8.719512,794.207336,2.499000,-0.294000,-2.401000,0.000000,0.000000,0.000000,31.0476341,-103.5260925,938.990,30.815,5260,0
"COREYMAY3",98,37348,0,9504565,659.229980,52.380001,1.699023,-0.368620,-2.497680,-11.585366,8.231708,794.451233,1.862000,0.490000,-3.675000,0.000000,0.000000,0.000000,31.0476341,-103.5260925,938.990,30.815,5260,0
"COREYMAY3",98,16175,0,9504575,659.229980,52.380001,1.752015,-0.407814,-2.445421,-11.951220,7.560976,796.280518,2.205000,0.245000,-2.499000,0.000000,0.000000,0.000000,31.0476341,-103.5260925,938.990,30.815,5260,0
"COREYMAY3",98,15740,0,9504586,657.820007,52.369999,1.815018,-0.482051,-2.478510,-12.621951,5.975610,795.792664,1.813000,-0.098000,-2.352000,0.000000,0.000000,0.000000,31.0476341,-103.5260925,938.990,30.815,5260,0
"COREYMAY3",98,2189,0,9504595,657.820007,52.369999,1.752503,-0.527595,-2.459463,-11.707317,4.085366,791.036560,2.597000,0.196000,-3.038000,0.000000,0.000000,0.000000,31.0476341,-103.5260925,938.990,30.815,5260,0
"COREYMAY3",98,2918,0,9504605,657.820007,52.369999,1.738950,-0.616117,-2.475702,-10.731708,4.512195,788.475586,3.038000,-0.637000,-2.744000,0.000000,0.000000,0.000000,31.0476341,-103.5260925,938.990,30.815,5260,0
"COREYMAY3",98,63961,0,9504615,657.820007,52.369999,1.640781,-0.592674,-2.446520,-12.682927,1.951220,786.219482,2.303000,-0.098000,-3.087000,0.000000,0.000000,0.000000,31.0476341,-103.5260925,938.990,30.815,5260,0
"COREYMAY3",98,39644,0,9504625,655.020020,52.369999,1.555556,-0.629060,-2.506593,-13.719512,-0.487805,783.292664,1.813000,-0.343000,-3.822000,0.000000,0.000000,0.000000,31.0476341,-103.5260925,938.990,30.815,5260,0
"COREYMAY3",98,9078,0,9504635,655.020020,52.369999,1.519292,-0.633455,-2.502076,-14.878049,-0.975610,781.402466,1.813000,-0.245000,-3.234000,0.000000,0.000000,0.000000,31.0476341,-103.5260925,938.990,30.815,5260,0
"COREYMAY3",98,15413,0,9504645,655.020020,52.369999,1.492186,-0.624054,-2.456777,-15.853659,-0.731707,780.487793,1.421000,0.294000,-3.283000,0.000000,0.000000,0.000000,31.0476341,-103.5260925,938.990,30.815,5260,0
"COREYMAY3",98,61023,0,9504655,655.020020,52.369999,1.379243,-0.569719,-2.433700,-18.292683,-0.853659,780.853638,2.009000,0.196000,-3.871000,0.000000,0.000000,0.000000,31.0476341,-103.5260925,938.990,30.815,5260,0
"COREYMAY3",98,41211,0,9504665,652.530029,52.369999,1.354701,-0.544689,-2.410623,-19.329268,-0.243902,779.512207,1.617000,0.343000,-2.940000,0.000000,0.000000,0.000000,31.0476341,-103.5260925,938.990,30.815,5260,0
"COREYMAY3",98,58411,0,9504675,652.530029,52.369999,1.360562,-0.471062,-2.431624,-19.634146,1.890244,778.902466,2.009000,0.490000,-3.675000,0.000000,0.000000,0.000000,31.0476341,-103.5260925,938.990,30.815,5260,0
"COREYMAY3",98,27987,0,9504685,652.530029,52.369999,1.334066,-0.431990,-2.455189,-20.548780,2.439024,779.146362,1.617000,0.294000,-2.891000,0.000000,0.000000,0.000000,31.0476341,-103.5260925,938.990,30.815,5260,0
"COREYMAY3",98,43876,0,9504695,652.530029,52.369999,1.363980,-0.372650,-2.430769,-20.365854,3.475610,779.634155,1.764000,0.343000,-2.548000,0.000000,0.000000,0.000000,31.0476341,-103.5260925,938.990,30.815,5260,0
"COREYMAY3",98,57885,0,9504705,652.289978,52.369999,1.393651,-0.335653,-2.414652,-18.719513,4.939024,781.280518,1.666000,0.000000,-2.450000,0.000000,0.000000,0.000000,31.0476341,-103.5260925,938.990,30.815,5260,0
"COREYMAY3",98,52684,0,9504715,652.289978,52.369999,1.438095,-0.335287,-2.424908,-17.560976,5.792683,783.597534,1.666000,0.000000,-2.450000,0.000000,0.000000,0.000000,31.0476341,-103.5260925,938.990,30.815,5260,0
"COREYMAY3",98,43438,0,9504725,652.289978,52.369999,1.449573,-0.317827,-2.433211,-17.317074,7.012195,786.890259,2.548000,-0.539000,-1.813000,0.000000,0.000000,0.000000,31.0476341,-103.5260925,938.990,30.815,5260,0
"COREYMAY3",98,25814,0,9504735,652.289978,52.369999,1.519536,-0.294383,-2.440659,-16.951220,7.743902,789.207336,1.960000,1.274000,-3.920000,0.000000,0.000000,0.000000,31.0476341,-103.5260925,938.990,30.815,5260,0
"COREYMAY3",98,35502,0,9504745,651.840027,52.369999,1.515629,-0.323687,-2.372650,-15.000000,7.682927,787.439026,2.254000,0.539000,-3.136000,0.000000,0.000000,0.000000,31.0476341,-103.5260925,938.990,30.815,5260,0
"COREYMAY3",98,33239,0,9504755,651.840027,52.369999,1.506593,-0.373871,-2.374847,-15.000000,7.560976,789.817078,2.303000,0.637000,-2.205000,0.000000,0.000000,0.000000,31.0476341,-103.5260925,938.990,30.815,5260,0
"COREYMAY3",98,2179,0,9504765,651.840027,52.369999,1.588889,-0.329915,-2.393040,-13.048780,7.073171,791.524414,1.862000,0.784000,-2.646000,0.000000,0.000000,0.000000,31.0476341,-103.5260925,938.990,30.815,5260,0
"COREYMAY3",98,64450,0,9504775,651.840027,52.369999,1.699634,-0.362882,-2.472772,-10.731708,6.341464,790.243896,2.156000,-0.294000,-2.548000,0.000000,0.000000,0.000000,31.0476341,-103.5260925,938.990,30.815,5260,0
"COREYMAY3",98,37792,0,9504785,650.549988,52.369999,1.728816,-0.399145,-2.430525,-10.365853,6.036585,791.097534,2.254000,-0.049000,-2.499000,0.000000,0.000000,0.000000,31.0476341,-103.5260925,938.990,30.815,5260,0
"COREYMAY3",98,47503,0,9504795,650.549988,52.369999,1.688889,-0.474481,-2.457753,-10.975610,5.182927,791.951233,1.666000,-0.196000,-2.156000,0.000000,0.000000,0.000000,31.0476341,-103.5260925,938.990,30.815,5260,0
"COREYMAY3",98,33107,0,9504805,650.549988,52.369999,1.701465,-0.448718,-2.565934,-10.731708,3.292683,788.536560,2.793000,-0.049000,-3.038000,0.000000,0.000000,0.000000,31.0476341,-103.5260925,938.990,30.815,5260,0
"COREYMAY3",98,25042,0,9504815,650.549988,52.369999,1.628327,-0.496215,-2.581929,-12.743902,0.975610,784.878052,2.842000,0.245000,-3.773000,0.000000,0.000000,0.000000,31.0476341,-103.5260925,938.990,30.815,5260,0
"COREYMAY3",98,31747,0,9504825,648.500000,52.369999,1.614164,-0.552991,-2.513065,-13.414634,0.000000,782.804871,2.352000,0.539000,-2.891000,0.000000,0.000000,0.000000,31.0476341,-103.5260925,938.990,30.815,5260,0
"COREYMAY3",98,39149,0,9504835,648.500000,52.369999,1.514042,-0.562882,-2.537851,-14.085366,-0.731707,782.743896,1.764000,0.196000,-2.646000,0.000000,0.000000,0.000000,31.0476341,-103.5260925,938.990,30.815,5260,0
"COREYMAY3",98,9674,0,9504845,648.500000,52.369999,1.412820,-0.649817,-2.552015,-14.695122,-1.646341,781.585388,1.323000,0.245000,-2.352000,0.000000,0.000000,0.000000,31.0476341,-103.5260925,938.990,30.815,5260,0
"COREYMAY3",98,53190,0,9504855,648.500000,52.369999,1.456899,-0.615018,-2.524298,-16.463415,-1.463415,780.182922,2.107000,-0.637000,-2.107000,0.000000,0.000000,0.000000,31.0476341,-103.5260925,938.990,30.815,5260,0
"COREYMAY3",98,29278,0,9504865,645.419983,52.369999,1.280708,-0.569475,-2.538461,-18.597561,-0.609756,779.146362,1.519000,0.098000,-3.332000,0.000000,0.000000,0.000000,31.0476341,-103.5260925,938.990,30.815,5260,0
"COREYMAY3",98,63748,0,9504875,645.419983,52.369999,1.191331,-0.506838,-2.496948,-20.304878,-0.304878,779.634155,1.176000,0.049000,-3.332000,0.000000,0.000000,0.000000,31.0476341,-103.5260925,938.990,30.815,5260,0
"COREYMAY3",98,3161,0,9504885,645.419983,52.369999,1.314286,-0.473993,-2.491941,-19.817074,0.609756,781.768311,2.352000,0.245000,-4.018000,0.000000,0.000000,0.000000,31.0476341,-103.5260925,938.990,30.815,5260,0
"COREYMAY3",98,48944,0,9504895,645.419983,52.369999,1.267766,-0.435287,-2.481441,-19.634146,2.560976,783.231689,1.470000,-0.098000,-2.940000,0.000000,0.000000,0.000000,31.0476341,-103.5260925,938.990,30.815,5260,0
"COREYMAY3",98,17253,0,9504905,644.710022,52.369999,1.338828,-0.427106,-2.444689,-18.780487,3.841463,785.670715,2.548000,-0.686000,-3.185000,0.000000,0.000000,0.000000,31.0476341,-103.5260925,938.990,30.815,5260,0
"COREYMAY3",98,40120,0,9504915,644.710022,52.369999,1.361783,-0.407082,-2.497192,-16.341463,5.000000,786.646362,1.421000,0.539000,-3.773000,0.000000,0.000000,0.000000,31.0476341,-103.5260925,938.990,30.815,5260,0
"COREYMAY3",98,54959,0,9504925,644.710022,52.369999,1.349573,-0.432967,-2.450794,-17.195122,5.365854,787.987793,2.107000,-0.441000,-2.401000,0.000000,0.000000,0.000000,31.0476341,-103.5260925,938.990,30.815,5260,0
"COREYMAY3",98,30960,0,9504935,644.710022,52.369999,1.429060,-0.378632,-2.446764,-17.378048,5.975610,790.914612,2.793000,-0.392000,-2.597000,0.000000,0.000000,0.000000,31.0476341,-103.5260925,938.990,30.815,5260,0
"COREYMAY3",98,15454,0,9504945,644.330017,52.360001,1.454457,-0.386203,-2.465934,-15.060976,6.890244,790.243896,2.156000,0.245000,-2.058000,0.000000,0.000000,0.000000,31.0476341,-103.5260925,938.990,30.815,5260,0
"COREYMAY3",98,53173,0,9504955,644.330017,52.360001,1.439805,-0.409890,-2.498657,-14.878049,6.646341,790.548767,2.401000,-0.245000,-2.254000,0.000000,0.000000,0.000000,31.0476341,-103.5260925,938.990,30.815,5260,0
"COREYMAY3",98,45366,0,9504965,644.330017,52.360001,1.488767,-0.410745,-2.466423,-15.304878,6.341464,791.646362,2.401000,-0.245000,-2.254000,0.000000,0.000000,0.000000,31.0476341,-103.5260925,938.990,30.815,5260,0
"COREYMAY3",98,13825,0,9504975,644.330017,52.360001,1.484860,-0.439805,-2.467155,-14.085366,6.768293,793.414612,2.352000,-0.196000,-2.548000,0.000000,0.000000,0.000000,31.0476341,-103.5260925,938.990,30.815,5260,0
"COREYMAY3",98,17343,0,9504985,643.090027,52.360001,1.494139,-0.463126,-2.425763,-12.134147,6.951220,793.353638,2.401000,0.049000,-3.675000,0.000000,0.000000,0.000000,31.0476341,-103.5260925,938.990,30.815,5260,0
"COREYMAY3",98,26012,0,9504995,643.090027,52.360001,1.521368,-0.489744,-2.456410,-11.341463,6.707317,791.463440,2.352000,0.882000,-3.969000,0.000000,0.000000,0.000000,31.0476341,-103.5260925,938.990,30.815,5260,0
"COREYMAY3",98,51081,0,9505005,643.090027,52.360001,1.537363,-0.509890,-2.417094,-11.768292,6.402439,790.670715,1.617000,0.441000,-3.675000,0.000000,0.000000,0.000000,31.0476341,-103.5260925,938.990,30.815,5260,0
"COREYMAY3",98,12027,0,9505015,643.090027,52.360001,1.510134,-0.572039,-2.467399,-11.951220,5.060976,790.365845,2.401000,0.000000,-3.332000,0.000000,0.000000,0.000000,31.0476341,-103.5260925,938.990,30.815,5260,0
"COREYMAY3",98,26818,0,9505025,641.090027,52.360001,1.462027,-0.594383,-2.457509,-12.682927,3.536585,790.304871,1.813000,-0.343000,-2.107000,0.000000,0.000000,0.000000,31.0476341,-103.5260925,938.990,30.815,5260,0
"COREYMAY3",98,45721,0,9505035,641.090027,52.360001,1.485592,-0.614042,-2.462271,-12.256098,3.719512,790.060974,1.470000,0.294000,-2.940000,0.000000,0.000000,0.000000,31.0476341,-103.5260925,938.990,30.815,5260,0
"COREYMAY3",98,25846,0,9505045,641.090027,52.360001,1.407936,-0.712576,-2.464713,-12.804878,3.414634,791.036560,2.254000,0.147000,-3.479000,0.000000,0.000000,0.000000,31.0476341,-103.5260925,938.990,30.815,5260,0
"COREYMAY3",98,53021,0,9505055,641.090027,52.360001,1.338706,-0.791697,-2.443956,-14.329268,2.926829,790.914612,2.156000,0.000000,-3.234000,0.000000,0.000000,0.000000,31.0476341,-103.5260925,938.990,30.815,5260,0
"COREYMAY3",98,42787,0,9505065,637.979980,52.360001,1.310989,-0.761050,-2.393895,-16.036585,3.536585,788.170715,1.715000,0.000000,-2.940000,0.000000,0.000000,0.000000,31.0476341,-103.5260925,938.990,30.815,5260,0
"COREYMAY3",98,41036,0,9505075,637.979980,52.360001,1.252625,-0.733455,-2.382418,-16.036585,3.109756,786.829285,1.470000,0.147000,-3.136000,0.000000,0.000000,0.000000,31.0476341,-103.5260925,938.990,30.815,5260,0
"COREYMAY3",98,37535,0,9505085,637.979980,52.360001,1.267766,-0.738950,-2.409646,-15.000000,3.475610,787.804871,2.646000,-0.147000,-3.136000,0.000000,0.000000,0.000000,31.0476341,-103.5260925,938.990,30.815,5260,0
"COREYMAY3",98,59386,0,9505095,637.979980,52.360001,1.171795,-0.687668,-2.370940,-16.951220,4.390244,791.524414,1.764000,0.049000,-3.528000,0.000000,0.000000,0.000000,31.0476341,-103.5260925,938.990,30.815,5260,0
"COREYMAY3",98,44323,0,9505105,636.440002,52.360001,1.164957,-0.683272,-2.394383,-18.841463,5.914634,794.695129,1.519000,0.637000,-4.018000,0.000000,0.000000,0.000000,31.0476341,-103.5260925,938.990,30.815,5260,0
"COREYMAY3",98,24671,0,9505115,636.440002,52.360001,1.222222,-0.578755,-2.411599,-19.451220,7.073171,794.512207,1.372000,-0.147000,-2.401000,0.000000,0.000000,0.000000,31.0476341,-103.5260925,938.990,30.815,5260,0
"COREYMAY3",98,36569,0,9505125,636.440002,52.360001,1.204640,-0.606593,-2.395116,-17.560976,8.170732,792.865845,1.862000,-0.196000,-3.430000,0.000000,0.000000,0.000000,31.0476341,-103.5260925,938.990,30.815,5260,0
"COREYMAY3",98,34298,0,9505135,636.440002,52.360001,1.270208,-0.580952,-2.363736,-15.670732,9.146341,796.158508,2.107000,-0.343000,-3.136000,0.000000,0.000000,0.000000,31.0476341,-103.5260925,938.990,30.815,5260,0
"COREYMAY3",98,11837,0,9505145,636.489990,52.360001,1.346398,-0.506227,-2.355311,-16.097561,9.390244,799.939026,1.813000,-0.245000,-2.940000,0.000000,0.000000,0.000000,31.0476341,-103.5260925,938.990,30.815,5260,0
"COREYMAY3",98,13115,0,9505155,636.489990,52.360001,1.337363,-0.553480,-2.378510,-15.731708,9.573171,799.512207,2.205000,-0.343000,-2.205000,0.000000,0.000000,0.000000,31.0476341,-103.5260925,938.990,30.815,5260,0
"COREYMAY3",98,60745,0,9505165,636.489990,52.360001,1.398901,-0.476190,-2.380830,-15.182927,9.939024,798.353638,2.303000,-0.833000,-1.666000,0.000000,0.000000,0.000000,31.0476341,-103.5260925,938.990,30.815,5260,0
"COREYMAY3",98,5044,0,9505175,636.489990,52.360001,1.357998,-0.580098,-2.386203,-15.365853,9.573171,798.292664,1.911000,-0.392000,-2.450000,0.000000,0.000000,0.000000,31.0476341,-103.5260925,938.990,30.815,5260,0
"COREYMAY3",98,953,0,9505185,635.599976,52.360001,1.458242,-0.616972,-2.348352,-13.231708,8.780488,798.109741,2.156000,-0.490000,-2.352000,0.000000,0.000000,0.000000,31.0476341,-103.5260925,938.990,30.815,5260,0
"COREYMAY3",98,11988,0,9505195,635.599976,52.360001,1.415751,-0.744567,-2.365446,-12.073171,9.451220,799.878052,1.666000,-1.029000,-1.715000,0.000000,0.000000,0.000000,31.0476341,-103.5260925,938.990,30.815,5260,0
"COREYMAY3",98,2347,0,9505205,635.599976,52.360001,1.334310,-0.781807,-2.344933,-11.219512,8.841463,800.731689,2.156000,0.392000,-3.773000,0.000000,0.000000,0.000000,31.0476341,-103.5260925,938.990,30.815,5260,0
"COREYMAY3",98,43361,0,9505215,635.599976,52.360001,1.304151,-0.689011,-2.353358,-10.853659,7.743902,800.121948,2.156000,0.392000,-3.773000,0.000000,0.000000,0.000000,31.0476341,-103.5260925,938.990,30.815,5260,0
"COREYMAY3",98,43575,0,9505225,633.119995,52.360001,1.391575,-0.851038,-2.367155,-11.707317,7.195122,799.939026,1.617000,0.245000,-3.430000,0.000000,0.000000,0.000000,31.0476341,-103.5260925,938.990,30.815,5260,0
"COREYMAY3",98,54227,0,9505235,633.119995,52.360001,1.349206,-0.799878,-2.370574,-12.500000,7.621951,800.000000,2.107000,-0.833000,-1.862000,0.000000,0.000000,0.000000,31.0476341,-103.5260925,938.990,30.815,5260,0
"COREYMAY3",98,59515,0,9505245,633.119995,52.360001,1.293651,-0.972283,-2.356776,-11.829268,7.987805,799.268311,1.666000,-0.980000,-1.911000,0.000000,0.000000,0.000000,31.0476341,-103.5260925,938.990,30.815,5260,0
"COREYMAY3",98,63451,0,9505255,633.119995,52.360001,1.277534,-1.000610,-2.367643,-13.170732,6.768293,798.719482,1.078000,0.147000,-3.185000,0.000000,0.000000,0.000000,31.0476341,-103.5260925,938.990,30.815,5260,0
"COREYMAY3",98,2595,0,9505265,630.619995,52.349998,1.114530,-0.982784,-2.341392,-14.634147,6.097561,798.780518,1.519000,0.000000,-4.018000,0.000000,0.000000,0.000000,31.0476341,-103.5260925,938.990,30.815,5260,0
"COREYMAY3",98,44801,0,9505275,630.619995,52.349998,1.059707,-1.029548,-2.330891,-14.329268,6.097561,799.695129,1.470000,-0.441000,-3.528000,0.000000,0.000000,0.000000,31.0476341,-103.5260925,938.990,30.815,5260,0
"COREYMAY3",98,56849,0,9505285,630.619995,52.349998,1.032967,-0.990598,-2.317827,-15.426829,7.134146,801.524414,1.960000,-0.392000,-2.695000,0.000000,0.000000,0.000000,31.0476341,-103.5260925,938.990,30.815,5260,0
"COREYMAY3",98,24257,0,9505295,630.619995,52.349998,1.005617,-0.968864,-2.278266,-16.097561,8.536586,803.170715,1.470000,-0.735000,-1.813000,0.000000,0.000000,0.000000,31.0476341,-103.5260925,938.990,30.815,5260,0
"COREYMAY3",98,53229,0,9505305,629.250000,52.349998,1.029548,-0.953114,-2.275824,-16.036585,10.000000,805.182922,1.813000,-1.029000,-2.352000,0.000000,0.000000,0.000000,31.0476341,-103.5260925,938.990,30.815,5260,0
"COREYMAY3",98,27589,0,9505315,629.250000,52.349998,1.010623,-0.900244,-2.272894,-16.463415,12.012196,807.743896,1.568000,0.392000,-2.450000,0.000000,0.000000,0.000000,31.0476341,-103.5260925,938.990,30.815,5260,0
"COREYMAY3",98,34127,0,9505325,629.250000,52.349998,1.041636,-0.864469,-2.281197,-15.243902,13.780488,810.060974,2.009000,-0.245000,-2.842000,0.000000,0.000000,0.000000,31.0476341,-103.5260925,938.990,30.815,5260,0
"COREYMAY3",98,26488,0,9505335,629.250000,52.349998,1.082051,-0.844933,-2.275458,-14.390244,15.182927,811.646362,0.980000,-0.294000,-2.058000,0.000000,0.000000,0.000000,31.0476341,-103.5260925,938.990,30.815,5260,0
"COREYMAY3",98,16573,0,9505345,628.849976,52.349998,1.123199,-0.874603,-2.273993,-14.451220,15.731708,812.743896,1.617000,-0.294000,-2.842000,0.000000,0.000000,0.000000,31.0476341,-103.5260925,938.990,30.815,5260,0
"COREYMAY3",98,20160,0,9505355,628.849976,52.349998,1.106105,-0.872894,-2.246154,-13.597561,16.463415,813.963440,1.764000,-0.196000,-3.283000,0.000000,0.000000,0.000000,31.0476341,-103.5260925,938.990,30.815,5260,0
"COREYMAY3",98,14380,0,9505365,628.849976,52.349998,1.140537,-0.915507,-2.258852,-12.134147,17.500000,815.548767,2.205000,-0.539000,-2.744000,0.000000,0.000000,0.000000,31.0476341,-103.5260925,938.990,30.815,5260,0
"COREYMAY3",98,35595,0,9505375,628.849976,52.349998,1.228449,-0.919170,-2.241148,-11.951220,16.219513,816.646362,1.960000,-0.294000,-2.597000,0.000000,0.000000,0.000000,31.0476341,-103.5260925,938.990,30.815,5260,0
"COREYMAY3",98,62945,0,9505385,628.070007,52.349998,1.221978,-0.992918,-2.259585,-10.670732,16.341463,817.256104,1.519000,-0.588000,-2.450000,0.000000,0.000000,0.000000,31.0476341,-103.5260925,938.990,30.815,5260,0
"COREYMAY3",98,18048,0,9505395,628.070007,52.349998,1.231258,-1.026007,-2.271307,-10.121951,16.585365,818.780518,2.205000,-0.637000,-2.597000,0.000000,0.000000,0.000000,31.0476341,-103.5260925,938.990,30.815,5260,0
"COREYMAY3",98,62475,0,9505405,628.070007,52.349998,1.275214,-1.059219,-2.245543,-9.756098,15.975610,818.414612,1.764000,-0.343000,-2.744000,0.000000,0.000000,0.000000,31.0476341,-103.5260925,938.990,30.815,5260,0
"COREYMAY3",98,55355,0,9505415,628.070007,52.349998,1.221001,-1.110989,-2.256288,-9.634147,15.000000,818.109741,1.862000,-0.539000,-2.548000,0.000000,0.000000,0.000000,31.0476341,-103.5260925,938.990,30.815,5260,0
"COREYMAY3",98,4378,0,9505425,626.450012,52.349998,1.247253,-1.175214,-2.255556,-7.987805,14.695122,816.585388,1.764000,-0.392000,-3.332000,0.000000,0.000000,0.000000,31.0476341,-103.5260925,938.990,30.815,5260,0
"COREYMAY3",98,15450,0,9505435,626.450012,52.349998,1.184615,-1.172039,-2.268010,-7.926829,14.268292,816.524414,1.617000,-0.392000,-1.617000,0.000000,0.000000,0.000000,31.0476341,-103.5260925,938.990,30.815,5260,0
"COREYMAY3",98,32029,0,9505445,626.450012,52.349998,1.159829,-1.210989,-2.278632,-9.695122,13.963414,817.256104,1.568000,-1.078000,-2.009000,0.000000,0.000000,0.000000,31.0476341,-103.5260925,938.990,30.815,5260,0
"COREYMAY3",98,6863,0,9505455,626.450012,52.349998,1.118437,-1.248474,-2.240904,-11.036586,13.719512,816.951233,1.568000,-1.078000,-2.009000,0.000000,0.000000,0.000000,31.0476341,-103.5260925,938.990,30.815,5260,0
"COREYMAY3",98,38914,0,9505465,625.479980,52.349998,1.100610,-1.262271,-2.235653,-11.341463,12.500000,816.951233,2.303000,-1.078000,-2.009000,0.000000,0.000000,0.000000,31.0476341,-103.5260925,938.990,30.815,5260,0
"COREYMAY3",98,12509,0,9505475,625.479980,52.349998,1.123321,-1.289866,-2.244689,-12.134147,13.231708,818.048767,1.813000,-0.931000,-2.254000,0.000000,0.000000,0.000000,31.0476341,-103.5260925,938.990,30.815,5260,0
"COREYMAY3",98,60736,0,9505485,625.479980,52.349998,1.055800,-1.286325,-2.232723,-12.195122,13.841463,820.121948,1.421000,-0.539000,-2.695000,0.000000,0.000000,0.000000,31.0476341,-103.5260925,938.990,30.815,5260,0
"COREYMAY3",98,38753,0,9505495,625.479980,52.349998,0.998168,-1.279731,-2.221612,-12.621951,13.658537,820.060974,1.617000,-0.686000,-2.450000,0.000000,0.000000,0.000000,31.0476341,-103.5260925,938.990,30.815,5260,0
"COREYMAY3",98,30591,0,9505505,624.489990,52.349998,1.016606,-1.223077,-2.208669,-13.475610,14.939024,819.939026,1.911000,-0.980000,-2.499000,0.000000,0.000000,0.000000,31.0476341,-103.5260925,938.990,30.815,5260,0
"COREYMAY3",98,27652,0,9505515,624.489990,52.349998,1.008791,-1.150916,-2.209035,-14.939024,15.304878,821.768311,2.009000,-1.029000,-2.401000,0.000000,0.000000,0.000000,31.0476341,-103.5260925,938.990,30.815,5260,0
"COREYMAY3",98,28652,0,9505525,624.489990,52.349998,0.942491,-1.148840,-2.183517,-15.060976,16.341463,823.109741,1.666000,-0.980000,-1.372000,0.000000,0.000000,0.000000,31.0476341,-103.5260925,938.990,30.815,5260,0
"COREYMAY3",98,19652,0,9505535,624.489990,52.349998,0.985226,-1.129060,-2.181197,-14.451220,17.256098,824.390259,1.862000,-0.588000,-2.695000,0.000000,0.000000,0.000000,31.0476341,-103.5260925,938.990,30.815,5260,0
"COREYMAY3",98,10646,0,9505545,623.830017,52.349998,0.970940,-1.120635,-2.169719,-14.024390,18.048780,825.914612,1.862000,-0.784000,-2.695000,0.000000,0.000000,0.000000,31.0476341,-103.5260925,938.990,30.815,5260,0
"COREYMAY3",98,43417,0,9505555,623.830017,52.349998,0.957875,-1.122466,-2.173382,-12.926829,18.841463,827.560974,1.960000,-1.176000,-2.156000,0.000000,0.000000,0.000000,31.0476341,-103.5260925,938.990,30.815,5260,0
"COREYMAY3",98,37509,0,9505565,623.830017,52.349998,1.043101,-1.163858,-2.153358,-12.560976,19.268293,829.207336,1.470000,-1.029000,-3.283000,0.000000,0.000000,0.000000,31.0476341,-103.5260925,938.990,30.815,5260,0
"COREYMAY3",98,43384,0,9505575,623.830017,52.349998,1.049695,-1.193407,-2.166422,-11.463414,19.634146,830.060974,1.323000,-0.833000,-2.303000,0.000000,0.000000,0.000000,31.0476341,-103.5260925,938.990,30.815,5260,0
"COREYMAY3",98,7639,0,9505586,622.780029,52.349998,1.065202,-1.155678,-2.163370,-11.158537,19.573172,830.731689,1.372000,0.000000,-3.283000,0.000000,0.000000,0.000000,31.0476341,-103.5260925,938.990,30.815,5260,0
"COREYMAY3",98,16497,0,9505595,622.780029,52.349998,1.057753,-1.168620,-2.127106,-9.756098,20.548780,831.463440,0.931000,-0.686000,-2.156000,0.000000,0.000000,0.000000,31.0476341,-103.5260925,938.990,30.815,5260,0
"COREYMAY3",98,17437,0,9505605,622.780029,52.349998,1.045177,-1.242247,-2.146520,-9.756098,20.548780,832.256104,1.225000,-0.588000,-3.038000,0.000000,0.000000,0.000000,31.0476341,-103.5260925,938.990,30.815,5260,0
"COREYMAY3",98,16242,0,9505615,622.780029,52.349998,1.026007,-1.178388,-2.155311,-9.085366,20.000000,832.378052,1.078000,-0.245000,-2.989000,0.000000,0.000000,0.000000,31.0476341,-103.5260925,938.990,30.815,5260,0
"COREYMAY3",98,16154,0,9505625,621.869995,52.349998,1.022711,-1.206838,-2.146642,-8.963414,19.451220,833.475586,2.107000,-1.176000,-2.303000,0.000000,0.000000,0.000000,31.0476341,-103.5260925,938.990,30.815,5260,0
"COREYMAY3",98,14298,0,9505635,621.869995,52.349998,1.026496,-1.307204,-2.143834,-7.500000,18.780487,833.963440,1.519000,-0.931000,-2.156000,0.000000,0.000000,0.000000,31.0476341,-103.5260925,938.990,30.815,5260,0
"COREYMAY3",98,52961,0,9505645,621.869995,52.349998,0.970208,-1.315140,-2.143468,-6.219512,18.963415,833.963440,1.421000,-1.078000,-2.499000,0.000000,0.000000,0.000000,31.0476341,-103.5260925,938.990,30.815,5260,0
"COREYMAY3",98,4416,0,9505655,621.869995,52.349998,0.954212,-1.350427,-2.154823,-6.585366,19.634146,834.085388,1.911000,-0.686000,-3.283000,0.000000,0.000000,0.000000,31.0476341,-103.5260925,938.990,30.815,5260,0
"COREYMAY3",98,45836,0,9505665,621.059998,52.349998,0.980952,-1.416484,-2.142613,-7.378049,18.536585,834.573181,1.568000,-1.519000,-1.225000,0.000000,0.000000,0.000000,31.0476341,-103.5260925,938.990,30.815,5260,0
"COREYMAY3",98,29802,0,9505675,621.059998,52.349998,0.932357,-1.493040,-2.152259,-7.743902,17.987804,835.121948,1.127000,-1.176000,-2.695000,0.000000,0.000000,0.000000,31.0476341,-103.5260925,938.990,30.815,5260,0
"COREYMAY3",98,52925,0,9505685,621.059998,52.349998,0.860684,-1.564957,-2.145299,-7.743902,18.414635,836.524414,1.519000,-1.176000,-2.254000,0.000000,0.000000,0.000000,31.0476341,-103.5260925,938.990,30.815,5260,0
"COREYMAY3",98,14025,0,9505695,621.059998,52.349998,0.825153,-1.578144,-2.126984,-8.658537,18.963415,837.134155,1.029000,-0.784000,-2.940000,0.000000,0.000000,0.000000,31.0476341,-103.5260925,938.990,30.815,5260,0
"COREYMAY3",98,19037,0,9505705,620.599976,52.349998,0.789744,-1.543224,-2.132234,-9.512196,19.939024,838.841492,1.029000,-0.784000,-2.940000,0.000000,0.000000,0.000000,31.0476341,-103.5260925,938.990,30.815,5260,0
"COREYMAY3",98,31110,0,9505715,620.599976,52.349998,0.820879,-1.468376,-2.099634,-10.670732,20.426828,840.609741,1.421000,-1.470000,-2.401000,0.000000,0.000000,0.000000,31.0476341,-103.5260925,938.990,30.815,5260,0
"COREYMAY3",98,57225,0,9505725,620.599976,52.349998,0.880342,-1.429548,-2.075458,-10.304878,21.585365,841.768311,1.176000,-0.882000,-2.842000,0.000000,0.000000,0.000000,31.0476341,-103.5260925,938.990,30.815,5260,0
"COREYMAY3",98,59095,0,9505735,620.599976,52.349998,0.757387,-1.473993,-2.079854,-9.817073,22.439024,844.573181,1.813000,-1.225000,-2.254000,0.000000,0.000000,0.000000,31.0476341,-103.5260925,938.990,30.815,5260,0
"COREYMAY3",98,42829,0,9505745,619.969971,52.349998,0.669109,-1.484249,-2.064103,-9.756098,23.292683,846.646362,1.519000,-1.470000,-1.764000,0.000000,0.000000,0.000000,31.0476341,-103.5260925,938.990,30.815,5260,0
"COREYMAY3",98,46622,0,9505755,619.969971,52.349998,0.752503,-1.472161,-2.063614,-10.243902,24.390244,847.439026,1.421000,-0.931000,-2.303000,0.000000,0.000000,0.000000,31.0476341,-103.5260925,938.990,30.815,5260,0
"COREYMAY3",98,20641,0,9505765,619.969971,52.349998,0.798413,-1.489011,-2.076313,-9.939024,25.548780,848.231689,1.519000,-0.784000,-2.058000,0.000000,0.000000,0.000000,31.0476341,-103.5260925,938.990,30.815,5260,0
"COREYMAY3",98,43946,0,9505775,619.969971,52.349998,0.669353,-1.481319,-2.057631,-8.536586,26.158537,849.207336,1.029000,-0.637000,-2.499000,0.000000,0.000000,0.000000,31.0476341,-103.5260925,938.990,30.815,5260,0
"COREYMAY3",98,58608,0,9505785,619.309998,52.349998,0.789988,-1.520146,-2.061538,-8.109756,27.317074,850.365845,1.029000,-0.686000,-2.401000,0.000000,0.000000,0.000000,31.0476341,-103.5260925,938.990,30.815,5260,0
"COREYMAY3",98,228,0,9505795,619.309998,52.349998,0.816239,-1.482784,-2.038950,-8.475610,27.743902,852.317078,1.470000,-1.323000,-2.205000,0.000000,0.000000,0.000000,31.0476341,-103.5260925,938.990,30.815,5260,0
"COREYMAY3",98,10227,0,9505805,619.309998,52.349998,0.843956,-1.522711,-2.051282,-7.317073,27.682926,854.085388,1.372000,-1.127000,-2.842000,0.000000,0.000000,0.000000,31.0476341,-103.5260925,938.990,30.815,5260,0
"COREYMAY3",98,54834,0,9505815,619.309998,52.349998,0.897558,-1.529792,-2.059707,-5.914634,27.500000,855.000000,1.225000,-0.931000,-2.646000,0.000000,0.000000,0.000000,31.0476341,-103.5260925,938.990,30.815,5260,0
"COREYMAY3",98,9442,0,9505825,618.280029,52.349998,0.892430,-1.557998,-2.053113,-5.426829,27.256098,855.426819,2.009000,-0.686000,-2.695000,0.000000,0.000000,0.000000,31.0476341,-103.5260925,938.990,30.815,5260,0
"COREYMAY3",98,62870,0,9505835,618.280029,52.349998,0.937973,-1.593651,-2.063248,-3.963415,27.682926,855.975586,1.764000,-0.686000,-3.087000,0.000000,0.000000,0.000000,31.0476341,-103.5260925,938.990,30.815,5260,0
"COREYMAY3",98,24177,0,9505845,618.280029,52.349998,0.916361,-1.636874,-2.062759,-3.658537,27.500000,856.768311,1.421000,-1.421000,-2.303000,0.000000,0.000000,0.000000,31.0476341,-103.5260925,938.990,30.815,5260,0
"COREYMAY3",98,33714,0,9505855,618.280029,52.349998,0.860928,-1.684982,-2.036874,-2.987805,26.707317,856.829285,1.274000,-1.029000,-2.695000,0.000000,0.000000,0.000000,31.0476341,-103.5260925,938.990,30.815,5260,0
"COREYMAY3",98,45205,0,9505865,617.789978,52.349998,0.872405,-1.749084,-2.057631,-4.085366,25.853659,857.134155,1.960000,-1.617000,-2.401000,0.000000,0.000000,0.000000,31.0476341,-103.5260925,938.990,30.815,5260,0
"COREYMAY3",98,59224,0,9505875,617.789978,52.349998,0.824420,-1.817216,-2.050794,-5.243902,25.670732,857.926819,1.666000,-1.568000,-2.401000,0.000000,0.000000,0.000000,31.0476341,-103.5260925,938.990,30.815,5260,0
"COREYMAY3",98,12009,0,9505885,617.789978,52.349998,0.740537,-1.857265,-2.041148,-6.097561,25.365854,858.597534,1.617000,-1.372000,-1.911000,0.000000,0.000000,0.000000,31.0476341,-103.5260925,938.990,30.815,5260,0
"COREYMAY3",98,11557,0,9505895,617.789978,52.349998,0.712210,-1.902198,-2.038828,-6.707317,25.792683,858.902466,1.470000,-1.372000,-2.940000,0.000000,0.000000,0.000000,31.0476341,-103.5260925,938.990,30.815,5260,0
"COREYMAY3",98,49105,0,9505905,617.539978,52.349998,0.673871,-1.909768,-2.031868,-8.170732,26.280487,860.182922,1.029000,-1.764000,-1.225000,0.000000,0.000000,0.000000,31.0476341,-103.5260925,938.990,30.815,5260,0
"COREYMAY3",98,26607,0,9505915,617.539978,52.349998,0.639438,-1.834066,-1.998046,-8.963414,26.402439,860.853638,1.617000,-1.421000,-1.617000,0.000000,0.000000,0.000000,31.0476341,-103.5260925,938.990,30.815,5260,0
"COREYMAY3",98,62006,0,9505925,617.539978,52.349998,0.711722,-1.838950,-2.008425,-9.573171,27.195122,861.524414,1.470000,-0.980000,-1.911000,0.000000,0.000000,0.000000,31.0476341,-103.5260925,938.990,30.815,5260,0
"COREYMAY3",98,48658,0,9505935,617.539978,52.349998,0.651038,-1.796703,-1.989011,-9.573171,28.719513,863.414612,1.274000,-0.539000,-3.479000,0.000000,0.000000,0.000000,31.0476341,-103.5260925,938.990,30.815,5260,0
"COREYMAY3",98,45602,0,9505945,616.940002,52.340000,0.682540,-1.826374,-1.999756,-9.695122,30.000000,865.304871,1.666000,-0.686000,-3.283000,0.000000,0.000000,0.000000,31.0476341,-103.5260925,938.990,30.815,5260,0
"COREYMAY3",98,32857,0,9505955,616.940002,52.340000,0.728205,-1.811111,-1.986691,-9.268292,31.036585,865.609741,1.666000,-0.686000,-3.283000,0.000000,0.000000,0.000000,31.0476341,-103.5260925,938.990,30.815,5260,0
"COREYMAY3",98,31491,0,9505965,616.940002,52.340000,0.654945,-1.847009,-1.957875,-8.963414,32.439026,866.585388,1.470000,-1.568000,-1.911000,0.000000,0.000000,0.000000,31.0476341,-103.5260925,938.990,30.815,5260,0
"COREYMAY3",98,11198,0,9505975,616.940002,52.340000,0.690232,-1.843834,-1.982296,-7.926829,32.987804,867.926819,1.323000,-1.568000,-1.960000,0.000000,0.000000,0.000000,31.0476341,-103.5260925,938.990,30.815,5260,0
"COREYMAY3",98,35358,0,9505985,616.349976,52.349998,0.695482,-1.831380,-1.968376,-6.768293,33.658535,869.573181,1.225000,-1.421000,-2.695000,0.000000,0.000000,0.000000,31.0476341,-103.5260925,938.990,30.815,5260,0
"COREYMAY3",98,58601,0,9505995,616.349976,52.349998,0.665201,-1.853236,-1.949084,-7.134146,35.304878,870.609741,1.225000,-1.225000,-2.107000,0.000000,0.000000,0.000000,31.0476341,-103.5260925,938.990,30.815,5260,0
"COREYMAY3",98,3929,0,9506005,616.349976,52.349998,0.706716,-1.843223,-1.955189,-6.402439,34.695122,870.914612,1.519000,-1.862000,-1.960000,0.000000,0.000000,0.000000,31.0476341,-103.5260925,938.990,30.815,5260,0
"COREYMAY3",98,40122,0,9506015,616.349976,52.349998,0.723443,-1.847619,-1.952381,-5.914634,35.548782,871.707336,1.078000,-1.274000,-2.597000,0.000000,0.000000,0.000000,31.0476341,-103.5260925,938.990,30.815,5260,0
"COREYMAY3",98,5910,0,9506025,615.409973,52.349998,0.676801,-1.856288,-1.946886,-5.426829,36.158535,872.195129,1.372000,-1.323000,-2.401000,0.000000,0.000000,0.000000,31.0476341,-103.5260925,938.990,30.815,5260,0
"COREYMAY3",98,38281,0,9506035,615.409973,52.349998,0.754090,-1.882418,-1.949939,-4.390244,35.609756,872.743896,1.225000,-1.715000,-1.617000,0.000000,0.000000,0.000000,31.0476341,-103.5260925,938.990,30.815,5260,0
"COREYMAY3",98,55417,0,9506045,615.409973,52.349998,0.733333,-1.899634,-1.946032,-3.536585,35.121952,873.170715,1.519000,-1.372000,-2.450000,0.000000,0.000000,0.000000,31.0476341,-103.5260925,938.990,30.815,5260,0
"COREYMAY3",98,11031,0,9506055,615.409973,52.349998,0.738828,-1.933944,-1.958242,-3.780488,35.121952,873.597534,1.372000,-1.029000,-2.695000,0.000000,0.000000,0.000000,31.0476341,-103.5260925,938.990,30.815,5260,0
"COREYMAY3",98,23843,0,9506065,614.799988,52.349998,0.765079,-1.954457,-1.941636,-3.597561,35.670731,873.902466,1.029000,-1.029000,-2.940000,0.000000,0.000000,0.000000,31.0476341,-103.5260925,938.990,30.815,5260,0
"COREYMAY3",98,6282,0,9506075,614.799988,52.349998,0.710745,-1.977778,-1.906227,-3.414634,34.878048,873.902466,1.715000,-1.323000,-2.352000,0.000000,0.000000,0.000000,31.0476341,-103.5260925,938.990,30.815,5260,0
"COREYMAY3",98,1889,0,9506085,614.799988,52.349998,0.754090,-2.032723,-1.943346,-3.170732,34.268291,873.902466,1.274000,-1.372000,-2.450000,0.000000,0.000000,0.000000,31.0476341,-103.5260925,938.990,30.815,5260,0
"COREYMAY3",98,60356,0,9506095,614.799988,52.349998,0.688034,-2.071184,-1.937851,-2.682927,34.451218,873.780518,1.274000,-1.666000,-2.646000,0.000000,0.000000,0.000000,31.0476341,-103.5260925,938.990,30.815,5260,0
"COREYMAY3",98,3746,0,9506105,613.960022,52.349998,0.677656,-2.069353,-1.937363,-3.414634,33.719513,874.085388,1.127000,-1.274000,-3.087000,0.000000,0.000000,0.000000,31.0476341,-103.5260925,938.990,30.815,5260,0
"COREYMAY3",98,28315,0,9506115,613.960022,52.349998,0.769475,-2.095604,-1.947863,-3.475610,33.963413,874.878052,1.666000,-1.813000,-2.450000,0.000000,0.000000,0.000000,31.0476341,-103.5260925,938.990,30.815,5260,0
"COREYMAY3",98,33277,0,9506125,613.960022,52.349998,0.663614,-2.066178,-1.935653,-3.841463,33.902439,875.548767,0.980000,-1.519000,-2.646000,0.000000,0.000000,0.000000,31.0476341,-103.5260925,938.990,30.815,5260,0
"COREYMAY3",98,44585,0,9506135,613.960022,52.349998,0.633333,-2.104029,-1.932479,-5.060976,34.268291,875.426819,1.127000,-1.862000,-2.352000,0.000000,0.000000,0.000000,31.0476341,-103.5260925,938.990,30.815,5260,0
"COREYMAY3",98,34740,0,9506145,613.030029,52.340000,0.617460,-2.092430,-1.915018,-5.060976,35.182926,874.634155,1.225000,-1.911000,-1.813000,0.000000,0.000000,0.000000,31.0476341,-103.5260925,938.990,30.815,5260,0
"COREYMAY3",98,58266,0,9506155,613.030029,52.340000,0.584005,-2.050427,-1.925885,-6.036585,35.975609,874.878052,0.833000,-1.764000,-2.450000,0.000000,0.000000,0.000000,31.0476341,-103.5260925,938.990,30.815,5260,0
"COREYMAY3",98,48427,0,9506165,613.030029,52.340000,0.604396,-2.070452,-1.928449,-5.975610,35.914635,876.341492,0.931000,-1.225000,-3.185000,0.000000,0.000000,0.000000,31.0476341,-103.5260925,938.990,30.815,5260,0
"COREYMAY3",98,22474,0,9506175,613.030029,52.340000,0.613675,-2.089744,-1.906960,-5.365854,36.951218,876.402466,1.225000,-1.715000,-2.793000,0.000000,0.000000,0.000000,31.0476341,-103.5260925,938.990,30.815,5260,0
"COREYMAY3",98,32640,0,9506185,612.000000,52.340000,0.592308,-2.107814,-1.882662,-5.548780,37.926830,877.073181,1.323000,-2.107000,-1.764000,0.000000,0.000000,0.000000,31.0476341,-103.5260925,938.990,30.815,5260,0
"COREYMAY3",98,59405,0,9506195,612.000000,52.340000,0.585226,-2.059463,-1.895849,-5.487805,38.414635,877.865845,1.323000,-2.107000,-1.764000,0.000000,0.000000,0.000000,31.0476341,-103.5260925,938.990,30.815,5260,0
"COREYMAY3",98,23686,0,9506205,612.000000,52.340000,0.643468,-2.082662,-1.929182,-5.365854,38.597561,878.658508,1.127000,-1.176000,-2.842000,0.000000,0.000000,0.000000,31.0476341,-103.5260925,938.990,30.815,5260,0
"COREYMAY3",98,41047,0,9506215,612.000000,52.340000,0.626374,-2.097802,-1.898535,-4.634146,39.085365,879.390259,1.176000,-1.911000,-1.274000,0.000000,0.000000,0.000000,31.0476341,-103.5260925,938.990,30.815,5260,0
"COREYMAY3",98,41869,0,9506225,610.909973,52.349998,0.627961,-2.129182,-1.881074,-4.085366,39.329269,879.817078,1.323000,-1.911000,-2.450000,0.000000,0.000000,0.000000,31.0476341,-103.5260925,938.990,30.815,5260,0
"COREYMAY3",98,32430,0,9506235,610.909973,52.349998,0.606960,-2.157021,-1.900000,-3.719512,39.756096,880.609741,0.931000,-2.156000,-1.666000,0.000000,0.000000,0.000000,31.0476341,-103.5260925,938.990,30.815,5260,0
"COREYMAY3",98,30937,0,9506245,610.909973,52.349998,0.553480,-2.173016,-1.890232,-3.414634,39.756096,881.036560,1.029000,-1.421000,-2.940000,0.000000,0.000000,0.000000,31.0476341,-103.5260925,938.990,30.815,5260,0
"COREYMAY3",98,64042,0,9506255,610.909973,52.349998,0.588034,-2.197192,-1.878755,-4.512195,40.609756,881.585388,1.225000,-1.372000,-3.038000,0.000000,0.000000,0.000000,31.0476341,-103.5260925,938.990,30.815,5260,0
"COREYMAY3",98,778,0,9506265,609.809998,52.349998,0.643223,-2.276557,-1.903907,-3.719512,40.609756,882.073181,1.225000,-2.107000,-1.911000,0.000000,0.000000,0.000000,31.0476341,-103.5260925,938.990,30.815,5260,0
"COREYMAY3",98,6514,0,9506275,609.809998,52.349998,0.586325,-2.351160,-1.906716,-3.658537,40.853657,883.048767,1.274000,-1.813000,-2.450000,0.000000,0.000000,0.000000,31.0476341,-103.5260925,938.990,30.815,5260,0
"COREYMAY3",98,52950,0,9506285,609.809998,52.349998,0.492918,-2.426984,-1.886325,-3.963415,40.792683,883.414612,0.539000,-2.107000,-2.352000,0.000000,0.000000,0.000000,31.0476341,-103.5260925,938.990,30.815,5260,0
"COREYMAY3",98,24801,0,9506295,609.809998,52.349998,0.418315,-2.464591,-1.896459,-3.963415,41.585365,883.597534,1.274000,-2.107000,-2.303000,0.000000,0.000000,0.000000,31.0476341,-103.5260925,938.990,30.815,5260,0
"COREYMAY3",98,31201,0,9506305,608.909973,52.349998,0.448230,-2.460684,-1.893040,-5.000000,41.829269,885.182922,1.323000,-1.666000,-2.646000,0.000000,0.000000,0.000000,31.0476341,-103.5260925,938.990,30.815,5260,0
"COREYMAY3",98,46282,0,9506315,608.909973,52.349998,0.521490,-2.441636,-1.868864,-5.426829,42.804878,888.292664,1.274000,-2.009000,-2.156000,0.000000,0.000000,0.000000,31.0476341,-103.5260925,938.990,30.815,5260,0
"COREYMAY3",98,5568,0,9506325,608.909973,52.349998,0.501099,-2.483761,-1.877167,-5.914634,44.573170,889.024414,1.176000,-1.911000,-1.764000,0.000000,0.000000,0.000000,31.0476341,-103.5260925,938.990,30.815,5260,0
"COREYMAY3",98,34358,0,9506335,608.909973,52.349998,0.413919,-2.467033,-1.857387,-6.219512,45.670731,889.451233,1.372000,-2.009000,-2.646000,0.000000,0.000000,0.000000,31.0476341,-103.5260925,938.990,30.815,5260,0
"COREYMAY3",98,45097,0,9506345,607.429993,52.349998,0.447131,-2.447253,-1.838095,-5.853659,46.707317,890.426819,1.176000,-1.862000,-2.156000,0.000000,0.000000,0.000000,31.0476341,-103.5260925,938.990,30.815,5260,0
"COREYMAY3",98,22460,0,9506355,607.429993,52.349998,0.376435,-2.400977,-1.831013,-5.975610,47.378048,892.134155,0.588000,-2.597000,-1.127000,0.000000,0.000000,0.000000,31.0476341,-103.5260925,938.990,30.815,5260,0
"COREYMAY3",98,4043,0,9506365,607.429993,52.349998,0.393529,-2.393407,-1.834066,-5.182927,49.085365,893.780518,0.588000,-1.568000,-2.695000,0.000000,0.000000,0.000000,31.0476341,-103.5260925,938.990,30.815,5260,0
"COREYMAY3",98,33737,0,9506375,607.429993,52.349998,0.459585,-2.426129,-1.832601,-4.451220,50.609756,896.280518,0.784000,-1.960000,-2.940000,0.000000,0.000000,0.000000,31.0476341,-103.5260925,938.990,30.815,5260,0
"COREYMAY3",98,38037,0,9506385,606.340027,52.349998,0.375092,-2.452747,-1.865446,-2.804878,51.219513,898.048767,0.637000,-1.813000,-2.499000,0.000000,0.000000,0.000000,31.0476341,-103.5260925,938.990,30.815,5260,0
"COREYMAY3",98,34631,0,9506395,606.340027,52.349998,0.516850,-2.504273,-1.866178,-2.134146,51.646343,899.207336,1.568000,-1.470000,-3.577000,0.000000,0.000000,0.000000,31.0476341,-103.5260925,938.990,30.815,5260,0
"COREYMAY3",98,43531,0,9506405,606.340027,52.349998,0.469719,-2.535653,-1.845665,-1.524390,51.219513,900.182922,0.931000,-2.205000,-1.715000,0.000000,0.000000,0.000000,31.0476341,-103.5260925,938.990,30.815,5260,0
"COREYMAY3",98,36695,0,9506415,606.340027,52.349998,0.372527,-2.597558,-1.830403,-0.426829,51.158535,901.463440,1.078000,-2.352000,-2.450000,0.000000,0.000000,0.000000,31.0476341,-103.5260925,938.990,30.815,5260,0
"COREYMAY3",98,8362,0,9506425,604.890015,52.349998,0.389621,-2.699023,-1.806349,0.487805,51.463413,902.926819,1.274000,-2.646000,-1.813000,0.000000,0.000000,0.000000,31.0476341,-103.5260925,938.990,30.815,5260,0
"COREYMAY3",98,36216,0,9506435,604.890015,52.349998,0.363492,-2.798657,-1.805006,0.731707,52.134148,904.695129,0.833000,-2.695000,-2.009000,0.000000,0.000000,0.000000,31.0476341,-103.5260925,938.990,30.815,5260,0
"COREYMAY3",98,34338,0,9506445,604.890015,52.349998,0.417460,-2.830525,-1.828449,0.243902,53.414635,906.646362,0.833000,-2.695000,-2.009000,0.000000,0.000000,0.000000,31.0476341,-103.5260925,938.990,30.815,5260,0
"COREYMAY3",98,43640,0,9506455,604.890015,52.349998,0.569841,-2.714530,-1.831380,-0.304878,53.597561,908.902466,0.686000,-2.744000,-1.911000,0.000000,0.000000,0.000000,31.0476341,-103.5260925,938.990,30.815,5260,0
"COREYMAY3",98,52487,0,9506465,602.679993,52.349998,0.470085,-2.736630,-1.842857,-0.243902,53.048782,911.280518,0.833000,-2.303000,-1.862000,0.000000,0.000000,0.000000,31.0476341,-103.5260925,938.990,30.815,5260,0
"COREYMAY3",98,53699,0,9506475,602.679993,52.349998,0.379121,-2.840049,-1.817338,0.000000,53.231709,915.060974,1.225000,-2.548000,-1.960000,0.000000,0.000000,0.000000,31.0476341,-103.5260925,938.990,30.815,5260,0
"COREYMAY3",98,42690,0,9506485,602.679993,52.349998,0.440049,-2.876312,-1.809524,-0.609756,53.780487,917.682922,1.225000,-2.254000,-2.499000,0.000000,0.000000,0.000000,31.0476341,-103.5260925,938.990,30.815,5260,0
"COREYMAY3",98,53069,0,9506495,602.679993,52.349998,0.347863,-2.844933,-1.806838,-0.365854,53.902439,919.878052,0.980000,-2.646000,-2.107000,0.000000,0.000000,0.000000,31.0476341,-103.5260925,938.990,30.815,5260,0
"COREYMAY3",98,62553,0,9506505,601.479980,52.349998,0.290476,-2.867888,-1.794994,-0.060976,54.390244,921.097534,0.980000,-2.401000,-2.107000,0.000000,0.000000,0.000000,31.0476341,-103.5260925,938.990,30.815,5260,0
"COREYMAY3",98,27264,0,9506515,601.479980,52.349998,0.295971,-2.921978,-1.807448,-0.487805,55.121952,922.012207,0.784000,-2.548000,-1.715000,0.000000,0.000000,0.000000,31.0476341,-103.5260925,938.990,30.815,5260,0
"COREYMAY3",98,18509,0,9506525,601.479980,52.349998,0.230647,-2.925519,-1.801954,-0.304878,56.158535,923.780518,0.735000,-2.940000,-1.372000,0.000000,0.000000,0.000000,31.0476341,-103.5260925,938.990,30.815,5260,0
"COREYMAY3",98,6023,0,9506535,601.479980,52.349998,0.174237,-2.901099,-1.779853,0.670732,57.317074,926.463440,0.931000,-2.156000,-3.136000,0.000000,0.000000,0.000000,31.0476341,-103.5260925,938.990,30.815,5260,0
"COREYMAY3",98,61027,0,9506545,599.359985,52.349998,0.271429,-2.915507,-1.776557,0.731707,58.902439,928.902466,1.127000,-2.548000,-2.695000,0.000000,0.000000,0.000000,31.0476341,-103.5260925,938.990,30.815,5260,0
"COREYMAY3",98,63305,0,9506555,599.359985,52.349998,0.256899,-2.862637,-1.765812,1.341463,59.573170,931.158508,1.274000,-2.450000,-2.597000,0.000000,0.000000,0.000000,31.0476341,-103.5260925,938.990,30.815,5260,0
"COREYMAY3",98,14261,0,9506565,599.359985,52.349998,0.231746,-2.898779,-1.762027,2.134146,59.817074,933.414612,0.882000,-2.205000,-2.989000,0.000000,0.000000,0.000000,31.0476341,-103.5260925,938.990,30.815,5260,0
"COREYMAY3",98,34358,0,9506575,599.359985,52.349998,0.240171,-2.930647,-1.742735,2.621951,60.182926,935.365845,0.784000,-1.764000,-3.283000,0.000000,0.000000,0.000000,31.0476341,-103.5260925,938.990,30.815,5260,0
"COREYMAY3",98,43727,0,9506585,597.340027,52.349998,0.201709,-2.920513,-1.752625,3.963415,60.853657,937.195129,0.931000,-2.303000,-2.548000,0.000000,0.000000,0.000000,31.0490131,-103.5293732,5151.850,30.815,5260,7
"COREYMAY3",98,27455,0,9506595,597.340027,52.349998,0.175092,-2.919292,-1.748474,5.182927,60.975609,939.451233,0.441000,-2.107000,-2.597000,0.000000,0.000000,0.000000,31.0490131,-103.5293732,5151.850,30.815,5260,7
"COREYMAY3",98,32190,0,9506605,597.340027,52.349998,0.176557,-2.965568,-1.734432,5.731707,61.036587,942.073181,0.980000,-2.499000,-2.009000,0.000000,0.000000,0.000000,31.0490131,-103.5293732,5151.850,34.108,29160,7
"COREYMAY3",98,9008,0,9506615,597.340027,52.349998,0.153236,-2.980464,-1.723809,6.768293,61.280487,943.963440,0.686000,-2.597000,-1.666000,0.000000,0.000000,0.000000,31.0490131,-103.5293732,5151.850,34.108,29160,7
"COREYMAY3",98,24039,0,9506625,595.520020,52.349998,0.141392,-3.038339,-1.715507,8.475610,61.219513,945.914612,0.686000,-2.940000,-1.666000,0.000000,0.000000,0.000000,31.0490131,-103.5293732,5151.850,34.108,29160,7
"COREYMAY3",98,58132,0,9506635,595.520020,52.349998,0.109402,-3.104151,-1.726374,9.390244,60.914635,948.414612,0.490000,-2.695000,-2.205000,0.000000,0.000000,0.000000,31.0490131,-103.5293732,5151.850,34.108,29160,7
"COREYMAY3",98,15806,0,9506645,595.520020,52.349998,0.027228,-3.132845,-1.729915,10.060976,61.219513,951.097534,0.490000,-2.842000,-1.666000,0.000000,0.000000,0.000000,31.0490131,-103.5293732,5151.850,34.108,29160,7
"COREYMAY3",98,12151,0,9506655,595.520020,52.349998,-0.021490,-3.164469,-1.725763,10.304878,61.158535,954.207336,0.490000,-2.940000,-1.813000,0.000000,0.000000,0.000000,31.0490131,-103.5293732,5151.850,34.108,29160,7
"COREYMAY3",98,63730,0,9506665,592.419983,52.360001,-0.037729,-3.211966,-1.694261,10.792683,61.036587,957.560974,0.539000,-2.842000,-1.911000,0.000000,0.000000,0.000000,31.0490131,-103.5293732,5151.850,34.108,29160,7
"COREYMAY3",98,59552,0,9506675,592.419983,52.360001,-0.052503,-3.236142,-1.687912,11.036586,61.097561,961.463440,0.588000,-3.332000,-1.029000,0.000000,0.000000,0.000000,31.0490131,-103.5293732,5151.850,34.108,29160,7
"COREYMAY3",98,13354,0,9506685,592.419983,52.360001,-0.102442,-3.237851,-1.703541,11.524390,61.280487,965.670715,0.588000,-3.332000,-1.029000,0.000000,0.000000,0.000000,31.0490131,-103.5293732,5151.850,34.108,29160,7
"COREYMAY3",98,24849,0,9506695,592.419983,52.360001,-0.116239,-3.255678,-1.674481,12.500000,61.646343,970.060974,0.441000,-3.136000,-1.176000,0.000000,0.000000,0.000000,31.0490131,-103.5293732,5151.850,34.108,29160,7
"COREYMAY3",98,24749,0,9506705,589.099976,52.349998,-0.174847,-3.288156,-1.684249,13.231708,62.256096,974.878052,0.245000,-2.793000,-2.009000,0.000000,0.000000,0.000000,31.0490131,-103.5293732,5151.850,34.108,29160,7
"COREYMAY3",98,62645,0,9506715,589.099976,52.349998,-0.229792,-3.286935,-1.655189,14.207317,62.439026,979.878052,0.392000,-3.087000,-2.107000,0.000000,0.000000,0.000000,31.0490131,-103.5293732,5151.850,34.108,29160,7
"COREYMAY3",98,1997,0,9506725,589.099976,52.349998,-0.289866,-3.327839,-1.638584,15.182927,62.682926,985.365845,0.735000,-2.793000,-2.107000,0.000000,0.000000,0.000000,31.0490131,-103.5293732,5151.850,34.108,29160,7
"COREYMAY3",98,10500,0,9506735,589.099976,52.349998,-0.381197,-3.324176,-1.613919,15.426829,62.987804,991.829285,0.441000,-3.185000,-0.882000,0.000000,0.000000,0.000000,31.0490131,-103.5293732,5151.850,34.108,29160,7
"COREYMAY3",98,49900,0,9506745,585.909973,52.360001,-0.498901,-3.353846,-1.605006,16.524391,63.475609,999.207336,0.294000,-3.136000,-1.960000,0.000000,0.000000,0.000000,31.0490131,-103.5293732,5151.850,34.108,29160,7
"COREYMAY3",98,16014,0,9506755,585.909973,52.360001,-0.574237,-3.403663,-1.589622,18.292683,63.841465,1006.585388,-0.049000,-3.038000,-1.470000,0.000000,0.000000,0.000000,31.0490131,-103.5293732,5151.850,34.108,29160,7
"COREYMAY3",98,28432,0,9506765,585.909973,52.360001,-0.665690,-3.390476,-1.597802,20.182926,64.573174,1013.902466,0.098000,-2.940000,-2.009000,0.000000,0.000000,0.000000,31.0490131,-103.5293732,5151.850,34.108,29160,7
"COREYMAY3",98,9023,0,9506775,585.909973,52.360001,-0.711600,-3.384127,-1.581074,21.951220,64.756096,1020.731689,0.147000,-3.479000,-1.470000,0.000000,0.000000,0.000000,31.0490131,-103.5293732,5151.850,34.108,29160,7
"COREYMAY3",98,40140,0,9506785,583.260010,52.360001,-0.730647,-3.397436,-1.559463,24.329268,64.878052,1027.012207,-0.539000,-2.891000,-2.254000,0.000000,0.000000,0.000000,31.0490131,-103.5293732,5151.850,34.108,29160,7
"COREYMAY3",98,4148,0,9506795,583.260010,52.360001,-0.729548,-3.449450,-1.527228,27.500000,65.426826,1033.963379,-0.147000,-3.038000,-1.911000,0.000000,0.000000,0.000000,31.0490131,-103.5293732,5151.850,34.108,29160,7
"COREYMAY3",98,50390,0,9506805,583.260010,52.360001,-0.779609,-3.439805,-1.496215,29.268293,64.939026,1040.731689,-0.392000,-2.695000,-2.695000,0.000000,0.000000,0.000000,31.0490131,-103.5293732,5151.850,34.108,29160,7
"COREYMAY3",98,30033,0,9506815,583.260010,52.360001,-0.866056,-3.419292,-1.506349,32.012196,64.451218,1046.280518,-0.490000,-3.087000,-0.833000,0.000000,0.000000,0.000000,31.0490131,-103.5293732,5151.850,34.108,29160,7
"COREYMAY3",98,55564,0,9506825,580.210022,52.360001,-0.918437,-3.459829,-1.542491,34.146343,63.536587,1051.768311,-0.245000,-3.528000,-1.176000,0.000000,0.000000,0.000000,31.0490131,-103.5293732,5151.850,34.108,29160,7
"COREYMAY3",98,47368,0,9506835,580.210022,52.360001,-0.990354,-3.465568,-1.464225,36.036587,61.768291,1057.256104,-0.833000,-2.891000,-1.813000,0.000000,0.000000,0.000000,31.0490131,-103.5293732,5151.850,34.108,29160,7
"COREYMAY3",98,50989,0,9506845,580.210022,52.360001,-1.066056,-3.428938,-1.463492,38.841465,60.304878,1062.621948,-0.637000,-2.940000,-1.960000,0.000000,0.000000,0.000000,31.0490131,-103.5293732,5151.850,34.108,29160,7
"COREYMAY3",98,46729,0,9506855,580.210022,52.360001,-1.152503,-3.433333,-1.439682,41.097561,59.024391,1068.475586,-0.637000,-2.842000,-1.666000,0.000000,0.000000,0.000000,31.0490131,-103.5293732,5151.850,34.108,29160,7
"COREYMAY3",98,16475,0,9506865,577.619995,52.360001,-1.226251,-3.418803,-1.439316,43.109756,56.951218,1074.024414,-0.392000,-2.842000,-1.715000,0.000000,0.000000,0.000000,31.0490131,-103.5293732,5151.850,34.108,29160,7
"COREYMAY3",98,63492,0,9506875,577.619995,52.360001,-1.362393,-3.374237,-1.425275,45.914635,55.000000,1078.109741,-0.490000,-2.695000,-1.666000,0.000000,0.000000,0.000000,31.0490131,-103.5293732,5151.850,34.108,29160,7
"COREYMAY3",98,32113,0,9506885,577.619995,52.360001,-1.486081,-3.340415,-1.390720,48.231709,53.109756,1081.524414,-0.882000,-2.646000,-2.107000,0.000000,0.000000,0.000000,31.0490131,-103.5293732,5151.850,34.108,29160,7
"COREYMAY3",98,6258,0,9506895,577.619995,52.360001,-1.601587,-3.307570,-1.361905,50.060974,51.585365,1085.000000,-0.735000,-2.548000,-1.764000,0.000000,0.000000,0.000000,31.0490131,-103.5293732,5151.850,34.108,29160,7
"COREYMAY3",98,35708,0,9506905,587.280029,52.360001,-1.672894,-3.270574,-1.383516,52.134148,50.487804,1088.414673,-1.029000,-2.646000,-2.156000,0.000000,0.000000,0.000000,31.0490131,-103.5293732,5151.850,34.108,29160,7
"COREYMAY3",98,29476,0,9506915,587.280029,52.360001,-1.740171,-3.219536,-1.369109,54.756096,48.658535,1092.073120,-1.127000,-2.695000,-2.156000,0.000000,0.000000,0.000000,31.0490131,-103.5293732,5151.850,34.108,29160,7
"COREYMAY3",98,10978,0,9506925,587.280029,52.360001,-1.787546,-3.120024,-1.356899,57.134148,46.585365,1094.024414,-1.323000,-2.450000,-1.666000,0.000000,0.000000,0.000000,31.0490131,-103.5293732,5151.850,34.108,29160,7
"COREYMAY3",98,58374,0,9506935,587.280029,52.360001,-1.881563,-2.999634,-1.324908,59.756096,45.060974,1094.878052,-1.323000,-2.450000,-1.666000,0.000000,0.000000,0.000000,31.0490131,-103.5293732,5151.850,34.108,29160,7
"COREYMAY3",98,41993,0,9506945,608.840027,52.349998,-1.975214,-2.909646,-1.302320,61.280487,42.073170,1094.938965,-1.372000,-2.303000,-1.617000,0.000000,0.000000,0.000000,31.0490131,-103.5293732,5151.850,34.108,29160,7
"COREYMAY3",98,45942,0,9506955,608.840027,52.349998,-2.086447,-2.807692,-1.267399,64.085365,39.451218,1094.146362,-1.666000,-2.450000,-1.568000,0.000000,0.000000,0.000000,31.0490131,-103.5293732,5151.850,34.108,29160,7
"COREYMAY3",98,5191,0,9506965,608.840027,52.349998,-2.159463,-2.706105,-1.288401,67.682930,37.439026,1092.987793,-1.568000,-2.009000,-2.352000,0.000000,0.000000,0.000000,31.0490131,-103.5293732,5151.850,34.108,29160,7
"COREYMAY3",98,46629,0,9506975,608.840027,52.349998,-2.217460,-2.678755,-1.262027,70.487808,35.731709,1091.402466,-1.813000,-2.058000,-2.107000,0.000000,0.000000,0.000000,31.0490131,-103.5293732,5151.850,34.108,29160,7
"COREYMAY3",98,12597,0,9506985,632.760010,52.349998,-2.229182,-2.605739,-1.277289,72.926826,34.512196,1090.731689,-2.058000,-2.450000,-1.372000,0.000000,0.000000,0.000000,31.0490131,-103.5293732,5151.850,34.108,29160,7
"COREYMAY3",98,37834,0,9506995,632.760010,52.349998,-2.195482,-2.545177,-1.223809,75.243904,32.439026,1088.048828,-2.205000,-2.254000,-1.225000,0.000000,0.000000,0.000000,31.0490131,-103.5293732,5151.850,34.108,29160,7
"COREYMAY3",98,25797,0,9507005,632.760010,52.349998,-2.194139,-2.538461,-1.228938,77.865852,30.304878,1083.231689,-1.372000,-2.450000,-1.617000,0.000000,0.000000,0.000000,31.0490131,-103.5293732,5151.850,34.108,29160,7
"COREYMAY3",98,16283,0,9507015,632.760010,52.349998,-2.221612,-2.485104,-1.233211,79.207314,26.463415,1079.085327,-1.127000,-1.764000,-1.764000,0.000000,0.000000,0.000000,31.0490131,-103.5293732,5151.850,34.108,29160,7
"COREYMAY3",98,52637,0,9507025,643.380005,52.349998,-2.292308,-2.438706,-1.236264,79.878052,23.170732,1074.756104,-2.254000,-2.352000,-0.343000,0.000000,0.000000,0.000000,31.0490131,-103.5293732,5151.850,34.108,29160,7
"COREYMAY3",98,35257,0,9507035,643.380005,52.349998,-2.342613,-2.377289,-1.249695,82.012192,20.000000,1069.938965,-2.009000,-1.519000,-2.303000,0.000000,0.000000,0.000000,31.0490131,-103.5293732,5151.850,34.108,29160,7
"COREYMAY3",98,47193,0,9507045,643.380005,52.349998,-2.390354,-2.293040,-1.251160,82.317070,17.195122,1065.243896,-2.058000,-1.960000,-1.568000,0.000000,0.000000,0.000000,31.0490131,-103.5293732,5151.850,34.108,29160,7
"COREYMAY3",98,58067,0,9507055,643.380005,52.349998,-2.483761,-2.191819,-1.245910,81.341461,14.939024,1060.487793,-2.009000,-1.421000,-2.058000,0.000000,0.000000,0.000000,31.0490131,-103.5293732,5151.850,34.108,29160,7
"COREYMAY3",98,2376,0,9507065,649.989990,52.349998,-2.558730,-2.064591,-1.237241,81.646339,12.378049,1054.024414,-2.646000,-1.323000,-1.960000,0.000000,0.000000,0.000000,31.0490131,-103.5293732,5151.850,34.108,29160,7
"COREYMAY3",98,59914,0,9507075,649.989990,52.349998,-2.649695,-1.952137,-1.234188,81.890244,11.219512,1046.829224,-2.205000,-1.176000,-1.715000,0.000000,0.000000,0.000000,31.0490131,-103.5293732,5151.850,34.108,29160,7
"COREYMAY3",98,44192,0,9507085,649.989990,52.349998,-2.627473,-1.867766,-1.233822,81.768295,11.219512,1039.024414,-2.156000,-1.323000,-1.960000,0.000000,0.000000,0.000000,31.0490131,-103.5293732,5151.850,34.108,29160,7
"COREYMAY3",98,3195,0,9507095,649.989990,52.349998,-2.541880,-1.781685,-1.221978,82.378052,10.670732,1029.451172,-1.862000,-1.764000,-1.519000,0.000000,0.000000,0.000000,31.0490131,-103.5293732,5151.850,34.108,29160,7
"COREYMAY3",98,54023,0,9507105,651.460022,52.349998,-2.464835,-1.685714,-1.249695,82.926826,9.390244,1020.731689,-2.009000,-1.323000,-1.764000,0.000000,0.000000,0.000000,31.0490131,-103.5293732,5151.850,34.108,29160,7
"COREYMAY3",98,44064,0,9507115,651.460022,52.349998,-2.548596,-1.609158,-1.201954,83.414635,9.024390,1012.560974,-2.156000,-1.421000,-1.568000,0.000000,0.000000,0.000000,31.0490131,-103.5293732,5151.850,34.108,29160,7
"COREYMAY3",98,48205,0,9507125,651.460022,52.349998,-2.557265,-1.530403,-1.214041,83.353661,7.621951,1003.841492,-2.401000,-1.078000,-1.421000,0.000000,0.000000,0.000000,31.0490131,-103.5293732,5151.850,34.108,29160,7
"COREYMAY3",98,16707,0,9507135,651.460022,52.349998,-2.521612,-1.411600,-1.220757,83.780487,6.524390,994.695129,-1.960000,-0.637000,-1.666000,0.000000,0.000000,0.000000,31.0490131,-103.5293732,5151.850,34.108,29160,7
"COREYMAY3",98,29898,0,9507145,652.659973,52.349998,-2.458974,-1.281807,-1.203785,85.304878,5.731707,984.695129,-2.842000,-0.882000,-0.686000,0.000000,0.000000,0.000000,31.0490131,-103.5293732,5151.850,34.108,29160,7
"COREYMAY3",98,8619,0,9507155,652.659973,52.349998,-2.408059,-1.210989,-1.204518,86.219513,4.878049,975.121948,-1.519000,-0.735000,-2.450000,0.000000,0.000000,0.000000,31.0490131,-103.5293732,5151.850,34.108,29160,7
"COREYMAY3",98,50915,0,9507165,652.659973,52.349998,-2.401954,-1.198657,-1.198901,86.524391,3.902439,966.036560,-1.764000,-0.686000,-1.568000,0.000000,0.000000,0.000000,31.0490131,-103.5293732,5151.850,34.108,29160,7
"COREYMAY3",98,10668,0,9507175,652.659973,52.349998,-2.349695,-1.147009,-1.228693,86.646339,1.585366,958.292664,-2.009000,-0.686000,-1.617000,0.000000,0.000000,0.000000,31.0490131,-103.5293732,5151.850,34.108,29160,7
"COREYMAY3",98,22754,0,9507185,654.200012,52.349998,-2.267888,-1.088156,-1.226618,87.256096,0.060976,952.256104,-2.009000,-0.686000,-1.617000,0.000000,0.000000,0.000000,31.0490131,-103.5293732,5151.850,34.108,29160,7
"COREYMAY3",98,49161,0,9507195,654.200012,52.349998,-2.214652,-1.073138,-1.234188,88.353661,-1.890244,944.329285,-1.666000,-0.686000,-0.980000,0.000000,0.000000,0.000000,31.0490131,-103.5293732,5151.850,34.108,29160,7
"COREYMAY3",98,48630,0,9507205,654.200012,52.349998,-2.231868,-1.145177,-1.225763,88.780487,-3.475610,936.219482,-1.764000,-1.421000,-0.588000,0.000000,0.000000,0.000000,31.0490131,-103.5293732,5151.850,34.108,29160,7
"COREYMAY3",98,53180,0,9507215,654.200012,52.349998,-2.257021,-1.092796,-1.232234,88.475609,-6.097561,930.426819,-1.519000,-0.490000,-2.009000,0.000000,0.000000,0.000000,31.0490131,-103.5293732,5151.850,34.108,29160,7
"COREYMAY3",98,37724,0,9507225,651.809998,52.360001,-2.231624,-1.076923,-1.224176,87.500000,-8.353659,923.109741,-0.588000,-1.078000,-2.058000,0.000000,0.000000,0.000000,31.0490131,-103.5293732,5151.850,34.108,29160,7
"COREYMAY3",98,445,0,9507235,651.809998,52.360001,-2.239072,-1.050794,-1.261783,85.792686,-10.670732,916.219482,-1.911000,-0.882000,-2.107000,0.000000,0.000000,0.000000,31.0490131,-103.5293732,5151.850,34.108,29160,7
"COREYMAY3",98,65453,0,9507245,651.809998,52.360001,-2.271795,-1.019902,-1.245299,83.231705,-12.134147,910.060974,-2.352000,-0.343000,-2.058000,0.000000,0.000000,0.000000,31.0490131,-103.5293732,5151.850,34.108,29160,7
"COREYMAY3",98,4530,0,9507255,651.809998,52.360001,-2.285470,-1.018315,-1.212210,82.439026,-12.987804,903.414612,-2.156000,-0.686000,-0.833000,0.000000,0.000000,0.000000,31.0490131,-103.5293732,5151.850,34.108,29160,7
"COREYMAY3",98,7273,0,9507265,650.359985,52.360001,-2.283638,-0.990476,-1.235165,82.256096,-13.109756,896.829285,-1.813000,-0.784000,-1.617000,0.000000,0.000000,0.000000,31.0490131,-103.5293732,5151.850,34.108,29160,7
"COREYMAY3",98,48860,0,9507275,650.359985,52.360001,-2.226618,-0.940049,-1.222100,79.939026,-13.536586,891.219482,-2.009000,-0.147000,-2.156000,0.000000,0.000000,0.000000,31.0490131,-103.5293732,5151.850,34.108,29160,7
"COREYMAY3",98,15452,0,9507285,650.359985,52.360001,-2.313919,-0.915140,-1.252259,77.500000,-14.207317,884.390259,-1.813000,-0.392000,-2.058000,0.000000,0.000000,0.000000,31.0490131,-103.5293732,5151.850,34.108,29160,7
"COREYMAY3",98,56743,0,9507295,650.359985,52.360001,-2.326496,-0.820269,-1.248474,76.158539,-14.024390,877.012207,-1.715000,-0.147000,-1.960000,0.000000,0.000000,0.000000,31.0490131,-103.5293732,5151.850,34.108,29160,7
"COREYMAY3",98,25100,0,9507305,648.919983,52.360001,-2.303541,-0.768864,-1.250061,75.548782,-13.780488,870.182922,-1.519000,-0.392000,-2.646000,0.000000,0.000000,0.000000,31.0490131,-103.5293732,5151.850,34.108,29160,7
"COREYMAY3",98,48450,0,9507315,648.919983,52.360001,-2.338828,-0.709280,-1.211966,75.121948,-13.231708,863.475586,-2.205000,0.000000,-1.960000,0.000000,0.000000,0.000000,31.0490131,-103.5293732,5151.850,34.108,29160,7
"COREYMAY3",98,167,0,9507325,648.919983,52.360001,-2.278022,-0.623077,-1.229182,74.695122,-11.524390,857.073181,-1.568000,-0.392000,-1.225000,0.000000,0.000000,0.000000,31.0490131,-103.5293732,5151.850,34.108,29160,7
"COREYMAY3",98,4871,0,9507335,648.919983,52.360001,-2.243956,-0.525153,-1.203663,74.695122,-11.219512,849.695129,-1.470000,0.000000,-1.372000,0.000000,0.000000,0.000000,31.0490131,-103.5293732,5151.850,34.108,29160,7
"COREYMAY3",98,12015,0,9507345,647.030029,52.360001,-2.289744,-0.505006,-1.199267,74.817070,-11.097561,843.597534,-1.323000,-0.441000,-1.715000,0.000000,0.000000,0.000000,31.0490131,-103.5293732,5151.850,34.108,29160,7
"COREYMAY3",98,16126,0,9507355,647.030029,52.360001,-2.235043,-0.506593,-1.234310,75.975609,-9.695122,838.353638,-1.715000,-0.147000,-1.029000,0.000000,0.000000,0.000000,31.0490131,-103.5293732,5151.850,34.108,29160,7
"COREYMAY3",98,65006,0,9507365,647.030029,52.360001,-2.232357,-0.508181,-1.189988,77.012192,-8.658537,831.768311,-2.107000,0.049000,-1.911000,0.000000,0.000000,0.000000,31.0490131,-103.5293732,5151.850,34.108,29160,7
"COREYMAY3",98,16904,0,9507375,647.030029,52.360001,-2.210134,-0.504029,-1.192430,77.500000,-8.536586,825.243896,-1.519000,-0.392000,-2.401000,0.000000,0.000000,0.000000,31.0490131,-103.5293732,5151.850,34.108,29160,7
"COREYMAY3",98,12548,0,9507385,645.770020,52.369999,-2.084860,-0.453968,-1.189744,78.231705,-8.597561,820.243896,-2.156000,0.441000,-0.490000,0.000000,0.000000,0.000000,31.0490131,-103.5293732,5151.850,34.108,29160,7
"COREYMAY3",98,62813,0,9507395,645.770020,52.369999,-2.149573,-0.417827,-1.193040,79.146339,-7.926829,816.280518,-1.764000,-0.490000,-1.176000,0.000000,0.000000,0.000000,31.0490131,-103.5293732,5151.850,34.108,29160,7
"COREYMAY3",98,14036,0,9507405,645.770020,52.369999,-2.036874,-0.478632,-1.206838,80.426826,-8.292683,812.926819,-1.372000,0.049000,-2.156000,0.000000,0.000000,0.000000,31.0490131,-103.5293732,5151.850,34.108,29160,7
"COREYMAY3",98,35257,0,9507415,645.770020,52.369999,-1.937729,-0.493040,-1.199023,80.121948,-8.780488,808.475586,-1.813000,0.098000,-1.813000,0.000000,0.000000,0.000000,31.0490131,-103.5293732,5151.850,34.108,29160,7
"COREYMAY3",98,51605,0,9507425,644.880005,52.369999,-1.979121,-0.532357,-1.198535,80.060974,-10.548780,803.963440,-1.813000,0.098000,-1.813000,0.000000,0.000000,0.000000,31.0490131,-103.5293732,5151.850,34.108,29160,7
"COREYMAY3",98,7934,0,9507435,644.880005,52.369999,-1.966667,-0.547131,-1.185836,79.817070,-11.646341,800.975586,-0.539000,-0.833000,-1.666000,0.000000,0.000000,0.000000,31.0490131,-103.5293732,5151.850,34.108,29160,7
"COREYMAY3",98,31042,0,9507445,644.880005,52.369999,-1.962637,-0.582418,-1.219658,80.304878,-12.804878,799.268311,-1.127000,-0.343000,-1.715000,0.000000,0.000000,0.000000,31.0490131,-103.5293732,5151.850,34.108,29160,7
"COREYMAY3",98,64422,0,9507455,644.880005,52.369999,-1.965079,-0.574115,-1.209646,79.817070,-13.170732,794.146362,-1.568000,0.049000,-1.568000,0.000000,0.000000,0.000000,31.0490131,-103.5293732,5151.850,34.108,29160,7
"COREYMAY3",98,57053,0,9507465,645.419983,52.369999,-1.996825,-0.648840,-1.209646,78.048782,-14.695122,789.756104,-1.666000,-0.049000,-1.274000,0.000000,0.000000,0.000000,31.0490131,-103.5293732,5151.850,34.108,29160,7
"COREYMAY3",98,1101,0,9507475,645.419983,52.369999,-2.058852,-0.648352,-1.195116,76.890244,-15.609756,786.585388,-2.009000,-0.245000,-0.882000,0.000000,0.000000,0.000000,31.0490131,-103.5293732,5151.850,34.108,29160,7
"COREYMAY3",98,47163,0,9507485,645.419983,52.369999,-2.078388,-0.699267,-1.185226,76.829269,-15.670732,784.085388,-0.833000,0.000000,-2.009000,0.000000,0.000000,0.000000,31.0490131,-103.5293732,5151.850,34.108,29160,7
"COREYMAY3",98,52464,0,9507495,645.419983,52.369999,-2.099390,-0.635653,-1.220513,75.060974,-16.524391,782.195129,-1.617000,-0.637000,-0.735000,0.000000,0.000000,0.000000,31.0490131,-103.5293732,5151.850,34.108,29160,7
"COREYMAY3",98,41618,0,9507505,641.849976,52.369999,-2.118437,-0.652991,-1.203297,73.841461,-15.853659,778.841492,-0.980000,-0.049000,-1.666000,0.000000,0.000000,0.000000,31.0490131,-103.5293732,5151.850,34.108,29160,7
"COREYMAY3",98,52165,0,9507515,641.849976,52.369999,-2.120269,-0.610623,-1.185592,73.231705,-14.085366,776.158508,-1.323000,-0.245000,-2.009000,0.000000,0.000000,0.000000,31.0490131,-103.5293732,5151.850,34.108,29160,7
"COREYMAY3",98,19227,0,9507525,641.849976,52.369999,-2.149573,-0.575580,-1.167643,72.134148,-13.353659,771.280518,-2.156000,0.343000,-2.107000,0.000000,0.000000,0.000000,31.0490131,-103.5293732,5151.850,34.108,29160,7
"COREYMAY3",98,21846,0,9507535,641.849976,52.369999,-2.102076,-0.544200,-1.194750,71.280487,-12.500000,766.951233,-1.470000,-0.441000,-1.715000,0.000000,0.000000,0.000000,31.0490131,-103.5293732,5151.850,34.108,29160,7
"COREYMAY3",98,3699,0,9507545,637.049988,52.369999,-2.108303,-0.491209,-1.185348,71.219513,-11.097561,764.756104,-1.960000,0.539000,-2.107000,0.000000,0.000000,0.000000,31.0490131,-103.5293732,5151.850,34.108,29160,7
"COREYMAY3",98,20513,0,9507555,637.049988,52.369999,-2.120635,-0.509768,-1.162637,71.585365,-9.878049,762.804871,-1.666000,-0.343000,-1.519000,0.000000,0.000000,0.000000,31.0490131,-103.5293732,5151.850,34.108,29160,7
"COREYMAY3",98,17174,0,9507565,637.049988,52.369999,-2.053968,-0.432845,-1.164225,70.426826,-9.817073,761.036560,-1.372000,0.637000,-2.401000,0.000000,0.000000,0.000000,31.0490131,-103.5293732,5151.850,34.108,29160,7
"COREYMAY3",98,44561,0,9507575,637.049988,52.369999,-2.029548,-0.419414,-1.146154,70.731705,-7.865854,756.524414,-1.764000,0.441000,-2.107000,0.000000,0.000000,0.000000,31.0490265,-103.5296478,5507.930,34.108,29160,6
"COREYMAY3",98,27040,0,9507585,630.669983,52.380001,-2.011966,-0.443834,-1.162271,72.073174,-6.890244,752.682922,-1.715000,0.392000,-0.931000,0.000000,0.000000,0.000000,31.0490265,-103.5296478,5507.930,34.108,29160,6
"COREYMAY3",98,58403,0,9507595,630.669983,52.380001,-1.931258,-0.416728,-1.146520,72.621948,-5.670732,748.963440,-0.980000,0.294000,-1.911000,0.000000,0.000000,0.000000,31.0490265,-103.5296478,5507.930,34.108,29160,6
"COREYMAY3",98,62314,0,9507605,630.669983,52.380001,-1.861783,-0.395971,-1.157753,73.475609,-5.670732,746.219482,-1.960000,-0.098000,-0.980000,0.000000,0.000000,0.000000,31.0490265,-103.5296478,5507.930,34.108,29160,6
"COREYMAY3",98,50893,0,9507615,630.669983,52.380001,-1.849206,-0.430281,-1.143468,73.597565,-5.426829,744.024414,-1.862000,0.147000,-1.617000,0.000000,0.000000,0.000000,31.0490265,-103.5296478,5507.930,34.108,29160,6
"COREYMAY3",98,32252,0,9507625,627.070007,52.380001,-1.823810,-0.486813,-1.144444,73.963417,-6.646341,742.256104,-1.421000,-0.147000,-0.588000,0.000000,0.000000,0.000000,31.0490265,-103.5296478,5507.930,34.108,29160,6
"COREYMAY3",98,33307,0,9507635,627.070007,52.380001,-1.838950,-0.477778,-1.109402,75.365852,-6.829268,739.634155,-1.323000,-0.392000,-0.392000,0.000000,0.000000,0.000000,31.0490265,-103.5296478,5507.930,34.108,29160,6
"COREYMAY3",98,14279,0,9507645,627.070007,52.380001,-1.839072,-0.530159,-1.130403,74.817070,-7.621951,738.292664,-1.764000,-0.049000,-1.274000,0.000000,0.000000,0.000000,31.0490265,-103.5296478,5507.930,34.108,29160,6
"COREYMAY3",98,38468,0,9507655,627.070007,52.380001,-1.788889,-0.524786,-1.147985,74.695122,-8.292683,736.463440,-0.735000,0.735000,-2.646000,0.000000,0.000000,0.000000,31.0490265,-103.5296478,5507.930,34.108,29160,6
"COREYMAY3",98,56455,0,9507665,623.960022,52.380001,-1.803663,-0.566300,-1.110012,74.756096,-9.146341,734.695129,-1.470000,0.049000,-1.127000,0.000000,0.000000,0.000000,31.0490265,-103.5296478,5507.930,28.655,29500,6
"COREYMAY3",98,62191,0,9507675,623.960022,52.380001,-1.837363,-0.600366,-1.153602,73.780487,-9.451220,733.109741,-0.931000,-0.637000,-1.568000,0.000000,0.000000,0.000000,31.0490265,-103.5296478,5507.930,28.655,29500,6
"COREYMAY3",98,18716,0,9507685,623.960022,52.380001,-1.756532,-0.619048,-1.158852,72.256096,-10.426829,731.768311,-0.931000,-0.637000,-1.568000,0.000000,0.000000,0.000000,31.0490265,-103.5296478,5507.930,28.655,29500,6
"COREYMAY3",98,58222,0,9507695,622.460022,52.380001,-1.938706,-0.665568,-1.110501,72.804878,-10.121951,730.182922,-1.176000,0.098000,-2.156000,0.000000,0.000000,0.000000,31.0490265,-103.5296478,5507.930,28.655,29500,6
"COREYMAY3",98,62871,0,9507705,622.460022,52.380001,-1.926252,-0.712332,-1.110501,73.109756,-10.365853,727.987793,-0.735000,-0.686000,-1.372000,0.000000,0.000000,0.000000,31.0490265,-103.5296478,5507.930,28.655,29500,6
"COREYMAY3",98,50602,0,9507715,622.460022,52.380001,-1.871917,-0.679243,-1.127228,71.890244,-10.609756,726.646362,-0.539000,-0.147000,-1.911000,0.000000,0.000000,0.000000,31.0490265,-103.5296478,5507.930,28.655,29500,6
"COREYMAY3",98,40779,0,9507725,622.460022,52.380001,-2.035775,-0.683517,-1.090476,71.036583,-10.182927,726.524414,-1.029000,0.490000,-2.548000,0.000000,0.000000,0.000000,31.0490265,-103.5296478,5507.930,28.655,29500,6
"COREYMAY3",98,30731,0,9507735,620.200012,52.389999,-1.973871,-0.681563,-1.103052,68.841461,-9.207317,727.317078,-1.813000,-0.343000,-0.539000,0.000000,0.000000,0.000000,31.0490265,-103.5296478,5507.930,28.655,29500,6
"COREYMAY3",98,39593,0,9507745,620.200012,52.389999,-2.014896,-0.619292,-1.110379,67.378052,-7.317073,724.207336,-1.470000,-0.539000,-0.833000,0.000000,0.000000,0.000000,31.0490265,-103.5296478,5507.930,28.655,29500,6
"COREYMAY3",98,28658,0,9507755,620.200012,52.389999,-2.053968,-0.689011,-1.105372,66.951218,-5.975610,722.195129,-1.127000,0.049000,-1.960000,0.000000,0.000000,0.000000,31.0490265,-103.5296478,5507.930,28.655,29500,6
"COREYMAY3",98,55161,0,9507765,620.200012,52.389999,-1.947253,-0.551160,-1.096093,68.353661,-4.817073,719.207336,-1.813000,-0.245000,-1.715000,0.000000,0.000000,0.000000,31.0490265,-103.5296478,5507.930,28.655,29500,6
"COREYMAY3",98,15985,0,9507775,618.880005,52.389999,-2.073749,-0.616239,-1.073871,67.865852,-3.475610,716.524414,-1.764000,-0.588000,-1.372000,0.000000,0.000000,0.000000,31.0490265,-103.5296478,5507.930,28.655,29500,6
"COREYMAY3",98,43052,0,9507785,618.880005,52.389999,-1.962027,-0.583394,-1.075702,67.195122,-3.048780,713.475586,-0.294000,-0.147000,-2.303000,0.000000,0.000000,0.000000,31.0490265,-103.5296478,5507.930,28.655,29500,6
"COREYMAY3",98,27973,0,9507795,618.880005,52.389999,-1.919780,-0.549084,-1.087546,66.768295,-2.134146,711.524414,-1.470000,-0.539000,-0.441000,0.000000,0.000000,0.000000,31.0490265,-103.5296478,5507.930,28.655,29500,6
"COREYMAY3",98,47852,0,9507805,618.880005,52.389999,-1.985592,-0.563614,-1.067277,67.134148,-0.792683,709.390259,-1.862000,-0.245000,-0.686000,0.000000,0.000000,0.000000,31.0490265,-103.5296478,5507.930,28.655,29500,6
"COREYMAY3",98,57635,0,9507815,616.059998,52.389999,-1.880952,-0.535287,-1.066667,68.902435,0.487805,706.951233,-1.519000,-0.784000,-0.392000,0.000000,0.000000,0.000000,31.0490265,-103.5296478,5507.930,28.655,29500,6
"COREYMAY3",98,50105,0,9507825,616.059998,52.389999,-1.874481,-0.554579,-1.051770,70.487808,2.012195,707.621948,-1.666000,-0.196000,-2.254000,0.000000,0.000000,0.000000,31.0490265,-103.5296478,5507.930,28.655,29500,6
"COREYMAY3",98,4098,0,9507835,616.059998,52.389999,-1.840781,-0.557265,-1.067399,70.487808,0.548781,708.353638,-1.813000,-0.049000,-1.568000,0.000000,0.000000,0.000000,31.0490265,-103.5296478,5507.930,28.655,29500,6
"COREYMAY3",98,51184,0,9507845,616.059998,52.389999,-1.781685,-0.619536,-1.050794,71.097565,0.487805,703.719482,-1.176000,-0.147000,-1.813000,0.000000,0.000000,0.000000,31.0490265,-103.5296478,5507.930,28.655,29500,6
"COREYMAY3",98,13276,0,9507855,617.940002,52.380001,-1.861294,-0.652381,-1.056166,71.829269,1.280488,699.756104,-1.029000,-0.735000,-0.980000,0.000000,0.000000,0.000000,31.0490265,-103.5296478,5507.930,28.655,29500,6
"COREYMAY3",98,64251,0,9507865,617.940002,52.380001,-1.747985,-0.630891,-1.061294,72.134148,1.036585,699.085388,-1.617000,-0.049000,-1.078000,0.000000,0.000000,0.000000,31.0490265,-103.5296478,5507.930,28.655,29500,6
"COREYMAY3",98,33944,0,9507875,617.940002,52.380001,-1.720391,-0.663858,-1.054335,72.195122,0.731707,698.414612,-0.637000,0.441000,-2.254000,0.000000,0.000000,0.000000,31.0490265,-103.5296478,5507.930,28.655,29500,6
"COREYMAY3",98,53843,0,9507885,617.940002,52.380001,-1.797314,-0.728571,-1.033700,73.231705,0.792683,697.134155,-1.176000,-0.539000,-0.392000,0.000000,0.000000,0.000000,31.0490265,-103.5296478,5507.930,28.655,29500,6
"COREYMAY3",98,30069,0,9507895,622.200012,52.380001,-1.715507,-0.778632,-1.027717,72.804878,-1.219512,696.890259,-1.176000,-0.441000,-0.931000,0.000000,0.000000,0.000000,31.0490265,-103.5296478,5507.930,28.655,29500,6
"COREYMAY3",98,47306,0,9507905,622.200012,52.380001,-1.787668,-0.781197,-1.021001,72.560974,-1.524390,696.463440,-1.470000,-0.784000,-0.931000,0.000000,0.000000,0.000000,31.0490265,-103.5296478,5507.930,28.655,29500,6
"COREYMAY3",98,29122,0,9507915,622.200012,52.380001,-1.804518,-0.861905,-1.044322,72.256096,-2.560976,696.646362,-1.470000,-0.784000,-0.931000,0.000000,0.000000,0.000000,31.0490265,-103.5296478,5507.930,28.655,29500,6
"COREYMAY3",98,21060,0,9507925,622.200012,52.380001,-1.791697,-0.916606,-1.018071,71.951218,-2.500000,696.768311,-1.372000,-0.833000,-0.441000,0.000000,0.000000,0.000000,31.0490265,-103.5296478,5507.930,28.655,29500,6
"COREYMAY3",98,35868,0,9507935,619.849976,52.380001,-1.896337,-0.968620,-1.002320,71.158539,-1.646341,697.073181,-1.127000,-0.637000,-1.715000,0.000000,0.000000,0.000000,31.0490265,-103.5296478,5507.930,28.655,29500,6
"COREYMAY3",98,42489,0,9507945,619.849976,52.380001,-1.833944,-0.988523,-1.019170,70.304878,-2.073171,697.987793,-1.666000,-0.245000,-2.401000,0.000000,0.000000,0.000000,31.0490265,-103.5296478,5507.930,28.655,29500,6
"COREYMAY3",98,33369,0,9507955,619.849976,52.380001,-1.898046,-0.999389,-1.005372,69.146339,-2.073171,698.841492,-1.813000,-0.931000,-1.274000,0.000000,0.000000,0.000000,31.0490265,-103.5296478,5507.930,28.655,29500,6
"COREYMAY3",98,50829,0,9507965,619.849976,52.380001,-1.995238,-1.009524,-0.978877,68.353661,-1.646341,699.573181,-1.078000,-0.686000,-1.421000,0.000000,0.000000,0.000000,31.0490265,-103.5296478,5507.930,28.655,29500,6
"COREYMAY3",98,51690,0,9507975,611.140015,52.369999,-1.902198,-0.973260,-1.001465,66.646339,-1.158537,700.487793,-1.470000,-0.735000,-2.450000,0.000000,0.000000,0.000000,31.0490265,-103.5296478,5507.930,28.655,29500,6
"COREYMAY3",98,26132,0,9507985,611.140015,52.369999,-2.046886,-0.946154,-0.968376,65.670731,-0.609756,700.792664,-1.764000,-0.882000,-1.176000,0.000000,0.000000,0.000000,31.0490265,-103.5296478,5507.930,28.655,29500,6
"COREYMAY3",98,60438,0,9507995,611.140015,52.369999,-2.034799,-0.939438,-1.002076,65.182930,-0.304878,700.853638,-1.666000,-0.245000,-2.303000,0.000000,0.000000,0.000000,31.0490265,-103.5296478,5507.930,28.655,29500,6
"COREYMAY3",98,61340,0,9508005,611.140015,52.369999,-1.966911,-0.883272,-0.992552,64.878052,1.097561,700.365845,-1.421000,-0.637000,-1.764000,0.000000,0.000000,0.000000,31.0490265,-103.5296478,5507.930,28.655,29500,6
"COREYMAY3",98,5023,0,9508015,602.119995,52.369999,-2.108059,-0.845910,-0.974359,64.634148,2.439024,700.304871,-1.911000,-0.294000,-2.058000,0.000000,0.000000,0.000000,31.0490265,-103.5296478,5507.930,28.655,29500,6
"COREYMAY3",98,2173,0,9508025,602.119995,52.369999,-1.948230,-0.812332,-0.966178,64.451218,4.268293,699.390259,-1.862000,-0.392000,-1.029000,0.000000,0.000000,0.000000,31.0490265,-103.5296478,5507.930,28.655,29500,6
"COREYMAY3",98,18553,0,9508035,602.119995,52.369999,-1.946764,-0.760440,-0.974359,65.121948,6.341464,697.865845,-1.470000,-0.196000,-1.323000,0.000000,0.000000,0.000000,31.0490265,-103.5296478,5507.930,28.655,29500,6
"COREYMAY3",98,48094,0,9508045,602.119995,52.369999,-1.958242,-0.792796,-0.933333,65.853661,7.560976,696.097534,-1.617000,-0.343000,-1.176000,0.000000,0.000000,0.000000,31.0490265,-103.5296478,5507.930,28.655,29500,6
"COREYMAY3",98,43649,0,9508055,593.750000,52.369999,-1.795116,-0.765690,-0.950672,66.768295,7.500000,694.878052,-1.225000,-0.735000,-0.882000,0.000000,0.000000,0.000000,31.0490265,-103.5296478,5507.930,28.655,29500,6
"COREYMAY3",98,2683,0,9508065,593.750000,52.369999,-1.914530,-0.764347,-0.920513,67.317070,8.292683,693.536560,-1.568000,-0.931000,-0.343000,0.000000,0.000000,0.000000,31.0490265,-103.5296478,5507.930,28.655,29500,6
"COREYMAY3",98,42452,0,9508075,593.750000,52.369999,-1.860562,-0.760806,-0.926007,68.170731,8.841463,691.890259,-1.176000,-0.490000,-1.225000,0.000000,0.000000,0.000000,31.0490265,-103.5296478,5507.930,28.655,29500,6
"COREYMAY3",98,11970,0,9508085,593.750000,52.369999,-1.786935,-0.758608,-0.940415,68.841461,8.475610,691.158508,-1.421000,0.049000,-2.058000,0.000000,0.000000,0.000000,31.0490265,-103.5296478,5507.930,28.655,29500,6
"COREYMAY3",98,33453,0,9508095,585.280029,52.369999,-1.831258,-0.786203,-0.935531,69.817070,8.841463,690.182922,-0.980000,-0.343000,-1.519000,0.000000,0.000000,0.000000,31.0490265,-103.5296478,5507.930,28.655,29500,6
"COREYMAY3",98,17116,0,9508105,585.280029,52.369999,-1.747985,-0.797314,-0.913797,71.341461,8.902439,689.573181,-1.323000,-0.294000,-1.666000,0.000000,0.000000,0.000000,31.0490265,-103.5296478,5507.930,28.655,29500,6
"COREYMAY3",98,15508,0,9508115,585.280029,52.369999,-1.777289,-0.835775,-0.923321,72.317070,8.719512,689.878052,-1.274000,-0.294000,-1.029000,0.000000,0.000000,0.000000,31.0490265,-103.5296478,5507.930,28.655,29500,6
"COREYMAY3",98,19838,0,9508125,585.280029,52.369999,-1.797192,-0.883028,-0.910379,72.378052,8.292683,691.280518,-1.029000,-0.637000,-1.617000,0.000000,0.000000,0.000000,31.0490265,-103.5296478,5507.930,28.655,29500,6
"COREYMAY3",98,55548,0,9508135,577.119995,52.369999,-1.706471,-0.925153,-0.943346,72.134148,7.378049,691.524414,-1.323000,-0.539000,-1.029000,0.000000,0.000000,0.000000,31.0490265,-103.5296478,5507.930,28.655,29500,6
"COREYMAY3",98,4094,0,9508145,577.119995,52.369999,-1.792918,-0.907937,-0.920513,72.256096,6.158536,691.280518,-1.323000,-0.343000,-1.764000,0.000000,0.000000,0.000000,31.0490265,-103.5296478,5507.930,28.655,29500,6
"COREYMAY3",98,24469,0,9508155,577.119995,52.369999,-1.738461,-1.002320,-0.910989,72.378052,5.304878,691.402466,-1.470000,-0.539000,-1.470000,0.000000,0.000000,0.000000,31.0490265,-103.5296478,5507.930,28.655,29500,6
"COREYMAY3",98,8734,0,9508165,577.119995,52.369999,-1.761539,-0.965568,-0.921245,72.500000,4.939024,692.378052,-1.470000,-0.539000,-1.470000,0.000000,0.000000,0.000000,31.0490265,-103.5296478,5507.930,28.655,29500,6
"COREYMAY3",98,50968,0,9508175,572.219971,52.360001,-1.837973,-1.033578,-0.938217,72.317070,4.085366,693.780518,-1.274000,-0.539000,-1.323000,0.000000,0.000000,0.000000,31.0490265,-103.5296478,5507.930,28.655,29500,6
"COREYMAY3",98,11756,0,9508185,572.219971,52.360001,-1.810501,-1.042125,-0.904884,71.463417,3.048780,695.853638,-1.470000,-0.196000,-1.470000,0.000000,0.000000,0.000000,31.0490265,-103.5296478,5507.930,28.655,29500,6
"COREYMAY3",98,47439,0,9508195,572.219971,52.360001,-1.859219,-1.051282,-0.919292,70.670731,2.256098,697.134155,-1.078000,-1.029000,-1.274000,0.000000,0.000000,0.000000,31.0490265,-103.5296478,5507.930,28.655,29500,6
"COREYMAY3",98,62243,0,9508205,572.219971,52.360001,-1.926374,-1.060928,-0.907448,69.329269,2.195122,698.353638,-1.715000,-0.784000,-1.029000,0.000000,0.000000,0.000000,31.0490265,-103.5296478,5507.930,28.655,29500,6
"COREYMAY3",98,9138,0,9508215,566.840027,52.360001,-1.867277,-1.035409,-0.915140,68.231705,1.707317,699.329285,-1.176000,-1.078000,-1.225000,0.000000,0.000000,0.000000,31.0490265,-103.5296478,5507.930,28.655,29500,6
"COREYMAY3",98,3977,0,9508225,566.840027,52.360001,-1.982173,-1.027106,-0.909402,67.987808,2.073171,699.329285,-1.127000,-0.833000,-1.225000,0.000000,0.000000,0.000000,31.0490265,-103.5296478,5507.930,28.655,29500,6
"COREYMAY3",98,50519,0,9508235,566.840027,52.360001,-2.026129,-1.012698,-0.930159,67.256096,2.682927,699.451233,-1.274000,-0.588000,-2.156000,0.000000,0.000000,0.000000,31.0490265,-103.5296478,5507.930,28.655,29500,6
"COREYMAY3",98,35218,0,9508245,566.840027,52.360001,-1.961294,-0.959585,-0.929670,66.829269,3.719512,699.329285,-1.470000,-0.588000,-0.882000,0.000000,0.000000,0.000000,31.0490265,-103.5296478,5507.930,28.655,29500,6
"COREYMAY3",98,64400,0,9508255,559.979980,52.360001,-2.021856,-1.003785,-0.906471,67.317070,5.000000,698.475586,-1.470000,-0.784000,-0.784000,0.000000,0.000000,0.000000,31.0490265,-103.5296478,5507.930,28.655,29500,6
"COREYMAY3",98,45476,0,9508265,559.979980,52.360001,-2.040781,-0.912332,-0.892674,66.646339,5.182927,697.439026,-1.813000,-0.931000,-0.686000,0.000000,0.000000,0.000000,31.0490265,-103.5296478,5507.930,28.655,29500,6
"COREYMAY3",98,7984,0,9508275,559.979980,52.360001,-2.005739,-0.936874,-0.911477,66.707314,6.036585,696.036560,-1.421000,-0.441000,-1.225000,0.000000,0.000000,0.000000,31.0490265,-103.5296478,5507.930,28.655,29500,6
"COREYMAY3",98,41149,0,9508285,559.979980,52.360001,-2.015995,-0.881685,-0.901709,66.768295,7.317073,694.573181,-1.372000,-0.980000,-1.323000,0.000000,0.000000,0.000000,31.0490265,-103.5296478,5507.930,28.655,29500,6
"COREYMAY3",98,39740,0,9508295,554.590027,52.360001,-1.969353,-0.861538,-0.893895,67.256096,7.865854,693.292664,-1.519000,-0.392000,-1.274000,0.000000,0.000000,0.000000,31.0490265,-103.5296478,5507.930,28.655,29500,6
"COREYMAY3",98,7061,0,9508305,554.590027,52.360001,-1.949084,-0.832357,-0.893040,68.414635,8.963414,690.792664,-1.372000,-0.441000,-1.176000,0.000000,0.000000,0.000000,31.0490265,-103.5296478,5507.930,28.655,29500,6
"COREYMAY3",98,10051,0,9508315,554.590027,52.360001,-1.897558,-0.805372,-0.881441,68.414635,9.756098,688.841492,-1.421000,-0.735000,-0.833000,0.000000,0.000000,0.000000,31.0490265,-103.5296478,5507.930,28.655,29500,6
"COREYMAY3",98,57197,0,9508325,554.590027,52.360001,-1.884005,-0.799512,-0.873993,68.231705,9.451220,687.012207,-1.666000,-0.539000,-1.225000,0.000000,0.000000,0.000000,31.0490265,-103.5296478,5507.930,28.655,29500,6
"COREYMAY3",98,44963,0,9508335,549.940002,52.349998,-1.846520,-0.803297,-0.875824,69.695122,9.756098,685.243896,-1.519000,-0.245000,-1.862000,0.000000,0.000000,0.000000,31.0490265,-103.5296478,5507.930,28.655,29500,6
"COREYMAY3",98,34260,0,9508345,549.940002,52.349998,-1.777900,-0.816972,-0.887057,71.402435,9.207317,684.024414,-1.176000,-0.490000,-1.225000,0.000000,0.000000,0.000000,31.0490265,-103.5296478,5507.930,28.655,29500,6
"COREYMAY3",98,14824,0,9508355,549.940002,52.349998,-1.777900,-0.816972,-0.887057,71.402435,9.207317,684.024414,-1.274000,-0.588000,-1.225000,0.000000,0.000000,0.000000,31.0490265,-103.5296478,5507.930,28.655,29500,6
"COREYMAY3",98,14435,0,9508365,549.940002,52.349998,-1.834066,-0.823932,-0.865324,72.439026,9.085366,683.048767,-1.470000,-0.196000,-1.568000,0.000000,0.000000,0.000000,31.0490265,-103.5296478,5507.930,28.655,29500,6
"COREYMAY3",98,19358,0,9508375,546.590027,52.349998,-1.784737,-0.850183,-0.868254,72.743904,8.658537,682.439026,-1.029000,-0.686000,-1.225000,0.000000,0.000000,0.000000,31.0490265,-103.5296478,5507.930,28.655,29500,6
"COREYMAY3",98,15183,0,9508385,546.590027,52.349998,-1.742002,-0.843834,-0.857021,73.475609,7.865854,682.012207,-1.372000,-0.637000,-1.274000,0.000000,0.000000,0.000000,31.0490265,-103.5296478,5507.930,28.655,29500,6
"COREYMAY3",98,13446,0,9508395,546.590027,52.349998,-1.794383,-0.886325,-0.867399,73.780487,7.439024,681.951233,-1.078000,-0.686000,-1.078000,0.000000,0.000000,0.000000,31.0490265,-103.5296478,5507.930,28.655,29500,6
"COREYMAY3",98,14562,0,9508405,546.590027,52.349998,-1.754945,-0.920147,-0.853602,74.146339,6.524390,682.012207,-1.127000,-0.735000,-1.323000,0.000000,0.000000,0.000000,31.0490265,-103.5296478,5507.930,28.655,29500,6
"COREYMAY3",98,53275,0,9508415,544.130005,52.349998,-1.816361,-0.912943,-0.873504,74.329269,5.914634,681.890259,-1.127000,-0.735000,-1.323000,0.000000,0.000000,0.000000,31.0490265,-103.5296478,5507.930,28.655,29500,6
"COREYMAY3",98,23001,0,9508425,544.130005,52.349998,-1.823443,-0.981319,-0.866789,73.780487,4.695122,682.134155,-1.078000,-0.833000,-1.617000,0.000000,0.000000,0.000000,31.0490265,-103.5296478,5507.930,28.655,29500,6
"COREYMAY3",98,22544,0,9508435,544.130005,52.349998,-1.749328,-0.926252,-0.887546,73.597565,3.292683,682.560974,-1.029000,-0.784000,-1.372000,0.000000,0.000000,0.000000,31.0490265,-103.5296478,5507.930,28.655,29500,6
"COREYMAY3",98,7356,0,9508445,544.130005,52.349998,-1.903052,-0.971795,-0.876557,73.475609,3.170732,682.804871,-1.323000,-0.147000,-1.519000,0.000000,0.000000,0.000000,31.0490265,-103.5296478,5507.930,28.655,29500,6
"COREYMAY3",98,22493,0,9508455,541.710022,52.340000,-1.880586,-1.004396,-0.882173,73.414635,2.987805,682.987793,-1.960000,-0.294000,-1.470000,0.000000,0.000000,0.000000,31.0490265,-103.5296478,5507.930,28.655,29500,6
"COREYMAY3",98,19652,0,9508465,541.710022,52.340000,-1.840537,-0.959829,-0.886447,72.743904,2.195122,682.865845,-0.931000,-0.588000,-1.078000,0.000000,0.000000,0.000000,31.0490265,-103.5296478,5507.930,28.655,29500,6
"COREYMAY3",98,8335,0,9508475,541.710022,52.340000,-1.996948,-1.033578,-0.862271,72.012192,2.134146,682.743896,-1.176000,-0.833000,-0.931000,0.000000,0.000000,0.000000,31.0490265,-103.5296478,5507.930,28.655,29500,6
"COREYMAY3",98,16608,0,9508485,541.710022,52.340000,-1.943712,-1.012454,-0.866056,70.914635,1.646341,682.743896,-1.568000,-1.078000,-1.225000,0.000000,0.000000,0.000000,31.0490265,-103.5296478,5507.930,28.655,29500,6
"COREYMAY3",98,11003,0,9508495,539.179993,52.340000,-1.992186,-0.970452,-0.885470,70.670731,1.646341,682.134155,-1.568000,-0.735000,-0.441000,0.000000,0.000000,0.000000,31.0490265,-103.5296478,5507.930,28.655,29500,6
"COREYMAY3",98,57244,0,9508505,539.179993,52.340000,-2.064103,-0.974603,-0.870452,69.878052,2.317073,681.646362,-1.617000,-0.441000,-1.225000,0.000000,0.000000,0.000000,31.0490265,-103.5296478,5507.930,28.655,29500,6
"COREYMAY3",98,37800,0,9508515,539.179993,52.340000,-1.948107,-0.917216,-0.866300,69.329269,3.170732,680.548767,-1.715000,-0.343000,-0.833000,0.000000,0.000000,0.000000,31.0490265,-103.5296478,5507.930,28.655,29500,6
"COREYMAY3",98,17951,0,9508525,539.179993,52.340000,-2.071184,-0.883272,-0.841636,68.414635,3.841463,678.719482,-1.568000,-0.147000,-1.372000,0.000000,0.000000,0.000000,31.0490265,-103.5296478,5507.930,28.655,29500,6
"COREYMAY3",98,51598,0,9508535,536.909973,52.340000,-1.970818,-0.890842,-0.853846,67.865852,4.573171,676.341492,-1.421000,-0.245000,-1.421000,0.000000,0.000000,0.000000,31.0490265,-103.5296478,5507.930,28.655,29500,6
"COREYMAY3",98,34572,0,9508545,536.909973,52.340000,-1.993651,-0.807814,-0.846642,68.231705,5.182927,674.512207,-1.225000,-0.588000,-1.176000,0.000000,0.000000,0.000000,31.0490265,-103.5296478,5507.930,28.655,29500,6
"COREYMAY3",98,19718,0,9508555,536.909973,52.340000,-1.998413,-0.848962,-0.846642,68.902435,6.341464,671.768311,-1.715000,-0.392000,-1.078000,0.000000,0.000000,0.000000,31.0490265,-103.5296478,5507.930,28.655,29500,6
"COREYMAY3",98,61686,0,9508565,536.909973,52.340000,-1.916606,-0.775092,-0.851160,69.756096,7.743902,668.475586,-1.421000,-0.539000,-0.980000,0.000000,0.000000,0.000000,31.0490265,-103.5296478,5507.930,28.655,29500,6
"COREYMAY3",98,23682,0,9508575,534.289978,52.330002,-1.981319,-0.844933,-0.834066,69.756096,8.292683,665.731689,-1.911000,-0.441000,-0.882000,0.000000,0.000000,0.000000,31.0490265,-103.5296478,5507.930,28.655,29500,6
"COREYMAY3",98,23620,0,9508585,534.289978,52.330002,-1.917827,-0.747741,-0.835653,69.634148,8.414634,663.292664,-1.568000,-0.441000,-1.176000,0.000000,0.000000,0.000000,31.0491810,-103.5298080,5872.130,28.655,29500,8
"COREYMAY3",98,14746,0,9508595,534.289978,52.330002,-1.835775,-0.760806,-0.814164,70.548782,9.146341,660.670715,-1.568000,-0.588000,-0.784000,0.000000,0.000000,0.000000,31.0491810,-103.5298080,5872.130,28.655,29500,8
"COREYMAY3",98,55975,0,9508605,534.289978,52.330002,-1.849695,-0.767155,-0.832112,71.280487,9.146341,658.719482,-1.323000,-0.245000,-1.029000,0.000000,0.000000,0.000000,31.0491810,-103.5298080,5872.130,21.761,31339,8
"COREYMAY3",98,24509,0,9508615,531.669983,52.330002,-1.783639,-0.776435,-0.832601,71.646339,9.085366,657.134155,-1.127000,-0.833000,-0.784000,0.000000,0.000000,0.000000,31.0491810,-103.5298080,5872.130,21.761,31339,8
"COREYMAY3",98,9887,0,9508625,531.669983,52.330002,-1.775946,-0.785348,-0.834799,72.134148,8.963414,655.975586,-1.274000,-0.392000,-1.323000,0.000000,0.000000,0.000000,31.0491810,-103.5298080,5872.130,21.761,31339,8
"COREYMAY3",98,31415,0,9508635,531.669983,52.330002,-1.758242,-0.812210,-0.837729,72.560974,8.353659,655.182922,-1.029000,-0.539000,-1.421000,0.000000,0.000000,0.000000,31.0491810,-103.5298080,5872.130,21.761,31339,8
"COREYMAY3",98,34301,0,9508645,531.669983,52.330002,-1.718193,-0.835409,-0.829426,73.048782,7.987805,654.573181,-1.176000,-0.392000,-1.078000,0.000000,0.000000,0.000000,31.0491810,-103.5298080,5872.130,21.761,31339,8
"COREYMAY3",98,8542,0,9508655,530.119995,52.330002,-1.713919,-0.871306,-0.826007,73.536583,7.195122,654.390259,-1.176000,-0.392000,-1.078000,0.000000,0.000000,0.000000,31.0491810,-103.5298080,5872.130,21.761,31339,8
"COREYMAY3",98,15190,0,9508665,530.119995,52.330002,-1.738217,-0.883516,-0.827717,73.597565,6.646341,654.390259,-1.078000,-0.784000,-1.127000,0.000000,0.000000,0.000000,31.0491810,-103.5298080,5872.130,21.761,31339,8
"COREYMAY3",98,30689,0,9508675,530.119995,52.330002,-1.742125,-0.882540,-0.827839,73.475609,5.609756,654.817078,-1.225000,-0.490000,-0.882000,0.000000,0.000000,0.000000,31.0491810,-103.5298080,5872.130,21.761,31339,8
"COREYMAY3",98,25097,0,9508685,530.119995,52.330002,-1.712210,-0.934310,-0.815140,73.841461,4.756098,654.634155,-1.274000,-0.588000,-1.323000,0.000000,0.000000,0.000000,31.0491810,-103.5298080,5872.130,21.761,31339,8
"COREYMAY3",98,6038,0,9508695,529.090027,52.330002,-1.872894,-0.983516,-0.845788,73.475609,3.597561,655.060974,-1.519000,-0.931000,-0.637000,0.000000,0.000000,0.000000,31.0491810,-103.5298080,5872.130,21.761,31339,8
"COREYMAY3",98,19678,0,9508705,529.090027,52.330002,-1.956776,-1.006227,-0.843956,73.231705,3.414634,655.304871,-1.176000,-0.980000,-1.666000,0.000000,0.000000,0.000000,31.0491810,-103.5298080,5872.130,21.761,31339,8
"COREYMAY3",98,50847,0,9508715,529.090027,52.330002,-1.869841,-1.014774,-0.844444,72.621948,3.597561,655.365845,-1.519000,-0.196000,-1.617000,0.000000,0.000000,0.000000,31.0491810,-103.5298080,5872.130,21.761,31339,8
"COREYMAY3",98,59300,0,9508725,529.090027,52.330002,-2.027961,-1.005983,-0.825275,71.707314,3.719512,655.182922,-1.764000,-0.784000,-1.029000,0.000000,0.000000,0.000000,31.0491810,-103.5298080,5872.130,21.761,31339,8
"COREYMAY3",98,36688,0,9508735,528.440002,52.320000,-1.956776,-1.001221,-0.826862,70.548782,3.719512,654.817078,-1.029000,-0.539000,-1.470000,0.000000,0.000000,0.000000,31.0491810,-103.5298080,5872.130,21.761,31339,8
"COREYMAY3",98,19743,0,9508745,528.440002,52.320000,-1.949206,-0.962882,-0.821001,69.817070,3.902439,654.207336,-1.617000,-0.637000,-1.519000,0.000000,0.000000,0.000000,31.0491810,-103.5298080,5872.130,21.761,31339,8
"COREYMAY3",98,33215,0,9508755,528.440002,52.320000,-2.074603,-0.968254,-0.825519,69.451218,4.329268,652.987793,-1.519000,-0.147000,-1.666000,0.000000,0.000000,0.000000,31.0491810,-103.5298080,5872.130,21.761,31339,8
"COREYMAY3",98,21494,0,9508765,528.440002,52.320000,-1.922588,-0.880098,-0.814896,69.512192,4.756098,650.975586,-1.666000,-0.637000,-0.833000,0.000000,0.000000,0.000000,31.0491810,-103.5298080,5872.130,21.761,31339,8
"COREYMAY3",98,22617,0,9508775,527.530029,52.320000,-2.022588,-0.840537,-0.812454,69.085365,5.609756,648.902466,-1.666000,-0.686000,-1.176000,0.000000,0.000000,0.000000,31.0491810,-103.5298080,5872.130,21.761,31339,8
"COREYMAY3",98,60447,0,9508785,527.530029,52.320000,-1.967643,-0.841880,-0.811111,68.780487,6.890244,646.341492,-1.715000,-0.245000,-0.980000,0.000000,0.000000,0.000000,31.0491810,-103.5298080,5872.130,21.761,31339,8
"COREYMAY3",98,21872,0,9508795,527.530029,52.320000,-1.892186,-0.817216,-0.802808,69.268295,8.048780,643.109741,-1.666000,-0.245000,-1.372000,0.000000,0.000000,0.000000,31.0491810,-103.5298080,5872.130,21.761,31339,8
"COREYMAY3",98,24662,0,9508805,527.530029,52.320000,-1.992064,-0.822955,-0.791087,69.634148,8.353659,640.000000,-1.421000,-0.686000,-1.372000,0.000000,0.000000,0.000000,31.0491810,-103.5298080,5872.130,21.761,31339,8
"COREYMAY3",98,31302,0,9508815,526.440002,52.320000,-1.821856,-0.814164,-0.800855,69.878052,8.963414,637.378052,-1.421000,-0.294000,-1.421000,0.000000,0.000000,0.000000,31.0491810,-103.5298080,5872.130,21.761,31339,8
"COREYMAY3",98,33623,0,9508825,526.440002,52.320000,-1.877289,-0.769597,-0.807204,69.634148,9.451220,635.365845,-1.666000,-0.098000,-1.176000,0.000000,0.000000,0.000000,31.0491810,-103.5298080,5872.130,21.761,31339,8
"COREYMAY3",98,40324,0,9508835,526.440002,52.320000,-1.924664,-0.847497,-0.791209,70.304878,9.695122,633.658508,-1.764000,-0.294000,-1.372000,0.000000,0.000000,0.000000,31.0491810,-103.5298080,5872.130,21.761,31339,8
"COREYMAY3",98,4873,0,9508845,526.440002,52.320000,-1.822833,-0.791209,-0.816117,71.158539,9.573171,631.951233,-1.372000,-0.441000,-0.980000,0.000000,0.000000,0.000000,31.0491810,-103.5298080,5872.130,21.761,31339,8
"COREYMAY3",98,42261,0,9508855,525.330017,52.310001,-1.915140,-0.835043,-0.769109,72.012192,10.121951,629.817078,-1.323000,-0.294000,-1.225000,0.000000,0.000000,0.000000,31.0491810,-103.5298080,5872.130,21.761,31339,8
"COREYMAY3",98,58851,0,9508865,525.330017,52.310001,-1.829060,-0.781441,-0.795360,72.317070,10.243902,628.048767,-1.225000,-0.245000,-1.519000,0.000000,0.000000,0.000000,31.0491810,-103.5298080,5872.130,21.761,31339,8
"COREYMAY3",98,23966,0,9508875,525.330017,52.310001,-1.812821,-0.819414,-0.786813,72.500000,10.304878,626.402466,-1.274000,-0.294000,-1.764000,0.000000,0.000000,0.000000,31.0491810,-103.5298080,5872.130,21.761,31339,8
"COREYMAY3",98,2665,0,9508885,525.330017,52.310001,-1.782295,-0.802198,-0.776435,73.170731,10.182927,625.182922,-1.078000,-0.441000,-1.323000,0.000000,0.000000,0.000000,31.0491810,-103.5298080,5872.130,21.761,31339,8
"COREYMAY3",98,55200,0,9508895,524.349976,52.310001,-1.733577,-0.811844,-0.777167,73.597565,9.878049,624.573181,-1.372000,-0.539000,-1.372000,0.000000,0.000000,0.000000,31.0491810,-103.5298080,5872.130,21.761,31339,8
"COREYMAY3",98,20311,0,9508905,524.349976,52.310001,-1.812576,-0.802564,-0.767521,73.719513,9.207317,623.658508,-1.372000,-0.539000,-1.372000,0.000000,0.000000,0.000000,31.0491810,-103.5298080,5872.130,21.761,31339,8
"COREYMAY3",98,33392,0,9508915,524.349976,52.310001,-1.768010,-0.838339,-0.778266,73.963417,8.780488,622.804871,-1.372000,-0.490000,-1.029000,0.000000,0.000000,0.000000,31.0491810,-103.5298080,5872.130,21.761,31339,8
"COREYMAY3",98,60679,0,9508925,524.349976,52.310001,-1.779365,-0.841514,-0.789988,74.573174,8.231708,621.951233,-0.833000,-0.735000,-0.833000,0.000000,0.000000,0.000000,31.0491810,-103.5298080,5872.130,21.761,31339,8
"COREYMAY3",98,52681,0,9508935,523.349976,52.310001,-1.820147,-0.887179,-0.769841,74.329269,7.804878,621.158508,-1.078000,-0.784000,-1.225000,0.000000,0.000000,0.000000,31.0491810,-103.5298080,5872.130,21.761,31339,8
"COREYMAY3",98,57127,0,9508945,523.349976,52.310001,-1.751282,-0.847985,-0.783883,74.268295,7.195122,620.548767,-1.225000,-0.392000,-1.274000,0.000000,0.000000,0.000000,31.0491810,-103.5298080,5872.130,21.761,31339,8
"COREYMAY3",98,38217,0,9508955,523.349976,52.310001,-1.847375,-0.888767,-0.773993,74.573174,7.134146,620.060974,-1.470000,-0.588000,-1.666000,0.000000,0.000000,0.000000,31.0491810,-103.5298080,5872.130,21.761,31339,8
"COREYMAY3",98,23559,0,9508965,523.349976,52.310001,-1.861416,-0.890965,-0.770085,73.536583,6.463415,619.512207,-1.274000,-0.049000,-2.254000,0.000000,0.000000,0.000000,31.0491810,-103.5298080,5872.130,21.761,31339,8
"COREYMAY3",98,29598,0,9508975,522.590027,52.299999,-1.753602,-0.879731,-0.784371,73.353661,6.036585,618.841492,-1.960000,-0.392000,-1.176000,0.000000,0.000000,0.000000,31.0491810,-103.5298080,5872.130,21.761,31339,8
"COREYMAY3",98,32117,0,9508985,522.590027,52.299999,-1.906960,-0.918803,-0.772161,73.475609,5.731707,618.231689,-1.372000,-0.735000,-0.784000,0.000000,0.000000,0.000000,31.0491810,-103.5298080,5872.130,21.761,31339,8
"COREYMAY3",98,18899,0,9508995,522.590027,52.299999,-1.877167,-0.942125,-0.772161,73.109756,5.487805,617.439026,-1.715000,-0.294000,-1.078000,0.000000,0.000000,0.000000,31.0491810,-103.5298080,5872.130,21.761,31339,8
"COREYMAY3",98,38381,0,9509005,522.590027,52.299999,-1.844689,-0.872405,-0.785104,72.926826,5.548780,616.524414,-1.617000,-0.588000,-0.882000,0.000000,0.000000,0.000000,31.0491810,-103.5298080,5872.130,21.761,31339,8
"COREYMAY3",98,61812,0,9509015,521.830017,52.299999,-1.937485,-0.858730,-0.784005,72.500000,6.036585,615.243896,-0.931000,-0.392000,-1.078000,0.000000,0.000000,0.000000,31.0491810,-103.5298080,5872.130,21.761,31339,8
"COREYMAY3",98,9734,0,9509025,521.830017,52.299999,-1.761539,-0.829792,-0.773382,71.707314,5.853659,613.963440,-1.372000,-0.588000,-1.127000,0.000000,0.000000,0.000000,31.0491810,-103.5298080,5872.130,21.761,31339,8
"COREYMAY3",98,18438,0,9509035,521.830017,52.299999,-1.726374,-0.842369,-0.754335,71.097565,6.219512,612.865845,-1.470000,-0.588000,-1.176000,0.000000,0.000000,0.000000,31.0491810,-103.5298080,5872.130,21.761,31339,8
"COREYMAY3",98,21346,0,9509045,521.830017,52.299999,-1.814774,-0.878632,-0.751770,70.731705,5.914634,612.317078,-1.274000,-0.539000,-1.421000,0.000000,0.000000,0.000000,31.0491810,-103.5298080,5872.130,21.761,31339,8
"COREYMAY3",98,4432,0,9509055,520.799988,52.299999,-1.732357,-0.837241,-0.763004,70.731705,5.365854,611.768311,-1.225000,-0.392000,-1.176000,0.000000,0.000000,0.000000,31.0491810,-103.5298080,5872.130,21.761,31339,8
"COREYMAY3",98,65244,0,9509065,520.799988,52.299999,-1.841880,-0.849573,-0.753602,70.548782,5.243902,611.036560,-1.176000,-0.490000,-1.078000,0.000000,0.000000,0.000000,31.0491810,-103.5298080,5872.130,21.761,31339,8
"COREYMAY3",98,56904,0,9509075,520.799988,52.299999,-1.818071,-0.860440,-0.753724,70.487808,5.487805,609.817078,-1.666000,-0.245000,-1.078000,0.000000,0.000000,0.000000,31.0491810,-103.5298080,5872.130,21.761,31339,8
"COREYMAY3",98,35272,0,9509085,520.799988,52.299999,-1.795604,-0.797070,-0.764103,69.878052,4.939024,608.597534,-1.372000,-0.686000,-1.617000,0.000000,0.000000,0.000000,31.0491810,-103.5298080,5872.130,21.761,31339,8
"COREYMAY3",98,10390,0,9509095,520.090027,52.299999,-1.950672,-0.823199,-0.767399,69.634148,5.121951,607.134155,-1.519000,-0.637000,-1.127000,0.000000,0.000000,0.000000,31.0491810,-103.5298080,5872.130,21.761,31339,8
"COREYMAY3",98,56985,0,9509105,520.090027,52.299999,-1.800855,-0.834921,-0.754701,70.182930,6.036585,605.121948,-1.372000,-0.539000,-1.176000,0.000000,0.000000,0.000000,31.0491810,-103.5298080,5872.130,21.761,31339,8
"COREYMAY3",98,50350,0,9509115,520.090027,52.299999,-1.878510,-0.792063,-0.747985,70.426826,6.707317,603.109741,-1.225000,-0.490000,-0.931000,0.000000,0.000000,0.000000,31.0491810,-103.5298080,5872.130,21.761,31339,8
"COREYMAY3",98,2289,0,9509125,520.090027,52.299999,-1.931624,-0.902442,-0.753724,69.878052,6.890244,600.914612,-1.029000,-0.343000,-1.323000,0.000000,0.000000,0.000000,31.0491810,-103.5298080,5872.130,21.761,31339,8
"COREYMAY3",98,6608,0,9509135,519.299988,52.299999,-1.849328,-0.779976,-0.758486,69.817070,6.951220,598.414612,-1.715000,-0.049000,-1.470000,0.000000,0.000000,0.000000,31.0491810,-103.5298080,5872.130,21.761,31339,8
"COREYMAY3",98,18393,0,9509145,519.299988,52.299999,-1.967888,-0.824542,-0.763614,69.878052,7.439024,595.792664,-1.274000,-0.637000,-1.078000,0.000000,0.000000,0.000000,31.0491810,-103.5298080,5872.130,21.761,31339,8
"COREYMAY3",98,7020,0,9509155,519.299988,52.299999,-1.815873,-0.761294,-0.750183,69.939026,8.475610,593.231689,-1.274000,-0.637000,-1.078000,0.000000,0.000000,0.000000,31.0491810,-103.5298080,5872.130,21.761,31339,8
"COREYMAY3",98,27925,0,9509165,519.299988,52.299999,-1.846276,-0.811477,-0.720879,70.121948,9.146341,590.304871,-1.470000,-0.588000,-1.029000,0.000000,0.000000,0.000000,31.0491810,-103.5298080,5872.130,21.761,31339,8
"COREYMAY3",98,11632,0,9509175,518.479980,52.299999,-1.901709,-0.802320,-0.726984,70.243904,9.695122,587.621948,-1.274000,-0.490000,-1.421000,0.000000,0.000000,0.000000,31.0491810,-103.5298080,5872.130,21.761,31339,8
"COREYMAY3",98,14530,0,9509185,518.479980,52.299999,-1.767766,-0.786203,-0.746032,70.853661,9.695122,585.182922,-1.225000,-0.441000,-0.980000,0.000000,0.000000,0.000000,31.0491810,-103.5298080,5872.130,21.761,31339,8
"COREYMAY3",98,5857,0,9509195,518.479980,52.299999,-1.972405,-0.782540,-0.748107,70.853661,10.548780,583.048767,-1.225000,-0.686000,-1.029000,0.000000,0.000000,0.000000,31.0491810,-103.5298080,5872.130,21.761,31339,8
"COREYMAY3",98,4651,0,9509205,518.479980,52.299999,-1.829548,-0.813919,-0.752259,71.280487,10.853659,580.609741,-0.882000,-0.833000,-0.392000,0.000000,0.000000,0.000000,31.0491810,-103.5298080,5872.130,21.761,31339,8
"COREYMAY3",98,56349,0,9509215,517.789978,52.299999,-1.826129,-0.703541,-0.753602,71.524391,11.402439,578.536560,-1.470000,-0.392000,-1.029000,0.000000,0.000000,0.000000,31.0491810,-103.5298080,5872.130,21.761,31339,8
"COREYMAY3",98,49595,0,9509225,517.789978,52.299999,-1.959585,-0.841880,-0.733089,72.256096,11.768292,576.097534,-1.421000,-0.441000,-1.274000,0.000000,0.000000,0.000000,31.0491810,-103.5298080,5872.130,21.761,31339,8
"COREYMAY3",98,50397,0,9509235,517.789978,52.299999,-1.771917,-0.753358,-0.746276,72.560974,11.829268,573.841492,-1.176000,-0.686000,-0.735000,0.000000,0.000000,0.000000,31.0491810,-103.5298080,5872.130,21.761,31339,8
"COREYMAY3",98,16207,0,9509245,517.789978,52.299999,-1.803175,-0.819902,-0.740415,72.743904,12.682927,572.012207,-1.078000,-0.637000,-1.176000,0.000000,0.000000,0.000000,31.0491810,-103.5298080,5872.130,21.761,31339,8
"COREYMAY3",98,17766,0,9509255,516.809998,52.299999,-1.741758,-0.811966,-0.739194,73.414635,13.048780,570.975586,-1.323000,-0.343000,-1.274000,0.000000,0.000000,0.000000,31.0491810,-103.5298080,5872.130,21.761,31339,8
"COREYMAY3",98,55619,0,9509265,516.809998,52.299999,-1.665201,-0.814286,-0.740415,74.207314,12.804878,570.548767,-1.127000,-0.882000,-0.882000,0.000000,0.000000,0.000000,31.0491810,-103.5298080,5872.130,21.761,31339,8
"COREYMAY3",98,41562,0,9509275,516.809998,52.299999,-1.815385,-0.873993,-0.737485,74.573174,12.500000,570.853638,-0.980000,-0.539000,-0.931000,0.000000,0.000000,0.000000,31.0491810,-103.5298080,5872.130,21.761,31339,8
"COREYMAY3",98,38067,0,9509285,516.809998,52.299999,-1.707692,-0.894628,-0.740537,74.512192,11.707317,571.402466,-1.078000,-0.637000,-0.392000,0.000000,0.000000,0.000000,31.0491810,-103.5298080,5872.130,21.761,31339,8
"COREYMAY3",98,7363,0,9509295,515.770020,52.299999,-1.744444,-0.905739,-0.757998,74.756096,11.158537,571.829285,-1.372000,-0.539000,-1.274000,0.000000,0.000000,0.000000,31.0491810,-103.5298080,5872.130,21.761,31339,8
"COREYMAY3",98,10870,0,9509305,515.770020,52.299999,-1.819780,-0.978999,-0.743468,74.390244,10.975610,572.621948,-1.078000,-0.539000,-1.176000,0.000000,0.000000,0.000000,31.0491810,-103.5298080,5872.130,21.761,31339,8
"COREYMAY3",98,23377,0,9509315,515.770020,52.299999,-1.736019,-0.975336,-0.757143,74.329269,10.304878,573.658508,-1.274000,-0.294000,-0.784000,0.000000,0.000000,0.000000,31.0491810,-103.5298080,5872.130,21.761,31339,8
"COREYMAY3",98,44834,0,9509325,515.770020,52.299999,-1.839438,-1.016361,-0.740781,74.146339,10.121951,574.756104,-1.666000,-0.637000,-1.225000,0.000000,0.000000,0.000000,31.0491810,-103.5298080,5872.130,21.761,31339,8
"COREYMAY3",98,49755,0,9509335,515.190002,52.290001,-1.824908,-1.034554,-0.724908,73.719513,9.207317,576.524414,-1.470000,-0.490000,-1.274000,0.000000,0.000000,0.000000,31.0491810,-103.5298080,5872.130,21.761,31339,8
"COREYMAY3",98,41225,0,9509345,515.190002,52.290001,-1.804518,-1.033089,-0.711844,73.292686,8.719512,578.048767,-1.568000,-0.784000,-1.421000,0.000000,0.000000,0.000000,31.0491810,-103.5298080,5872.130,21.761,31339,8
"COREYMAY3",98,25014,0,9509355,515.190002,52.290001,-1.930281,-1.061661,-0.730403,73.231705,8.231708,579.146362,-1.323000,-0.833000,-0.980000,0.000000,0.000000,0.000000,31.0491810,-103.5298080,5872.130,21.761,31339,8
"COREYMAY3",98,45940,0,9509365,515.190002,52.290001,-1.906838,-1.052503,-0.742002,72.560974,8.170732,580.121948,-1.617000,-0.931000,-0.931000,0.000000,0.000000,0.000000,31.0491810,-103.5298080,5872.130,21.761,31339,8
"COREYMAY3",98,12019,0,9509375,514.429993,52.290001,-1.930525,-1.012210,-0.733578,71.768295,8.658537,581.097534,-1.176000,-0.931000,-1.078000,0.000000,0.000000,0.000000,31.0491810,-103.5298080,5872.130,21.761,31339,8
"COREYMAY3",98,30370,0,9509385,514.429993,52.290001,-2.004396,-1.042491,-0.729304,70.670731,8.841463,582.012207,-1.176000,-0.980000,-0.833000,0.000000,0.000000,0.000000,31.0491810,-103.5298080,5872.130,21.761,31339,8
"COREYMAY3",98,21229,0,9509395,514.429993,52.290001,-1.947008,-1.017704,-0.729426,70.365852,8.658537,582.256104,-1.176000,-0.980000,-0.833000,0.000000,0.000000,0.000000,31.0491810,-103.5298080,5872.130,21.761,31339,8
"COREYMAY3",98,24204,0,9509405,514.429993,52.290001,-2.013309,-1.011111,-0.734432,70.487808,9.329268,582.012207,-1.176000,-0.931000,-1.274000,0.000000,0.000000,0.000000,31.0491810,-103.5298080,5872.130,21.761,31339,8
"COREYMAY3",98,12001,0,9509415,513.849976,52.290001,-2.012576,-1.006349,-0.728205,70.304878,10.182927,581.463440,-1.519000,-0.784000,-1.421000,0.000000,0.000000,0.000000,31.0491810,-103.5298080,5872.130,21.761,31339,8
"COREYMAY3",98,17657,0,9509425,513.849976,52.290001,-1.999145,-0.970330,-0.733089,70.304878,10.548780,580.609741,-1.960000,-0.637000,-1.127000,0.000000,0.000000,0.000000,31.0491810,-103.5298080,5872.130,21.761,31339,8
"COREYMAY3",98,19978,0,9509435,513.849976,52.290001,-2.062393,-0.971917,-0.716117,70.182930,11.646341,579.451233,-1.617000,-0.490000,-1.029000,0.000000,0.000000,0.000000,31.0491810,-103.5298080,5872.130,21.761,31339,8
"COREYMAY3",98,52476,0,9509445,513.849976,52.290001,-1.997680,-0.950427,-0.712576,70.121948,12.500000,577.865845,-1.617000,-0.588000,-1.127000,0.000000,0.000000,0.000000,31.0491810,-103.5298080,5872.130,21.761,31339,8
"COREYMAY3",98,11139,0,9509455,513.229980,52.290001,-2.049451,-0.926129,-0.713797,70.365852,13.109756,576.097534,-1.421000,-0.735000,-1.176000,0.000000,0.000000,0.000000,31.0491810,-103.5298080,5872.130,21.761,31339,8
"COREYMAY3",98,57508,0,9509465,513.229980,52.290001,-1.996459,-0.933089,-0.700366,70.670731,14.085366,574.207336,-1.519000,-1.127000,-0.686000,0.000000,0.000000,0.000000,31.0491810,-103.5298080,5872.130,21.761,31339,8
"COREYMAY3",98,3883,0,9509475,513.229980,52.290001,-1.962759,-0.909158,-0.702564,71.097565,14.756098,572.560974,-1.960000,-0.245000,-1.274000,0.000000,0.000000,0.000000,31.0491810,-103.5298080,5872.130,21.761,31339,8
"COREYMAY3",98,29013,0,9509485,513.229980,52.290001,-2.025397,-0.907570,-0.696825,71.524391,15.670732,570.548767,-1.666000,-0.735000,-0.588000,0.000000,0.000000,0.000000,31.0491810,-103.5298080,5872.130,21.761,31339,8
"COREYMAY3",98,2946,0,9509495,512.200012,52.290001,-1.881807,-0.906716,-0.696093,72.439026,16.280487,568.414612,-1.127000,-0.784000,-0.931000,0.000000,0.000000,0.000000,31.0491810,-103.5298080,5872.130,21.761,31339,8
"COREYMAY3",98,20103,0,9509505,512.200012,52.290001,-1.968010,-0.872039,-0.702320,72.743904,16.524391,566.646362,-1.176000,-0.784000,-1.421000,0.000000,0.000000,0.000000,31.0491810,-103.5298080,5872.130,21.761,31339,8
"COREYMAY3",98,30461,0,9509515,512.200012,52.290001,-1.925885,-0.904640,-0.700244,73.414635,16.890244,565.365845,-1.323000,-0.588000,-1.078000,0.000000,0.000000,0.000000,31.0491810,-103.5298080,5872.130,21.761,31339,8
"COREYMAY3",98,37471,0,9509525,512.200012,52.290001,-1.827228,-0.864591,-0.697192,74.329269,17.317074,563.902466,-1.127000,-0.588000,-1.323000,0.000000,0.000000,0.000000,31.0491810,-103.5298080,5872.130,21.761,31339,8
"COREYMAY3",98,11490,0,9509535,511.200012,52.290001,-1.921123,-0.926129,-0.696703,75.121948,17.439024,562.560974,-1.372000,-0.784000,-1.323000,0.000000,0.000000,0.000000,31.0491810,-103.5298080,5872.130,21.761,31339,8
"COREYMAY3",98,3433,0,9509545,511.200012,52.290001,-1.805495,-0.915629,-0.715018,75.609756,17.012196,561.585388,-1.372000,-0.294000,-1.421000,0.000000,0.000000,0.000000,31.0491810,-103.5298080,5872.130,21.761,31339,8
"COREYMAY3",98,34732,0,9509555,511.200012,52.290001,-1.800855,-0.932601,-0.698291,76.402435,17.195122,561.280518,-0.931000,-1.127000,-0.686000,0.000000,0.000000,0.000000,31.0491810,-103.5298080,5872.130,21.761,31339,8
"COREYMAY3",98,53918,0,9509565,511.200012,52.290001,-1.853724,-0.962393,-0.702808,76.463417,16.890244,561.890259,-0.686000,-0.637000,-1.617000,0.000000,0.000000,0.000000,31.0491810,-103.5298080,5872.130,21.761,31339,8
"COREYMAY3",98,4284,0,9509575,510.250000,52.290001,-1.771795,-0.979731,-0.696948,76.707314,15.670732,562.743896,-1.519000,-0.637000,-1.225000,0.000000,0.000000,0.000000,31.0494137,-103.5298691,6181.020,21.761,31339,8
"COREYMAY3",98,35153,0,9509585,510.250000,52.290001,-1.858852,-0.994872,-0.702442,77.134148,14.939024,563.780518,-1.470000,-0.294000,-0.735000,0.000000,0.000000,0.000000,31.0494137,-103.5298691,6181.020,21.761,31339,8
"COREYMAY3",98,25386,0,9509595,510.250000,52.290001,-1.837851,-1.008059,-0.701465,77.378052,14.573171,564.573181,-1.372000,-0.392000,-1.421000,0.000000,0.000000,0.000000,31.0494137,-103.5298691,6181.020,21.761,31339,8
"COREYMAY3",98,6870,0,9509605,510.250000,52.290001,-1.816972,-1.022466,-0.690232,77.500000,13.597561,565.609741,-1.568000,-0.833000,-0.294000,0.000000,0.000000,0.000000,31.0494137,-103.5298691,6181.020,23.613,30480,8
"COREYMAY3",98,53215,0,9509615,509.540009,52.290001,-1.900733,-1.051160,-0.685959,77.804878,13.109756,566.890259,-1.470000,-1.323000,-0.343000,0.000000,0.000000,0.000000,31.0494137,-103.5298691,6181.020,23.613,30480,8
"COREYMAY3",98,50586,0,9509625,509.540009,52.290001,-1.862271,-1.053724,-0.691453,77.256096,12.134147,568.414612,-1.274000,-0.784000,-1.274000,0.000000,0.000000,0.000000,31.0494137,-103.5298691,6181.020,23.613,30480,8
"COREYMAY3",98,53976,0,9509635,509.540009,52.290001,-1.898291,-1.069475,-0.693162,77.012192,12.012196,569.878052,-1.470000,-0.833000,-1.519000,0.000000,0.000000,0.000000,31.0494137,-103.5298691,6181.020,23.613,30480,8
"COREYMAY3",98,56967,0,9509645,509.540009,52.290001,-1.906227,-1.104396,-0.674359,76.524391,11.707317,571.829285,-1.470000,-0.833000,-1.519000,0.000000,0.000000,0.000000,31.0494137,-103.5298691,6181.020,23.613,30480,8
"COREYMAY3",98,54427,0,9509655,508.760010,52.290001,-1.878999,-1.091941,-0.677167,76.219513,10.121951,573.658508,-1.519000,-0.735000,-0.784000,0.000000,0.000000,0.000000,31.0494137,-103.5298691,6181.020,23.613,30480,8
"COREYMAY3",98,30029,0,9509665,508.760010,52.290001,-1.989866,-1.128571,-0.682662,75.243904,9.451220,575.487793,-1.813000,-0.490000,-1.372000,0.000000,0.000000,0.000000,31.0494137,-103.5298691,6181.020,23.613,30480,8
"COREYMAY3",98,18918,0,9509675,508.760010,52.290001,-1.993284,-1.129426,-0.712576,75.121948,9.146341,576.890259,-1.666000,-0.931000,-0.882000,0.000000,0.000000,0.000000,31.0494137,-103.5298691,6181.020,23.613,30480,8
"COREYMAY3",98,31336,0,9509685,508.760010,52.290001,-2.034799,-1.131990,-0.691453,74.634148,9.207317,578.414612,-1.862000,-0.735000,-0.833000,0.000000,0.000000,0.000000,31.0494137,-103.5298691,6181.020,23.613,30480,8
"COREYMAY3",98,44330,0,9509695,508.320007,52.290001,-2.103297,-1.140659,-0.692918,74.146339,9.390244,580.060974,-1.470000,-0.637000,-1.372000,0.000000,0.000000,0.000000,31.0494137,-103.5298691,6181.020,23.613,30480,8
"COREYMAY3",98,7262,0,9509705,508.320007,52.290001,-2.114652,-1.101099,-0.686691,73.658539,9.329268,581.707336,-1.568000,-0.784000,-1.323000,0.000000,0.000000,0.000000,31.0494137,-103.5298691,6181.020,23.613,30480,8
"COREYMAY3",98,4689,0,9509715,508.320007,52.290001,-2.150305,-1.106593,-0.662882,73.231705,9.634147,582.926819,-1.519000,-0.637000,-1.274000,0.000000,0.000000,0.000000,31.0494137,-103.5298691,6181.020,23.613,30480,8
"COREYMAY3",98,49034,0,9509725,508.320007,52.290001,-2.166789,-1.056777,-0.671673,73.292686,10.000000,583.658508,-1.666000,-0.686000,-0.980000,0.000000,0.000000,0.000000,31.0494137,-103.5298691,6181.020,23.613,30480,8
"COREYMAY3",98,61641,0,9509735,508.160004,52.290001,-2.212821,-1.055556,-0.677167,73.475609,10.792683,584.024414,-1.813000,-0.490000,-0.686000,0.000000,0.000000,0.000000,31.0494137,-103.5298691,6181.020,23.613,30480,8
"COREYMAY3",98,47834,0,9509745,508.160004,52.290001,-2.217460,-1.006716,-0.652869,73.231705,11.585366,584.024414,-1.568000,-0.588000,-0.980000,0.000000,0.000000,0.000000,31.0494137,-103.5298691,6181.020,23.613,30480,8
"COREYMAY3",98,33241,0,9509755,508.160004,52.290001,-2.236630,-0.979243,-0.654823,73.536583,13.048780,583.597534,-1.764000,-0.490000,-1.421000,0.000000,0.000000,0.000000,31.0494137,-103.5298691,6181.020,23.613,30480,8
"COREYMAY3",98,24723,0,9509765,508.160004,52.290001,-2.228205,-0.944322,-0.641880,73.963417,13.658537,582.743896,-1.911000,-0.490000,-0.882000,0.000000,0.000000,0.000000,31.0494137,-103.5298691,6181.020,23.613,30480,8
"COREYMAY3",98,57034,0,9509775,507.880005,52.290001,-2.225153,-0.939194,-0.629792,74.817070,14.756098,581.280518,-1.715000,-0.441000,-1.176000,0.000000,0.000000,0.000000,31.0494137,-103.5298691,6181.020,23.613,30480,8
"COREYMAY3",98,61068,0,9509785,507.880005,52.290001,-2.227106,-0.908547,-0.636874,75.548782,15.853659,579.451233,-1.666000,-0.735000,-0.490000,0.000000,0.000000,0.000000,31.0494137,-103.5298691,6181.020,23.613,30480,8
"COREYMAY3",98,64017,0,9509795,507.880005,52.290001,-2.162149,-0.890598,-0.642002,75.975609,16.707317,576.829285,-1.862000,-0.196000,-0.686000,0.000000,0.000000,0.000000,31.0494137,-103.5298691,6181.020,23.613,30480,8
"COREYMAY3",98,56372,0,9509805,507.880005,52.290001,-2.188278,-0.855678,-0.640293,76.646339,17.621952,573.963440,-1.813000,-0.441000,-1.127000,0.000000,0.000000,0.000000,31.0494137,-103.5298691,6181.020,23.613,30480,8
"COREYMAY3",98,13794,0,9509815,506.970001,52.290001,-2.123565,-0.842735,-0.640171,77.865852,18.170732,571.036560,-1.127000,-0.441000,-1.127000,0.000000,0.000000,0.000000,31.0494137,-103.5298691,6181.020,23.613,30480,8
"COREYMAY3",98,18288,0,9509825,506.970001,52.290001,-2.068865,-0.830037,-0.648840,78.475609,18.353659,568.231689,-1.666000,-0.588000,-0.735000,0.000000,0.000000,0.000000,31.0494137,-103.5298691,6181.020,23.613,30480,8
"COREYMAY3",98,50575,0,9509835,506.970001,52.290001,-2.070086,-0.851282,-0.644567,79.207314,18.780487,565.243896,-1.323000,-0.637000,-1.176000,0.000000,0.000000,0.000000,31.0494137,-103.5298691,6181.020,23.613,30480,8
"COREYMAY3",98,49473,0,9509845,506.970001,52.290001,-2.054090,-0.842491,-0.629548,80.426826,19.207317,562.317078,-1.666000,-0.637000,-0.980000,0.000000,0.000000,0.000000,31.0494137,-103.5298691,6181.020,23.613,30480,8
"COREYMAY3",98,11237,0,9509855,505.799988,52.290001,-2.026496,-0.876679,-0.621368,81.219513,18.719513,559.939026,-1.470000,-0.588000,-1.029000,0.000000,0.000000,0.000000,31.0494137,-103.5298691,6181.020,23.613,30480,8
"COREYMAY3",98,31248,0,9509865,505.799988,52.290001,-2.023077,-0.881319,-0.640293,81.890244,18.658537,557.682922,-1.764000,-0.735000,-1.029000,0.000000,0.000000,0.000000,31.0494137,-103.5298691,6181.020,23.613,30480,8
"COREYMAY3",98,12775,0,9509875,505.799988,52.290001,-2.007082,-0.875458,-0.637118,82.804878,18.536585,555.487793,-1.421000,-0.392000,-0.833000,0.000000,0.000000,0.000000,31.0494137,-103.5298691,6181.020,23.613,30480,8
"COREYMAY3",98,35612,0,9509885,505.799988,52.290001,-1.971062,-0.901465,-0.637241,83.780487,18.292683,553.841492,-1.372000,-0.882000,-1.078000,0.000000,0.000000,0.000000,31.0494137,-103.5298691,6181.020,23.613,30480,8
"COREYMAY3",98,42198,0,9509895,504.700012,52.290001,-1.962393,-0.933333,-0.632479,84.573174,17.621952,552.439026,-1.372000,-0.882000,-1.078000,0.000000,0.000000,0.000000,31.0494137,-103.5298691,6181.020,23.613,30480,8
"COREYMAY3",98,45395,0,9509905,504.700012,52.290001,-1.971917,-0.961661,-0.643956,85.060974,16.524391,551.463440,-1.568000,-0.637000,-1.078000,0.000000,0.000000,0.000000,31.0494137,-103.5298691,6181.020,23.613,30480,8
"COREYMAY3",98,48450,0,9509915,504.700012,52.290001,-1.967155,-0.981074,-0.651038,84.939026,15.304878,551.402466,-1.372000,-0.588000,-1.372000,0.000000,0.000000,0.000000,31.0494137,-103.5298691,6181.020,23.613,30480,8
"COREYMAY3",98,9444,0,9509925,504.700012,52.290001,-2.022100,-1.002686,-0.648718,85.121948,14.756098,551.890259,-1.862000,-0.539000,-1.421000,0.000000,0.000000,0.000000,31.0494137,-103.5298691,6181.020,23.613,30480,8
"COREYMAY3",98,28062,0,9509935,503.769989,52.290001,-1.980098,-1.019048,-0.645910,85.304878,14.024390,552.682922,-1.519000,-0.637000,-0.980000,0.000000,0.000000,0.000000,31.0494137,-103.5298691,6181.020,23.613,30480,8
"COREYMAY3",98,2136,0,9509945,503.769989,52.290001,-2.017094,-1.032479,-0.646276,85.731705,13.231708,553.780518,-1.274000,-0.931000,-1.666000,0.000000,0.000000,0.000000,31.0494137,-103.5298691,6181.020,23.613,30480,8
"COREYMAY3",98,7723,0,9509955,503.769989,52.290001,-2.086691,-1.082784,-0.659096,85.426826,12.256098,555.609741,-1.911000,-0.882000,-1.225000,0.000000,0.000000,0.000000,31.0494137,-103.5298691,6181.020,23.613,30480,8
"COREYMAY3",98,9413,0,9509965,503.769989,52.290001,-2.051770,-1.050794,-0.656288,85.000000,11.219512,557.621948,-1.519000,-0.637000,-0.882000,0.000000,0.000000,0.000000,31.0494137,-103.5298691,6181.020,23.613,30480,8
"COREYMAY3",98,20193,0,9509975,503.179993,52.290001,-2.144322,-1.097314,-0.651404,84.451218,10.853659,559.878052,-1.421000,-0.784000,-1.323000,0.000000,0.000000,0.000000,31.0494137,-103.5298691,6181.020,23.613,30480,8
"COREYMAY3",98,32912,0,9509985,503.179993,52.290001,-2.154335,-1.077778,-0.637607,83.902435,10.000000,562.317078,-1.764000,-0.931000,-1.176000,0.000000,0.000000,0.000000,31.0494137,-103.5298691,6181.020,23.613,30480,8
"COREYMAY3",98,30749,0,9509995,503.179993,52.290001,-2.149573,-1.080830,-0.630647,84.146339,9.695122,564.756104,-2.156000,-0.637000,-0.784000,0.000000,0.000000,0.000000,31.0494137,-103.5298691,6181.020,23.613,30480,8
"COREYMAY3",98,48933,0,9510005,503.179993,52.290001,-2.258242,-1.073748,-0.620513,83.536583,9.573171,567.865845,-1.029000,-1.225000,-0.784000,0.000000,0.000000,0.000000,31.0494137,-103.5298691,6181.020,23.613,30480,8
"COREYMAY3",98,21782,0,9510015,503.000000,52.290001,-2.230525,-1.086081,-0.631746,82.987808,8.780488,570.914612,-1.764000,-0.588000,-0.784000,0.000000,0.000000,0.000000,31.0494137,-103.5298691,6181.020,23.613,30480,8
"COREYMAY3",98,17693,0,9510025,503.000000,52.290001,-2.324664,-1.073748,-0.622100,82.682930,8.475610,573.780518,-2.009000,-0.735000,-0.588000,0.000000,0.000000,0.000000,31.0494137,-103.5298691,6181.020,23.613,30480,8
"COREYMAY3",98,39072,0,9510035,503.000000,52.290001,-2.394872,-1.074481,-0.634799,82.439026,9.085366,575.670715,-2.352000,-0.931000,-1.323000,0.000000,0.000000,0.000000,31.0494137,-103.5298691,6181.020,23.613,30480,8
"COREYMAY3",98,31308,0,9510045,503.000000,52.290001,-2.439316,-1.012820,-0.620879,82.804878,9.451220,577.378052,-2.254000,-0.833000,-0.343000,0.000000,0.000000,0.000000,31.0494137,-103.5298691,6181.020,23.613,30480,8
"COREYMAY3",98,34450,0,9510055,503.019989,52.290001,-2.464347,-1.022466,-0.638584,82.134148,9.756098,579.085388,-2.499000,-0.686000,-0.735000,0.000000,0.000000,0.000000,31.0494137,-103.5298691,6181.020,23.613,30480,8
"COREYMAY3",98,10239,0,9510065,503.019989,52.290001,-2.464469,-0.985592,-0.629426,82.256096,10.731708,580.426819,-1.470000,-0.686000,-0.441000,0.000000,0.000000,0.000000,31.0494137,-103.5298691,6181.020,23.613,30480,8
"COREYMAY3",98,40285,0,9510075,503.019989,52.290001,-2.423565,-0.933944,-0.621856,82.926826,12.256098,581.158508,-1.862000,-0.686000,-1.029000,0.000000,0.000000,0.000000,31.0494137,-103.5298691,6181.020,23.613,30480,8
"COREYMAY3",98,21194,0,9510085,503.019989,52.290001,-2.421612,-0.953480,-0.606716,83.109756,13.109756,581.707336,-1.666000,-0.588000,-0.833000,0.000000,0.000000,0.000000,31.0494137,-103.5298691,6181.020,23.613,30480,8
"COREYMAY3",98,64266,0,9510095,502.380005,52.290001,-2.384493,-0.875702,-0.599023,84.268295,14.085366,581.463440,-1.960000,-0.539000,-0.539000,0.000000,0.000000,0.000000,31.0494137,-103.5298691,6181.020,23.613,30480,8
"COREYMAY3",98,41014,0,9510105,502.380005,52.290001,-2.383272,-0.923687,-0.608669,84.817070,14.634147,581.158508,-1.911000,-0.490000,-0.980000,0.000000,0.000000,0.000000,31.0494137,-103.5298691,6181.020,23.613,30480,8
"COREYMAY3",98,8382,0,9510115,502.380005,52.290001,-2.387668,-0.875946,-0.610379,85.365852,15.060976,580.304871,-1.764000,-0.588000,-1.176000,0.000000,0.000000,0.000000,31.0494137,-103.5298691,6181.020,23.613,30480,8
"COREYMAY3",98,31324,0,9510125,502.380005,52.290001,-2.295604,-0.849328,-0.595482,85.914635,16.097561,578.963440,-1.960000,-0.294000,-1.176000,0.000000,0.000000,0.000000,31.0494137,-103.5298691,6181.020,23.613,30480,8
"COREYMAY3",98,8307,0,9510135,501.380005,52.290001,-2.270452,-0.842369,-0.603419,86.829269,17.012196,577.378052,-1.960000,-0.294000,-1.176000,0.000000,0.000000,0.000000,31.0494137,-103.5298691,6181.020,23.613,30480,8
"COREYMAY3",98,18050,0,9510145,501.380005,52.290001,-2.267521,-0.855556,-0.605983,87.317070,17.012196,575.975586,-1.225000,-0.343000,-0.931000,0.000000,0.000000,0.000000,31.0494137,-103.5298691,6181.020,23.613,30480,8
"COREYMAY3",98,13425,0,9510155,501.380005,52.290001,-2.184249,-0.821245,-0.601099,87.743904,16.585365,574.634155,-1.666000,-0.588000,-0.980000,0.000000,0.000000,0.000000,31.0494137,-103.5298691,6181.020,23.613,30480,8
"COREYMAY3",98,25116,0,9510165,501.380005,52.290001,-2.206960,-0.862027,-0.596337,88.414635,16.585365,573.048767,-1.715000,-0.539000,-0.637000,0.000000,0.000000,0.000000,31.0494137,-103.5298691,6181.020,23.613,30480,8
"COREYMAY3",98,19168,0,9510175,500.239990,52.290001,-2.175946,-0.842002,-0.608425,89.451218,16.280487,571.341492,-1.666000,-0.980000,-0.441000,0.000000,0.000000,0.000000,31.0494137,-103.5298691,6181.020,23.613,30480,8
"COREYMAY3",98,8378,0,9510185,500.239990,52.290001,-2.126496,-0.890476,-0.598535,90.243904,15.548780,570.304871,-1.225000,-0.735000,-1.127000,0.000000,0.000000,0.000000,31.0494137,-103.5298691,6181.020,23.613,30480,8
"COREYMAY3",98,59591,0,9510195,500.239990,52.290001,-2.169597,-0.864713,-0.617582,90.853661,15.121951,569.390259,-1.617000,-0.343000,-1.127000,0.000000,0.000000,0.000000,31.0494137,-103.5298691,6181.020,23.613,30480,8
"COREYMAY3",98,50615,0,9510205,500.239990,52.290001,-2.130891,-0.910745,-0.608059,91.280487,14.512196,568.719482,-1.323000,-0.833000,-0.931000,0.000000,0.000000,0.000000,31.0494137,-103.5298691,6181.020,23.613,30480,8
"COREYMAY3",98,10039,0,9510215,499.339996,52.299999,-2.121367,-0.891697,-0.604884,92.195122,13.902439,568.353638,-1.715000,-0.588000,-0.784000,0.000000,0.000000,0.000000,31.0494137,-103.5298691,6181.020,23.613,30480,8
"COREYMAY3",98,6475,0,9510225,499.339996,52.299999,-2.149695,-0.938217,-0.618193,91.890244,12.987804,568.475586,-1.715000,-0.441000,-1.323000,0.000000,0.000000,0.000000,31.0494137,-103.5298691,6181.020,23.613,30480,8
"COREYMAY3",98,52977,0,9510235,499.339996,52.299999,-2.139316,-0.922100,-0.613309,91.524391,11.890244,568.719482,-1.470000,-0.343000,-1.176000,0.000000,0.000000,0.000000,31.0494137,-103.5298691,6181.020,23.613,30480,8
"COREYMAY3",98,32670,0,9510245,499.339996,52.299999,-2.164469,-0.962393,-0.602198,92.256096,11.097561,568.963440,-1.666000,-0.490000,-1.176000,0.000000,0.000000,0.000000,31.0494137,-103.5298691,6181.020,23.613,30480,8
"COREYMAY3",98,51950,0,9510255,498.559998,52.299999,-2.163980,-0.961538,-0.597924,92.439026,10.548780,569.634155,-1.764000,-0.637000,-1.372000,0.000000,0.000000,0.000000,31.0494137,-103.5298691,6181.020,23.613,30480,8
"COREYMAY3",98,10087,0,9510265,498.559998,52.299999,-2.215262,-0.980952,-0.608181,91.890244,9.207317,570.792664,-1.862000,-0.735000,-0.931000,0.000000,0.000000,0.000000,31.0494137,-103.5298691,6181.020,23.613,30480,8
"COREYMAY3",98,28883,0,9510275,498.559998,52.299999,-2.253846,-0.984127,-0.609768,91.890244,8.475610,572.195129,-2.352000,-0.833000,-0.833000,0.000000,0.000000,0.000000,31.0494137,-103.5298691,6181.020,23.613,30480,8
"COREYMAY3",98,2339,0,9510285,498.559998,52.299999,-2.267521,-0.995849,-0.594872,91.097565,7.500000,574.268311,-1.764000,-0.490000,-1.470000,0.000000,0.000000,0.000000,31.0494137,-103.5298691,6181.020,23.613,30480,8
"COREYMAY3",98,50232,0,9510295,498.149994,52.290001,-2.308913,-1.004518,-0.589255,90.548782,6.951220,576.097534,-1.862000,-0.441000,-1.372000,0.000000,0.000000,0.000000,31.0494137,-103.5298691,6181.020,23.613,30480,8
"COREYMAY3",98,52911,0,9510305,498.149994,52.290001,-2.394750,-1.004640,-0.592186,90.243904,6.585366,577.012207,-1.764000,-0.539000,-1.421000,0.000000,0.000000,0.000000,31.0494137,-103.5298691,6181.020,23.613,30480,8
"COREYMAY3",98,28130,0,9510315,498.149994,52.290001,-2.393040,-0.990842,-0.595849,90.182930,6.280488,578.231689,-2.401000,-0.490000,-1.911000,0.000000,0.000000,0.000000,31.0494137,-103.5298691,6181.020,23.613,30480,8
"COREYMAY3",98,59272,0,9510325,498.149994,52.290001,-2.453114,-0.972650,-0.586447,90.121948,6.463415,579.817078,-1.519000,-0.294000,-1.568000,0.000000,0.000000,0.000000,31.0494137,-103.5298691,6181.020,23.613,30480,8
"COREYMAY3",98,11312,0,9510335,497.739990,52.299999,-2.498657,-0.944933,-0.597558,89.756096,6.341464,581.463440,-1.862000,-0.637000,-1.372000,0.000000,0.000000,0.000000,31.0494137,-103.5298691,6181.020,23.613,30480,8
"COREYMAY3",98,60980,0,9510345,497.739990,52.299999,-2.480708,-0.939683,-0.579976,89.390244,6.524390,582.804871,-2.009000,-0.686000,-1.029000,0.000000,0.000000,0.000000,31.0494137,-103.5298691,6181.020,23.613,30480,8
"COREYMAY3",98,60680,0,9510355,497.739990,52.299999,-2.513797,-0.912210,-0.579976,89.573174,7.317073,583.658508,-2.205000,-0.441000,-1.470000,0.000000,0.000000,0.000000,31.0494137,-103.5298691,6181.020,23.613,30480,8
"COREYMAY3",98,10202,0,9510365,497.739990,52.299999,-2.544811,-0.901221,-0.586325,89.573174,8.292683,583.902466,-2.352000,-0.588000,-0.833000,0.000000,0.000000,0.000000,31.0494137,-103.5298691,6181.020,23.613,30480,8
"COREYMAY3",98,29949,0,9510375,497.260010,52.290001,-2.537973,-0.879853,-0.589621,89.756096,8.963414,583.536560,-2.401000,-0.637000,-1.323000,0.000000,0.000000,0.000000,31.0494137,-103.5298691,6181.020,23.613,30480,8
"COREYMAY3",98,18969,0,9510385,497.260010,52.290001,-2.563492,-0.852869,-0.576435,89.756096,9.451220,583.597534,-2.401000,-0.637000,-1.323000,0.000000,0.000000,0.000000,31.0494137,-103.5298691,6181.020,23.613,30480,8
"COREYMAY3",98,51192,0,9510395,497.260010,52.290001,-2.553846,-0.839927,-0.580708,90.121948,10.121951,583.597534,-2.352000,-0.392000,-0.539000,0.000000,0.000000,0.000000,31.0494137,-103.5298691,6181.020,23.613,30480,8
"COREYMAY3",98,29393,0,9510405,497.260010,52.290001,-2.512943,-0.819048,-0.578022,90.426826,10.853659,583.353638,-2.401000,-0.735000,-0.931000,0.000000,0.000000,0.000000,31.0494137,-103.5298691,6181.020,23.613,30480,8
"COREYMAY3",98,12043,0,9510415,496.540009,52.290001,-2.528816,-0.813675,-0.571429,90.670731,11.707317,582.743896,-1.813000,-0.441000,-0.784000,0.000000,0.000000,0.000000,31.0494137,-103.5298691,6181.020,23.613,30480,8
"COREYMAY3",98,31443,0,9510425,496.540009,52.290001,-2.497924,-0.779853,-0.576801,91.280487,11.890244,582.073181,-1.568000,-0.686000,-0.196000,0.000000,0.000000,0.000000,31.0494137,-103.5298691,6181.020,23.613,30480,8
"COREYMAY3",98,57377,0,9510435,496.540009,52.290001,-2.448718,-0.782051,-0.563614,92.073174,12.682927,581.280518,-1.715000,-0.686000,-0.637000,0.000000,0.000000,0.000000,31.0494137,-103.5298691,6181.020,23.613,30480,8
"COREYMAY3",98,50801,0,9510445,496.540009,52.290001,-2.486813,-0.761661,-0.572161,92.500000,13.231708,580.487793,-1.862000,-0.441000,-1.078000,0.000000,0.000000,0.000000,31.0494137,-103.5298691,6181.020,23.613,30480,8
"COREYMAY3",98,54668,0,9510455,495.660004,52.299999,-2.375946,-0.776923,-0.567277,93.475609,13.292683,579.573181,-1.960000,-0.833000,-0.735000,0.000000,0.000000,0.000000,31.0494137,-103.5298691,6181.020,23.613,30480,8
"COREYMAY3",98,10715,0,9510465,495.660004,52.299999,-2.404396,-0.725275,-0.559951,94.146339,13.292683,578.536560,-1.813000,-0.392000,-1.127000,0.000000,0.000000,0.000000,31.0494137,-103.5298691,6181.020,23.613,30480,8
"COREYMAY3",98,37133,0,9510475,495.660004,52.299999,-2.351770,-0.782173,-0.557753,94.878052,13.231708,577.317078,-1.813000,-0.686000,-0.686000,0.000000,0.000000,0.000000,31.0494137,-103.5298691,6181.020,23.613,30480,8
"COREYMAY3",98,51318,0,9510485,495.660004,52.299999,-2.327595,-0.721245,-0.561538,95.304878,12.743902,576.097534,-1.960000,-0.490000,-1.176000,0.000000,0.000000,0.000000,31.0494137,-103.5298691,6181.020,23.613,30480,8
"COREYMAY3",98,62915,0,9510495,494.640015,52.290001,-2.315140,-0.762515,-0.561416,95.914635,12.804878,574.756104,-1.715000,-0.490000,-1.029000,0.000000,0.000000,0.000000,31.0494137,-103.5298691,6181.020,23.613,30480,8
"COREYMAY3",98,61038,0,9510505,494.640015,52.290001,-2.248474,-0.758486,-0.574847,96.036583,11.951220,573.719482,-2.107000,-0.343000,-1.470000,0.000000,0.000000,0.000000,31.0494137,-103.5298691,6181.020,23.613,30480,8
"COREYMAY3",98,4998,0,9510515,494.640015,52.290001,-2.269841,-0.765446,-0.565079,96.158539,11.585366,572.317078,-2.107000,-0.490000,-1.225000,0.000000,0.000000,0.000000,31.0494137,-103.5298691,6181.020,23.613,30480,8
"COREYMAY3",98,16287,0,9510525,494.640015,52.290001,-2.257387,-0.776068,-0.563980,96.524391,11.158537,571.097534,-1.813000,-0.392000,-1.470000,0.000000,0.000000,0.000000,31.0494137,-103.5298691,6181.020,23.613,30480,8
"COREYMAY3",98,7077,0,9510535,493.700012,52.299999,-2.207204,-0.756777,-0.571551,97.134148,10.548780,570.121948,-1.764000,-0.882000,-1.029000,0.000000,0.000000,0.000000,31.0494137,-103.5298691,6181.020,23.613,30480,8
"COREYMAY3",98,13448,0,9510545,493.700012,52.299999,-2.268620,-0.810134,-0.551038,97.560974,9.695122,569.573181,-2.107000,-0.637000,-1.029000,0.000000,0.000000,0.000000,31.0494137,-103.5298691,6181.020,23.613,30480,8
"COREYMAY3",98,49269,0,9510555,493.700012,52.299999,-2.186935,-0.785592,-0.561172,97.621948,8.902439,569.024414,-1.421000,-0.588000,-0.490000,0.000000,0.000000,0.000000,31.0494137,-103.5298691,6181.020,23.613,30480,8
"COREYMAY3",98,64398,0,9510565,493.700012,52.299999,-2.242247,-0.820879,-0.555678,97.378052,7.865854,568.597534,-1.568000,-0.490000,-0.784000,0.000000,0.000000,0.000000,31.0494137,-103.5298691,6181.020,23.613,30480,8
"COREYMAY3",98,40099,0,9510575,492.890015,52.299999,-2.217949,-0.842979,-0.579365,97.134148,6.524390,567.987793,-1.617000,-0.343000,-0.784000,0.000000,0.000000,0.000000,31.0495720,-103.5300446,6489.700,23.613,30480,8
"COREYMAY3",98,61096,0,9510585,492.890015,52.299999,-2.214652,-0.810745,-0.554335,96.829269,5.487805,567.439026,-1.715000,-0.196000,-1.421000,0.000000,0.000000,0.000000,31.0495720,-103.5300446,6489.700,23.613,30480,8
"COREYMAY3",98,4713,0,9510595,492.890015,52.299999,-2.312943,-0.846886,-0.544444,96.890244,4.634146,567.073181,-1.617000,-0.245000,-1.813000,0.000000,0.000000,0.000000,31.0495720,-103.5300446,6489.700,23.613,30480,8
"COREYMAY3",98,6590,0,9510605,492.890015,52.299999,-2.278266,-0.826374,-0.562149,96.646339,3.841463,566.890259,-1.960000,-0.441000,-0.882000,0.000000,0.000000,0.000000,31.0495720,-103.5300446,6489.700,23.613,30480,8
"COREYMAY3",98,36186,0,9510615,492.369995,52.299999,-2.354579,-0.842491,-0.552869,95.853661,3.414634,566.585388,-1.323000,-0.686000,-0.392000,0.000000,0.000000,0.000000,31.0495720,-103.5300446,6489.700,23.613,30480,8
"COREYMAY3",98,7765,0,9510625,492.369995,52.299999,-2.331868,-0.853236,-0.567277,94.939026,2.682927,566.097534,-1.323000,-0.686000,-0.392000,0.000000,0.000000,0.000000,31.0495720,-103.5300446,6489.700,23.613,30480,8
"COREYMAY3",98,50239,0,9510635,492.369995,52.299999,-2.384005,-0.831380,-0.569109,94.451218,2.865854,565.060974,-1.764000,-0.637000,-1.029000,0.000000,0.000000,0.000000,31.0495720,-103.5300446,6489.700,23.613,30480,8
"COREYMAY3",98,44467,0,9510645,492.369995,52.299999,-2.419780,-0.854212,-0.560195,94.024391,3.170732,564.329285,-2.009000,-0.588000,-1.568000,0.000000,0.000000,0.000000,31.0495720,-103.5300446,6489.700,23.613,30480,8
"COREYMAY3",98,59969,0,9510655,491.799988,52.299999,-2.404884,-0.795238,-0.571184,93.170731,3.231707,564.207336,-1.715000,-0.392000,-1.421000,0.000000,0.000000,0.000000,31.0495720,-103.5300446,6489.700,23.099,30570,8
"COREYMAY3",98,15264,0,9510666,491.799988,52.299999,-2.479487,-0.823199,-0.553724,92.804878,3.536585,564.451233,-2.009000,-0.833000,-0.686000,0.000000,0.000000,0.000000,31.0495720,-103.5300446,6489.700,23.099,30570,8
"COREYMAY3",98,43771,0,9510675,491.799988,52.299999,-2.428205,-0.795726,-0.544567,92.804878,3.963415,564.268311,-1.617000,-0.686000,-0.490000,0.000000,0.000000,0.000000,31.0495720,-103.5300446,6489.700,23.099,30570,8
"COREYMAY3",98,12330,0,9510685,491.390015,52.299999,-2.486935,-0.775458,-0.551282,92.865852,4.329268,564.207336,-2.156000,-0.490000,-0.441000,0.000000,0.000000,0.000000,31.0495720,-103.5300446,6489.700,23.099,30570,8
"COREYMAY3",98,51450,0,9510695,491.390015,52.299999,-2.472772,-0.787912,-0.556654,92.317070,4.695122,564.146362,-1.617000,-0.147000,-1.519000,0.000000,0.000000,0.000000,31.0495720,-103.5300446,6489.700,23.099,30570,8
"COREYMAY3",98,29396,0,9510705,491.390015,52.299999,-2.487424,-0.754335,-0.555311,91.829269,5.121951,564.024414,-1.862000,-0.490000,-1.176000,0.000000,0.000000,0.000000,31.0495720,-103.5300446,6489.700,23.099,30570,8
"COREYMAY3",98,16379,0,9510715,491.390015,52.299999,-2.525641,-0.771429,-0.548352,92.012192,5.792683,563.292664,-2.352000,-0.539000,-0.392000,0.000000,0.000000,0.000000,31.0495720,-103.5300446,6489.700,23.099,30570,8
"COREYMAY3",98,10782,0,9510725,490.779999,52.310001,-2.434310,-0.721734,-0.544689,92.195122,6.646341,562.743896,-1.813000,-0.539000,-0.392000,0.000000,0.000000,0.000000,31.0495720,-103.5300446,6489.700,23.099,30570,8
"COREYMAY3",98,64889,0,9510735,490.779999,52.310001,-2.508669,-0.733211,-0.545421,92.500000,7.804878,562.256104,-1.911000,-0.343000,-0.784000,0.000000,0.000000,0.000000,31.0495720,-103.5300446,6489.700,23.099,30570,8
"COREYMAY3",98,60361,0,9510745,490.779999,52.310001,-2.423077,-0.724298,-0.539316,92.560974,8.170732,561.829285,-2.156000,-0.539000,-0.441000,0.000000,0.000000,0.000000,31.0495720,-103.5300446,6489.700,23.099,30570,8
"COREYMAY3",98,14279,0,9510755,490.779999,52.310001,-2.424176,-0.706838,-0.542735,92.621948,8.841463,561.158508,-1.666000,-0.588000,-1.225000,0.000000,0.000000,0.000000,31.0495720,-103.5300446,6489.700,23.099,30570,8
"COREYMAY3",98,6030,0,9510765,489.940002,52.310001,-2.453846,-0.727839,-0.535409,92.682930,9.451220,560.487793,-1.862000,-0.539000,-0.980000,0.000000,0.000000,0.000000,31.0495720,-103.5300446,6489.700,23.099,30570,8
"COREYMAY3",98,57060,0,9510775,489.940002,52.310001,-2.334066,-0.683639,-0.546764,93.292686,9.817073,560.000000,-1.960000,-0.245000,-1.323000,0.000000,0.000000,0.000000,31.0495720,-103.5300446,6489.700,23.099,30570,8
"COREYMAY3",98,59784,0,9510785,489.940002,52.310001,-2.450549,-0.711477,-0.530037,93.353661,9.817073,559.817078,-1.715000,-0.441000,-1.078000,0.000000,0.000000,0.000000,31.0495720,-103.5300446,6489.700,23.099,30570,8
"COREYMAY3",98,60793,0,9510795,489.940002,52.310001,-2.309890,-0.698779,-0.536752,93.231705,10.243902,559.512207,-1.813000,-0.098000,-0.735000,0.000000,0.000000,0.000000,31.0495720,-103.5300446,6489.700,23.099,30570,8
"COREYMAY3",98,50179,0,9510805,489.000000,52.310001,-2.327595,-0.665324,-0.535287,93.475609,10.182927,558.902466,-1.666000,-0.343000,-0.833000,0.000000,0.000000,0.000000,31.0495720,-103.5300446,6489.700,23.099,30570,8
"COREYMAY3",98,38581,0,9510815,489.000000,52.310001,-2.320879,-0.709402,-0.531136,93.963417,10.121951,558.292664,-1.666000,-0.637000,-1.323000,0.000000,0.000000,0.000000,31.0495720,-103.5300446,6489.700,23.099,30570,8
"COREYMAY3",98,26190,0,9510825,489.000000,52.310001,-2.224054,-0.659707,-0.537851,94.573174,10.121951,557.560974,-1.568000,-0.196000,-1.568000,0.000000,0.000000,0.000000,31.0495720,-103.5300446,6489.700,23.099,30570,8
"COREYMAY3",98,46563,0,9510835,489.000000,52.310001,-2.337485,-0.703419,-0.516484,94.817070,10.121951,556.768311,-1.666000,-0.441000,-1.078000,0.000000,0.000000,0.000000,31.0495720,-103.5300446,6489.700,23.099,30570,8
"COREYMAY3",98,28829,0,9510845,488.149994,52.310001,-2.179976,-0.669353,-0.540904,94.756096,9.329268,555.914612,-1.862000,-0.343000,-0.931000,0.000000,0.000000,0.000000,31.0495720,-103.5300446,6489.700,23.099,30570,8
"COREYMAY3",98,46162,0,9510855,488.149994,52.310001,-2.240415,-0.690720,-0.526496,95.182930,9.085366,554.634155,-1.666000,-0.245000,-1.372000,0.000000,0.000000,0.000000,31.0495720,-103.5300446,6489.700,23.099,30570,8
"COREYMAY3",98,54125,0,9510865,488.149994,52.310001,-2.225153,-0.712821,-0.522222,95.609756,8.719512,553.353638,-1.911000,-0.343000,-1.176000,0.000000,0.000000,0.000000,31.0495720,-103.5300446,6489.700,23.099,30570,8
"COREYMAY3",98,35657,0,9510875,488.149994,52.310001,-2.146642,-0.669841,-0.532479,95.670731,8.231708,551.707336,-1.911000,-0.343000,-1.176000,0.000000,0.000000,0.000000,31.0495720,-103.5300446,6489.700,23.099,30570,8
"COREYMAY3",98,48036,0,9510885,487.320007,52.299999,-2.242491,-0.708303,-0.524054,95.853661,8.048780,550.304871,-1.813000,-0.392000,-0.539000,0.000000,0.000000,0.000000,31.0495720,-103.5300446,6489.700,23.099,30570,8
"COREYMAY3",98,2254,0,9510895,487.320007,52.299999,-2.121123,-0.686935,-0.525763,95.670731,7.073171,549.207336,-1.911000,-0.294000,-1.372000,0.000000,0.000000,0.000000,31.0495720,-103.5300446,6489.700,23.099,30570,8
"COREYMAY3",98,697,0,9510905,487.320007,52.299999,-2.200977,-0.703541,-0.519780,95.487808,6.646341,548.109741,-1.666000,-0.637000,-1.323000,0.000000,0.000000,0.000000,31.0495720,-103.5300446,6489.700,23.099,30570,8
"COREYMAY3",98,29111,0,9510915,487.320007,52.299999,-2.173138,-0.724298,-0.523199,95.609756,6.036585,546.829285,-1.715000,-0.441000,-0.686000,0.000000,0.000000,0.000000,31.0495720,-103.5300446,6489.700,23.099,30570,8
"COREYMAY3",98,58985,0,9510925,486.609985,52.299999,-2.137363,-0.685592,-0.533333,95.243904,5.060976,545.914612,-1.568000,-0.392000,-0.735000,0.000000,0.000000,0.000000,31.0495720,-103.5300446,6489.700,23.099,30570,8
"COREYMAY3",98,31402,0,9510935,486.609985,52.299999,-2.235043,-0.722955,-0.511233,94.573174,4.451220,545.243896,-1.813000,-0.392000,-1.029000,0.000000,0.000000,0.000000,31.0495720,-103.5300446,6489.700,23.099,30570,8
"COREYMAY3",98,15425,0,9510945,486.609985,52.299999,-2.133456,-0.696703,-0.534310,94.573174,4.451220,543.963440,-1.764000,-0.392000,-1.029000,0.000000,0.000000,0.000000,31.0495720,-103.5300446,6489.700,23.099,30570,8
"COREYMAY3",98,46936,0,9510955,486.609985,52.299999,-2.224786,-0.722955,-0.517582,94.329269,4.329268,542.500000,-2.205000,-0.343000,-0.784000,0.000000,0.000000,0.000000,31.0495720,-103.5300446,6489.700,23.099,30570,8
"COREYMAY3",98,28723,0,9510965,488.380005,52.299999,-2.232357,-0.717338,-0.527717,94.024391,4.024390,541.219482,-1.862000,-0.637000,-0.588000,0.000000,0.000000,0.000000,31.0495720,-103.5300446,6489.700,23.099,30570,8
"COREYMAY3",98,10165,0,9510975,488.380005,52.299999,-2.165079,-0.715140,-0.529182,93.719513,3.475610,540.304871,-1.715000,-0.049000,-1.078000,0.000000,0.000000,0.000000,31.0495720,-103.5300446,6489.700,23.099,30570,8
"COREYMAY3",98,25281,0,9510985,488.380005,52.299999,-2.314896,-0.732967,-0.520635,92.987808,2.865854,539.512207,-1.764000,-0.735000,-0.294000,0.000000,0.000000,0.000000,31.0495720,-103.5300446,6489.700,23.099,30570,8
"COREYMAY3",98,33515,0,9510995,488.380005,52.299999,-2.198901,-0.713919,-0.538217,92.804878,2.987805,538.414612,-1.666000,-0.588000,-0.245000,0.000000,0.000000,0.000000,31.0495720,-103.5300446,6489.700,23.099,30570,8
"COREYMAY3",98,26488,0,9511005,497.100006,52.299999,-2.289255,-0.696093,-0.521245,92.560974,3.292683,537.500000,-1.960000,-0.441000,-0.931000,0.000000,0.000000,0.000000,31.0495720,-103.5300446,6489.700,23.099,30570,8
"COREYMAY3",98,26680,0,9511015,497.100006,52.299999,-2.279365,-0.734676,-0.529670,92.317070,3.536585,536.463440,-1.715000,-0.098000,-1.176000,0.000000,0.000000,0.000000,31.0495720,-103.5300446,6489.700,23.099,30570,8
"COREYMAY3",98,65141,0,9511025,497.100006,52.299999,-2.215751,-0.666056,-0.521368,91.829269,4.207317,535.426819,-1.960000,-0.147000,-1.372000,0.000000,0.000000,0.000000,31.0495720,-103.5300446,6489.700,23.099,30570,8
"COREYMAY3",98,29402,0,9511035,497.100006,52.299999,-2.311233,-0.733333,-0.512210,91.463417,4.390244,534.207336,-1.666000,-0.490000,-0.833000,0.000000,0.000000,0.000000,31.0495720,-103.5300446,6489.700,23.099,30570,8
"COREYMAY3",98,55212,0,9511045,504.899994,52.299999,-2.242613,-0.659585,-0.524908,91.341461,4.512195,533.170715,-1.568000,-0.343000,-1.127000,0.000000,0.000000,0.000000,31.0495720,-103.5300446,6489.700,23.099,30570,8
"COREYMAY3",98,16872,0,9511055,504.899994,52.299999,-2.310989,-0.682296,-0.527717,91.585365,4.756098,532.317078,-1.764000,-0.343000,-1.274000,0.000000,0.000000,0.000000,31.0495720,-103.5300446,6489.700,23.099,30570,8
"COREYMAY3",98,36895,0,9511065,504.899994,52.299999,-2.331746,-0.664225,-0.518559,91.097565,4.878049,532.073181,-2.009000,-0.147000,-1.274000,0.000000,0.000000,0.000000,31.0495720,-103.5300446,6489.700,23.099,30570,8
"COREYMAY3",98,40158,0,9511075,504.899994,52.299999,-2.250794,-0.647131,-0.526496,90.853661,5.365854,532.378052,-2.058000,-0.147000,-0.931000,0.000000,0.000000,0.000000,31.0495720,-103.5300446,6489.700,23.099,30570,8
"COREYMAY3",98,19818,0,9511085,512.799988,52.299999,-2.342857,-0.656532,-0.524542,90.792686,5.792683,532.987793,-1.813000,-0.245000,-1.176000,0.000000,0.000000,0.000000,31.0495720,-103.5300446,6489.700,23.099,30570,8
"COREYMAY3",98,28618,0,9511095,512.799988,52.299999,-2.277900,-0.634676,-0.533211,90.792686,6.341464,533.719482,-1.519000,-0.294000,-0.980000,0.000000,0.000000,0.000000,31.0495720,-103.5300446,6489.700,23.099,30570,8
"COREYMAY3",98,36906,0,9511105,512.799988,52.299999,-2.293162,-0.639194,-0.530159,90.975609,7.073171,534.329285,-1.421000,-0.294000,-0.784000,0.000000,0.000000,0.000000,31.0495720,-103.5300446,6489.700,23.099,30570,8
"COREYMAY3",98,57573,0,9511115,512.799988,52.299999,-2.268254,-0.626129,-0.520879,90.853661,7.439024,534.756104,-1.519000,-0.392000,-1.176000,0.000000,0.000000,0.000000,31.0495720,-103.5300446,6489.700,23.099,30570,8
"COREYMAY3",98,64403,0,9511125,517.900024,52.299999,-2.201832,-0.629792,-0.531746,91.158539,7.926829,534.756104,-1.519000,-0.392000,-1.176000,0.000000,0.000000,0.000000,31.0495720,-103.5300446,6489.700,23.099,30570,8
"COREYMAY3",98,54348,0,9511135,517.900024,52.299999,-2.264102,-0.628205,-0.527350,91.158539,7.743902,534.573181,-1.568000,-0.588000,-0.294000,0.000000,0.000000,0.000000,31.0495720,-103.5300446,6489.700,23.099,30570,8
"COREYMAY3",98,60742,0,9511145,517.900024,52.299999,-2.156410,-0.621001,-0.527717,91.341461,7.621951,534.024414,-2.058000,-0.392000,-0.784000,0.000000,0.000000,0.000000,31.0495720,-103.5300446,6489.700,23.099,30570,8
"COREYMAY3",98,30002,0,9511155,517.900024,52.299999,-2.198535,-0.625885,-0.530647,91.158539,8.109756,533.353638,-1.862000,-0.196000,-0.637000,0.000000,0.000000,0.000000,31.0495720,-103.5300446,6489.700,23.099,30570,8
"COREYMAY3",98,9387,0,9511165,522.750000,52.299999,-2.175824,-0.614530,-0.525763,91.524391,8.292683,532.500000,-1.617000,-0.539000,-0.686000,0.000000,0.000000,0.000000,31.0495720,-103.5300446,6489.700,23.099,30570,8
"COREYMAY3",98,21321,0,9511175,522.750000,52.299999,-2.099756,-0.604884,-0.532112,92.134148,8.109756,531.707336,-2.107000,0.098000,-0.588000,0.000000,0.000000,0.000000,31.0495720,-103.5300446,6489.700,23.099,30570,8
"COREYMAY3",98,50408,0,9511185,522.750000,52.299999,-2.146886,-0.647863,-0.530647,92.134148,7.926829,531.036560,-1.764000,-0.490000,-1.127000,0.000000,0.000000,0.000000,31.0495720,-103.5300446,6489.700,23.099,30570,8
"COREYMAY3",98,10871,0,9511195,522.750000,52.299999,-2.091575,-0.626862,-0.532112,92.195122,7.804878,530.182922,-1.715000,-0.441000,-0.588000,0.000000,0.000000,0.000000,31.0495720,-103.5300446,6489.700,23.099,30570,8
"COREYMAY3",98,50555,0,9511205,525.099976,52.299999,-2.106227,-0.624298,-0.533211,92.317070,7.743902,529.207336,-1.862000,-0.588000,-0.490000,0.000000,0.000000,0.000000,31.0495720,-103.5300446,6489.700,23.099,30570,8
"COREYMAY3",98,59486,0,9511215,525.099976,52.299999,-2.097680,-0.637729,-0.538217,92.378052,7.560976,528.170715,-1.715000,-0.196000,-1.029000,0.000000,0.000000,0.000000,31.0495720,-103.5300446,6489.700,23.099,30570,8
"COREYMAY3",98,13023,0,9511225,525.099976,52.299999,-2.074237,-0.663370,-0.542125,92.134148,6.768293,527.439026,-1.862000,-0.735000,-0.735000,0.000000,0.000000,0.000000,31.0495720,-103.5300446,6489.700,23.099,30570,8
"COREYMAY3",98,29889,0,9511235,525.099976,52.299999,-2.126007,-0.651770,-0.545543,92.256096,6.707317,526.585388,-2.156000,-0.294000,-0.735000,0.000000,0.000000,0.000000,31.0495720,-103.5300446,6489.700,23.099,30570,8
"COREYMAY3",98,26755,0,9511245,523.429993,52.299999,-2.093407,-0.679365,-0.542491,92.012192,6.463415,525.914612,-1.764000,-0.686000,-0.637000,0.000000,0.000000,0.000000,31.0495720,-103.5300446,6489.700,23.099,30570,8
"COREYMAY3",98,50632,0,9511255,523.429993,52.299999,-2.094506,-0.638217,-0.538706,91.768295,5.975610,525.304871,-1.519000,-0.539000,-1.225000,0.000000,0.000000,0.000000,31.0495720,-103.5300446,6489.700,23.099,30570,8
"COREYMAY3",98,21313,0,9511265,523.429993,52.299999,-2.106227,-0.674725,-0.533211,91.707314,5.548780,524.268311,-1.666000,-0.490000,-1.225000,0.000000,0.000000,0.000000,31.0495720,-103.5300446,6489.700,23.099,30570,8
"COREYMAY3",98,8305,0,9511275,523.429993,52.299999,-2.092796,-0.651160,-0.531258,91.646339,5.609756,523.109741,-1.470000,-0.343000,-1.666000,0.000000,0.000000,0.000000,31.0495720,-103.5300446,6489.700,23.099,30570,8
"COREYMAY3",98,61835,0,9511285,520.659973,52.299999,-2.096093,-0.669231,-0.529304,90.975609,4.939024,522.500000,-1.813000,0.196000,-1.470000,0.000000,0.000000,0.000000,31.0495720,-103.5300446,6489.700,23.099,30570,8
"COREYMAY3",98,22355,0,9511295,520.659973,52.299999,-2.150061,-0.660440,-0.538095,90.609756,4.451220,521.768311,-1.960000,-0.294000,-1.372000,0.000000,0.000000,0.000000,31.0495720,-103.5300446,6489.700,23.099,30570,8
"COREYMAY3",98,31002,0,9511305,520.659973,52.299999,-2.105372,-0.663248,-0.535287,90.670731,4.695122,520.609741,-1.470000,-0.245000,-1.176000,0.000000,0.000000,0.000000,31.0495720,-103.5300446,6489.700,23.099,30570,8
"COREYMAY3",98,13374,0,9511315,520.659973,52.299999,-2.150305,-0.655678,-0.527473,90.670731,5.060976,519.390259,-1.274000,-0.343000,-0.882000,0.000000,0.000000,0.000000,31.0495720,-103.5300446,6489.700,23.099,30570,8
"COREYMAY3",98,52849,0,9511325,517.630005,52.299999,-2.129915,-0.650672,-0.526862,90.853661,5.365854,518.963440,-1.421000,-0.049000,-1.078000,0.000000,0.000000,0.000000,31.0495720,-103.5300446,6489.700,23.099,30570,8
"COREYMAY3",98,18735,0,9511335,517.630005,52.299999,-2.119902,-0.660562,-0.538584,90.243904,5.182927,518.902466,-1.617000,-0.490000,-0.686000,0.000000,0.000000,0.000000,31.0495720,-103.5300446,6489.700,23.099,30570,8
"COREYMAY3",98,35239,0,9511345,517.630005,52.299999,-2.182540,-0.649206,-0.535531,89.756096,5.548780,518.353638,-1.764000,-0.735000,-0.735000,0.000000,0.000000,0.000000,31.0495720,-103.5300446,6489.700,23.099,30570,8
"COREYMAY3",98,45663,0,9511355,517.630005,52.299999,-2.112210,-0.652869,-0.538217,89.695122,5.304878,517.195129,-2.205000,-0.245000,-1.225000,0.000000,0.000000,0.000000,31.0495720,-103.5300446,6489.700,23.099,30570,8
"COREYMAY3",98,13384,0,9511365,513.750000,52.299999,-2.185104,-0.638095,-0.530647,89.939026,5.365854,516.219482,-1.617000,-0.784000,-0.392000,0.000000,0.000000,0.000000,31.0495720,-103.5300446,6489.700,23.099,30570,8
"COREYMAY3",98,21902,0,9511375,513.750000,52.299999,-2.149573,-0.665324,-0.531990,90.182930,5.975610,515.792664,-1.617000,-0.784000,-0.392000,0.000000,0.000000,0.000000,31.0495720,-103.5300446,6489.700,23.099,30570,8
"COREYMAY3",98,10166,0,9511385,513.750000,52.299999,-2.134799,-0.635409,-0.528205,89.634148,6.036585,515.121948,-1.470000,-0.539000,-0.833000,0.000000,0.000000,0.000000,31.0495720,-103.5300446,6489.700,23.099,30570,8
"COREYMAY3",98,60979,0,9511395,513.750000,52.299999,-2.238095,-0.646032,-0.526862,89.451218,6.097561,514.695129,-1.862000,-0.098000,-0.833000,0.000000,0.000000,0.000000,31.0495720,-103.5300446,6489.700,23.099,30570,8
"COREYMAY3",98,57265,0,9511405,511.869995,52.299999,-2.156166,-0.647375,-0.532234,89.451218,5.914634,515.060974,-1.274000,-0.098000,-1.519000,0.000000,0.000000,0.000000,31.0495720,-103.5300446,6489.700,23.099,30570,8
"COREYMAY3",98,57646,0,9511415,511.869995,52.299999,-2.205006,-0.620147,-0.527595,89.512192,6.280488,515.304871,-1.372000,-0.343000,-1.617000,0.000000,0.000000,0.000000,31.0495720,-103.5300446,6489.700,23.099,30570,8
"COREYMAY3",98,48820,0,9511425,511.869995,52.299999,-2.177412,-0.652503,-0.528816,89.207314,6.402439,515.243896,-1.617000,-0.245000,-1.029000,0.000000,0.000000,0.000000,31.0495720,-103.5300446,6489.700,23.099,30570,8
"COREYMAY3",98,13490,0,9511435,511.869995,52.299999,-2.159951,-0.600977,-0.516117,89.268295,6.768293,514.878052,-1.862000,-0.147000,-0.392000,0.000000,0.000000,0.000000,31.0495720,-103.5300446,6489.700,23.099,30570,8
"COREYMAY3",98,22467,0,9511445,510.339996,52.299999,-2.212943,-0.622833,-0.512088,88.902435,7.682927,515.000000,-1.960000,-0.490000,-0.539000,0.000000,0.000000,0.000000,31.0495720,-103.5300446,6489.700,23.099,30570,8
"COREYMAY3",98,30212,0,9511455,510.339996,52.299999,-2.143834,-0.611844,-0.526007,89.329269,7.987805,514.939026,-1.127000,0.098000,-1.323000,0.000000,0.000000,0.000000,31.0495720,-103.5300446,6489.700,23.099,30570,8
"COREYMAY3",98,11748,0,9511465,510.339996,52.299999,-2.179976,-0.609158,-0.512943,89.512192,7.743902,514.817078,-2.156000,-0.539000,-0.588000,0.000000,0.000000,0.000000,31.0495720,-103.5300446,6489.700,23.099,30570,8
"COREYMAY3",98,59857,0,9511475,510.339996,52.299999,-2.149939,-0.622955,-0.521490,90.000000,7.682927,514.451233,-1.470000,-0.686000,-1.176000,0.000000,0.000000,0.000000,31.0495720,-103.5300446,6489.700,23.099,30570,8
"COREYMAY3",98,38858,0,9511485,508.809998,52.299999,-2.150305,-0.601465,-0.526984,90.304878,7.865854,514.573181,-2.058000,-0.343000,-0.784000,0.000000,0.000000,0.000000,31.0495720,-103.5300446,6489.700,23.099,30570,8
"COREYMAY3",98,21680,0,9511495,508.809998,52.299999,-2.146886,-0.625885,-0.507204,90.487808,8.536586,513.963440,-1.568000,-0.196000,-1.176000,0.000000,0.000000,0.000000,31.0495720,-103.5300446,6489.700,23.099,30570,8
"COREYMAY3",98,4928,0,9511505,508.809998,52.299999,-2.092430,-0.567277,-0.511600,90.182930,8.780488,513.841492,-1.666000,-0.196000,-0.931000,0.000000,0.000000,0.000000,31.0495720,-103.5300446,6489.700,23.099,30570,8
"COREYMAY3",98,39928,0,9511515,508.809998,52.299999,-2.113065,-0.623932,-0.510012,90.609756,8.963414,513.719482,-1.960000,-0.245000,-1.176000,0.000000,0.000000,0.000000,31.0495720,-103.5300446,6489.700,23.099,30570,8
"COREYMAY3",98,57366,0,9511525,507.500000,52.310001,-2.088156,-0.591453,-0.518559,91.158539,8.963414,513.841492,-1.666000,0.098000,-1.323000,0.000000,0.000000,0.000000,31.0495720,-103.5300446,6489.700,23.099,30570,8
"COREYMAY3",98,22451,0,9511535,507.500000,52.310001,-2.074481,-0.576801,-0.508181,90.975609,8.475610,513.902466,-1.421000,-0.343000,-1.274000,0.000000,0.000000,0.000000,31.0495720,-103.5300446,6489.700,23.099,30570,8
"COREYMAY3",98,53301,0,9511545,507.500000,52.310001,-2.101831,-0.611600,-0.509890,91.036583,8.170732,513.658508,-1.470000,0.147000,-1.715000,0.000000,0.000000,0.000000,31.0495720,-103.5300446,6489.700,23.099,30570,8
"COREYMAY3",98,11697,0,9511555,507.500000,52.310001,-2.053480,-0.599512,-0.494261,91.463417,8.048780,513.414612,-1.764000,-0.049000,-1.372000,0.000000,0.000000,0.000000,31.0495720,-103.5300446,6489.700,23.099,30570,8
"COREYMAY3",98,17839,0,9511565,506.309998,52.310001,-2.082540,-0.613553,-0.505128,91.829269,7.865854,513.414612,-1.617000,0.294000,-1.568000,0.000000,0.000000,0.000000,31.0495720,-103.5300446,6489.700,23.099,30570,8
"COREYMAY3",98,59998,0,9511575,506.309998,52.310001,-2.042369,-0.632723,-0.500855,91.890244,7.500000,513.170715,-1.960000,-0.098000,-0.686000,0.000000,0.000000,0.000000,31.0497112,-103.5302124,6792.970,23.099,30570,7
"COREYMAY3",98,19827,0,9511585,506.309998,52.310001,-2.053480,-0.600855,-0.507448,91.524391,6.951220,512.073181,-1.911000,-0.294000,-0.637000,0.000000,0.000000,0.000000,31.0497112,-103.5302124,6792.970,23.099,30570,7
"COREYMAY3",98,41324,0,9511595,506.309998,52.310001,-2.080952,-0.650183,-0.505128,91.524391,6.707317,511.097565,-2.303000,-0.392000,-0.441000,0.000000,0.000000,0.000000,31.0497112,-103.5302124,6792.970,23.099,30570,7
"COREYMAY3",98,56978,0,9511605,505.690002,52.310001,-2.018071,-0.611844,-0.508059,91.646339,6.402439,510.670746,-1.372000,-0.441000,-0.490000,0.000000,0.000000,0.000000,31.0497112,-103.5302124,6792.970,21.092,30780,7
"COREYMAY3",98,13565,0,9511615,505.690002,52.310001,-2.108303,-0.639438,-0.501465,92.012192,6.341464,510.487793,-1.372000,-0.441000,-0.490000,0.000000,0.000000,0.000000,31.0497112,-103.5302124,6792.970,21.092,30780,7
"COREYMAY3",98,24332,0,9511625,505.690002,52.310001,-2.055311,-0.642613,-0.505617,91.768295,6.036585,510.000000,-1.617000,-0.882000,-0.196000,0.000000,0.000000,0.000000,31.0497112,-103.5302124,6792.970,21.092,30780,7
"COREYMAY3",98,31110,0,9511635,505.690002,52.310001,-2.059951,-0.607570,-0.508547,91.280487,5.487805,508.902435,-1.617000,-0.294000,-1.029000,0.000000,0.000000,0.000000,31.0497112,-103.5302124,6792.970,21.092,30780,7
"COREYMAY3",98,49794,0,9511645,504.670013,52.299999,-2.143468,-0.639316,-0.508669,91.097565,5.365854,507.682922,-1.764000,-0.294000,-0.294000,0.000000,0.000000,0.000000,31.0497112,-103.5302124,6792.970,21.092,30780,7
"COREYMAY3",98,16976,0,9511655,504.670013,52.299999,-2.064103,-0.587790,-0.511111,90.792686,5.304878,507.317078,-1.372000,-0.196000,-0.735000,0.000000,0.000000,0.000000,31.0497112,-103.5302124,6792.970,21.092,30780,7
"COREYMAY3",98,11232,0,9511665,504.670013,52.299999,-2.119414,-0.634188,-0.499145,90.365852,5.060976,508.292694,-1.911000,-0.098000,-0.980000,0.000000,0.000000,0.000000,31.0497112,-103.5302124,6792.970,21.092,30780,7
"COREYMAY3",98,17794,0,9511675,504.670013,52.299999,-2.105861,-0.607937,-0.496337,90.548782,5.121951,509.268280,-1.519000,-0.245000,-0.637000,0.000000,0.000000,0.000000,31.0497112,-103.5302124,6792.970,21.092,30780,7
"COREYMAY3",98,22283,0,9511685,504.019989,52.310001,-2.073138,-0.610623,-0.494628,90.975609,5.243902,509.634155,-1.372000,-0.588000,-0.735000,0.000000,0.000000,0.000000,31.0497112,-103.5302124,6792.970,21.092,30780,7
"COREYMAY3",98,64167,0,9511695,504.019989,52.310001,-2.151526,-0.604518,-0.503053,90.792686,5.609756,510.060974,-1.078000,-0.049000,-1.470000,0.000000,0.000000,0.000000,31.0497112,-103.5302124,6792.970,21.092,30780,7
"COREYMAY3",98,56184,0,9511705,504.019989,52.310001,-2.096825,-0.602442,-0.492430,90.609756,5.243902,510.487793,-1.862000,-0.343000,-0.490000,0.000000,0.000000,0.000000,31.0497112,-103.5302124,6792.970,21.092,30780,7
"COREYMAY3",98,22684,0,9511715,504.019989,52.310001,-2.133822,-0.580708,-0.499634,90.487808,5.000000,510.609741,-1.323000,-0.196000,-1.323000,0.000000,0.000000,0.000000,31.0497112,-103.5302124,6792.970,21.092,30780,7
"COREYMAY3",98,38979,0,9511725,503.149994,52.310001,-2.111722,-0.590720,-0.497436,90.182930,4.634146,510.792694,-1.617000,-0.343000,-0.539000,0.000000,0.000000,0.000000,31.0497112,-103.5302124,6792.970,21.092,30780,7
"COREYMAY3",98,2806,0,9511735,503.149994,52.310001,-2.105983,-0.582784,-0.498291,90.121948,4.573171,510.792694,-1.372000,-0.049000,-1.470000,0.000000,0.000000,0.000000,31.0497112,-103.5302124,6792.970,21.092,30780,7
"COREYMAY3",98,5281,0,9511745,503.149994,52.310001,-2.128938,-0.572405,-0.498779,89.817070,4.817073,510.670746,-1.764000,0.049000,-0.294000,0.000000,0.000000,0.000000,31.0497112,-103.5302124,6792.970,21.092,30780,7
"COREYMAY3",98,48448,0,9511755,503.149994,52.310001,-2.096825,-0.589621,-0.496825,89.512192,5.000000,510.304871,-1.715000,-0.098000,-0.490000,0.000000,0.000000,0.000000,31.0497112,-103.5302124,6792.970,21.092,30780,7
"COREYMAY3",98,12833,0,9511765,501.660004,52.310001,-2.129426,-0.558852,-0.495116,89.756096,5.548780,509.756104,-1.421000,-0.294000,-1.421000,0.000000,0.000000,0.000000,31.0497112,-103.5302124,6792.970,21.092,30780,7
"COREYMAY3",98,34137,0,9511775,501.660004,52.310001,-2.067521,-0.580830,-0.492796,89.878052,5.975610,509.024384,-1.519000,-0.049000,-0.931000,0.000000,0.000000,0.000000,31.0497112,-103.5302124,6792.970,21.092,30780,7
"COREYMAY3",98,49081,0,9511785,501.660004,52.310001,-2.103419,-0.529426,-0.489621,89.695122,5.304878,508.353668,-1.617000,-0.049000,-1.372000,0.000000,0.000000,0.000000,31.0497112,-103.5302124,6792.970,21.092,30780,7
"COREYMAY3",98,23329,0,9511795,501.660004,52.310001,-2.081197,-0.557387,-0.493407,89.268295,5.426829,507.682922,-2.205000,-0.245000,-0.882000,0.000000,0.000000,0.000000,31.0497112,-103.5302124,6792.970,21.092,30780,7
"COREYMAY3",98,16691,0,9511805,500.059998,52.299999,-2.079365,-0.548718,-0.493284,88.963417,5.853659,506.768280,-1.715000,-0.049000,-0.980000,0.000000,0.000000,0.000000,31.0497112,-103.5302124,6792.970,21.092,30780,7
"COREYMAY3",98,59518,0,9511815,500.059998,52.299999,-2.063858,-0.539438,-0.494383,89.085365,6.158536,505.853668,-1.274000,-0.539000,-1.421000,0.000000,0.000000,0.000000,31.0497112,-103.5302124,6792.970,21.092,30780,7
"COREYMAY3",98,61715,0,9511825,500.059998,52.299999,-2.033577,-0.527717,-0.486935,89.085365,6.158536,505.000000,-1.274000,-0.049000,-1.127000,0.000000,0.000000,0.000000,31.0497112,-103.5302124,6792.970,21.092,30780,7
"COREYMAY3",98,52614,0,9511835,500.059998,52.299999,-2.040293,-0.532479,-0.494994,89.085365,6.097561,504.085358,-1.421000,-0.245000,-0.980000,0.000000,0.000000,0.000000,31.0497112,-103.5302124,6792.970,21.092,30780,7
"COREYMAY3",98,17055,0,9511845,490.079987,52.299999,-1.991087,-0.524298,-0.488034,88.597565,5.731707,503.292694,-1.176000,-0.147000,-1.127000,0.000000,0.000000,0.000000,31.0497112,-103.5302124,6792.970,21.092,30780,7
"COREYMAY3",98,29103,0,9511855,490.079987,52.299999,-1.989011,-0.538339,-0.487424,88.292686,5.670732,502.500000,-1.274000,-0.245000,-1.225000,0.000000,0.000000,0.000000,31.0497112,-103.5302124,6792.970,21.092,30780,7
"COREYMAY3",98,9357,0,9511865,490.079987,52.299999,-1.984493,-0.526740,-0.491453,87.987808,5.914634,501.097565,-1.274000,-0.245000,-1.225000,0.000000,0.000000,0.000000,31.0497112,-103.5302124,6792.970,21.092,30780,7
"COREYMAY3",98,40411,0,9511875,490.079987,52.299999,-1.951526,-0.533700,-0.492063,88.109756,5.304878,499.634155,-1.127000,-0.196000,-1.225000,0.000000,0.000000,0.000000,31.0497112,-103.5302124,6792.970,21.092,30780,7
"COREYMAY3",98,57766,0,9511885,458.589996,52.310001,-1.965690,-0.532967,-0.496703,89.085365,4.390244,497.560974,-1.176000,-0.147000,-1.274000,0.000000,0.000000,0.000000,31.0497112,-103.5302124,6792.970,21.092,30780,7
"COREYMAY3",98,2302,0,9511895,458.589996,52.310001,-1.929914,-0.539683,-0.502320,89.146339,4.573171,495.426819,-1.960000,-0.833000,-0.882000,0.000000,0.000000,0.000000,31.0497112,-103.5302124,6792.970,21.092,30780,7
"COREYMAY3",98,56192,0,9511905,458.589996,52.310001,-1.901832,-0.537118,-0.512210,87.987808,5.975610,492.804871,-1.764000,-0.637000,-0.735000,0.000000,0.000000,0.000000,31.0497112,-103.5302124,6792.970,21.092,30780,7
"COREYMAY3",98,56529,0,9511915,458.589996,52.310001,-1.911355,-0.533578,-0.505861,87.560974,5.365854,489.573181,-1.421000,-0.196000,-1.568000,0.000000,0.000000,0.000000,31.0497112,-103.5302124,6792.970,21.092,30780,7
"COREYMAY3",98,11204,0,9511925,441.850006,52.310001,-1.860928,-0.524786,-0.510745,87.743904,5.365854,486.036591,-1.029000,-0.049000,-1.274000,0.000000,0.000000,0.000000,31.0497112,-103.5302124,6792.970,21.092,30780,7
"COREYMAY3",98,22224,0,9511935,441.850006,52.310001,-1.886203,-0.544689,-0.507326,87.987808,5.426829,482.378052,-1.764000,0.294000,-0.490000,0.000000,0.000000,0.000000,31.0497112,-103.5302124,6792.970,21.092,30780,7
"COREYMAY3",98,30425,0,9511945,441.850006,52.310001,-1.877656,-0.525031,-0.517094,87.621948,5.365854,478.353668,-0.980000,-0.245000,-1.323000,0.000000,0.000000,0.000000,31.0497112,-103.5302124,6792.970,21.092,30780,7
"COREYMAY3",98,12286,0,9511955,441.850006,52.310001,-1.856777,-0.520391,-0.512576,87.621948,5.182927,474.329254,-0.784000,-0.098000,-0.931000,0.000000,0.000000,0.000000,31.0497112,-103.5302124,6792.970,21.092,30780,7
"COREYMAY3",98,42020,0,9511965,435.540009,52.310001,-1.871062,-0.527228,-0.520635,86.951218,5.792683,470.426819,-1.225000,-0.539000,-1.372000,0.000000,0.000000,0.000000,31.0497112,-103.5302124,6792.970,21.092,30780,7
"COREYMAY3",98,8018,0,9511975,435.540009,52.310001,-1.838584,-0.518681,-0.517582,86.951218,5.487805,466.524384,-1.274000,-0.637000,-0.588000,0.000000,0.000000,0.000000,31.0497112,-103.5302124,6792.970,21.092,30780,7
"COREYMAY3",98,36834,0,9511985,435.540009,52.310001,-1.822711,-0.537729,-0.512698,86.646339,5.670732,463.109741,-1.421000,-0.245000,0.147000,0.000000,0.000000,0.000000,31.0497112,-103.5302124,6792.970,21.092,30780,7
"COREYMAY3",98,4169,0,9511995,435.540009,52.310001,-1.815018,-0.544689,-0.507448,86.646339,6.158536,459.817078,-1.862000,0.000000,-0.392000,0.000000,0.000000,0.000000,31.0497112,-103.5302124,6792.970,21.092,30780,7
"COREYMAY3",98,12811,0,9512005,432.510010,52.299999,-1.798291,-0.541026,-0.512332,85.731705,6.280488,456.341461,-1.323000,0.196000,-0.490000,0.000000,0.000000,0.000000,31.0497112,-103.5302124,6792.970,21.092,30780,7
"COREYMAY3",98,30140,0,9512015,432.510010,52.299999,-1.835775,-0.563248,-0.524420,86.280487,6.280488,452.560974,-1.519000,0.245000,-0.392000,0.000000,0.000000,0.000000,31.0497112,-103.5302124,6792.970,21.092,30780,7
"COREYMAY3",98,31833,0,9512025,432.510010,52.299999,-1.806715,-0.536630,-0.513065,86.341461,6.463415,449.451233,-1.176000,-0.245000,-1.176000,0.000000,0.000000,0.000000,31.0497112,-103.5302124,6792.970,21.092,30780,7
"COREYMAY3",98,36919,0,9512035,432.510010,52.299999,-1.788034,-0.553846,-0.528083,85.609756,6.646341,447.073181,-1.127000,-0.539000,-1.225000,0.000000,0.000000,0.000000,31.0497112,-103.5302124,6792.970,21.092,30780,7
"COREYMAY3",98,10913,0,9512045,431.529999,52.299999,-1.852747,-0.558608,-0.513431,85.426826,7.012195,444.634155,-1.225000,-0.343000,-1.470000,0.000000,0.000000,0.000000,31.0497112,-103.5302124,6792.970,21.092,30780,7
"COREYMAY3",98,8630,0,9512055,431.529999,52.299999,-1.785714,-0.558486,-0.510379,84.878052,6.768293,443.170746,-2.352000,0.000000,-0.392000,0.000000,0.000000,0.000000,31.0497112,-103.5302124,6792.970,21.092,30780,7
"COREYMAY3",98,32813,0,9512065,431.529999,52.299999,-1.805861,-0.591941,-0.515018,85.000000,6.646341,441.097565,-1.176000,0.539000,-0.539000,0.000000,0.000000,0.000000,31.0497112,-103.5302124,6792.970,21.092,30780,7
"COREYMAY3",98,22661,0,9512075,431.529999,52.299999,-1.844933,-0.559219,-0.516728,85.609756,7.073171,438.780487,-1.666000,-0.343000,-0.588000,0.000000,0.000000,0.000000,31.0497112,-103.5302124,6792.970,21.092,30780,7
"COREYMAY3",98,32459,0,9512085,430.790009,52.299999,-1.802930,-0.618071,-0.515751,86.280487,7.865854,437.195129,-0.931000,-0.245000,-1.078000,0.000000,0.000000,0.000000,31.0497112,-103.5302124,6792.970,21.092,30780,7
"COREYMAY3",98,39343,0,9512095,430.790009,52.299999,-1.880708,-0.596215,-0.523687,87.317070,7.500000,436.280487,-1.421000,0.098000,-1.421000,0.000000,0.000000,0.000000,31.0497112,-103.5302124,6792.970,21.092,30780,7
"COREYMAY3",98,3566,0,9512105,430.790009,52.299999,-1.829548,-0.638828,-0.520757,87.560974,7.500000,435.670746,-0.931000,-0.735000,-0.343000,0.000000,0.000000,0.000000,31.0497112,-103.5302124,6792.970,21.092,30780,7
"COREYMAY3",98,13816,0,9512115,430.790009,52.299999,-1.864347,-0.624908,-0.513187,86.951218,7.926829,435.548767,-0.931000,-0.735000,-0.343000,0.000000,0.000000,0.000000,31.0497112,-103.5302124,6792.970,21.092,30780,7
"COREYMAY3",98,31523,0,9512125,430.179993,52.290001,-1.880830,-0.666545,-0.512698,86.890244,7.500000,435.243896,-1.862000,-0.931000,0.147000,0.000000,0.000000,0.000000,31.0497112,-103.5302124,6792.970,21.092,30780,7
"COREYMAY3",98,46876,0,9512135,430.179993,52.290001,-1.885470,-0.657143,-0.506593,86.463417,8.170732,435.487793,-1.911000,-0.147000,-1.078000,0.000000,0.000000,0.000000,31.0497112,-103.5302124,6792.970,21.092,30780,7
"COREYMAY3",98,45046,0,9512145,430.179993,52.290001,-1.935775,-0.683517,-0.505739,86.768295,8.414634,436.158539,-1.568000,0.245000,-2.156000,0.000000,0.000000,0.000000,31.0497112,-103.5302124,6792.970,21.092,30780,7
"COREYMAY3",98,2688,0,9512155,430.179993,52.290001,-1.921612,-0.697802,-0.528205,86.890244,8.231708,437.012207,-1.519000,0.049000,-2.058000,0.000000,0.000000,0.000000,31.0497112,-103.5302124,6792.970,21.092,30780,7
"COREYMAY3",98,30562,0,9512165,429.149994,52.290001,-1.972405,-0.676068,-0.515751,85.853661,8.902439,438.231720,-1.617000,-0.784000,-0.294000,0.000000,0.000000,0.000000,31.0497112,-103.5302124,6792.970,21.092,30780,7
"COREYMAY3",98,35250,0,9512175,429.149994,52.290001,-1.983761,-0.712332,-0.526252,85.609756,9.207317,439.207306,-1.666000,-0.686000,-0.343000,0.000000,0.000000,0.000000,31.0497112,-103.5302124,6792.970,21.092,30780,7
"COREYMAY3",98,29772,0,9512185,429.149994,52.290001,-1.996215,-0.692186,-0.517949,87.012192,9.146341,440.609741,-1.225000,-0.245000,-1.764000,0.000000,0.000000,0.000000,31.0497112,-103.5302124,6792.970,21.092,30780,7
"COREYMAY3",98,8825,0,9512195,429.149994,52.290001,-2.061661,-0.725763,-0.518559,87.865852,9.756098,441.524384,-2.009000,-1.617000,0.980000,0.000000,0.000000,0.000000,31.0497112,-103.5302124,6792.970,21.092,30780,7
"COREYMAY3",98,25349,0,9512205,428.799988,52.279999,-2.049084,-0.688767,-0.519048,87.682930,9.817073,442.134155,-1.715000,-0.490000,-0.539000,0.000000,0.000000,0.000000,31.0497112,-103.5302124,6792.970,21.092,30780,7
"COREYMAY3",98,62247,0,9512215,428.799988,52.279999,-2.063492,-0.726374,-0.514286,87.865852,9.756098,443.292694,-0.735000,-0.735000,-1.666000,0.000000,0.000000,0.000000,31.0497112,-103.5302124,6792.970,21.092,30780,7
"COREYMAY3",98,49766,0,9512225,428.799988,52.279999,-2.092185,-0.717949,-0.507692,87.865852,9.329268,444.695129,-1.372000,-0.784000,-0.441000,0.000000,0.000000,0.000000,31.0497112,-103.5302124,6792.970,21.092,30780,7
"COREYMAY3",98,495,0,9512235,428.799988,52.279999,-2.091941,-0.729304,-0.515873,88.536583,10.365853,445.548767,-1.470000,-0.049000,-1.176000,0.000000,0.000000,0.000000,31.0497112,-103.5302124,6792.970,21.092,30780,7
"COREYMAY3",98,3435,0,9512245,427.829987,52.279999,-2.153114,-0.744444,-0.501587,89.085365,11.707317,445.914642,-0.735000,-0.245000,-1.029000,0.000000,0.000000,0.000000,31.0497112,-103.5302124,6792.970,21.092,30780,7
"COREYMAY3",98,9692,0,9512255,427.829987,52.279999,-2.134066,-0.716972,-0.513065,88.414635,12.256098,447.195129,-1.911000,-0.833000,0.294000,0.000000,0.000000,0.000000,31.0497112,-103.5302124,6792.970,21.092,30780,7
"COREYMAY3",98,61062,0,9512265,427.829987,52.279999,-2.184615,-0.756654,-0.507326,89.268295,12.621951,447.378052,-1.813000,-0.490000,0.637000,0.000000,0.000000,0.000000,31.0497112,-103.5302124,6792.970,21.092,30780,7
"COREYMAY3",98,14121,0,9512275,427.829987,52.279999,-2.192552,-0.716728,-0.512210,90.792686,12.317073,446.768280,-1.911000,-0.196000,-1.617000,0.000000,0.000000,0.000000,31.0497112,-103.5302124,6792.970,21.092,30780,7
"COREYMAY3",98,42663,0,9512285,427.339996,52.270000,-2.219658,-0.741880,-0.506838,92.012192,12.195122,446.890259,-1.029000,-0.490000,-0.588000,0.000000,0.000000,0.000000,31.0497112,-103.5302124,6792.970,21.092,30780,7
"COREYMAY3",98,32198,0,9512295,427.339996,52.270000,-2.273138,-0.709890,-0.503053,92.926826,13.048780,447.987793,-1.813000,-0.490000,-0.588000,0.000000,0.000000,0.000000,31.0497112,-103.5302124,6792.970,21.092,30780,7
"COREYMAY3",98,3202,0,9512305,427.339996,52.270000,-2.169597,-0.760195,-0.505128,93.109756,13.902439,450.182922,-2.401000,-0.196000,-0.882000,0.000000,0.000000,0.000000,31.0497112,-103.5302124,6792.970,21.092,30780,7
"COREYMAY3",98,4508,0,9512315,427.339996,52.270000,-2.295360,-0.744200,-0.509402,92.926826,13.536586,451.646332,-1.372000,-0.441000,-1.666000,0.000000,0.000000,0.000000,31.0497112,-103.5302124,6792.970,21.092,30780,7
"COREYMAY3",98,15832,0,9512325,427.220001,52.270000,-2.268376,-0.715629,-0.500366,93.963417,13.719512,451.158539,-1.813000,-0.588000,-1.323000,0.000000,0.000000,0.000000,31.0497112,-103.5302124,6792.970,21.092,30780,7
"COREYMAY3",98,36076,0,9512335,427.220001,52.270000,-2.325153,-0.741880,-0.497924,95.365852,14.695122,451.219513,-1.274000,-0.980000,-0.637000,0.000000,0.000000,0.000000,31.0497112,-103.5302124,6792.970,21.092,30780,7
"COREYMAY3",98,5884,0,9512345,427.220001,52.270000,-2.306227,-0.736874,-0.506593,96.097565,15.121951,451.707306,-1.813000,-0.245000,-1.862000,0.000000,0.000000,0.000000,31.0497112,-103.5302124,6792.970,21.092,30780,7
"COREYMAY3",98,1672,0,9512355,427.220001,52.270000,-2.281563,-0.711844,-0.498413,97.012192,15.121951,451.768280,-1.813000,-0.245000,-1.862000,0.000000,0.000000,0.000000,31.0497112,-103.5302124,6792.970,21.092,30780,7
"COREYMAY3",98,23735,0,9512365,426.859985,52.259998,-2.399145,-0.757753,-0.482540,98.109756,14.573171,451.951233,-2.793000,-0.882000,-0.588000,0.000000,0.000000,0.000000,31.0497112,-103.5302124,6792.970,21.092,30780,7
"COREYMAY3",98,64257,0,9512375,426.859985,52.259998,-2.337118,-0.699756,-0.499756,98.963417,13.841463,452.073181,-1.862000,0.049000,-0.490000,0.000000,0.000000,0.000000,31.0497112,-103.5302124,6792.970,21.092,30780,7
"COREYMAY3",98,38770,0,9512385,426.859985,52.259998,-2.402320,-0.771062,-0.504884,99.390244,12.926829,451.646332,-2.548000,-0.686000,0.588000,0.000000,0.000000,0.000000,31.0497112,-103.5302124,6792.970,21.092,30780,7
"COREYMAY3",98,12463,0,9512395,426.859985,52.259998,-2.390232,-0.732234,-0.502198,100.487808,12.378049,451.402435,-2.401000,-0.245000,-1.225000,0.000000,0.000000,0.000000,31.0497112,-103.5302124,6792.970,21.092,30780,7
"COREYMAY3",98,50125,0,9512405,426.000000,52.250000,-2.409402,-0.746398,-0.493895,101.768295,14.634147,450.365845,-1.323000,-0.686000,-1.568000,0.000000,0.000000,0.000000,31.0497112,-103.5302124,6792.970,21.092,30780,7
"COREYMAY3",98,21494,0,9512415,426.000000,52.250000,-2.465812,-0.742979,-0.490965,102.682930,15.609756,450.426819,-2.107000,-0.784000,0.784000,0.000000,0.000000,0.000000,31.0497112,-103.5302124,6792.970,21.092,30780,7
"COREYMAY3",98,4623,0,9512425,426.000000,52.250000,-2.414286,-0.736630,-0.504396,103.292686,14.207317,451.280487,-1.813000,-0.686000,-0.735000,0.000000,0.000000,0.000000,31.0497112,-103.5302124,6792.970,21.092,30780,7
"COREYMAY3",98,10915,0,9512435,426.000000,52.250000,-2.528205,-0.771551,-0.492918,103.658539,13.658537,451.585358,-2.205000,-0.245000,-0.833000,0.000000,0.000000,0.000000,31.0497112,-103.5302124,6792.970,21.092,30780,7
"COREYMAY3",98,18568,0,9512445,426.149994,52.250000,-2.447985,-0.752137,-0.505128,104.573174,13.963414,451.585358,-1.176000,-0.637000,-2.156000,0.000000,0.000000,0.000000,31.0497112,-103.5302124,6792.970,21.092,30780,7
"COREYMAY3",98,37913,0,9512455,426.149994,52.250000,-2.536508,-0.758974,-0.497192,105.670731,14.085366,451.097565,-2.989000,0.490000,-2.156000,0.000000,0.000000,0.000000,31.0497112,-103.5302124,6792.970,21.092,30780,7
"COREYMAY3",98,41666,0,9512465,426.149994,52.250000,-2.535287,-0.758974,-0.494505,106.585365,13.658537,450.975616,-0.833000,0.245000,-0.833000,0.000000,0.000000,0.000000,31.0497112,-103.5302124,6792.970,21.092,30780,7
"COREYMAY3",98,42640,0,9512475,426.149994,52.250000,-2.510134,-0.751160,-0.501099,107.621948,13.475610,451.707306,-2.352000,-0.147000,-0.294000,0.000000,0.000000,0.000000,31.0497112,-103.5302124,6792.970,21.092,30780,7
"COREYMAY3",98,10686,0,9512485,425.130005,52.240002,-2.653480,-0.751526,-0.494505,108.780487,12.317073,452.195129,-1.519000,-1.029000,-0.441000,0.000000,0.000000,0.000000,31.0497112,-103.5302124,6792.970,21.092,30780,7
"COREYMAY3",98,46289,0,9512495,425.130005,52.240002,-2.550672,-0.779243,-0.505495,108.719513,12.317073,450.975616,-2.450000,-1.421000,-1.323000,0.000000,0.000000,0.000000,31.0497112,-103.5302124,6792.970,21.092,30780,7
"COREYMAY3",98,8108,0,9512505,425.130005,52.240002,-2.677289,-0.724542,-0.498901,109.390244,12.926829,449.634155,-2.548000,-0.049000,-1.029000,0.000000,0.000000,0.000000,31.0497112,-103.5302124,6792.970,21.092,30780,7
"COREYMAY3",98,12785,0,9512515,425.130005,52.240002,-2.676435,-0.788400,-0.487179,111.280487,11.890244,450.975616,-2.744000,-0.049000,-1.813000,0.000000,0.000000,0.000000,31.0497112,-103.5302124,6792.970,21.092,30780,7
"COREYMAY3",98,57341,0,9512525,424.390015,52.230000,-2.691941,-0.748230,-0.504640,111.646339,11.524390,452.621948,-2.401000,-0.686000,-0.980000,0.000000,0.000000,0.000000,31.0497112,-103.5302124,6792.970,21.092,30780,7
"COREYMAY3",98,13248,0,9512535,424.390015,52.230000,-2.769963,-0.741636,-0.503541,112.317070,12.134147,452.317078,-2.793000,-0.735000,-0.686000,0.000000,0.000000,0.000000,31.0497112,-103.5302124,6792.970,21.092,30780,7
"COREYMAY3",98,3575,0,9512545,424.390015,52.230000,-2.777778,-0.745788,-0.500244,113.475609,11.707317,451.463409,-2.205000,-0.343000,-0.490000,0.000000,0.000000,0.000000,31.0497112,-103.5302124,6792.970,21.092,30780,7
"COREYMAY3",98,35946,0,9512555,424.390015,52.230000,-2.782418,-0.692308,-0.498291,114.268295,9.939024,452.378052,-1.911000,-0.196000,-1.617000,0.000000,0.000000,0.000000,31.0497112,-103.5302124,6792.970,21.092,30780,7
"COREYMAY3",98,19548,0,9512565,423.950012,52.220001,-2.895971,-0.739316,-0.499878,114.756096,10.121951,454.207306,-3.038000,0.392000,-0.686000,0.000000,0.000000,0.000000,31.0497112,-103.5302124,6792.970,21.092,30780,7
"COREYMAY3",98,12669,0,9512575,423.950012,52.220001,-2.938217,-0.683028,-0.488400,115.914635,10.060976,458.231720,-1.813000,-0.882000,0.735000,0.000000,0.000000,0.000000,31.0498390,-103.5303726,7096.730,21.092,30780,8
"COREYMAY3",98,16205,0,9512585,423.950012,52.220001,-2.885348,-0.722222,-0.490110,117.439026,9.146341,460.060974,-2.744000,-0.392000,-0.637000,0.000000,0.000000,0.000000,31.0498390,-103.5303726,7096.730,21.092,30780,8
"COREYMAY3",98,35602,0,9512595,423.950012,52.220001,-2.953358,-0.631502,-0.487546,117.073174,8.841463,459.573181,-2.597000,-0.784000,-0.833000,0.000000,0.000000,0.000000,31.0498390,-103.5303726,7096.730,21.092,30780,8
"COREYMAY3",98,29692,0,9512605,423.890015,52.209999,-3.004029,-0.684982,-0.494994,118.231705,9.695122,460.670746,-2.597000,-0.784000,-0.833000,0.000000,0.000000,0.000000,31.0498390,-103.5303726,7096.730,17.800,29470,8
"COREYMAY3",98,14351,0,9512615,423.890015,52.209999,-3.003297,-0.627228,-0.491819,120.304878,9.329268,463.109741,-2.254000,-0.147000,-1.127000,0.000000,0.000000,0.000000,31.0498390,-103.5303726,7096.730,17.800,29470,8
"COREYMAY3",98,12810,0,9512625,423.890015,52.209999,-3.043223,-0.662637,-0.482051,121.585365,8.597561,466.219513,-3.136000,0.735000,-1.666000,0.000000,0.000000,0.000000,31.0498390,-103.5303726,7096.730,17.800,29470,8
"COREYMAY3",98,14008,0,9512635,423.890015,52.209999,-3.156410,-0.560928,-0.494505,121.646339,9.146341,467.926819,-2.450000,-0.294000,-1.176000,0.000000,0.000000,0.000000,31.0498390,-103.5303726,7096.730,17.800,29470,8
"COREYMAY3",98,7388,0,9512645,422.750000,52.209999,-3.207692,-0.577778,-0.485958,121.707314,8.536586,468.963409,-3.724000,0.490000,-1.323000,0.000000,0.000000,0.000000,31.0498390,-103.5303726,7096.730,17.800,29470,8
"COREYMAY3",98,27590,0,9512655,422.750000,52.209999,-3.230769,-0.515751,-0.482784,123.170731,7.560976,471.585358,-2.793000,0.294000,-1.862000,0.000000,0.000000,0.000000,31.0498390,-103.5303726,7096.730,17.800,29470,8
"COREYMAY3",98,57190,0,9512665,422.750000,52.209999,-3.205006,-0.471306,-0.488400,124.207314,6.341464,475.243896,-2.303000,0.000000,-0.833000,0.000000,0.000000,0.000000,31.0498390,-103.5303726,7096.730,17.800,29470,8
"COREYMAY3",98,53950,0,9512675,422.750000,52.209999,-3.276191,-0.471673,-0.482906,125.853661,6.829268,479.817078,-3.136000,-0.196000,-1.421000,0.000000,0.000000,0.000000,31.0498390,-103.5303726,7096.730,17.800,29470,8
"COREYMAY3",98,8716,0,9512685,421.429993,52.189999,-3.305617,-0.434188,-0.477900,126.890244,5.670732,482.195129,-3.234000,0.147000,0.245000,0.000000,0.000000,0.000000,31.0498390,-103.5303726,7096.730,17.800,29470,8
"COREYMAY3",98,63086,0,9512695,421.429993,52.189999,-3.279854,-0.359585,-0.491209,127.743904,5.731707,482.378052,-3.577000,-0.441000,-0.392000,0.000000,0.000000,0.000000,31.0498390,-103.5303726,7096.730,17.800,29470,8
"COREYMAY3",98,2257,0,9512705,421.429993,52.189999,-3.403053,-0.328327,-0.484249,129.207321,5.853659,482.378052,-2.499000,-1.372000,-0.049000,0.000000,0.000000,0.000000,31.0498390,-103.5303726,7096.730,17.800,29470,8
"COREYMAY3",98,410,0,9512715,421.429993,52.189999,-3.356166,-0.202564,-0.490476,129.451218,4.512195,483.109741,-3.479000,0.245000,-0.098000,0.000000,0.000000,0.000000,31.0498390,-103.5303726,7096.730,17.800,29470,8
"COREYMAY3",98,13750,0,9512725,420.640015,52.180000,-3.330037,-0.260317,-0.478755,131.097565,3.841463,486.097565,-3.773000,0.441000,-0.833000,0.000000,0.000000,0.000000,31.0498390,-103.5303726,7096.730,17.800,29470,8
"COREYMAY3",98,20704,0,9512735,420.640015,52.180000,-3.349084,-0.084249,-0.479609,132.804871,3.109756,485.060974,-3.283000,-0.147000,-1.225000,0.000000,0.000000,0.000000,31.0498390,-103.5303726,7096.730,17.800,29470,8
"COREYMAY3",98,32363,0,9512745,420.640015,52.180000,-3.439805,-0.122833,-0.470452,133.780487,1.829268,483.902435,-2.940000,0.882000,-2.107000,0.000000,0.000000,0.000000,31.0498390,-103.5303726,7096.730,17.800,29470,8
"COREYMAY3",98,51427,0,9512755,420.640015,52.180000,-3.453846,-0.022344,-0.481197,135.000000,0.548781,483.170746,-3.479000,-0.343000,-0.245000,0.000000,0.000000,0.000000,31.0498390,-103.5303726,7096.730,17.800,29470,8
"COREYMAY3",98,32220,0,9512765,419.239990,52.169998,-3.479365,0.033089,-0.482906,136.707321,1.341463,482.012207,-2.744000,0.147000,-1.078000,0.000000,0.000000,0.000000,31.0498390,-103.5303726,7096.730,17.800,29470,8
"COREYMAY3",98,59091,0,9512775,419.239990,52.169998,-3.547375,0.051648,-0.476190,138.719513,1.341463,480.365845,-2.548000,-0.147000,-1.715000,0.000000,0.000000,0.000000,31.0498390,-103.5303726,7096.730,17.800,29470,8
"COREYMAY3",98,38874,0,9512785,419.239990,52.169998,-3.585836,0.107448,-0.481074,139.512192,-0.670732,474.390259,-3.479000,0.637000,-2.205000,0.000000,0.000000,0.000000,31.0498390,-103.5303726,7096.730,17.800,29470,8
"COREYMAY3",98,45430,0,9512795,419.239990,52.169998,-3.403419,0.119536,-0.485836,140.121948,-2.134146,462.500000,-3.724000,0.980000,-1.029000,0.000000,0.000000,0.000000,31.0498390,-103.5303726,7096.730,17.800,29470,8
"COREYMAY3",98,55104,0,9512805,418.529999,52.160000,-3.518925,0.229792,-0.488889,140.304871,-1.707317,448.109741,-3.234000,0.147000,0.588000,0.000000,0.000000,0.000000,31.0498390,-103.5303726,7096.730,17.800,29470,8
"COREYMAY3",98,63300,0,9512815,418.529999,52.160000,-3.574115,0.186935,-0.483150,141.097565,-1.402439,432.500000,-2.744000,0.980000,-0.735000,0.000000,0.000000,0.000000,31.0498390,-103.5303726,7096.730,17.800,29470,8
"COREYMAY3",98,7611,0,9512825,418.529999,52.160000,-3.560562,0.243712,-0.490354,141.219513,-1.280488,414.512207,-3.577000,1.029000,-0.196000,0.000000,0.000000,0.000000,31.0498390,-103.5303726,7096.730,17.800,29470,8
"COREYMAY3",98,54071,0,9512835,418.529999,52.160000,-3.602198,0.234921,-0.481319,142.012192,-0.121951,393.231720,-2.401000,0.343000,0.147000,0.000000,0.000000,0.000000,31.0498390,-103.5303726,7096.730,17.800,29470,8
"COREYMAY3",98,19961,0,9512845,418.230011,52.150002,-3.551404,0.216239,-0.487057,143.536591,0.365854,371.341461,-2.891000,0.294000,-0.784000,0.000000,0.000000,0.000000,31.0498390,-103.5303726,7096.730,17.800,29470,8
"COREYMAY3",98,63244,0,9512855,418.230011,52.150002,-3.564713,0.237241,-0.475702,144.024384,1.219512,347.804871,-2.891000,0.294000,-0.784000,0.000000,0.000000,0.000000,31.0498390,-103.5303726,7096.730,17.800,29470,8
"COREYMAY3",98,34556,0,9512865,418.230011,52.150002,-3.729182,0.160440,-0.474603,143.780487,2.743902,320.792694,-3.479000,0.392000,-1.617000,0.000000,0.000000,0.000000,31.0498390,-103.5303726,7096.730,17.800,29470,8
"COREYMAY3",98,8196,0,9512875,418.230011,52.150002,-3.741758,0.134188,-0.483516,144.512192,5.792683,294.024384,-3.773000,0.000000,-0.392000,0.000000,0.000000,0.000000,31.0498390,-103.5303726,7096.730,17.800,29470,8
"COREYMAY3",98,40574,0,9512885,419.690002,52.139999,-3.569963,0.008913,-0.466667,144.268295,7.743902,267.560974,-3.185000,-0.539000,-0.931000,0.000000,0.000000,0.000000,31.0498390,-103.5303726,7096.730,17.800,29470,8
"COREYMAY3",98,44805,0,9512895,419.690002,52.139999,-3.685836,-0.099756,-0.458852,144.329269,9.878049,240.670731,-3.675000,0.833000,-0.098000,0.000000,0.000000,0.000000,31.0498390,-103.5303726,7096.730,17.800,29470,8
