#version,serial,flight,time,state,state_name,acceleration,pressure,altitude,height,speed,temperature,drogue_voltage,main_voltage,battery_voltage
6, 13997, 13,    -0.62, 3,   boost,   11.68,  90108.00,  978.61,    8.42,   16.30, 48.0, 5.25, 5.25, 5.27
6, 13997, 13,    -0.61, 3,   boost,   12.28,  90103.00,  979.07,    8.88,   16.54, 48.0, 5.25, 5.25, 5.27
6, 13997, 13,    -0.60, 3,   boost,   12.91,  90103.00,  979.07,    8.88,   16.78, 48.0, 5.25, 5.25, 5.27
6, 13997, 13,    -0.59, 3,   boost,   13.56,  90103.00,  979.07,    8.88,   17.02, 48.0, 5.25, 5.25, 5.27
6, 13997, 13,    -0.58, 3,   boost,   14.23,  90098.00,  979.53,    9.33,   17.26, 48.0, 5.25, 5.25, 5.27
6, 13997, 13,    -0.57, 3,   boost,   14.91,  90097.00,  979.62,    9.43,   17.51, 48.0, 5.25, 5.25, 5.27
6, 13997, 13,    -0.56, 3,   boost,   15.62,  90097.00,  979.62,    9.43,   17.76, 48.0, 5.25, 5.25, 5.27
6, 13997, 13,    -0.55, 3,   boost,   16.33,  90098.00,  979.53,    9.33,   18.01, 48.0, 5.25, 5.25, 5.27
6, 13997, 13,    -0.54, 3,   boost,   17.06,  90090.00,  980.26,   10.07,   18.27, 48.0, 5.25, 5.25, 5.27
6, 13997, 13,    -0.53, 3,   boost,   17.81,  90084.00,  980.81,   10.62,   18.52, 48.0, 5.25, 5.25, 5.27
6, 13997, 13,    -0.52, 3,   boost,   18.56,  90095.00,  979.80,    9.61,   18.78, 48.0, 5.25, 5.25, 5.27
6, 13997, 13,    -0.51, 3,   boost,   19.31,  90084.00,  980.81,   10.62,   19.04, 48.0, 5.25, 5.25, 5.27
6, 13997, 13,    -0.50, 3,   boost,   20.07,  90083.00,  980.90,   10.71,   19.31, 48.0, 5.25, 5.25, 5.27
6, 13997, 13,    -0.49, 3,   boost,   20.82,  90081.00,  981.08,   10.89,   19.58, 48.0, 5.25, 5.25, 5.27
6, 13997, 13,    -0.48, 3,   boost,   21.57,  90079.00,  981.26,   11.07,   19.85, 48.0, 5.25, 5.25, 5.27
6, 13997, 13,    -0.47, 3,   boost,   22.31,  90073.00,  981.81,   11.62,   20.12, 48.0, 5.25, 5.25, 5.27
6, 13997, 13,    -0.46, 3,   boost,   23.04,  90069.00,  982.18,   11.99,   20.39, 48.0, 5.25, 5.25, 5.27
6, 13997, 13,    -0.45, 3,   boost,   23.75,  90070.00,  982.09,   11.90,   20.67, 48.0, 5.25, 5.25, 5.27
6, 13997, 13,    -0.44, 3,   boost,   24.44,  90064.00,  982.64,   12.45,   20.95, 48.0, 5.25, 5.25, 5.27
6, 13997, 13,    -0.43, 3,   boost,   25.11,  90065.00,  982.55,   12.35,   21.23, 48.0, 5.25, 5.25, 5.27
6, 13997, 13,    -0.42, 3,   boost,   25.75,  90054.00,  983.55,   13.36,   21.51, 48.0, 5.25, 5.25, 5.27
6, 13997, 13,    -0.41, 3,   boost,   26.36,  90060.00,  983.00,   12.81,   21.80, 48.0, 5.25, 5.25, 5.27
6, 13997, 13,    -0.40, 3,   boost,   26.94,  90057.00,  983.28,   13.09,   22.09, 48.0, 5.25, 5.25, 5.27
6, 13997, 13,    -0.39, 3,   boost,   27.48,  90052.00,  983.74,   13.55,   22.38, 48.0, 5.25, 5.25, 5.27
6, 13997, 13,    -0.38, 3,   boost,   27.98,  90055.00,  983.46,   13.27,   22.67, 48.0, 5.25, 5.25, 5.27
6, 13997, 13,    -0.37, 3,   boost,   28.45,  90052.00,  983.74,   13.55,   22.96, 48.0, 5.25, 5.25, 5.27
6, 13997, 13,    -0.36, 3,   boost,   28.87,  90046.00,  984.29,   14.09,   23.26, 48.0, 5.25, 5.25, 5.27
6, 13997, 13,    -0.35, 3,   boost,   29.25,  90046.00,  984.29,   14.09,   23.56, 48.0, 5.25, 5.25, 5.27
6, 13997, 13,    -0.34, 3,   boost,   29.59,  90036.00,  985.20,   15.01,   23.86, 48.0, 5.25, 5.25, 5.27
6, 13997, 13,    -0.33, 3,   boost,   29.89,  90038.00,  985.02,   14.83,   24.16, 48.0, 5.25, 5.25, 5.27
6, 13997, 13,    -0.32, 3,   boost,   30.15,  90041.00,  984.74,   14.55,   24.46, 48.0, 5.25, 5.25, 5.27
6, 13997, 13,    -0.31, 3,   boost,   30.38,  90031.00,  985.66,   15.47,   24.77, 48.0, 5.25, 5.25, 5.27
6, 13997, 13,    -0.30, 3,   boost,   30.57,  90029.00,  985.84,   15.65,   25.08, 48.0, 5.25, 5.25, 5.27
6, 13997, 13,    -0.29, 3,   boost,   30.72,  90025.00,  986.21,   16.02,   25.39, 48.0, 5.25, 5.25, 5.27
6, 13997, 13,    -0.28, 3,   boost,   30.85,  90027.00,  986.03,   15.84,   25.70, 48.0, 5.25, 5.25, 5.27
6, 13997, 13,    -0.27, 3,   boost,   30.95,  90021.00,  986.58,   16.38,   26.01, 48.0, 5.25, 5.25, 5.27
6, 13997, 13,    -0.26, 3,   boost,   31.02,  90014.00,  987.22,   17.03,   26.33, 48.0, 5.25, 5.25, 5.27
6, 13997, 13,    -0.25, 3,   boost,   31.07,  90014.00,  987.22,   17.03,   26.64, 48.0, 5.25, 5.25, 5.27
6, 13997, 13,    -0.24, 3,   boost,   31.11,  90008.00,  987.77,   17.58,   26.96, 48.0, 5.25, 5.25, 5.27
6, 13997, 13,    -0.23, 3,   boost,   31.13,  90009.00,  987.68,   17.48,   27.27, 48.0, 5.25, 5.25, 5.27
6, 13997, 13,    -0.22, 3,   boost,   31.14,  90005.00,  988.04,   17.85,   27.59, 48.0, 5.25, 5.25, 5.27
6, 13997, 13,    -0.21, 3,   boost,   31.14,  90003.00,  988.23,   18.03,   27.91, 48.0, 5.25, 5.25, 5.27
6, 13997, 13,    -0.20, 3,   boost,   31.14,  89996.00,  988.87,   18.68,   28.23, 48.0, 5.25, 5.25, 5.27
6, 13997, 13,    -0.19, 3,   boost,   31.13,  89990.00,  989.42,   19.23,   28.56, 48.0, 5.25, 5.25, 5.27
6, 13997, 13,    -0.18, 3,   boost,   31.12,  89987.00,  989.69,   19.50,   28.88, 48.0, 5.25, 5.25, 5.27
6, 13997, 13,    -0.17, 3,   boost,   31.10,  89984.00,  989.97,   19.78,   29.20, 48.0, 5.25, 5.25, 5.27
6, 13997, 13,    -0.16, 3,   boost,   31.09,  89983.00,  990.06,   19.87,   29.53, 48.0, 5.25, 5.25, 5.27
6, 13997, 13,    -0.15, 3,   boost,   31.08,  89982.00,  990.15,   19.96,   29.85, 48.0, 5.25, 5.25, 5.27
6, 13997, 13,    -0.14, 3,   boost,   31.08,  89975.00,  990.79,   20.60,   30.18, 48.0, 5.25, 5.25, 5.27
6, 13997, 13,    -0.13, 3,   boost,   31.07,  89971.00,  991.16,   20.97,   30.50, 48.0, 5.25, 5.25, 5.27
6, 13997, 13,    -0.12, 3,   boost,   31.06,  89966.00,  991.62,   21.42,   30.83, 48.0, 5.25, 5.25, 5.27
6, 13997, 13,    -0.11, 3,   boost,   31.05,  89967.00,  991.52,   21.33,   31.15, 48.0, 5.25, 5.25, 5.27
6, 13997, 13,    -0.10, 3,   boost,   31.02,  89954.00,  992.72,   22.52,   31.48, 48.0, 5.25, 5.25, 5.27
6, 13997, 13,    -0.09, 3,   boost,   30.99,  89958.00,  992.35,   22.16,   31.81, 48.0, 5.25, 5.25, 5.27
6, 13997, 13,    -0.08, 3,   boost,   30.95,  89950.00,  993.08,   22.89,   32.13, 48.0, 5.25, 5.25, 5.27
6, 13997, 13,    -0.07, 3,   boost,   30.89,  89946.00,  993.45,   23.26,   32.46, 48.0, 5.25, 5.25, 5.27
6, 13997, 13,    -0.06, 3,   boost,   30.83,  89939.00,  994.09,   23.90,   32.78, 48.0, 5.25, 5.25, 5.27
6, 13997, 13,    -0.05, 3,   boost,   30.76,  89939.00,  994.09,   23.90,   33.11, 48.0, 5.25, 5.25, 5.27
6, 13997, 13,    -0.04, 3,   boost,   30.68,  89931.00,  994.82,   24.63,   33.43, 48.0, 5.25, 5.25, 5.27
6, 13997, 13,    -0.03, 3,   boost,   30.58,  89916.00,  996.20,   26.01,   33.76, 48.0, 5.25, 5.25, 5.27
6, 13997, 13,    -0.02, 3,   boost,   30.48,  89920.00,  995.83,   25.64,   34.08, 48.0, 5.25, 5.25, 5.27
6, 13997, 13,    -0.01, 3,   boost,   30.37,  89915.00,  996.29,   26.10,   34.40, 48.0, 5.25, 5.25, 5.27
6, 13997, 13,     0.00, 3,   boost,   30.25,  89913.00,  996.48,   26.28,   34.72, 48.0, 5.25, 5.25, 5.27
6, 13997, 13,     0.00, 3,   boost,   30.25,  89913.00,  996.48,   26.28,   34.72, 48.0, 5.25, 5.25, 5.27
6, 13997, 13,     0.00, 3,   boost,   30.25,  89913.00,  996.48,   26.28,   34.72, 48.0, 5.25, 5.25, 5.27
6, 13997, 13,     0.00, 3,   boost,   30.25,  89913.00,  996.48,   26.28,   34.72, 48.0, 5.25, 5.25, 5.27
6, 13997, 13,     0.00, 3,   boost,   30.25,  89913.00,  996.48,   26.28,   34.72, 48.0, 5.25, 5.25, 5.27
6, 13997, 13,     0.00, 3,   boost,   30.25,  89913.00,  996.48,   26.28,   34.72, 48.0, 5.25, 5.25, 5.27
6, 13997, 13,     0.00, 3,   boost,   30.25,  89913.00,  996.48,   26.28,   34.72, 48.0, 5.25, 5.25, 5.27
6, 13997, 13,     0.00, 3,   boost,   30.25,  89913.00,  996.48,   26.28,   34.72, 48.0, 5.25, 5.25, 5.27
6, 13997, 13,     0.00, 3,   boost,   30.25,  89913.00,  996.48,   26.28,   34.72, 48.0, 5.25, 5.25, 5.27
6, 13997, 13,     0.00, 3,   boost,   30.25,  89913.00,  996.48,   26.28,   34.72, 48.0, 5.25, 5.25, 5.27
6, 13997, 13,     0.00, 3,   boost,   30.25,  89913.00,  996.48,   26.28,   34.72, 48.0, 5.25, 5.25, 5.27
6, 13997, 13,     0.00, 3,   boost,   30.25,  89913.00,  996.48,   26.28,   34.72, 48.0, 5.25, 5.25, 5.27
6, 13997, 13,     0.00, 3,   boost,   30.25,  89913.00,  996.48,   26.28,   34.72, 48.0, 5.25, 5.25, 5.27
6, 13997, 13,     0.00, 3,   boost,   30.25,  89913.00,  996.48,   26.28,   34.72, 48.0, 5.25, 5.25, 5.27
6, 13997, 13,     0.00, 3,   boost,   30.25,  89913.00,  996.48,   26.28,   34.72, 48.0, 5.25, 5.25, 5.27
6, 13997, 13,     0.00, 3,   boost,   30.25,  89913.00,  996.48,   26.28,   34.72, 48.0, 5.25, 5.25, 5.27
6, 13997, 13,     0.00, 3,   boost,   30.25,  89913.00,  996.48,   26.28,   34.72, 48.0, 5.25, 5.25, 5.27
6, 13997, 13,     0.00, 3,   boost,   30.25,  89913.00,  996.48,   26.28,   34.72, 48.0, 5.25, 5.25, 5.27
6, 13997, 13,     0.00, 3,   boost,   30.25,  89913.00,  996.48,   26.28,   34.72, 48.0, 5.25, 5.25, 5.27
6, 13997, 13,     0.00, 3,   boost,   30.25,  89913.00,  996.48,   26.28,   34.72, 48.0, 5.25, 5.25, 5.27
6, 13997, 13,     0.00, 3,   boost,   30.25,  89913.00,  996.48,   26.28,   34.72, 48.0, 5.25, 5.25, 5.27
6, 13997, 13,     0.00, 3,   boost,   30.25,  89913.00,  996.48,   26.28,   34.72, 48.0, 5.25, 5.25, 5.27
6, 13997, 13,     0.00, 3,   boost,   30.25,  89913.00,  996.48,   26.28,   34.72, 48.0, 5.25, 5.25, 5.27
6, 13997, 13,     0.00, 3,   boost,   30.25,  89913.00,  996.48,   26.28,   34.72, 48.0, 5.25, 5.25, 5.27
6, 13997, 13,     0.00, 3,   boost,   30.25,  89913.00,  996.48,   26.28,   34.72, 48.0, 5.25, 5.25, 5.27
6, 13997, 13,     0.00, 3,   boost,   30.25,  89913.00,  996.48,   26.28,   34.72, 48.0, 5.25, 5.25, 5.27
6, 13997, 13,     0.00, 3,   boost,   30.25,  89913.00,  996.48,   26.28,   34.72, 48.0, 5.25, 5.25, 5.27
6, 13997, 13,     0.00, 3,   boost,   30.25,  89913.00,  996.48,   26.28,   34.72, 48.0, 5.25, 5.25, 5.27
6, 13997, 13,     0.00, 3,   boost,   30.25,  89913.00,  996.48,   26.28,   34.72, 48.0, 5.25, 5.25, 5.27
6, 13997, 13,     0.00, 3,   boost,   30.25,  89913.00,  996.48,   26.28,   34.72, 48.0, 5.25, 5.25, 5.27
6, 13997, 13,     0.00, 3,   boost,   30.25,  89913.00,  996.48,   26.28,   34.72, 48.0, 5.25, 5.25, 5.27
6, 13997, 13,     0.00, 3,   boost,   30.25,  89913.00,  996.48,   26.28,   34.72, 48.0, 5.25, 5.25, 5.27
6, 13997, 13,     0.00, 3,   boost,   30.25,  89913.00,  996.48,   26.28,   34.72, 48.0, 5.25, 5.25, 5.27
6, 13997, 13,     0.00, 3,   boost,   30.25,  89913.00,  996.48,   26.28,   34.72, 48.0, 5.25, 5.25, 5.27
6, 13997, 13,     0.00, 3,   boost,   30.25,  89913.00,  996.48,   26.28,   34.72, 48.0, 5.25, 5.25, 5.27
6, 13997, 13,     0.00, 3,   boost,   30.25,  89913.00,  996.48,   26.28,   34.72, 48.0, 5.25, 5.25, 5.27
6, 13997, 13,     0.00, 3,   boost,   30.25,  89913.00,  996.48,   26.28,   34.72, 48.0, 5.25, 5.25, 5.27
6, 13997, 13,     0.00, 3,   boost,   30.25,  89913.00,  996.48,   26.28,   34.72, 48.0, 5.25, 5.25, 5.27
6, 13997, 13,     0.00, 3,   boost,   30.25,  89913.00,  996.48,   26.28,   34.72, 48.0, 5.25, 5.25, 5.27
6, 13997, 13,     0.00, 3,   boost,   30.25,  89913.00,  996.48,   26.28,   34.72, 48.0, 5.25, 5.25, 5.27
6, 13997, 13,     0.00, 3,   boost,   30.25,  89913.00,  996.48,   26.28,   34.72, 48.0, 5.25, 5.25, 5.27
6, 13997, 13,     0.00, 3,   boost,   30.25,  89913.00,  996.48,   26.28,   34.72, 48.0, 5.25, 5.25, 5.27
6, 13997, 13,     0.00, 3,   boost,   30.25,  89913.00,  996.48,   26.28,   34.72, 48.0, 5.25, 5.25, 5.27
6, 13997, 13,     0.00, 3,   boost,   30.25,  89913.00,  996.48,   26.28,   34.72, 48.0, 5.25, 5.25, 5.27
6, 13997, 13,     0.00, 3,   boost,   30.25,  89913.00,  996.48,   26.28,   34.72, 48.0, 5.25, 5.25, 5.27
6, 13997, 13,     0.00, 3,   boost,   30.25,  89913.00,  996.48,   26.28,   34.72, 48.0, 5.25, 5.25, 5.27
6, 13997, 13,     0.00, 3,   boost,   30.25,  89913.00,  996.48,   26.28,   34.72, 48.0, 5.25, 5.25, 5.27
6, 13997, 13,     0.00, 3,   boost,   30.25,  89913.00,  996.48,   26.28,   34.72, 48.0, 5.25, 5.25, 5.27
6, 13997, 13,     0.00, 3,   boost,   30.25,  89913.00,  996.48,   26.28,   34.72, 48.0, 5.25, 5.25, 5.27
6, 13997, 13,     0.00, 3,   boost,   30.25,  89913.00,  996.48,   26.28,   34.72, 48.0, 5.25, 5.25, 5.27
6, 13997, 13,     0.00, 3,   boost,   30.25,  89913.00,  996.48,   26.28,   34.72, 48.0, 5.25, 5.25, 5.27
6, 13997, 13,     0.00, 3,   boost,   30.25,  89913.00,  996.48,   26.28,   34.72, 48.0, 5.25, 5.25, 5.27
6, 13997, 13,     0.00, 3,   boost,   30.25,  89913.00,  996.48,   26.28,   34.72, 48.0, 5.25, 5.25, 5.27
6, 13997, 13,     0.00, 3,   boost,   30.25,  89913.00,  996.48,   26.28,   34.72, 48.0, 5.25, 5.25, 5.27
6, 13997, 13,     0.00, 3,   boost,   30.25,  89913.00,  996.48,   26.28,   34.72, 48.0, 5.25, 5.25, 5.27
6, 13997, 13,     0.00, 3,   boost,   30.25,  89913.00,  996.48,   26.28,   34.72, 48.0, 5.25, 5.25, 5.27
6, 13997, 13,     0.00, 3,   boost,   30.25,  89913.00,  996.48,   26.28,   34.72, 48.0, 5.25, 5.25, 5.27
6, 13997, 13,     0.00, 3,   boost,   30.25,  89913.00,  996.48,   26.28,   34.72, 48.0, 5.25, 5.25, 5.27
6, 13997, 13,     0.00, 3,   boost,   30.25,  89913.00,  996.48,   26.28,   34.72, 48.0, 5.25, 5.25, 5.27
6, 13997, 13,     0.00, 3,   boost,   30.25,  89913.00,  996.48,   26.28,   34.72, 48.0, 5.25, 5.25, 5.27
6, 13997, 13,     0.00, 3,   boost,   30.25,  89913.00,  996.48,   26.28,   34.72, 48.0, 5.25, 5.25, 5.27
6, 13997, 13,     0.00, 3,   boost,   30.25,  89913.00,  996.48,   26.28,   34.72, 48.0, 5.25, 5.25, 5.27
6, 13997, 13,     0.00, 3,   boost,   30.25,  89913.00,  996.48,   26.28,   34.72, 48.0, 5.25, 5.25, 5.27
6, 13997, 13,     0.00, 3,   boost,   30.25,  89913.00,  996.48,   26.28,   34.72, 48.0, 5.25, 5.25, 5.27
6, 13997, 13,     0.01, 3,   boost,   30.11,  89913.00,  996.48,   26.28,   35.04, 48.0, 5.24, 5.27, 5.27
6, 13997, 13,     0.01, 3,   boost,   30.11,  89913.00,  996.48,   26.28,   35.04, 48.0, 5.24, 5.27, 5.27
6, 13997, 13,     0.02, 3,   boost,   29.97,  89891.00,  998.49,   28.30,   35.36, 47.9, 5.25, 5.25, 5.27
6, 13997, 13,     0.03, 3,   boost,   29.81,  89896.00,  998.03,   27.84,   35.68, 47.9, 5.25, 5.25, 5.27
6, 13997, 13,     0.04, 3,   boost,   29.65,  89887.00,  998.86,   28.67,   36.00, 47.9, 5.25, 5.25, 5.27
6, 13997, 13,     0.05, 3,   boost,   29.47,  89887.00,  998.86,   28.67,   36.31, 47.9, 5.25, 5.25, 5.27
6, 13997, 13,     0.06, 3,   boost,   29.29,  89883.00,  999.23,   29.03,   36.62, 47.9, 5.25, 5.25, 5.27
6, 13997, 13,     0.07, 3,   boost,   29.09,  89872.00, 1000.24,   30.04,   36.94, 47.9, 5.25, 5.25, 5.27
6, 13997, 13,     0.08, 3,   boost,   28.89,  89866.00, 1000.79,   30.59,   37.25, 47.9, 5.25, 5.25, 5.27
6, 13997, 13,     0.09, 3,   boost,   28.67,  89865.00, 1000.88,   30.69,   37.55, 47.9, 5.25, 5.25, 5.27
6, 13997, 13,     0.10, 3,   boost,   28.44,  89865.00, 1000.88,   30.69,   37.86, 47.9, 5.25, 5.25, 5.27
6, 13997, 13,     0.11, 3,   boost,   28.20,  89858.00, 1001.52,   31.33,   38.16, 47.9, 5.28, 5.23, 5.28
6, 13997, 13,     0.12, 3,   boost,   27.95,  89846.00, 1002.62,   32.43,   38.46, 47.9, 5.28, 5.23, 5.28
6, 13997, 13,     0.13, 3,   boost,   27.69,  89846.00, 1002.62,   32.43,   38.76, 47.9, 5.24, 5.25, 5.27
6, 13997, 13,     0.14, 3,   boost,   27.42,  89845.00, 1002.71,   32.52,   39.06, 47.9, 5.25, 5.25, 5.27
6, 13997, 13,     0.15, 3,   boost,   27.14,  89831.00, 1004.00,   33.81,   39.35, 47.9, 5.25, 5.25, 5.27
6, 13997, 13,     0.16, 3,   boost,   26.85,  89824.00, 1004.64,   34.45,   39.64, 47.9, 5.25, 5.25, 5.27
6, 13997, 13,     0.17, 3,   boost,   26.55,  89819.00, 1005.10,   34.91,   39.93, 47.9, 5.25, 5.25, 5.27
6, 13997, 13,     0.18, 3,   boost,   26.24,  89813.00, 1005.65,   35.46,   40.21, 47.9, 5.25, 5.25, 5.27
6, 13997, 13,     0.19, 3,   boost,   25.92,  89812.00, 1005.74,   35.55,   40.49, 47.9, 5.25, 5.25, 5.27
6, 13997, 13,     0.20, 3,   boost,   25.59,  89804.00, 1006.48,   36.28,   40.77, 47.9, 5.25, 5.25, 5.27
6, 13997, 13,     0.21, 3,   boost,   25.25,  89799.00, 1006.93,   36.74,   41.04, 47.9, 5.25, 5.25, 5.27
6, 13997, 13,     0.22, 3,   boost,   24.90,  89802.00, 1006.66,   36.47,   41.31, 47.9, 5.25, 5.25, 5.27
6, 13997, 13,     0.23, 3,   boost,   24.54,  89788.00, 1007.94,   37.75,   41.58, 47.9, 5.28, 5.23, 5.28
6, 13997, 13,     0.24, 3,   boost,   24.17,  89788.00, 1007.94,   37.75,   41.84, 47.9, 5.24, 5.25, 5.27
6, 13997, 13,     0.25, 3,   boost,   23.79,  89779.00, 1008.77,   38.58,   42.10, 47.9, 5.25, 5.25, 5.27
6, 13997, 13,     0.26, 3,   boost,   23.40,  89774.00, 1009.23,   39.04,   42.35, 47.9, 5.25, 5.25, 5.27
6, 13997, 13,     0.27, 3,   boost,   23.00,  89767.00, 1009.87,   39.68,   42.60, 47.9, 5.25, 5.25, 5.27
6, 13997, 13,     0.28, 3,   boost,   22.59,  89755.00, 1010.97,   40.78,   42.85, 47.9, 5.25, 5.25, 5.27
6, 13997, 13,     0.29, 3,   boost,   22.17,  89757.00, 1010.79,   40.60,   43.09, 47.9, 5.25, 5.25, 5.27
6, 13997, 13,     0.30, 3,   boost,   21.75,  89756.00, 1010.88,   40.69,   43.32, 47.9, 5.25, 5.25, 5.27
6, 13997, 13,     0.31, 3,   boost,   21.32,  89748.00, 1011.62,   41.43,   43.56, 47.9, 5.25, 5.25, 5.27
6, 13997, 13,     0.32, 3,   boost,   20.87,  89738.00, 1012.54,   42.34,   43.78, 47.9, 5.28, 5.23, 5.28
6, 13997, 13,     0.33, 3,   boost,   20.42,  89732.00, 1013.09,   42.89,   44.01, 47.9, 5.25, 5.25, 5.27
6, 13997, 13,     0.34, 3,   boost,   19.96,  89731.00, 1013.18,   42.99,   44.22, 47.9, 5.28, 5.23, 5.28
6, 13997, 13,     0.35, 3,   boost,   19.49,  89731.00, 1013.18,   42.99,   44.44, 47.9, 5.24, 5.25, 5.27
6, 13997, 13,     0.36, 3,   boost,   19.02,  89718.00, 1014.37,   44.18,   44.64, 47.9, 5.25, 5.25, 5.27
6, 13997, 13,     0.37, 3,   boost,   18.53,  89722.00, 1014.00,   43.81,   44.85, 47.9, 5.25, 5.25, 5.27
6, 13997, 13,     0.38, 3,   boost,   18.04,  89711.00, 1015.02,   44.82,   45.05, 47.9, 5.25, 5.25, 5.27
6, 13997, 13,     0.39, 3,   boost,   17.54,  89702.00, 1015.84,   45.65,   45.24, 47.9, 5.28, 5.23, 5.30
6, 13997, 13,     0.40, 3,   boost,   17.03,  89692.00, 1016.76,   46.57,   45.42, 47.9, 5.25, 5.25, 5.27
6, 13997, 13,     0.41, 3,   boost,   16.52,  89695.00, 1016.49,   46.29,   45.61, 47.9, 5.25, 5.25, 5.27
6, 13997, 13,     0.42, 3,   boost,   15.99,  89689.00, 1017.04,   46.84,   45.78, 47.9, 5.25, 5.25, 5.27
6, 13997, 13,     0.43, 3,   boost,   15.46,  89686.00, 1017.31,   47.12,   45.95, 47.9, 5.25, 5.25, 5.27
6, 13997, 13,     0.44, 3,   boost,   14.92,  89678.00, 1018.05,   47.86,   46.12, 47.9, 5.25, 5.25, 5.27
6, 13997, 13,     0.45, 3,   boost,   14.38,  89669.00, 1018.87,   48.68,   46.28, 47.9, 5.28, 5.23, 5.28
6, 13997, 13,     0.46, 3,   boost,   13.83,  89669.00, 1018.87,   48.68,   46.43, 47.9, 5.28, 5.23, 5.28
6, 13997, 13,     0.47, 3,   boost,   13.27,  89668.00, 1018.97,   48.77,   46.58, 47.9, 5.25, 5.25, 5.27
6, 13997, 13,     0.48, 3,   boost,   12.70,  89654.00, 1020.25,   50.06,   46.72, 47.9, 5.25, 5.25, 5.27
6, 13997, 13,     0.49, 3,   boost,   12.13,  89653.00, 1020.34,   50.15,   46.85, 47.9, 5.25, 5.25, 5.27
6, 13997, 13,     0.50, 3,   boost,   11.55,  89647.00, 1020.90,   50.70,   46.98, 47.9, 5.25, 5.25, 5.27
6, 13997, 13,     0.51, 3,   boost,   10.97,  89641.00, 1021.45,   51.26,   47.11, 47.9, 5.25, 5.25, 5.27
6, 13997, 13,     0.52, 3,   boost,   10.38,  89630.00, 1022.46,   52.27,   47.23, 47.9, 5.25, 5.25, 5.27
6, 13997, 13,     0.53, 3,   boost,    9.78,  89631.00, 1022.37,   52.18,   47.34, 47.9, 5.28, 5.23, 5.28
6, 13997, 13,     0.54, 3,   boost,    9.18,  89626.00, 1022.83,   52.64,   47.45, 47.9, 5.25, 5.25, 5.27
6, 13997, 13,     0.55, 3,   boost,    8.58,  89619.00, 1023.47,   53.28,   47.55, 47.9, 5.25, 5.25, 5.27
6, 13997, 13,     0.56, 3,   boost,    7.97,  89610.00, 1024.30,   54.11,   47.64, 47.9, 5.28, 5.23, 5.28
6, 13997, 13,     0.57, 3,   boost,    7.35,  89610.00, 1024.30,   54.11,   47.73, 47.9, 5.24, 5.25, 5.27
6, 13997, 13,     0.58, 3,   boost,    6.73,  89601.00, 1025.13,   54.93,   47.81, 47.9, 5.25, 5.25, 5.27
6, 13997, 13,     0.59, 3,   boost,    6.11,  89602.00, 1025.03,   54.84,   47.89, 47.9, 5.25, 5.25, 5.27
6, 13997, 13,     0.60, 3,   boost,    5.48,  89589.00, 1026.23,   56.04,   47.95, 47.9, 5.28, 5.23, 5.28
6, 13997, 13,     0.61, 3,   boost,    4.85,  89578.00, 1027.24,   57.05,   48.02, 47.9, 5.25, 5.25, 5.27
6, 13997, 13,     0.62, 3,   boost,    4.22,  89585.00, 1026.60,   56.41,   48.07, 47.9, 5.25, 5.25, 5.27
6, 13997, 13,     0.63, 3,   boost,    3.58,  89575.00, 1027.52,   57.33,   48.12, 47.9, 5.25, 5.25, 5.27
6, 13997, 13,     0.64, 3,   boost,    2.95,  89567.00, 1028.25,   58.06,   48.17, 47.9, 5.25, 5.25, 5.27
6, 13997, 13,     0.65, 3,   boost,    2.31,  89560.00, 1028.90,   58.70,   48.20, 47.9, 5.25, 5.25, 5.27
6, 13997, 13,     0.66, 3,   boost,    1.66,  89553.00, 1029.54,   59.35,   48.24, 47.9, 5.25, 5.25, 5.27
6, 13997, 13,     0.67, 3,   boost,    1.02,  89551.00, 1029.72,   59.53,   48.26, 47.9, 5.28, 5.23, 5.29
6, 13997, 13,     0.68, 3,   boost,    0.38,  89551.00, 1029.72,   59.53,   48.28, 47.9, 5.24, 5.25, 5.27
6, 13997, 13,     0.69, 3,   boost,   -0.26,  89535.00, 1031.20,   61.00,   48.29, 47.9, 5.25, 5.25, 5.27
6, 13997, 13,     0.70, 3,   boost,   -0.90,  89528.00, 1031.84,   61.65,   48.29, 47.9, 5.25, 5.25, 5.27
6, 13997, 13,     0.71, 3,   boost,   -1.55,  89524.00, 1032.21,   62.02,   48.29, 47.9, 5.25, 5.25, 5.27
6, 13997, 13,     0.72, 3,   boost,   -2.18,  89517.00, 1032.85,   62.66,   48.28, 47.9, 5.25, 5.25, 5.27
6, 13997, 13,     0.73, 3,   boost,   -2.82,  89512.00, 1033.31,   63.12,   48.26, 47.9, 5.25, 5.25, 5.27
6, 13997, 13,     0.74, 3,   boost,   -3.46,  89500.00, 1034.42,   64.23,   48.24, 47.9, 5.28, 5.23, 5.28
6, 13997, 13,     0.75, 3,   boost,   -4.09,  89496.00, 1034.79,   64.59,   48.21, 47.9, 5.25, 5.25, 5.27
6, 13997, 13,     0.76, 3,   boost,   -4.72,  89484.00, 1035.89,   65.70,   48.17, 47.9, 5.25, 5.25, 5.27
6, 13997, 13,     0.77, 3,   boost,   -5.34,  89480.00, 1036.26,   66.07,   48.13, 47.9, 5.25, 5.25, 5.27
6, 13997, 13,     0.78, 3,   boost,   -5.96,  89475.00, 1036.72,   66.53,   48.08, 47.9, 5.28, 5.23, 5.28
6, 13997, 13,     0.79, 3,   boost,   -6.57,  89475.00, 1036.72,   66.53,   48.02, 47.9, 5.24, 5.25, 5.27
6, 13997, 13,     0.80, 3,   boost,   -7.18,  89466.00, 1037.55,   67.36,   47.95, 47.9, 5.25, 5.25, 5.27
6, 13997, 13,     0.81, 3,   boost,   -7.78,  89453.00, 1038.74,   68.55,   47.87, 47.9, 5.28, 5.23, 5.28
6, 13997, 13,     0.82, 3,   boost,   -8.38,  89449.00, 1039.11,   68.92,   47.78, 47.9, 5.25, 5.25, 5.27
6, 13997, 13,     0.83, 3,   boost,   -8.96,  89442.00, 1039.76,   69.57,   47.69, 47.9, 5.25, 5.25, 5.27
6, 13997, 13,     0.84, 3,   boost,   -9.54,  89434.00, 1040.49,   70.30,   47.59, 47.9, 5.25, 5.25, 5.27
6, 13997, 13,     0.85, 3,   boost,  -10.11,  89428.00, 1041.05,   70.86,   47.48, 47.9, 5.25, 5.25, 5.27
6, 13997, 13,     0.86, 3,   boost,  -10.68,  89414.00, 1042.34,   72.14,   47.36, 47.9, 5.25, 5.25, 5.27
6, 13997, 13,     0.87, 3,   boost,  -11.23,  89414.00, 1042.34,   72.14,   47.23, 47.9, 5.25, 5.25, 5.27
6, 13997, 13,     0.88, 3,   boost,  -11.77,  89404.00, 1043.26,   73.07,   47.09, 47.9, 5.25, 5.25, 5.27
6, 13997, 13,     0.89, 3,   boost,  -12.30,  89399.00, 1043.72,   73.53,   46.95, 47.9, 5.28, 5.23, 5.28
6, 13997, 13,     0.90, 3,   boost,  -12.82,  89399.00, 1043.72,   73.53,   46.80, 47.9, 5.24, 5.25, 5.27
6, 13997, 13,     0.91, 3,   boost,  -13.33,  89392.00, 1044.36,   74.17,   46.63, 47.9, 5.25, 5.25, 5.27
6, 13997, 13,     0.92, 3,   boost,  -13.83,  89373.00, 1046.11,   75.92,   46.46, 47.9, 5.25, 5.25, 5.27
6, 13997, 13,     0.93, 3,   boost,  -14.31,  89368.00, 1046.57,   76.38,   46.29, 47.9, 5.25, 5.25, 5.27
6, 13997, 13,     0.94, 3,   boost,  -14.79,  89356.00, 1047.68,   77.49,   46.11, 47.9, 5.25, 5.25, 5.27
6, 13997, 13,     0.95, 3,   boost,  -15.25,  89356.00, 1047.68,   77.49,   45.92, 47.9, 5.25, 5.25, 5.27
6, 13997, 13,     0.96, 3,   boost,  -15.69,  89341.00, 1049.06,   78.87,   45.74, 47.9, 5.25, 5.25, 5.27
6, 13997, 13,     0.97, 3,   boost,  -16.13,  89334.00, 1049.71,   79.52,   45.55, 47.9, 5.25, 5.25, 5.27
6, 13997, 13,     0.98, 3,   boost,  -16.55,  89333.00, 1049.80,   79.61,   45.36, 47.9, 5.25, 5.25, 5.27
6, 13997, 13,     0.99, 3,   boost,  -16.95,  89321.00, 1050.91,   80.71,   45.16, 47.9, 5.25, 5.25, 5.27
6, 13997, 13,     1.00, 3,   boost,  -17.34,  89316.00, 1051.37,   81.18,   44.96, 47.9, 5.28, 5.23, 5.28
6, 13997, 13,     1.01, 3,   boost,  -17.72,  89316.00, 1051.37,   81.18,   44.76, 47.9, 5.24, 5.25, 5.27
6, 13997, 13,     1.02, 3,   boost,  -18.08,  89313.00, 1051.64,   81.45,   44.55, 47.9, 5.25, 5.25, 5.27
6, 13997, 13,     1.03, 3,   boost,  -18.43,  89300.00, 1052.84,   82.65,   44.34, 47.9, 5.25, 5.25, 5.27
6, 13997, 13,     1.04, 3,   boost,  -18.76,  89285.00, 1054.23,   84.03,   44.13, 47.9, 5.25, 5.25, 5.27
6, 13997, 13,     1.05, 3,   boost,  -19.08,  89283.00, 1054.41,   84.22,   43.91, 47.9, 5.25, 5.25, 5.27
6, 13997, 13,     1.06, 3,   boost,  -19.38,  89279.00, 1054.78,   84.59,   43.69, 47.9, 5.25, 5.25, 5.27
6, 13997, 13,     1.07, 3,   boost,  -19.67,  89279.00, 1054.78,   84.59,   43.47, 47.9, 5.25, 5.25, 5.27
6, 13997, 13,     1.08, 3,   boost,  -19.95,  89271.00, 1055.52,   85.33,   43.25, 47.9, 5.25, 5.25, 5.27
6, 13997, 13,     1.09, 3,   boost,  -20.21,  89269.00, 1055.70,   85.51,   43.02, 47.9, 5.25, 5.25, 5.27
6, 13997, 13,     1.10, 3,   boost,  -20.45,  89265.00, 1056.07,   85.88,   42.79, 47.9, 5.25, 5.25, 5.27
6, 13997, 13,     1.11, 3,   boost,  -20.68,  89256.00, 1056.90,   86.71,   42.56, 47.9, 5.28, 5.23, 5.28
6, 13997, 13,     1.12, 3,   boost,  -20.89,  89256.00, 1056.90,   86.71,   42.33, 47.9, 5.24, 5.25, 5.27
6, 13997, 13,     1.13, 3,   boost,  -21.09,  89245.00, 1057.92,   87.72,   42.09, 47.9, 5.25, 5.25, 5.27
6, 13997, 13,     1.14, 3,   boost,  -21.28,  89236.00, 1058.75,   88.55,   41.86, 47.9, 5.25, 5.25, 5.27
6, 13997, 13,     1.15, 3,   boost,  -21.45,  89236.00, 1058.75,   88.55,   41.62, 47.9, 5.25, 5.25, 5.27
6, 13997, 13,     1.16, 3,   boost,  -21.61,  89226.00, 1059.67,   89.48,   41.39, 47.9, 5.25, 5.25, 5.27
6, 13997, 13,     1.17, 3,   boost,  -21.75,  89217.00, 1060.50,   90.31,   41.15, 47.9, 5.25, 5.25, 5.27
6, 13997, 13,     1.18, 3,   boost,  -21.88,  89220.00, 1060.22,   90.03,   40.91, 47.9, 5.28, 5.23, 5.28
6, 13997, 13,     1.19, 3,   boost,  -22.00,  89206.00, 1061.51,   91.32,   40.67, 47.9, 5.25, 5.25, 5.27
6, 13997, 13,     1.20, 3,   boost,  -22.10,  89207.00, 1061.42,   91.23,   40.43, 47.9, 5.25, 5.25, 5.27
6, 13997, 13,     1.21, 3,   boost,  -22.19,  89198.00, 1062.25,   92.06,   40.19, 47.9, 5.25, 5.25, 5.27
6, 13997, 13,     1.22, 3,   boost,  -22.26,  89190.00, 1062.99,   92.80,   39.95, 47.9, 5.25, 5.25, 5.27
6, 13997, 13,     1.23, 3,   boost,  -22.32,  89190.00, 1062.99,   92.80,   39.71, 47.9, 5.24, 5.25, 5.27
6, 13997, 13,     1.24, 3,   boost,  -22.37,  89185.00, 1063.45,   93.26,   39.47, 47.9, 5.25, 5.25, 5.27
6, 13997, 13,     1.25, 3,   boost,  -22.41,  89175.00, 1064.37,   94.18,   39.23, 47.9, 5.25, 5.25, 5.27
6, 13997, 13,     1.26, 3,   boost,  -22.44,  89171.00, 1064.74,   94.55,   38.99, 47.9, 5.25, 5.25, 5.27
6, 13997, 13,     1.27, 3,   boost,  -22.45,  89163.00, 1065.48,   95.29,   38.75, 47.9, 5.25, 5.25, 5.27
6, 13997, 13,     1.28, 3,   boost,  -22.45,  89157.00, 1066.04,   95.85,   38.51, 47.9, 5.25, 5.25, 5.27
6, 13997, 13,     1.29, 3,   boost,  -22.44,  89150.00, 1066.68,   96.49,   38.27, 47.9, 5.25, 5.25, 5.27
6, 13997, 13,     1.30, 3,   boost,  -22.42,  89146.00, 1067.05,   96.86,   38.03, 47.9, 5.25, 5.25, 5.27
6, 13997, 13,     1.31, 3,   boost,  -22.39,  89140.00, 1067.61,   97.41,   37.79, 47.9, 5.25, 5.25, 5.27
6, 13997, 13,     1.32, 3,   boost,  -22.34,  89130.00, 1068.53,   98.34,   37.55, 47.9, 5.25, 5.25, 5.27
6, 13997, 13,     1.33, 3,   boost,  -22.28,  89129.00, 1068.62,   98.43,   37.31, 47.9, 5.25, 5.25, 5.27
6, 13997, 13,     1.34, 3,   boost,  -22.22,  89129.00, 1068.62,   98.43,   37.07, 47.9, 5.24, 5.25, 5.27
6, 13997, 13,     1.35, 3,   boost,  -22.14,  89120.00, 1069.45,   99.26,   36.83, 47.9, 5.25, 5.25, 5.27
6, 13997, 13,     1.36, 3,   boost,  -22.05,  89105.00, 1070.84,  100.65,   36.60, 47.9, 5.25, 5.25, 5.27
6, 13997, 13,     1.37, 3,   boost,  -21.95,  89097.00, 1071.58,  101.39,   36.37, 47.9, 5.25, 5.25, 5.27
6, 13997, 13,     1.38, 3,   boost,  -21.84,  89092.00, 1072.04,  101.85,   36.13, 47.9, 5.25, 5.25, 5.27
6, 13997, 13,     1.39, 3,   boost,  -21.73,  89084.00, 1072.78,  102.59,   35.90, 47.9, 5.25, 5.25, 5.27
6, 13997, 13,     1.40, 3,   boost,  -21.60,  89079.00, 1073.24,  103.05,   35.67, 47.9, 5.25, 5.25, 5.27
6, 13997, 13,     1.41, 3,   boost,  -21.46,  89070.00, 1074.07,  103.88,   35.44, 47.9, 5.25, 5.25, 5.27
6, 13997, 13,     1.42, 3,   boost,  -21.31,  89066.00, 1074.44,  104.25,   35.21, 47.9, 5.25, 5.25, 5.27
6, 13997, 13,     1.43, 3,   boost,  -21.15,  89065.00, 1074.53,  104.34,   34.98, 47.9, 5.25, 5.25, 5.27
6, 13997, 13,     1.44, 3,   boost,  -20.98,  89054.00, 1075.55,  105.36,   34.75, 47.9, 5.25, 5.25, 5.27
6, 13997, 13,     1.45, 3,   boost,  -20.80,  89054.00, 1075.55,  105.36,   34.53, 47.9, 5.24, 5.25, 5.27
6, 13997, 13,     1.46, 3,   boost,  -20.61,  89046.00, 1076.29,  106.10,   34.30, 47.9, 5.25, 5.25, 5.27
6, 13997, 13,     1.47, 3,   boost,  -20.41,  89041.00, 1076.75,  106.56,   34.08, 47.9, 5.25, 5.25, 5.27
6, 13997, 13,     1.48, 3,   boost,  -20.21,  89041.00, 1076.75,  106.56,   33.86, 47.9, 5.25, 5.25, 5.27
6, 13997, 13,     1.49, 3,   boost,  -19.99,  89030.00, 1077.77,  107.58,   33.64, 47.9, 5.25, 5.25, 5.27
6, 13997, 13,     1.50, 3,   boost,  -19.76,  89020.00, 1078.69,  108.50,   33.42, 47.9, 5.25, 5.25, 5.27
6, 13997, 13,     1.51, 3,   boost,  -19.52,  89019.00, 1078.79,  108.59,   33.21, 47.9, 5.25, 5.25, 5.27
6, 13997, 13,     1.52, 3,   boost,  -19.28,  89007.00, 1079.90,  109.70,   33.00, 47.9, 5.25, 5.25, 5.27
6, 13997, 13,     1.53, 3,   boost,  -19.02,  89005.00, 1080.08,  109.89,   32.79, 47.9, 5.25, 5.25, 5.27
6, 13997, 13,     1.54, 3,   boost,  -18.76,  89002.00, 1080.36,  110.17,   32.58, 47.9, 5.25, 5.25, 5.27
6, 13997, 13,     1.55, 3,   boost,  -18.48,  88995.00, 1081.00,  110.81,   32.37, 47.9, 5.25, 5.25, 5.27
6, 13997, 13,     1.56, 3,   boost,  -18.20,  88995.00, 1081.00,  110.81,   32.17, 47.9, 5.24, 5.25, 5.27
6, 13997, 13,     1.57, 3,   boost,  -17.90,  88979.00, 1082.48,  112.29,   31.97, 47.9, 5.25, 5.25, 5.27
6, 13997, 13,     1.58, 3,   boost,  -17.60,  88970.00, 1083.32,  113.13,   31.78, 47.9, 5.25, 5.25, 5.27
6, 13997, 13,     1.59, 3,   boost,  -17.29,  88961.00, 1084.15,  113.96,   31.59, 47.9, 5.25, 5.25, 5.27
6, 13997, 13,     1.60, 3,   boost,  -16.96,  88963.00, 1083.96,  113.77,   31.40, 47.9, 5.25, 5.25, 5.27
6, 13997, 13,     1.61, 3,   boost,  -16.63,  88964.00, 1083.87,  113.68,   31.21, 47.9, 5.25, 5.25, 5.27
6, 13997, 13,     1.62, 3,   boost,  -16.29,  88957.00, 1084.52,  114.33,   31.03, 47.9, 5.25, 5.25, 5.27
6, 13997, 13,     1.63, 3,   boost,  -15.94,  88944.00, 1085.72,  115.53,   30.85, 47.9, 5.25, 5.25, 5.27
6, 13997, 13,     1.64, 3,   boost,  -15.58,  88944.00, 1085.72,  115.53,   30.67, 47.9, 5.25, 5.25, 5.27
6, 13997, 13,     1.65, 3,   boost,  -15.21,  88949.00, 1085.26,  115.07,   30.50, 47.9, 5.25, 5.25, 5.27
6, 13997, 13,     1.66, 3,   boost,  -14.84,  88942.00, 1085.91,  115.72,   30.34, 47.9, 5.25, 5.25, 5.27
6, 13997, 13,     1.67, 3,   boost,  -14.45,  88942.00, 1085.91,  115.72,   30.17, 47.9, 5.24, 5.25, 5.27
6, 13997, 13,     1.68, 3,   boost,  -14.05,  88932.00, 1086.83,  116.64,   30.01, 47.9, 5.25, 5.25, 5.27
6, 13997, 13,     1.69, 3,   boost,  -13.65,  88922.00, 1087.76,  117.57,   29.86, 47.9, 5.25, 5.25, 5.27
6, 13997, 13,     1.70, 3,   boost,  -13.24,  88921.00, 1087.85,  117.66,   29.71, 47.9, 5.25, 5.25, 5.27
6, 13997, 13,     1.71, 3,   boost,  -12.82,  88915.00, 1088.40,  118.21,   29.56, 47.9, 5.25, 5.25, 5.27
6, 13997, 13,     1.72, 3,   boost,  -12.38,  88911.00, 1088.77,  118.58,   29.42, 47.9, 5.25, 5.25, 5.27
6, 13997, 13,     1.73, 3,   boost,  -11.95,  88906.00, 1089.24,  119.05,   29.28, 47.9, 5.25, 5.25, 5.27
6, 13997, 13,     1.74, 3,   boost,  -11.50,  88899.00, 1089.89,  119.69,   29.15, 47.9, 5.25, 5.25, 5.27
6, 13997, 13,     1.75, 3,   boost,  -11.04,  88904.00, 1089.42,  119.23,   29.02, 47.9, 5.25, 5.25, 5.27
6, 13997, 13,     1.76, 3,   boost,  -10.58,  88903.00, 1089.52,  119.32,   28.90, 47.9, 5.25, 5.25, 5.27
6, 13997, 13,     1.77, 3,   boost,  -10.10,  88892.00, 1090.53,  120.34,   28.78, 47.9, 5.25, 5.25, 5.27
6, 13997, 13,     1.78, 3,   boost,   -9.62,  88892.00, 1090.53,  120.34,   28.67, 47.9, 5.24, 5.25, 5.27
6, 13997, 13,     1.79, 3,   boost,   -9.13,  88892.00, 1090.53,  120.34,   28.56, 47.9, 5.25, 5.25, 5.27
6, 13997, 13,     1.80, 3,   boost,   -8.63,  88883.00, 1091.37,  121.17,   28.46, 47.9, 5.25, 5.25, 5.27
6, 13997, 13,     1.81, 3,   boost,   -8.13,  88886.00, 1091.09,  120.90,   28.37, 47.9, 5.25, 5.25, 5.27
6, 13997, 13,     1.82, 3,   boost,   -7.62,  88875.00, 1092.11,  121.92,   28.27, 47.9, 5.25, 5.25, 5.27
6, 13997, 13,     1.83, 3,   boost,   -7.10,  88871.00, 1092.48,  122.29,   28.18, 47.9, 5.25, 5.25, 5.27
6, 13997, 13,     1.84, 3,   boost,   -6.57,  88869.00, 1092.66,  122.47,   28.10, 47.9, 5.25, 5.25, 5.27
6, 13997, 13,     1.85, 3,   boost,   -6.03,  88869.00, 1092.66,  122.47,   28.02, 47.9, 5.25, 5.25, 5.27
6, 13997, 13,     1.86, 3,   boost,   -5.49,  88872.00, 1092.38,  122.19,   27.95, 47.9, 5.25, 5.25, 5.27
6, 13997, 13,     1.87, 3,   boost,   -4.94,  88865.00, 1093.03,  122.84,   27.88, 47.9, 5.25, 5.25, 5.27
6, 13997, 13,     1.88, 3,   boost,   -4.38,  88858.00, 1093.68,  123.49,   27.81, 47.9, 5.25, 5.25, 5.27
6, 13997, 13,     1.89, 3,   boost,   -3.82,  88858.00, 1093.68,  123.49,   27.75, 47.9, 5.24, 5.25, 5.27
6, 13997, 13,     1.90, 3,   boost,   -3.25,  88855.00, 1093.96,  123.77,   27.70, 47.9, 5.25, 5.25, 5.27
6, 13997, 13,     1.91, 3,   boost,   -2.67,  88851.00, 1094.33,  124.14,   27.66, 47.9, 5.25, 5.25, 5.27
6, 13997, 13,     1.92, 3,   boost,   -2.09,  88850.00, 1094.42,  124.23,   27.61, 47.9, 5.25, 5.25, 5.27
6, 13997, 13,     1.93, 3,   boost,   -1.50,  88844.00, 1094.98,  124.78,   27.58, 47.9, 5.25, 5.25, 5.27
6, 13997, 13,     1.94, 3,   boost,   -0.90,  88844.00, 1094.98,  124.78,   27.55, 47.9, 5.25, 5.25, 5.27
6, 13997, 13,     1.95, 3,   boost,   -0.30,  88836.00, 1095.72,  125.53,   27.53, 47.9, 5.25, 5.25, 5.27
6, 13997, 13,     1.96, 3,   boost,    0.31,  88836.00, 1095.72,  125.53,   27.52, 47.9, 5.25, 5.25, 5.27
6, 13997, 13,     1.97, 3,   boost,    0.92,  88831.00, 1096.18,  125.99,   27.51, 47.9, 5.25, 5.25, 5.27
6, 13997, 13,     1.98, 3,   boost,    1.54,  88833.00, 1096.00,  125.80,   27.51, 47.9, 5.25, 5.25, 5.27
6, 13997, 13,     1.99, 3,   boost,    2.17,  88824.00, 1096.83,  126.64,   27.52, 47.9, 5.25, 5.25, 5.27
6, 13997, 13,     2.00, 3,   boost,    2.80,  88824.00, 1096.83,  126.64,   27.53, 47.9, 5.24, 5.25, 5.27
6, 13997, 13,     2.01, 3,   boost,    3.43,  88826.00, 1096.64,  126.45,   27.55, 47.9, 5.25, 5.25, 5.27
6, 13997, 13,     2.02, 3,   boost,    4.07,  88820.00, 1097.20,  127.01,   27.57, 47.9, 5.25, 5.25, 5.27
6, 13997, 13,     2.03, 3,   boost,    4.71,  88817.00, 1097.48,  127.29,   27.61, 47.9, 5.25, 5.25, 5.27
6, 13997, 13,     2.04, 3,   boost,    5.36,  88819.00, 1097.29,  127.10,   27.65, 47.9, 5.25, 5.25, 5.27
6, 13997, 13,     2.05, 3,   boost,    6.02,  88810.00, 1098.13,  127.93,   27.69, 47.9, 5.25, 5.25, 5.27
6, 13997, 13,     2.06, 3,   boost,    6.67,  88804.00, 1098.68,  128.49,   27.75, 47.9, 5.25, 5.25, 5.27
6, 13997, 13,     2.07, 3,   boost,    7.34,  88804.00, 1098.68,  128.49,   27.81, 47.9, 5.25, 5.25, 5.27
6, 13997, 13,     2.08, 3,   boost,    8.00,  88797.00, 1099.33,  129.14,   27.88, 47.9, 5.25, 5.25, 5.27
6, 13997, 13,     2.09, 3,   boost,    8.67,  88798.00, 1099.24,  129.05,   27.96, 47.9, 5.25, 5.25, 5.27
6, 13997, 13,     2.10, 3,   boost,    9.34,  88797.00, 1099.33,  129.14,   28.04, 47.9, 5.25, 5.25, 5.27
6, 13997, 13,     2.11, 3,   boost,   10.02,  88797.00, 1099.33,  129.14,   28.13, 47.9, 5.24, 5.25, 5.27
6, 13997, 13,     2.12, 3,   boost,   10.70,  88792.00, 1099.79,  129.60,   28.23, 47.9, 5.25, 5.25, 5.27
6, 13997, 13,     2.13, 3,   boost,   11.38,  88790.00, 1099.98,  129.79,   28.33, 47.9, 5.25, 5.25, 5.27
6, 13997, 13,     2.14, 3,   boost,   12.07,  88789.00, 1100.07,  129.88,   28.44, 47.9, 5.25, 5.25, 5.27
6, 13997, 13,     2.15, 3,   boost,   12.76,  88789.00, 1100.07,  129.88,   28.56, 47.9, 5.25, 5.25, 5.27
6, 13997, 13,     2.16, 3,   boost,   13.45,  88785.00, 1100.44,  130.25,   28.68, 47.9, 5.25, 5.25, 5.27
6, 13997, 13,     2.17, 3,   boost,   14.14,  88789.00, 1100.07,  129.88,   28.82, 47.9, 5.25, 5.25, 5.27
6, 13997, 13,     2.18, 3,   boost,   14.83,  88790.00, 1099.98,  129.79,   28.95, 47.9, 5.25, 5.25, 5.27
6, 13997, 13,     2.19, 3,   boost,   15.53,  88783.00, 1100.63,  130.43,   29.10, 47.9, 5.25, 5.25, 5.27
6, 13997, 13,     2.20, 3,   boost,   16.23,  88789.00, 1100.07,  129.88,   29.25, 47.9, 5.25, 5.25, 5.27
6, 13997, 13,     2.21, 3,   boost,   16.93,  88787.00, 1100.26,  130.06,   29.41, 47.9, 5.25, 5.25, 5.27
6, 13997, 13,     2.22, 3,   boost,   17.63,  88787.00, 1100.26,  130.06,   29.58, 47.9, 5.24, 5.25, 5.27
6, 13997, 13,     2.23, 3,   boost,   18.33,  88790.00, 1099.98,  129.79,   29.75, 47.9, 5.25, 5.25, 5.27
6, 13997, 13,     2.24, 3,   boost,   19.04,  88789.00, 1100.07,  129.88,   29.93, 47.9, 5.25, 5.25, 5.27
6, 13997, 13,     2.25, 3,   boost,   19.74,  88790.00, 1099.98,  129.79,   30.12, 47.9, 5.25, 5.25, 5.27
6, 13997, 13,     2.26, 3,   boost,   20.44,  88789.00, 1100.07,  129.88,   30.32, 47.9, 5.25, 5.25, 5.27
6, 13997, 13,     2.27, 3,   boost,   21.15,  88789.00, 1100.07,  129.88,   30.52, 47.9, 5.25, 5.25, 5.27
6, 13997, 13,     2.28, 3,   boost,   21.85,  88784.00, 1100.53,  130.34,   30.73, 47.9, 5.25, 5.25, 5.27
6, 13997, 13,     2.29, 3,   boost,   22.56,  88793.00, 1099.70,  129.51,   30.95, 47.9, 5.25, 5.25, 5.27
6, 13997, 13,     2.30, 3,   boost,   23.26,  88787.00, 1100.26,  130.06,   31.17, 47.9, 5.25, 5.25, 5.27
6, 13997, 13,     2.31, 3,   boost,   23.96,  88787.00, 1100.26,  130.06,   31.41, 47.9, 5.25, 5.25, 5.27
6, 13997, 13,     2.32, 3,   boost,   24.66,  88792.00, 1099.79,  129.60,   31.64, 47.9, 5.25, 5.25, 5.27
6, 13997, 13,     2.33, 3,   boost,   25.36,  88792.00, 1099.79,  129.60,   31.89, 47.9, 5.24, 5.25, 5.27
6, 13997, 13,     2.34, 3,   boost,   26.06,  88787.00, 1100.26,  130.06,   32.14, 47.9, 5.25, 5.25, 5.27
6, 13997, 13,     2.35, 3,   boost,   26.76,  88790.00, 1099.98,  129.79,   32.41, 47.9, 5.25, 5.25, 5.27
6, 13997, 13,     2.36, 3,   boost,   27.45,  88795.00, 1099.51,  129.32,   32.67, 47.9, 5.25, 5.25, 5.27
6, 13997, 13,     2.37, 3,   boost,   28.14,  88791.00, 1099.89,  129.69,   32.95, 47.9, 5.25, 5.25, 5.27
6, 13997, 13,     2.38, 3,   boost,   28.83,  88799.00, 1099.14,  128.95,   33.23, 47.9, 5.25, 5.25, 5.27
6, 13997, 13,     2.39, 3,   boost,   29.51,  88802.00, 1098.87,  128.67,   33.52, 47.9, 5.25, 5.25, 5.27
6, 13997, 13,     2.40, 3,   boost,   30.19,  88804.00, 1098.68,  128.49,   33.82, 47.9, 5.25, 5.25, 5.27
6, 13997, 13,     2.41, 3,   boost,   30.87,  88810.00, 1098.13,  127.93,   34.12, 47.9, 5.25, 5.25, 5.27
6, 13997, 13,     2.42, 3,   boost,   31.54,  88807.00, 1098.40,  128.21,   34.44, 47.9, 5.25, 5.25, 5.27
6, 13997, 13,     2.43, 5,   coast,   32.21,  88810.00, 1098.13,  127.93,   34.76, 47.9, 5.28, 5.23, 5.28
6, 13997, 13,     2.43, 5,   coast,   32.21,  88810.00, 1098.13,  127.93,   34.76, 47.9, 5.28, 5.23, 5.28
6, 13997, 13,     2.44, 5,   coast,   32.87,  88810.00, 1098.13,  127.93,   35.08, 47.9, 5.24, 5.25, 5.27
6, 13997, 13,     2.45, 5,   coast,   33.53,  88806.00, 1098.50,  128.30,   35.42, 47.9, 5.25, 5.25, 5.27
6, 13997, 13,     2.46, 5,   coast,   34.18,  88813.00, 1097.85,  127.66,   35.76, 47.9, 5.25, 5.25, 5.27
6, 13997, 13,     2.47, 5,   coast,   34.83,  88817.00, 1097.48,  127.29,   36.11, 47.9, 5.25, 5.25, 5.27
6, 13997, 13,     2.48, 5,   coast,   35.47,  88813.00, 1097.85,  127.66,   36.47, 47.9, 5.25, 5.25, 5.27
6, 13997, 13,     2.49, 5,   coast,   36.11,  88817.00, 1097.48,  127.29,   36.83, 47.9, 5.25, 5.25, 5.27
6, 13997, 13,     2.50, 5,   coast,   36.74,  88822.00, 1097.01,  126.82,   37.21, 47.9, 5.24, 5.26, 5.27
6, 13997, 13,     2.51, 5,   coast,   37.36,  88820.00, 1097.20,  127.01,   37.59, 47.9, 5.25, 5.25, 5.27
6, 13997, 13,     2.52, 5,   coast,   37.97,  88828.00, 1096.46,  126.27,   37.97, 47.9, 5.25, 5.25, 5.27
6, 13997, 13,     2.53, 5,   coast,   38.58,  88832.00, 1096.09,  125.90,   38.37, 47.9, 5.25, 5.25, 5.27
6, 13997, 13,     2.54, 5,   coast,   39.18,  88831.00, 1096.18,  125.99,   38.77, 47.9, 5.28, 5.23, 5.30
6, 13997, 13,     2.55, 5,   coast,   39.77,  88831.00, 1096.18,  125.99,   39.18, 47.9, 5.24, 5.25, 5.27
6, 13997, 13,     2.56, 5,   coast,   40.36,  88842.00, 1095.16,  124.97,   39.59, 47.9, 5.25, 5.25, 5.27
6, 13997, 13,     2.57, 5,   coast,   40.93,  88843.00, 1095.07,  124.88,   40.01, 47.9, 5.28, 5.23, 5.28
6, 13997, 13,     2.58, 5,   coast,   41.50,  88851.00, 1094.33,  124.14,   40.44, 47.9, 5.25, 5.25, 5.27
6, 13997, 13,     2.59, 5,   coast,   42.05,  88863.00, 1093.22,  123.03,   40.87, 47.9, 5.25, 5.25, 5.27
6, 13997, 13,     2.60, 5,   coast,   42.60,  88863.00, 1093.22,  123.03,   41.32, 47.9, 5.25, 5.25, 5.27
6, 13997, 13,     2.61, 5,   coast,   43.14,  88874.00, 1092.20,  122.01,   41.76, 47.9, 5.25, 5.25, 5.27
6, 13997, 13,     2.62, 5,   coast,   43.67,  88879.00, 1091.74,  121.54,   42.21, 47.9, 5.25, 5.25, 5.27
6, 13997, 13,     2.63, 5,   coast,   44.19,  88891.00, 1090.63,  120.43,   42.67, 47.9, 5.25, 5.25, 5.27
6, 13997, 13,     2.64, 5,   coast,   44.70,  88903.00, 1089.52,  119.32,   43.13, 47.9, 5.28, 5.23, 5.28
6, 13997, 13,     2.65, 5,   coast,   45.20,  88908.00, 1089.05,  118.86,   43.60, 47.9, 5.28, 5.23, 5.28
6, 13997, 13,     2.66, 5,   coast,   45.69,  88908.00, 1089.05,  118.86,   44.07, 47.9, 5.24, 5.25, 5.27
6, 13997, 13,     2.67, 5,   coast,   46.17,  88922.00, 1087.76,  117.57,   44.55, 47.9, 5.25, 5.25, 5.27
6, 13997, 13,     2.68, 5,   coast,   46.64,  88940.00, 1086.09,  115.90,   45.03, 47.9, 5.25, 5.25, 5.27
6, 13997, 13,     2.69, 5,   coast,   47.10,  88956.00, 1084.61,  114.42,   45.52, 47.9, 5.25, 5.25, 5.27
6, 13997, 13,     2.70, 5,   coast,   47.55,  88966.00, 1083.69,  113.50,   46.01, 47.9, 5.25, 5.25, 5.27
6, 13997, 13,     2.71, 5,   coast,   47.98,  88986.00, 1081.84,  111.65,   46.50, 47.9, 5.28, 5.23, 5.28
6, 13997, 13,     2.72, 5,   coast,   48.41,  89000.00, 1080.54,  110.35,   47.00, 47.9, 5.25, 5.25, 5.27
6, 13997, 13,     2.73, 5,   coast,   48.83,  89019.00, 1078.79,  108.59,   47.51, 47.9, 5.25, 5.25, 5.27
6, 13997, 13,     2.74, 5,   coast,   49.23,  89045.00, 1076.38,  106.19,   48.02, 47.9, 5.25, 5.25, 5.27
6, 13997, 13,     2.75, 5,   coast,   49.63,  89066.00, 1074.44,  104.25,   48.53, 47.9, 5.25, 5.25, 5.27
6, 13997, 13,     2.76, 5,   coast,   50.02,  89096.00, 1071.67,  101.48,   49.05, 47.9, 5.28, 5.23, 5.28
6, 13997, 13,     2.77, 5,   coast,   50.39,  89096.00, 1071.67,  101.48,   49.57, 47.9, 5.24, 5.25, 5.27
6, 13997, 13,     2.78, 5,   coast,   50.75,  89123.00, 1069.18,   98.98,   50.09, 47.9, 5.28, 5.23, 5.30
6, 13997, 13,     2.79, 5,   coast,   51.11,  89189.00, 1063.08,   92.89,   50.62, 47.9, 5.25, 5.25, 5.27
6, 13997, 13,     2.80, 5,   coast,   51.45,  89223.00, 1059.94,   89.75,   51.15, 47.9, 5.25, 5.25, 5.27
6, 13997, 13,     2.81, 5,   coast,   51.78,  89261.00, 1056.44,   86.25,   51.68, 47.9, 5.25, 5.25, 5.27
6, 13997, 13,     2.82, 5,   coast,   52.10,  89297.00, 1053.12,   82.93,   52.22, 47.9, 5.25, 5.25, 5.27
6, 13997, 13,     2.83, 5,   coast,   52.42,  89334.00, 1049.71,   79.52,   52.75, 47.9, 5.25, 5.25, 5.27
6, 13997, 13,     2.84, 5,   coast,   52.72,  89373.00, 1046.11,   75.92,   53.29, 47.9, 5.25, 5.25, 5.27
6, 13997, 13,     2.85, 5,   coast,   53.01,  89421.00, 1041.69,   71.50,   53.84, 47.9, 5.25, 5.25, 5.27
6, 13997, 13,     2.86, 5,   coast,   53.29,  89464.00, 1037.73,   67.54,   54.38, 47.9, 5.25, 5.25, 5.27
6, 13997, 13,     2.87, 5,   coast,   53.56,  89512.00, 1033.31,   63.12,   54.93, 47.9, 5.28, 5.23, 5.28
6, 13997, 13,     2.88, 5,   coast,   53.83,  89512.00, 1033.31,   63.12,   55.48, 47.9, 5.24, 5.25, 5.27
6, 13997, 13,     2.89, 5,   coast,   54.08,  89567.00, 1028.25,   58.06,   56.03, 47.9, 5.25, 5.25, 5.27
6, 13997, 13,     2.90, 5,   coast,   54.32,  89637.00, 1021.82,   51.62,   56.58, 47.9, 5.25, 5.25, 5.27
6, 13997, 13,     2.91, 5,   coast,   54.56,  89667.00, 1019.06,   48.87,   57.14, 47.9, 5.25, 5.25, 5.27
6, 13997, 13,     2.92, 5,   coast,   54.78,  89672.00, 1018.60,   48.41,   57.70, 47.9, 5.25, 5.25, 5.27
6, 13997, 13,     2.93, 5,   coast,   55.00,  89650.00, 1020.62,   50.43,   58.26, 47.9, 5.25, 5.25, 5.27
6, 13997, 13,     2.94, 5,   coast,   55.21,  89618.00, 1023.56,   53.37,   58.82, 47.9, 5.25, 5.25, 5.27
6, 13997, 13,     2.95, 5,   coast,   55.41,  89557.00, 1029.17,   58.98,   59.39, 47.9, 5.25, 5.25, 5.27
6, 13997, 13,     2.96, 5,   coast,   55.60,  89503.00, 1034.14,   63.95,   59.96, 47.9, 5.25, 5.25, 5.27
6, 13997, 13,     2.97, 5,   coast,   55.78,  89445.00, 1039.48,   69.29,   60.52, 47.9, 5.25, 5.25, 5.27
6, 13997, 13,     2.98, 5,   coast,   55.95,  89393.00, 1044.27,   74.08,   61.09, 47.9, 5.28, 5.23, 5.28
6, 13997, 13,     2.99, 5,   coast,   56.12,  89393.00, 1044.27,   74.08,   61.67, 47.9, 5.28, 5.23, 5.28
6, 13997, 13,     3.00, 5,   coast,   56.27,  89351.00, 1048.14,   77.95,   62.24, 47.9, 5.25, 5.25, 5.27
6, 13997, 13,     3.01, 5,   coast,   56.42,  89287.00, 1054.04,   83.85,   62.81, 47.9, 5.25, 5.25, 5.27
6, 13997, 13,     3.02, 5,   coast,   56.56,  89267.00, 1055.89,   85.69,   63.39, 47.9, 5.25, 5.25, 5.27
6, 13997, 13,     3.03, 5,   coast,   56.70,  89241.00, 1058.28,   88.09,   63.97, 47.9, 5.25, 5.25, 5.27
6, 13997, 13,     3.04, 5,   coast,   56.82,  89215.00, 1060.68,   90.49,   64.55, 47.9, 5.25, 5.25, 5.27
6, 13997, 13,     3.05, 5,   coast,   56.94,  89188.00, 1063.17,   92.98,   65.13, 47.9, 5.25, 5.25, 5.27
6, 13997, 13,     3.06, 5,   coast,   57.06,  89149.00, 1066.78,   96.58,   65.71, 47.9, 5.28, 5.23, 5.28
6, 13997, 13,     3.07, 5,   coast,   57.16,  89115.00, 1069.92,   99.72,   66.29, 47.9, 5.25, 5.25, 5.27
6, 13997, 13,     3.08, 5,   coast,   57.26,  89071.00, 1073.98,  103.79,   66.87, 47.9, 5.25, 5.25, 5.27
6, 13997, 13,     3.09, 5,   coast,   57.35,  89038.00, 1077.03,  106.84,   67.45, 47.9, 5.28, 5.23, 5.28
6, 13997, 13,     3.10, 5,   coast,   57.44,  89038.00, 1077.03,  106.84,   68.04, 47.9, 5.24, 5.25, 5.27
6, 13997, 13,     3.11, 5,   coast,   57.52,  88989.00, 1081.56,  111.37,   68.62, 47.9, 5.25, 5.25, 5.27
6, 13997, 13,     3.12, 5,   coast,   57.59,  88933.00, 1086.74,  116.55,   69.21, 47.9, 5.25, 5.25, 5.27
6, 13997, 13,     3.13, 5,   coast,   57.66,  88895.00, 1090.26,  120.06,   69.80, 47.9, 5.28, 5.23, 5.28
6, 13997, 13,     3.14, 5,   coast,   57.72,  88856.00, 1093.87,  123.67,   70.38, 47.9, 5.25, 5.25, 5.27
6, 13997, 13,     3.15, 5,   coast,   57.78,  88819.00, 1097.29,  127.10,   70.97, 47.9, 5.25, 5.25, 5.27
6, 13997, 13,     3.16, 5,   coast,   57.83,  88774.00, 1101.46,  131.27,   71.56, 47.9, 5.25, 5.25, 5.27
6, 13997, 13,     3.17, 5,   coast,   57.88,  88740.00, 1104.61,  134.42,   72.15, 47.9, 5.25, 5.25, 5.27
6, 13997, 13,     3.18, 5,   coast,   57.92,  88703.00, 1108.04,  137.85,   72.74, 47.9, 5.25, 5.25, 5.27
6, 13997, 13,     3.19, 5,   coast,   57.95,  88674.00, 1110.73,  140.54,   73.33, 47.9, 5.25, 5.25, 5.27
6, 13997, 13,     3.20, 5,   coast,   57.98,  88638.00, 1114.07,  143.88,   73.91, 47.9, 5.28, 5.23, 5.28
6, 13997, 13,     3.21, 5,   coast,   58.01,  88638.00, 1114.07,  143.88,   74.50, 47.9, 5.24, 5.25, 5.27
6, 13997, 13,     3.22, 5,   coast,   58.03,  88601.00, 1117.50,  147.31,   75.09, 47.9, 5.25, 5.25, 5.27
6, 13997, 13,     3.23, 5,   coast,   58.05,  88551.00, 1122.14,  151.95,   75.68, 47.9, 5.25, 5.25, 5.27
6, 13997, 13,     3.24, 5,   coast,   58.06,  88528.00, 1124.28,  154.09,   76.27, 47.9, 5.25, 5.25, 5.27
6, 13997, 13,     3.25, 5,   coast,   58.07,  88500.00, 1126.88,  156.69,   76.86, 47.9, 5.25, 5.25, 5.27
6, 13997, 13,     3.26, 5,   coast,   58.08,  88474.00, 1129.29,  159.10,   77.44, 47.9, 5.25, 5.25, 5.27
6, 13997, 13,     3.27, 5,   coast,   58.08,  88448.00, 1131.71,  161.52,   78.03, 47.9, 5.25, 5.25, 5.27
6, 13997, 13,     3.28, 5,   coast,   58.09,  88432.00, 1133.20,  163.00,   78.62, 47.9, 5.25, 5.25, 5.27
6, 13997, 13,     3.29, 5,   coast,   58.08,  88400.00, 1136.17,  165.98,   79.21, 47.9, 5.25, 5.25, 5.27
6, 13997, 13,     3.30, 5,   coast,   58.08,  88375.00, 1138.49,  168.30,   79.79, 47.9, 5.25, 5.25, 5.27
6, 13997, 13,     3.31, 5,   coast,   58.07,  88359.00, 1139.98,  169.79,   80.38, 47.9, 5.28, 5.23, 5.28
6, 13997, 13,     3.32, 5,   coast,   58.07,  88359.00, 1139.98,  169.79,   80.96, 47.9, 5.24, 5.25, 5.27
6, 13997, 13,     3.33, 5,   coast,   58.06,  88330.00, 1142.68,  172.49,   81.55, 47.9, 5.25, 5.25, 5.27
6, 13997, 13,     3.34, 5,   coast,   58.05,  88289.00, 1146.50,  176.30,   82.13, 47.9, 5.25, 5.25, 5.27
6, 13997, 13,     3.35, 5,   coast,   58.03,  88254.00, 1149.75,  179.56,   82.71, 47.9, 5.25, 5.25, 5.27
6, 13997, 13,     3.36, 5,   coast,   58.02,  88237.00, 1151.34,  181.14,   83.30, 47.9, 5.25, 5.25, 5.27
6, 13997, 13,     3.37, 5,   coast,   58.01,  88216.00, 1153.29,  183.10,   83.88, 47.9, 5.25, 5.25, 5.27
6, 13997, 13,     3.38, 5,   coast,   57.99,  88192.00, 1155.53,  185.33,   84.46, 47.9, 5.25, 5.25, 5.27
6, 13997, 13,     3.39, 5,   coast,   57.98,  88170.00, 1157.58,  187.38,   85.04, 47.9, 5.25, 5.25, 5.27
6, 13997, 13,     3.40, 5,   coast,   57.96,  88155.00, 1158.97,  188.78,   85.62, 47.9, 5.25, 5.25, 5.27
6, 13997, 13,     3.41, 5,   coast,   57.95,  88134.00, 1160.93,  190.74,   86.20, 47.9, 5.25, 5.25, 5.27
6, 13997, 13,     3.42, 5,   coast,   57.94,  88109.00, 1163.26,  193.07,   86.78, 47.9, 5.28, 5.23, 5.28
6, 13997, 13,     3.43, 5,   coast,   57.93,  88109.00, 1163.26,  193.07,   87.35, 47.9, 5.24, 5.25, 5.27
6, 13997, 13,     3.44, 5,   coast,   57.92,  88087.00, 1165.31,  195.12,   87.93, 47.9, 5.25, 5.25, 5.27
6, 13997, 13,     3.45, 5,   coast,   57.91,  88057.00, 1168.11,  197.92,   88.51, 47.8, 5.25, 5.25, 5.27
6, 13997, 13,     3.46, 5,   coast,   57.91,  88026.00, 1171.00,  200.81,   89.08, 47.9, 5.25, 5.25, 5.27
6, 13997, 13,     3.47, 5,   coast,   57.91,  88007.00, 1172.77,  202.58,   89.66, 47.9, 5.25, 5.25, 5.27
6, 13997, 13,     3.48, 5,   coast,   57.91,  88001.00, 1173.33,  203.14,   90.23, 47.9, 5.25, 5.25, 5.27
6, 13997, 13,     3.49, 5,   coast,   57.91,  87968.00, 1176.41,  206.22,   90.80, 47.9, 5.25, 5.25, 5.27
6, 13997, 13,     3.50, 5,   coast,   57.92,  87958.00, 1177.35,  207.15,   91.38, 47.9, 5.25, 5.25, 5.27
6, 13997, 13,     3.51, 5,   coast,   57.93,  87935.00, 1179.49,  209.30,   91.95, 47.9, 5.25, 5.25, 5.27
6, 13997, 13,     3.52, 5,   coast,   57.95,  87922.00, 1180.71,  210.52,   92.52, 47.9, 5.25, 5.25, 5.27
6, 13997, 13,     3.53, 5,   coast,   57.97,  87901.00, 1182.67,  212.48,   93.09, 47.9, 5.28, 5.23, 5.28
6, 13997, 13,     3.54, 5,   coast,   57.99,  87901.00, 1182.67,  212.48,   93.66, 47.9, 5.24, 5.25, 5.27
6, 13997, 13,     3.55, 5,   coast,   58.02,  87882.00, 1184.44,  214.25,   94.24, 47.9, 5.25, 5.25, 5.27
6, 13997, 13,     3.56, 5,   coast,   58.06,  87862.00, 1186.31,  216.12,   94.81, 47.8, 5.25, 5.25, 5.27
6, 13997, 13,     3.57, 5,   coast,   58.10,  87846.00, 1187.81,  217.61,   95.38, 47.9, 5.28, 5.23, 5.28
6, 13997, 13,     3.58, 5,   coast,   58.15,  87832.00, 1189.11,  218.92,   95.95, 47.9, 5.25, 5.25, 5.27
6, 13997, 13,     3.59, 5,   coast,   58.20,  87816.00, 1190.61,  220.42,   96.52, 47.9, 5.25, 5.25, 5.27
6, 13997, 13,     3.60, 5,   coast,   58.26,  87805.00, 1191.64,  221.45,   97.10, 47.9, 5.25, 5.25, 5.27
6, 13997, 13,     3.61, 5,   coast,   58.33,  87794.00, 1192.67,  222.47,   97.67, 47.9, 5.25, 5.25, 5.27
6, 13997, 13,     3.62, 5,   coast,   58.41,  87779.00, 1194.07,  223.88,   98.24, 47.9, 5.25, 5.25, 5.27
6, 13997, 13,     3.63, 5,   coast,   58.49,  87769.00, 1195.00,  224.81,   98.81, 47.9, 5.25, 5.25, 5.27
6, 13997, 13,     3.64, 5,   coast,   58.58,  87752.00, 1196.59,  226.40,   99.38, 47.9, 5.25, 5.25, 5.27
6, 13997, 13,     3.65, 5,   coast,   58.68,  87752.00, 1196.59,  226.40,   99.95, 47.9, 5.24, 5.25, 5.27
6, 13997, 13,     3.66, 5,   coast,   58.79,  87742.00, 1197.53,  227.34,  100.52, 47.9, 5.25, 5.25, 5.27
6, 13997, 13,     3.67, 5,   coast,   58.91,  87732.00, 1198.46,  228.27,  101.09, 47.8, 5.25, 5.25, 5.27
6, 13997, 13,     3.68, 5,   coast,   59.04,  87721.00, 1199.49,  229.30,  101.67, 47.9, 5.25, 5.25, 5.27
6, 13997, 13,     3.69, 5,   coast,   59.17,  87722.00, 1199.40,  229.21,  102.24, 47.8, 5.25, 5.25, 5.27
6, 13997, 13,     3.70, 5,   coast,   59.32,  87721.00, 1199.49,  229.30,  102.81, 47.9, 5.25, 5.25, 5.27
6, 13997, 13,     3.71, 5,   coast,   59.48,  87716.00, 1199.96,  229.77,  103.39, 47.9, 5.25, 5.25, 5.27
6, 13997, 13,     3.72, 5,   coast,   59.65,  87715.00, 1200.05,  229.86,  103.97, 47.9, 5.25, 5.25, 5.27
6, 13997, 13,     3.73, 5,   coast,   59.82,  87709.00, 1200.62,  230.42,  104.55, 47.9, 5.25, 5.25, 5.27
6, 13997, 13,     3.74, 5,   coast,   60.01,  87694.00, 1202.02,  231.83,  105.13, 47.9, 5.25, 5.25, 5.27
6, 13997, 13,     3.75, 5,   coast,   60.21,  87687.00, 1202.67,  232.48,  105.71, 47.9, 5.25, 5.25, 5.27
6, 13997, 13,     3.76, 5,   coast,   60.42,  87687.00, 1202.67,  232.48,  106.29, 47.9, 5.24, 5.25, 5.27
6, 13997, 13,     3.77, 5,   coast,   60.65,  87672.00, 1204.08,  233.89,  106.87, 47.9, 5.25, 5.25, 5.27
6, 13997, 13,     3.78, 5,   coast,   60.88,  87664.00, 1204.83,  234.63,  107.46, 47.8, 5.25, 5.25, 5.27
6, 13997, 13,     3.79, 5,   coast,   61.13,  87664.00, 1204.83,  234.63,  108.05, 47.8, 5.25, 5.25, 5.27
6, 13997, 13,     3.80, 5,   coast,   61.39,  87671.00, 1204.17,  233.98,  108.64, 47.9, 5.25, 5.25, 5.27
6, 13997, 13,     3.81, 5,   coast,   61.67,  87678.00, 1203.52,  233.32,  109.23, 47.9, 5.25, 5.25, 5.27
6, 13997, 13,     3.82, 5,   coast,   61.95,  87700.00, 1201.46,  231.27,  109.83, 47.9, 5.25, 5.25, 5.27
6, 13997, 13,     3.83, 5,   coast,   62.25,  87721.00, 1199.49,  229.30,  110.43, 47.9, 5.25, 5.25, 5.27
6, 13997, 13,     3.84, 5,   coast,   62.56,  87728.00, 1198.84,  228.65,  111.03, 47.9, 5.25, 5.25, 5.27
6, 13997, 13,     3.85, 5,   coast,   62.89,  87746.00, 1197.15,  226.96,  111.63, 47.9, 5.25, 5.25, 5.27
6, 13997, 13,     3.86, 5,   coast,   63.23,  87747.00, 1197.06,  226.87,  112.23, 47.9, 5.25, 5.25, 5.27
6, 13997, 13,     3.87, 5,   coast,   63.58,  87747.00, 1197.06,  226.87,  112.84, 47.9, 5.24, 5.25, 5.27
6, 13997, 13,     3.88, 5,   coast,   63.95,  87752.00, 1196.59,  226.40,  113.45, 47.9, 5.25, 5.25, 5.27
6, 13997, 13,     3.89, 5,   coast,   64.34,  87753.00, 1196.50,  226.31,  114.07, 47.8, 5.25, 5.25, 5.27
6, 13997, 13,     3.90, 5,   coast,   64.73,  87756.00, 1196.22,  226.03,  114.69, 47.8, 5.25, 5.25, 5.27
6, 13997, 13,     3.91, 5,   coast,   65.15,  87761.00, 1195.75,  225.56,  115.31, 47.8, 5.25, 5.25, 5.27
6, 13997, 13,     3.92, 5,   coast,   65.57,  87753.00, 1196.50,  226.31,  115.94, 47.8, 5.25, 5.25, 5.27
6, 13997, 13,     3.93, 5,   coast,   66.01,  87741.00, 1197.62,  227.43,  116.57, 47.9, 5.25, 5.25, 5.27
6, 13997, 13,     3.94, 5,   coast,   66.47,  87727.00, 1198.93,  228.74,  117.21, 47.9, 5.25, 5.25, 5.27
6, 13997, 13,     3.95, 5,   coast,   66.94,  87721.00, 1199.49,  229.30,  117.85, 47.9, 5.25, 5.25, 5.27
6, 13997, 13,     3.96, 5,   coast,   67.43,  87713.00, 1200.24,  230.05,  118.49, 47.9, 5.25, 5.25, 5.27
6, 13997, 13,     3.97, 5,   coast,   67.93,  87694.00, 1202.02,  231.83,  119.13, 47.9, 5.25, 5.25, 5.27
6, 13997, 13,     3.98, 5,   coast,   68.45,  87694.00, 1202.02,  231.83,  119.78, 47.9, 5.24, 5.25, 5.27
6, 13997, 13,     3.99, 5,   coast,   68.98,  87692.00, 1202.21,  232.01,  120.44, 47.9, 5.25, 5.25, 5.27
6, 13997, 13,     4.00, 5,   coast,   69.53,  87682.00, 1203.14,  232.95,  121.11, 47.8, 5.25, 5.25, 5.27
6, 13997, 13,     4.01, 5,   coast,   70.09,  87679.00, 1203.42,  233.23,  121.77, 47.8, 5.25, 5.25, 5.27
6, 13997, 13,     4.02, 5,   coast,   70.67,  87669.00, 1204.36,  234.17,  122.45, 47.8, 5.25, 5.25, 5.27
6, 13997, 13,     4.03, 5,   coast,   71.27,  87665.00, 1204.73,  234.54,  123.12, 47.8, 5.25, 5.25, 5.27
6, 13997, 13,     4.04, 5,   coast,   71.88,  87641.00, 1206.98,  236.79,  123.81, 47.9, 5.25, 5.25, 5.27
6, 13997, 13,     4.05, 5,   coast,   72.51,  87627.00, 1208.29,  238.10,  124.50, 47.9, 5.25, 5.25, 5.27
6, 13997, 13,     4.06, 5,   coast,   73.15,  87610.00, 1209.88,  239.69,  125.20, 47.9, 5.25, 5.25, 5.27
6, 13997, 13,     4.07, 5,   coast,   73.81,  87602.00, 1210.63,  240.44,  125.90, 47.9, 5.25, 5.25, 5.27
6, 13997, 13,     4.08, 5,   coast,   74.48,  87599.00, 1210.91,  240.72,  126.61, 47.9, 5.25, 5.25, 5.27
6, 13997, 13,     4.09, 5,   coast,   75.17,  87599.00, 1210.91,  240.72,  127.32, 47.9, 5.24, 5.25, 5.27
6, 13997, 13,     4.10, 5,   coast,   75.88,  87592.00, 1211.57,  241.38,  128.05, 47.9, 5.25, 5.25, 5.27
6, 13997, 13,     4.11, 5,   coast,   76.60,  87598.00, 1211.01,  240.81,  128.78, 47.8, 5.25, 5.25, 5.27
6, 13997, 13,     4.12, 5,   coast,   77.34,  87600.00, 1210.82,  240.63,  129.52, 47.8, 5.25, 5.25, 5.27
6, 13997, 13,     4.13, 5,   coast,   78.09,  87594.00, 1211.38,  241.19,  130.27, 47.8, 5.25, 5.25, 5.27
6, 13997, 13,     4.14, 5,   coast,   78.86,  87593.00, 1211.47,  241.28,  131.03, 47.8, 5.25, 5.25, 5.27
6, 13997, 13,     4.15, 5,   coast,   79.64,  87595.00, 1211.29,  241.10,  131.79, 47.8, 5.25, 5.25, 5.27
6, 13997, 13,     4.16, 5,   coast,   80.44,  87592.00, 1211.57,  241.38,  132.56, 47.9, 5.25, 5.25, 5.27
6, 13997, 13,     4.17, 5,   coast,   81.25,  87586.00, 1212.13,  241.94,  133.34, 47.9, 5.25, 5.25, 5.27
6, 13997, 13,     4.18, 5,   coast,   82.08,  87578.00, 1212.88,  242.69,  134.12, 47.9, 5.25, 5.25, 5.27
6, 13997, 13,     4.19, 5,   coast,   82.92,  87564.00, 1214.19,  244.00,  134.92, 47.9, 5.25, 5.25, 5.27
6, 13997, 13,     4.20, 5,   coast,   83.78,  87564.00, 1214.19,  244.00,  135.72, 47.9, 5.24, 5.25, 5.27
6, 13997, 13,     4.21, 5,   coast,   84.65,  87558.00, 1214.75,  244.56,  136.54, 47.9, 5.25, 5.25, 5.27
6, 13997, 13,     4.22, 5,   coast,   85.54,  87548.00, 1215.69,  245.50,  137.36, 47.8, 5.25, 5.25, 5.27
6, 13997, 13,     4.23, 5,   coast,   86.44,  87536.00, 1216.81,  246.62,  138.19, 47.8, 5.25, 5.25, 5.27
6, 13997, 13,     4.24, 5,   coast,   87.36,  87536.00, 1216.81,  246.62,  139.04, 47.8, 5.25, 5.25, 5.27
6, 13997, 13,     4.25, 5,   coast,   88.28,  87518.00, 1218.50,  248.31,  139.89, 47.8, 5.25, 5.25, 5.27
6, 13997, 13,     4.26, 5,   coast,   89.23,  87513.00, 1218.97,  248.78,  140.75, 47.8, 5.25, 5.25, 5.27
6, 13997, 13,     4.27, 5,   coast,   90.18,  87502.00, 1220.00,  249.81,  141.62, 47.9, 5.25, 5.25, 5.27
6, 13997, 13,     4.28, 5,   coast,   91.15,  87484.00, 1221.69,  251.50,  142.50, 47.9, 5.25, 5.25, 5.27
6, 13997, 13,     4.29, 5,   coast,   92.14,  87477.00, 1222.34,  252.15,  143.39, 47.9, 5.25, 5.25, 5.27
6, 13997, 13,     4.30, 5,   coast,   93.13,  87457.00, 1224.22,  254.03,  144.28, 47.9, 5.25, 5.25, 5.27
6, 13997, 13,     4.31, 5,   coast,   94.14,  87457.00, 1224.22,  254.03,  145.19, 47.9, 5.24, 5.25, 5.27
6, 13997, 13,     4.32, 5,   coast,   95.16,  87442.00, 1225.63,  255.44,  146.11, 47.9, 5.25, 5.25, 5.27
6, 13997, 13,     4.33, 5,   coast,   96.19,  87416.00, 1228.07,  257.87,  147.04, 47.8, 5.25, 5.25, 5.27
6, 13997, 13,     4.34, 5,   coast,   97.23,  87396.00, 1229.94,  259.75,  147.99, 47.8, 5.25, 5.25, 5.27
6, 13997, 13,     4.35, 5,   coast,   98.29,  87382.00, 1231.26,  261.06,  148.94, 47.8, 5.25, 5.25, 5.27
6, 13997, 13,     4.36, 5,   coast,   99.35,  87360.00, 1233.32,  263.13,  149.90, 47.8, 5.25, 5.25, 5.27
6, 13997, 13,     4.37, 5,   coast,  100.43,  87349.00, 1234.35,  264.16,  150.88, 47.8, 5.25, 5.25, 5.27
6, 13997, 13,     4.38, 5,   coast,  101.52,  87333.00, 1235.86,  265.66,  151.86, 47.8, 5.25, 5.25, 5.27
6, 13997, 13,     4.39, 5,   coast,  102.61,  87328.00, 1236.32,  266.13,  152.86, 47.9, 5.25, 5.25, 5.27
6, 13997, 13,     4.40, 5,   coast,  103.72,  87289.00, 1239.99,  269.80,  153.87, 47.9, 5.25, 5.25, 5.27
6, 13997, 13,     4.41, 5,   coast,  104.84,  87256.00, 1243.09,  272.90,  154.88, 47.9, 5.25, 5.25, 5.27
6, 13997, 13,     4.42, 5,   coast,  105.96,  87256.00, 1243.09,  272.90,  155.92, 47.9, 5.24, 5.25, 5.27
6, 13997, 13,     4.43, 5,   coast,  107.09,  87223.00, 1246.19,  276.00,  156.96, 47.9, 5.25, 5.25, 5.27
6, 13997, 13,     4.44, 5,   coast,  108.24,  87175.00, 1250.70,  280.51,  158.02, 47.8, 5.25, 5.25, 5.27
6, 13997, 13,     4.45, 5,   coast,  109.39,  87158.00, 1252.30,  282.11,  159.08, 47.8, 5.25, 5.25, 5.27
6, 13997, 13,     4.46, 5,   coast,  110.54,  87132.00, 1254.74,  284.55,  160.16, 47.8, 5.25, 5.25, 5.27
6, 13997, 13,     4.47, 5,   coast,  111.71,  87114.00, 1256.44,  286.25,  161.26, 47.8, 5.25, 5.25, 5.27
6, 13997, 13,     4.48, 5,   coast,  112.88,  87088.00, 1258.88,  288.69,  162.36, 47.8, 5.25, 5.25, 5.27
6, 13997, 13,     4.49, 5,   coast,  114.06,  87057.00, 1261.80,  291.61,  163.48, 47.9, 5.25, 5.25, 5.27
6, 13997, 13,     4.50, 5,   coast,  115.25,  87035.00, 1263.87,  293.68,  164.61, 47.9, 5.25, 5.25, 5.27
6, 13997, 13,     4.51, 5,   coast,  116.44,  86998.00, 1267.36,  297.16,  165.74, 47.9, 5.25, 5.25, 5.27
6, 13997, 13,     4.52, 5,   coast,  117.64,  86979.00, 1269.15,  298.95,  166.90, 47.9, 5.25, 5.25, 5.27
6, 13997, 13,     4.53, 5,   coast,  118.84,  86979.00, 1269.15,  298.95,  168.06, 47.9, 5.24, 5.25, 5.27
6, 13997, 13,     4.54, 5,   coast,  120.05,  86945.00, 1272.35,  302.16,  169.24, 47.9, 5.25, 5.25, 5.27
6, 13997, 13,     4.55, 5,   coast,  121.27,  86899.00, 1276.68,  306.49,  170.44, 47.8, 5.25, 5.25, 5.27
6, 13997, 13,     4.56, 5,   coast,  122.48,  86880.00, 1278.48,  308.28,  171.65, 47.8, 5.25, 5.25, 5.27
6, 13997, 13,     4.57, 5,   coast,  123.71,  86865.00, 1279.89,  309.70,  172.87, 47.8, 5.25, 5.25, 5.27
6, 13997, 13,     4.58, 5,   coast,  124.94,  86840.00, 1282.25,  312.06,  174.10, 47.8, 5.25, 5.25, 5.27
6, 13997, 13,     4.59, 5,   coast,  126.17,  86830.00, 1283.19,  313.00,  175.35, 47.8, 5.25, 5.25, 5.27
6, 13997, 13,     4.60, 5,   coast,  127.40,  86815.00, 1284.61,  314.41,  176.61, 47.8, 5.25, 5.25, 5.27
6, 13997, 13,     4.61, 5,   coast,  128.64,  86817.00, 1284.42,  314.23,  177.88, 47.9, 5.25, 5.25, 5.27
6, 13997, 13,     4.62, 5,   coast,  129.89,  86806.00, 1285.45,  315.26,  179.16, 47.9, 5.25, 5.25, 5.27
6, 13997, 13,     4.63, 5,   coast,  131.13,  86800.00, 1286.02,  315.83,  180.46, 47.9, 5.25, 5.25, 5.27
6, 13997, 13,     4.64, 5,   coast,  132.38,  86800.00, 1286.02,  315.83,  181.77, 47.9, 5.24, 5.25, 5.27
6, 13997, 13,     4.65, 5,   coast,  133.63,  86792.00, 1286.78,  316.58,  183.10, 47.9, 5.25, 5.25, 5.27
6, 13997, 13,     4.66, 5,   coast,  134.88,  86784.00, 1287.53,  317.34,  184.43, 47.8, 5.25, 5.25, 5.27
6, 13997, 13,     4.67, 5,   coast,  136.14,  86773.00, 1288.57,  318.38,  185.78, 47.8, 5.25, 5.25, 5.27
6, 13997, 13,     4.68, 5,   coast,  137.40,  86765.00, 1289.32,  319.13,  187.15, 47.8, 5.25, 5.25, 5.27
6, 13997, 13,     4.69, 5,   coast,  138.65,  86758.00, 1289.98,  319.79,  188.52, 47.8, 5.25, 5.25, 5.27
6, 13997, 13,     4.70, 5,   coast,  139.91,  86752.00, 1290.55,  320.36,  189.91, 47.8, 5.25, 5.25, 5.27
6, 13997, 13,     4.71, 5,   coast,  141.17,  86748.00, 1290.93,  320.74,  191.31, 47.9, 5.25, 5.25, 5.27
6, 13997, 13,     4.72, 5,   coast,  142.43,  86733.00, 1292.34,  322.15,  192.73, 47.9, 5.25, 5.25, 5.27
6, 13997, 13,     4.73, 5,   coast,  143.69,  86722.00, 1293.38,  323.19,  194.15, 47.9, 5.25, 5.25, 5.27
6, 13997, 13,     4.74, 5,   coast,  144.96,  86706.00, 1294.89,  324.70,  195.59, 47.9, 5.25, 5.25, 5.27
6, 13997, 13,     4.75, 5,   coast,  146.22,  86706.00, 1294.89,  324.70,  197.05, 47.9, 5.24, 5.25, 5.27
6, 13997, 13,     4.76, 5,   coast,  147.48,  86694.00, 1296.03,  325.84,  198.51, 47.9, 5.25, 5.25, 5.27
6, 13997, 13,     4.77, 5,   coast,  148.74,  86700.00, 1295.46,  325.27,  199.99, 47.8, 5.25, 5.25, 5.27
6, 13997, 13,     4.78, 5,   coast,  149.99,  86698.00, 1295.65,  325.46,  201.48, 47.8, 5.25, 5.25, 5.27
6, 13997, 13,     4.79, 5,   coast,  151.25,  86689.00, 1296.50,  326.31,  202.99, 47.8, 5.25, 5.25, 5.27
6, 13997, 13,     4.80, 5,   coast,  152.51,  86685.00, 1296.88,  326.69,  204.50, 47.8, 5.25, 5.25, 5.27
6, 13997, 13,     4.81, 5,   coast,  153.76,  86686.00, 1296.78,  326.59,  206.02, 47.8, 5.25, 5.25, 5.27
6, 13997, 13,     4.82, 5,   coast,  155.01,  86686.00, 1296.78,  326.59,  207.56, 47.9, 5.25, 5.25, 5.27
6, 13997, 13,     4.83, 5,   coast,  156.25,  86683.00, 1297.07,  326.87,  209.11, 47.9, 5.25, 5.25, 5.27
6, 13997, 13,     4.84, 5,   coast,  157.50,  86679.00, 1297.44,  327.25,  210.67, 47.9, 5.25, 5.25, 5.27
6, 13997, 13,     4.85, 5,   coast,  158.73,  86673.00, 1298.01,  327.82,  212.24, 47.9, 5.25, 5.25, 5.27
6, 13997, 13,     4.86, 5,   coast,  159.97,  86673.00, 1298.01,  327.82,  213.82, 47.9, 5.24, 5.25, 5.27
6, 13997, 13,     4.87, 5,   coast,  161.20,  86668.00, 1298.48,  328.29,  215.42, 47.9, 5.25, 5.25, 5.27
6, 13997, 13,     4.88, 5,   coast,  162.42,  86655.00, 1299.71,  329.52,  217.03, 47.8, 5.25, 5.25, 5.27
6, 13997, 13,     4.89, 5,   coast,  163.64,  86639.00, 1301.22,  331.03,  218.65, 47.8, 5.25, 5.25, 5.27
6, 13997, 13,     4.90, 5,   coast,  164.85,  86622.00, 1302.83,  332.64,  220.28, 47.8, 5.25, 5.25, 5.27
6, 13997, 13,     4.91, 5,   coast,  166.05,  86603.00, 1304.63,  334.43,  221.92, 47.8, 5.25, 5.25, 5.27
6, 13997, 13,     4.92, 5,   coast,  167.25,  86580.00, 1306.80,  336.61,  223.58, 47.8, 5.25, 5.25, 5.27
6, 13997, 13,     4.93, 5,   coast,  168.44,  86556.00, 1309.07,  338.88,  225.25, 47.8, 5.25, 5.25, 5.27
6, 13997, 13,     4.94, 5,   coast,  169.62,  86529.00, 1311.62,  341.43,  226.94, 47.9, 5.25, 5.25, 5.27
6, 13997, 13,     4.95, 5,   coast,  170.79,  86511.00, 1313.33,  343.13,  228.64, 47.9, 5.25, 5.25, 5.27
6, 13997, 13,     4.96, 5,   coast,  171.95,  86487.00, 1315.60,  345.40,  230.35, 47.9, 5.25, 5.25, 5.27
6, 13997, 13,     4.97, 5,   coast,  173.10,  86487.00, 1315.60,  345.40,  232.09, 47.9, 5.24, 5.25, 5.27
6, 13997, 13,     4.98, 5,   coast,  174.24,  86456.00, 1318.53,  348.34,  233.84, 47.9, 5.25, 5.25, 5.27
6, 13997, 13,     4.99, 5,   coast,  175.36,  86423.00, 1321.65,  351.46,  235.60, 47.8, 5.25, 5.25, 5.27
6, 13997, 13,     5.00, 5,   coast,  176.48,  86401.00, 1323.74,  353.55,  237.37, 47.8, 5.25, 5.25, 5.27
6, 13997, 13,     5.01, 5,   coast,  177.58,  86372.00, 1326.48,  356.29,  239.16, 47.8, 5.25, 5.25, 5.27
6, 13997, 13,     5.02, 5,   coast,  178.67,  86353.00, 1328.28,  358.09,  240.96, 47.8, 5.25, 5.25, 5.27
6, 13997, 13,     5.03, 5,   coast,  179.74,  86327.00, 1330.75,  360.56,  242.78, 47.8, 5.25, 5.25, 5.27
6, 13997, 13,     5.04, 5,   coast,  180.80,  86296.00, 1333.69,  363.50,  244.61, 47.8, 5.25, 5.25, 5.27
6, 13997, 13,     5.05, 5,   coast,  181.84,  86279.00, 1335.30,  365.11,  246.44, 47.8, 5.25, 5.25, 5.27
6, 13997, 13,     5.06, 5,   coast,  182.87,  86252.00, 1337.86,  367.67,  248.29, 47.8, 5.25, 5.25, 5.27
6, 13997, 13,     5.07, 5,   coast,  183.88,  86225.00, 1340.42,  370.23,  250.15, 47.9, 5.25, 5.25, 5.27
6, 13997, 13,     5.08, 5,   coast,  184.87,  86225.00, 1340.42,  370.23,  252.03, 47.9, 5.24, 5.25, 5.27
6, 13997, 13,     5.09, 5,   coast,  185.84,  86186.00, 1344.12,  373.93,  253.91, 47.9, 5.25, 5.25, 5.27
6, 13997, 13,     5.10, 5,   coast,  186.80,  86141.00, 1348.39,  378.20,  255.81, 47.8, 5.25, 5.25, 5.27
6, 13997, 13,     5.11, 5,   coast,  187.73,  86111.00, 1351.24,  381.05,  257.72, 47.8, 5.25, 5.25, 5.27
6, 13997, 13,     5.12, 5,   coast,  188.65,  86076.00, 1354.56,  384.37,  259.63, 47.8, 5.25, 5.25, 5.27
6, 13997, 13,     5.13, 5,   coast,  189.54,  86049.00, 1357.13,  386.94,  261.56, 47.8, 5.25, 5.25, 5.27
6, 13997, 13,     5.14, 5,   coast,  190.42,  86021.00, 1359.79,  389.60,  263.50, 47.8, 5.25, 5.25, 5.27
6, 13997, 13,     5.15, 5,   coast,  191.27,  85988.00, 1362.93,  392.74,  265.45, 47.8, 5.25, 5.25, 5.27
6, 13997, 13,     5.16, 5,   coast,  192.10,  85954.00, 1366.16,  395.97,  267.40, 47.8, 5.25, 5.25, 5.27
6, 13997, 13,     5.17, 5,   coast,  192.91,  85932.00, 1368.25,  398.06,  269.36, 47.8, 5.25, 5.25, 5.27
6, 13997, 13,     5.18, 5,   coast,  193.69,  85906.00, 1370.73,  400.53,  271.34, 47.9, 5.25, 5.25, 5.27
6, 13997, 13,     5.19, 5,   coast,  194.45,  85906.00, 1370.73,  400.53,  273.32, 47.9, 5.24, 5.25, 5.27
6, 13997, 13,     5.20, 5,   coast,  195.19,  85880.00, 1373.20,  403.01,  275.31, 47.8, 5.25, 5.25, 5.27
6, 13997, 13,     5.21, 5,   coast,  195.90,  85843.00, 1376.72,  406.53,  277.31, 47.8, 5.25, 5.25, 5.27
6, 13997, 13,     5.22, 5,   coast,  196.59,  85814.00, 1379.48,  409.29,  279.31, 47.8, 5.25, 5.25, 5.27
6, 13997, 13,     5.23, 5,   coast,  197.25,  85786.00, 1382.15,  411.96,  281.33, 47.8, 5.25, 5.25, 5.27
6, 13997, 13,     5.24, 5,   coast,  197.89,  85753.00, 1385.29,  415.10,  283.35, 47.8, 5.25, 5.25, 5.27
6, 13997, 13,     5.25, 5,   coast,  198.50,  85719.00, 1388.53,  418.34,  285.37, 47.8, 5.25, 5.25, 5.27
6, 13997, 13,     5.26, 5,   coast,  199.08,  85698.00, 1390.54,  420.34,  287.41, 47.8, 5.25, 5.25, 5.27
6, 13997, 13,     5.27, 5,   coast,  199.64,  85676.00, 1392.63,  422.44,  289.44, 47.8, 5.25, 5.25, 5.27
6, 13997, 13,     5.28, 5,   coast,  200.17,  85638.00, 1396.26,  426.07,  291.48, 47.9, 5.25, 5.25, 5.27
6, 13997, 13,     5.29, 5,   coast,  200.67,  85613.00, 1398.64,  428.45,  293.53, 47.9, 5.25, 5.25, 5.27
6, 13997, 13,     5.30, 5,   coast,  201.15,  85613.00, 1398.64,  428.45,  295.58, 47.9, 5.24, 5.25, 5.27
6, 13997, 13,     5.31, 5,   coast,  201.60,  85578.00, 1401.98,  431.79,  297.64, 47.9, 5.25, 5.25, 5.27
6, 13997, 13,     5.32, 5,   coast,  202.02,  85538.00, 1405.80,  435.61,  299.70, 47.8, 5.25, 5.25, 5.27
6, 13997, 13,     5.33, 5,   coast,  202.42,  85510.00, 1408.48,  438.28,  301.76, 47.8, 5.25, 5.25, 5.27
6, 13997, 13,     5.34, 5,   coast,  202.78,  85489.00, 1410.48,  440.29,  303.83, 47.8, 5.25, 5.25, 5.27
6, 13997, 13,     5.35, 5,   coast,  203.12,  85457.00, 1413.54,  443.35,  305.91, 47.8, 5.25, 5.25, 5.27
6, 13997, 13,     5.36, 5,   coast,  203.43,  85422.00, 1416.88,  446.69,  307.99, 47.8, 5.25, 5.25, 5.27
6, 13997, 13,     5.37, 5,   coast,  203.71,  85406.00, 1418.41,  448.22,  310.07, 47.8, 5.25, 5.25, 5.27
6, 13997, 13,     5.38, 5,   coast,  203.97,  85378.00, 1421.09,  450.90,  312.15, 47.8, 5.25, 5.25, 5.27
6, 13997, 13,     5.39, 5,   coast,  204.19,  85351.00, 1423.67,  453.48,  314.24, 47.9, 5.25, 5.25, 5.27
6, 13997, 13,     5.40, 5,   coast,  204.39,  85322.00, 1426.45,  456.25,  316.32, 47.9, 5.25, 5.25, 5.27
6, 13997, 13,     5.41, 5,   coast,  204.56,  85322.00, 1426.45,  456.25,  318.41, 47.9, 5.24, 5.25, 5.27
6, 13997, 13,     5.42, 5,   coast,  204.71,  85292.00, 1429.32,  459.12,  320.50, 47.8, 5.25, 5.25, 5.27
6, 13997, 13,     5.43, 5,   coast,  204.82,  85244.00, 1433.91,  463.72,  322.59, 47.8, 5.25, 5.25, 5.27
6, 13997, 13,     5.44, 5,   coast,  204.91,  85211.00, 1437.07,  466.88,  324.69, 47.8, 5.25, 5.25, 5.27
6, 13997, 13,     5.45, 5,   coast,  204.97,  85185.00, 1439.56,  469.37,  326.78, 47.8, 5.25, 5.25, 5.27
6, 13997, 13,     5.46, 5,   coast,  205.00,  85152.00, 1442.72,  472.53,  328.88, 47.8, 5.25, 5.25, 5.27
6, 13997, 13,     5.47, 5,   coast,  205.00,  85124.00, 1445.41,  475.22,  330.97, 47.8, 5.25, 5.25, 5.27
6, 13997, 13,     5.48, 5,   coast,  204.98,  85092.00, 1448.47,  478.28,  333.07, 47.8, 5.25, 5.25, 5.27
6, 13997, 13,     5.49, 5,   coast,  204.93,  85054.00, 1452.12,  481.93,  335.16, 47.8, 5.25, 5.25, 5.27
6, 13997, 13,     5.50, 5,   coast,  204.85,  85026.00, 1454.81,  484.61,  337.25, 47.8, 5.25, 5.25, 5.27
6, 13997, 13,     5.51, 5,   coast,  204.75,  84989.00, 1458.36,  488.16,  339.34, 47.9, 5.25, 5.25, 5.27
6, 13997, 13,     5.52, 5,   coast,  204.61,  84989.00, 1458.36,  488.16,  341.44, 47.9, 5.24, 5.25, 5.27
6, 13997, 13,     5.53, 5,   coast,  204.46,  84949.00, 1462.20,  492.00,  343.53, 47.8, 5.25, 5.25, 5.27
6, 13997, 13,     5.54, 5,   coast,  204.27,  84881.00, 1468.73,  498.54,  345.62, 47.8, 5.25, 5.25, 5.27
6, 13997, 13,     5.55, 5,   coast,  204.06,  84849.00, 1471.80,  501.61,  347.71, 47.8, 5.25, 5.25, 5.27
6, 13997, 13,     5.56, 5,   coast,  203.82,  84811.00, 1475.45,  505.26,  349.80, 47.8, 5.25, 5.25, 5.27
6, 13997, 13,     5.57, 5,   coast,  203.56,  84762.00, 1480.17,  509.97,  351.88, 47.8, 5.25, 5.25, 5.27
6, 13997, 13,     5.58, 5,   coast,  203.27,  84732.00, 1483.05,  512.86,  353.96, 47.8, 5.25, 5.25, 5.27
6, 13997, 13,     5.59, 5,   coast,  202.96,  84696.00, 1486.52,  516.33,  356.04, 47.8, 5.25, 5.25, 5.27
6, 13997, 13,     5.60, 5,   coast,  202.62,  84663.00, 1489.69,  519.50,  358.11, 47.8, 5.25, 5.25, 5.27
6, 13997, 13,     5.61, 5,   coast,  202.25,  84648.00, 1491.14,  520.95,  360.17, 47.8, 5.25, 5.25, 5.27
6, 13997, 13,     5.62, 5,   coast,  201.87,  84618.00, 1494.03,  523.84,  362.24, 47.8, 5.25, 5.25, 5.27
6, 13997, 13,     5.63, 5,   coast,  201.45,  84618.00, 1494.03,  523.84,  364.30, 47.8, 5.24, 5.25, 5.27
6, 13997, 13,     5.64, 5,   coast,  201.01,  84561.00, 1499.52,  529.33,  366.35, 47.8, 5.25, 5.25, 5.27
6, 13997, 13,     5.65, 5,   coast,  200.55,  84487.00, 1506.65,  536.46,  368.40, 47.8, 5.25, 5.25, 5.27
6, 13997, 13,     5.66, 5,   coast,  200.06,  84453.00, 1509.93,  539.74,  370.45, 47.8, 5.25, 5.25, 5.27
6, 13997, 13,     5.67, 5,   coast,  199.55,  84414.00, 1513.69,  543.50,  372.49, 47.8, 5.25, 5.25, 5.27
6, 13997, 13,     5.68, 5,   coast,  199.02,  84385.00, 1516.49,  546.30,  374.53, 47.8, 5.25, 5.25, 5.27
6, 13997, 13,     5.69, 5,   coast,  198.46,  84350.00, 1519.87,  549.68,  376.56, 47.8, 5.25, 5.25, 5.27
6, 13997, 13,     5.70, 5,   coast,  197.89,  84310.00, 1523.74,  553.54,  378.58, 47.8, 5.25, 5.25, 5.27
6, 13997, 13,     5.71, 5,   coast,  197.28,  84263.00, 1528.28,  558.09,  380.60, 47.8, 5.25, 5.25, 5.27
6, 13997, 13,     5.72, 5,   coast,  196.66,  84211.00, 1533.30,  563.11,  382.61, 47.8, 5.25, 5.25, 5.27
6, 13997, 13,     5.73, 5,   coast,  196.01,  84168.00, 1537.46,  567.27,  384.61, 47.8, 5.25, 5.25, 5.27
6, 13997, 13,     5.74, 5,   coast,  195.34,  84168.00, 1537.46,  567.27,  386.61, 47.8, 5.24, 5.25, 5.27
6, 13997, 13,     5.75, 5,   coast,  194.65,  84113.00, 1542.79,  572.59,  388.60, 47.8, 5.25, 5.25, 5.27
6, 13997, 13,     5.76, 5,   coast,  193.94,  84041.00, 1549.76,  579.56,  390.58, 47.8, 5.25, 5.25, 5.27
6, 13997, 13,     5.77, 5,   coast,  193.21,  84000.00, 1553.73,  583.54,  392.55, 47.8, 5.25, 5.25, 5.27
6, 13997, 13,     5.78, 5,   coast,  192.46,  83951.00, 1558.48,  588.29,  394.52, 47.8, 5.25, 5.25, 5.27
6, 13997, 13,     5.79, 5,   coast,  191.68,  83910.00, 1562.45,  592.26,  396.48, 47.8, 5.25, 5.25, 5.27
6, 13997, 13,     5.80, 5,   coast,  190.89,  83866.00, 1566.72,  596.53,  398.43, 47.8, 5.25, 5.25, 5.27
6, 13997, 13,     5.81, 5,   coast,  190.08,  83830.00, 1570.21,  600.02,  400.37, 47.8, 5.25, 5.25, 5.27
6, 13997, 13,     5.82, 5,   coast,  189.24,  83780.00, 1575.07,  604.88,  402.30, 47.8, 5.25, 5.25, 5.27
6, 13997, 13,     5.83, 5,   coast,  188.39,  83742.00, 1578.76,  608.57,  404.21, 47.8, 5.25, 5.25, 5.27
6, 13997, 13,     5.84, 5,   coast,  187.52,  83683.00, 1584.49,  614.30,  406.12, 47.8, 5.25, 5.25, 5.27
6, 13997, 13,     5.85, 5,   coast,  186.63,  83683.00, 1584.49,  614.30,  408.02, 47.8, 5.24, 5.25, 5.27
6, 13997, 13,     5.86, 5,   coast,  185.72,  83622.00, 1590.42,  620.23,  409.92, 47.8, 5.25, 5.25, 5.27
6, 13997, 13,     5.87, 5,   coast,  184.80,  83544.00, 1598.01,  627.82,  411.80, 47.8, 5.25, 5.25, 5.27
6, 13997, 13,     5.88, 5,   coast,  183.85,  83503.00, 1602.00,  631.81,  413.68, 47.8, 5.25, 5.25, 5.27
6, 13997, 13,     5.89, 5,   coast,  182.89,  83458.00, 1606.38,  636.19,  415.54, 47.8, 5.25, 5.25, 5.27
6, 13997, 13,     5.90, 5,   coast,  181.91,  83405.00, 1611.54,  641.35,  417.39, 47.8, 5.25, 5.25, 5.27
6, 13997, 13,     5.91, 5,   coast,  180.92,  83362.00, 1615.74,  645.54,  419.24, 47.8, 5.25, 5.25, 5.27
6, 13997, 13,     5.92, 5,   coast,  179.90,  83313.00, 1620.51,  650.32,  421.08, 47.8, 5.25, 5.25, 5.27
6, 13997, 13,     5.93, 5,   coast,  178.87,  83264.00, 1625.29,  655.10,  422.90, 47.8, 5.25, 5.25, 5.27
6, 13997, 13,     5.94, 5,   coast,  177.83,  83210.00, 1630.57,  660.37,  424.71, 47.8, 5.25, 5.25, 5.27
6, 13997, 13,     5.95, 5,   coast,  176.77,  83168.00, 1634.67,  664.48,  426.52, 47.8, 5.25, 5.25, 5.27
6, 13997, 13,     5.96, 5,   coast,  175.69,  83168.00, 1634.67,  664.48,  428.31, 47.8, 5.24, 5.25, 5.27
6, 13997, 13,     5.97, 5,   coast,  174.60,  83121.00, 1639.26,  669.07,  430.09, 47.8, 5.25, 5.25, 5.27
6, 13997, 13,     5.98, 5,   coast,  173.49,  83036.00, 1647.57,  677.38,  431.86, 47.8, 5.25, 5.25, 5.27
6, 13997, 13,     5.99, 5,   coast,  172.37,  82982.00, 1652.85,  682.66,  433.62, 47.8, 5.25, 5.25, 5.27
6, 13997, 13,     6.00, 5,   coast,  171.23,  82933.00, 1657.65,  687.46,  435.37, 47.8, 5.25, 5.25, 5.27
6, 13997, 13,     6.01, 5,   coast,  170.08,  82886.00, 1662.25,  692.06,  437.10, 47.8, 5.25, 5.25, 5.27
6, 13997, 13,     6.02, 5,   coast,  168.92,  82831.00, 1667.64,  697.45,  438.83, 47.8, 5.25, 5.25, 5.27
6, 13997, 13,     6.03, 5,   coast,  167.74,  82784.00, 1672.24,  702.05,  440.54, 47.8, 5.25, 5.25, 5.27
6, 13997, 13,     6.04, 5,   coast,  166.55,  82735.00, 1677.05,  706.86,  442.24, 47.8, 5.25, 5.25, 5.27
6, 13997, 13,     6.05, 5,   coast,  165.34,  82674.00, 1683.04,  712.84,  443.93, 47.8, 5.25, 5.25, 5.27
6, 13997, 13,     6.06, 5,   coast,  164.12,  82617.00, 1688.63,  718.44,  445.60, 47.8, 5.25, 5.25, 5.27
6, 13997, 13,     6.07, 5,   coast,  162.89,  82617.00, 1688.63,  718.44,  447.27, 47.8, 5.24, 5.25, 5.27
6, 13997, 13,     6.08, 5,   coast,  161.65,  82553.00, 1694.92,  724.73,  448.92, 47.8, 5.25, 5.25, 5.27
6, 13997, 13,     6.09, 5,   coast,  160.40,  82438.00, 1706.23,  736.03,  450.56, 47.8, 5.25, 5.25, 5.27
6, 13997, 13,     6.10, 5,   coast,  159.13,  82375.00, 1712.42,  742.23,  452.19, 47.8, 5.25, 5.25, 5.27
6, 13997, 13,     6.11, 5,   coast,  157.85,  82324.00, 1717.45,  747.25,  453.80, 47.8, 5.25, 5.25, 5.27
6, 13997, 13,     6.12, 5,   coast,  156.56,  82265.00, 1723.26,  753.07,  455.40, 47.8, 5.25, 5.25, 5.27
6, 13997, 13,     6.13, 5,   coast,  155.26,  82204.00, 1729.27,  759.08,  456.99, 47.8, 5.25, 5.25, 5.27
6, 13997, 13,     6.14, 5,   coast,  153.95,  82148.00, 1734.79,  764.60,  458.56, 47.8, 5.25, 5.25, 5.27
6, 13997, 13,     6.15, 5,   coast,  152.63,  82092.00, 1740.32,  770.13,  460.11, 47.8, 5.25, 5.25, 5.27
6, 13997, 13,     6.16, 5,   coast,  151.30,  82042.00, 1745.26,  775.07,  461.65, 47.8, 5.25, 5.25, 5.27
6, 13997, 13,     6.17, 5,   coast,  149.96,  81981.00, 1751.28,  781.09,  463.18, 47.8, 5.25, 5.25, 5.27
6, 13997, 13,     6.18, 5,   coast,  148.60,  81981.00, 1751.28,  781.09,  464.69, 47.8, 5.24, 5.25, 5.27
6, 13997, 13,     6.19, 5,   coast,  147.24,  81904.00, 1758.90,  788.70,  466.19, 47.8, 5.25, 5.25, 5.27
6, 13997, 13,     6.20, 5,   coast,  145.87,  81797.00, 1769.48,  799.29,  467.68, 47.8, 5.25, 5.25, 5.27
6, 13997, 13,     6.21, 5,   coast,  144.49,  81741.00, 1775.03,  804.84,  469.15, 47.8, 5.25, 5.25, 5.27
6, 13997, 13,     6.22, 5,   coast,  143.11,  81684.00, 1780.68,  810.48,  470.61, 47.8, 5.25, 5.25, 5.27
6, 13997, 13,     6.23, 5,   coast,  141.71,  81635.00, 1785.53,  815.34,  472.05, 47.8, 5.25, 5.25, 5.27
6, 13997, 13,     6.24, 5,   coast,  140.30,  81579.00, 1791.09,  820.90,  473.48, 47.8, 5.25, 5.25, 5.27
6, 13997, 13,     6.25, 5,   coast,  138.89,  81527.00, 1796.25,  826.06,  474.90, 47.8, 5.25, 5.25, 5.27
6, 13997, 13,     6.26, 5,   coast,  137.47,  81472.00, 1801.71,  831.52,  476.30, 47.8, 5.25, 5.25, 5.27
6, 13997, 13,     6.27, 5,   coast,  136.04,  81406.00, 1808.27,  838.08,  477.68, 47.8, 5.25, 5.25, 5.27
6, 13997, 13,     6.28, 5,   coast,  134.61,  81357.00, 1813.14,  842.95,  479.05, 47.8, 5.25, 5.25, 5.27
6, 13997, 13,     6.29, 5,   coast,  133.16,  81357.00, 1813.14,  842.95,  480.41, 47.8, 5.24, 5.25, 5.27
6, 13997, 13,     6.30, 5,   coast,  131.72,  81297.00, 1819.11,  848.91,  481.75, 47.8, 5.25, 5.25, 5.27
6, 13997, 13,     6.31, 5,   coast,  130.26,  81207.00, 1828.06,  857.87,  483.08, 47.8, 5.25, 5.25, 5.27
6, 13997, 13,     6.32, 5,   coast,  128.80,  81151.00, 1833.64,  863.45,  484.39, 47.8, 5.25, 5.25, 5.27
6, 13997, 13,     6.33, 5,   coast,  127.33,  81092.00, 1839.52,  869.33,  485.69, 47.8, 5.25, 5.25, 5.27
6, 13997, 13,     6.34, 5,   coast,  125.85,  81041.00, 1844.61,  874.42,  486.97, 47.8, 5.25, 5.25, 5.27
6, 13997, 13,     6.35, 5,   coast,  124.37,  80983.00, 1850.40,  880.20,  488.24, 47.8, 5.25, 5.25, 5.27
6, 13997, 13,     6.36, 5,   coast,  122.89,  80921.00, 1856.59,  886.39,  489.49, 47.8, 5.25, 5.25, 5.27
6, 13997, 13,     6.37, 5,   coast,  121.40,  80858.00, 1862.88,  892.69,  490.72, 47.8, 5.25, 5.25, 5.27
6, 13997, 13,     6.38, 5,   coast,  119.90,  80805.00, 1868.18,  897.98,  491.94, 47.8, 5.25, 5.25, 5.27
6, 13997, 13,     6.39, 5,   coast,  118.40,  80743.00, 1874.38,  904.19,  493.14, 47.8, 5.25, 5.25, 5.27
6, 13997, 13,     6.40, 5,   coast,  116.90,  80743.00, 1874.38,  904.19,  494.33, 47.8, 5.24, 5.25, 5.27
6, 13997, 13,     6.41, 5,   coast,  115.39,  80677.00, 1880.98,  910.79,  495.51, 47.8, 5.25, 5.25, 5.27
6, 13997, 13,     6.42, 5,   coast,  113.88,  80577.00, 1891.00,  920.81,  496.66, 47.8, 5.25, 5.25, 5.27
6, 13997, 13,     6.43, 5,   coast,  112.36,  80521.00, 1896.61,  926.42,  497.81, 47.8, 5.25, 5.25, 5.27
6, 13997, 13,     6.44, 5,   coast,  110.84,  80459.00, 1902.83,  932.64,  498.94, 47.8, 5.25, 5.25, 5.27
6, 13997, 13,     6.45, 5,   coast,  109.32,  80416.00, 1907.15,  936.95,  500.06, 47.8, 5.25, 5.25, 5.27
6, 13997, 13,     6.46, 5,   coast,  107.80,  80360.00, 1912.77,  942.58,  501.16, 47.8, 5.25, 5.25, 5.27
6, 13997, 13,     6.47, 5,   coast,  106.27,  80297.00, 1919.10,  948.91,  502.24, 47.8, 5.25, 5.25, 5.27
6, 13997, 13,     6.48, 5,   coast,  104.74,  80243.00, 1924.53,  954.33,  503.31, 47.8, 5.25, 5.25, 5.27
6, 13997, 13,     6.49, 5,   coast,  103.21,  80197.00, 1929.15,  958.96,  504.36, 47.8, 5.25, 5.25, 5.27
6, 13997, 13,     6.50, 5,   coast,  101.68,  80146.00, 1934.28,  964.09,  505.40, 47.8, 5.25, 5.25, 5.27
6, 13997, 13,     6.51, 5,   coast,  100.14,  80146.00, 1934.28,  964.09,  506.42, 47.8, 5.24, 5.25, 5.27
6, 13997, 13,     6.52, 5,   coast,   98.61,  80068.00, 1942.14,  971.95,  507.43, 47.8, 5.25, 5.25, 5.27
6, 13997, 13,     6.53, 5,   coast,   97.07,  79948.00, 1954.23,  984.04,  508.42, 47.8, 5.25, 5.25, 5.27
6, 13997, 13,     6.54, 5,   coast,   95.53,  79894.00, 1959.68,  989.49,  509.40, 47.8, 5.25, 5.25, 5.27
6, 13997, 13,     6.55, 5,   coast,   94.00,  79826.00, 1966.54,  996.35,  510.35, 47.8, 5.25, 5.25, 5.27
6, 13997, 13,     6.56, 5,   coast,   92.46,  79769.00, 1972.30, 1002.11,  511.30, 47.8, 5.25, 5.25, 5.27
6, 13997, 13,     6.57, 5,   coast,   90.93,  79708.00, 1978.46, 1008.27,  512.22, 47.8, 5.25, 5.25, 5.27
6, 13997, 13,     6.58, 5,   coast,   89.39,  79650.00, 1984.33, 1014.14,  513.13, 47.8, 5.25, 5.25, 5.27
6, 13997, 13,     6.59, 5,   coast,   87.86,  79588.00, 1990.60, 1020.41,  514.03, 47.8, 5.25, 5.25, 5.27
6, 13997, 13,     6.60, 5,   coast,   86.32,  79533.00, 1996.17, 1025.98,  514.91, 47.8, 5.25, 5.25, 5.27
6, 13997, 13,     6.61, 5,   coast,   84.79,  79472.00, 2002.35, 1032.16,  515.76, 47.8, 5.25, 5.25, 5.27
6, 13997, 13,     6.62, 5,   coast,   83.27,  79472.00, 2002.35, 1032.16,  516.61, 47.8, 5.24, 5.25, 5.27
6, 13997, 13,     6.63, 5,   coast,   81.74,  79409.00, 2008.74, 1038.55,  517.44, 47.8, 5.25, 5.25, 5.27
6, 13997, 13,     6.64, 5,   coast,   80.22,  79324.00, 2017.36, 1047.17,  518.26, 47.8, 5.25, 5.25, 5.27
6, 13997, 13,     6.65, 5,   coast,   78.70,  79273.00, 2022.54, 1052.35,  519.06, 47.8, 5.25, 5.25, 5.27
6, 13997, 13,     6.66, 5,   coast,   77.19,  79227.00, 2027.21, 1057.02,  519.84, 47.8, 5.25, 5.25, 5.27
6, 13997, 13,     6.67, 5,   coast,   75.67,  79170.00, 2033.00, 1062.81,  520.61, 47.8, 5.25, 5.25, 5.27
6, 13997, 13,     6.68, 5,   coast,   74.17,  79115.00, 2038.60, 1068.40,  521.36, 47.8, 5.25, 5.25, 5.27
6, 13997, 13,     6.69, 5,   coast,   72.67,  79058.00, 2044.39, 1074.20,  522.09, 47.8, 5.25, 5.25, 5.27
6, 13997, 13,     6.70, 5,   coast,   71.17,  79009.00, 2049.38, 1079.19,  522.81, 47.8, 5.25, 5.25, 5.27
6, 13997, 13,     6.71, 5,   coast,   69.68,  78950.00, 2055.39, 1085.20,  523.51, 47.8, 5.25, 5.25, 5.27
6, 13997, 13,     6.72, 5,   coast,   68.19,  78890.00, 2061.51, 1091.31,  524.20, 47.8, 5.25, 5.25, 5.27
6, 13997, 13,     6.73, 5,   coast,   66.71,  78890.00, 2061.51, 1091.31,  524.87, 47.8, 5.24, 5.25, 5.27
6, 13997, 13,     6.74, 5,   coast,   65.24,  78809.00, 2069.77, 1099.58,  525.52, 47.8, 5.25, 5.25, 5.27
6, 13997, 13,     6.75, 5,   coast,   63.77,  78711.00, 2079.77, 1109.58,  526.16, 47.8, 5.25, 5.25, 5.27
6, 13997, 13,     6.76, 5,   coast,   62.31,  78654.00, 2085.59, 1115.40,  526.79, 47.8, 5.25, 5.25, 5.27
6, 13997, 13,     6.77, 5,   coast,   60.86,  78597.00, 2091.42, 1121.23,  527.39, 47.8, 5.25, 5.25, 5.27
6, 13997, 13,     6.78, 5,   coast,   59.42,  78553.00, 2095.92, 1125.73,  527.99, 47.8, 5.25, 5.25, 5.27
6, 13997, 13,     6.79, 5,   coast,   57.98,  78497.00, 2101.65, 1131.46,  528.57, 47.8, 5.25, 5.25, 5.27
6, 13997, 13,     6.80, 5,   coast,   56.55,  78452.00, 2106.26, 1136.07,  529.13, 47.8, 5.25, 5.25, 5.27
6, 13997, 13,     6.81, 5,   coast,   55.14,  78402.00, 2111.38, 1141.19,  529.68, 47.8, 5.25, 5.25, 5.27
6, 13997, 13,     6.82, 5,   coast,   53.73,  78351.00, 2116.61, 1146.41,  530.21, 47.8, 5.25, 5.25, 5.27
6, 13997, 13,     6.83, 5,   coast,   52.33,  78296.00, 2122.25, 1152.05,  530.73, 47.8, 5.25, 5.25, 5.27
6, 13997, 13,     6.84, 5,   coast,   50.93,  78296.00, 2122.25, 1152.05,  531.23, 47.8, 5.24, 5.25, 5.27
6, 13997, 13,     6.85, 5,   coast,   49.55,  78223.00, 2129.74, 1159.54,  531.73, 47.8, 5.25, 5.25, 5.27
6, 13997, 13,     6.86, 5,   coast,   48.18,  78132.00, 2139.08, 1168.89,  532.20, 47.8, 5.25, 5.25, 5.27
6, 13997, 13,     6.87, 5,   coast,   46.82,  78066.00, 2145.86, 1175.67,  532.66, 47.8, 5.25, 5.25, 5.27
6, 13997, 13,     6.88, 5,   coast,   45.47,  78005.00, 2152.14, 1181.95,  533.11, 47.8, 5.25, 5.25, 5.27
6, 13997, 13,     6.89, 5,   coast,   44.13,  77952.00, 2157.59, 1187.40,  533.54, 47.8, 5.25, 5.25, 5.27
6, 13997, 13,     6.90, 5,   coast,   42.80,  77892.00, 2163.77, 1193.58,  533.96, 47.8, 5.25, 5.25, 5.27
6, 13997, 13,     6.91, 5,   coast,   41.48,  77841.00, 2169.02, 1198.83,  534.37, 47.8, 5.25, 5.25, 5.27
6, 13997, 13,     6.92, 5,   coast,   40.17,  77778.00, 2175.52, 1205.33,  534.76, 47.8, 5.25, 5.25, 5.27
6, 13997, 13,     6.93, 5,   coast,   38.88,  77724.00, 2181.09, 1210.90,  535.14, 47.8, 5.25, 5.25, 5.27
6, 13997, 13,     6.94, 5,   coast,   37.59,  77675.00, 2186.15, 1215.96,  535.51, 47.8, 5.25, 5.25, 5.27
6, 13997, 13,     6.95, 5,   coast,   36.32,  77675.00, 2186.15, 1215.96,  535.86, 47.8, 5.24, 5.25, 5.27
6, 13997, 13,     6.96, 5,   coast,   35.06,  77610.00, 2192.86, 1222.67,  536.20, 47.8, 5.25, 5.25, 5.27
6, 13997, 13,     6.97, 5,   coast,   33.81,  77510.00, 2203.19, 1233.00,  536.53, 47.8, 5.25, 5.25, 5.27
6, 13997, 13,     6.98, 5,   coast,   32.57,  77466.00, 2207.75, 1237.55,  536.85, 47.8, 5.25, 5.25, 5.27
6, 13997, 13,     6.99, 5,   coast,   31.34,  77411.00, 2213.44, 1243.25,  537.15, 47.8, 5.25, 5.25, 5.27
6, 13997, 13,     7.00, 5,   coast,   30.13,  77364.00, 2218.30, 1248.11,  537.45, 47.8, 5.25, 5.25, 5.27
6, 13997, 13,     7.01, 5,   coast,   28.93,  77303.00, 2224.62, 1254.43,  537.73, 47.8, 5.25, 5.25, 5.27
6, 13997, 13,     7.02, 5,   coast,   27.74,  77251.00, 2230.01, 1259.82,  538.00, 47.8, 5.25, 5.25, 5.27
6, 13997, 13,     7.03, 5,   coast,   26.56,  77204.00, 2234.89, 1264.70,  538.26, 47.8, 5.25, 5.25, 5.27
6, 13997, 13,     7.04, 5,   coast,   25.39,  77138.00, 2241.74, 1271.55,  538.51, 47.8, 5.25, 5.25, 5.27
6, 13997, 13,     7.05, 5,   coast,   24.24,  77088.00, 2246.93, 1276.74,  538.74, 47.8, 5.25, 5.25, 5.27
6, 13997, 13,     7.06, 5,   coast,   23.10,  77088.00, 2246.93, 1276.74,  538.96, 47.8, 5.24, 5.25, 5.27
6, 13997, 13,     7.07, 5,   coast,   21.97,  77016.00, 2254.41, 1284.22,  539.18, 47.8, 5.25, 5.25, 5.27
6, 13997, 13,     7.08, 5,   coast,   20.85,  76927.00, 2263.67, 1293.48,  539.38, 47.8, 5.25, 5.25, 5.27
6, 13997, 13,     7.09, 5,   coast,   19.75,  76875.00, 2269.08, 1298.89,  539.56, 47.8, 5.25, 5.25, 5.27
6, 13997, 13,     7.10, 5,   coast,   18.66,  76827.00, 2274.08, 1303.89,  539.74, 47.8, 5.25, 5.25, 5.27
6, 13997, 13,     7.11, 5,   coast,   17.58,  76774.00, 2279.60, 1309.41,  539.91, 47.8, 5.25, 5.25, 5.27
6, 13997, 13,     7.12, 5,   coast,   16.51,  76728.00, 2284.39, 1314.20,  540.07, 47.8, 5.25, 5.25, 5.27
6, 13997, 13,     7.13, 5,   coast,   15.45,  76685.00, 2288.88, 1318.69,  540.21, 47.8, 5.25, 5.25, 5.27
6, 13997, 13,     7.14, 5,   coast,   14.41,  76631.00, 2294.51, 1324.32,  540.35, 47.8, 5.25, 5.25, 5.27
6, 13997, 13,     7.15, 5,   coast,   13.38,  76583.00, 2299.52, 1329.33,  540.47, 47.8, 5.25, 5.25, 5.27
6, 13997, 13,     7.16, 5,   coast,   12.36,  76531.00, 2304.95, 1334.76,  540.58, 47.8, 5.25, 5.25, 5.27
6, 13997, 13,     7.17, 5,   coast,   11.35,  76531.00, 2304.95, 1334.76,  540.69, 47.8, 5.24, 5.25, 5.27
6, 13997, 13,     7.18, 5,   coast,   10.36,  76456.00, 2312.79, 1342.60,  540.79, 47.8, 5.25, 5.25, 5.27
6, 13997, 13,     7.19, 5,   coast,    9.37,  76356.00, 2323.26, 1353.06,  540.87, 47.8, 5.25, 5.25, 5.27
6, 13997, 13,     7.20, 5,   coast,    8.40,  76306.00, 2328.49, 1358.30,  540.94, 47.8, 5.25, 5.25, 5.27
6, 13997, 13,     7.21, 5,   coast,    7.45,  76242.00, 2335.20, 1365.00,  541.01, 47.8, 5.25, 5.25, 5.27
6, 13997, 13,     7.22, 5,   coast,    6.50,  76195.00, 2340.12, 1369.93,  541.07, 47.8, 5.25, 5.25, 5.27
6, 13997, 13,     7.23, 5,   coast,    5.57,  76151.00, 2344.74, 1374.55,  541.11, 47.8, 5.25, 5.25, 5.27
6, 13997, 13,     7.24, 5,   coast,    4.64,  76091.00, 2351.03, 1380.84,  541.15, 47.8, 5.25, 5.25, 5.27
6, 13997, 13,     7.25, 5,   coast,    3.74,  76038.00, 2356.60, 1386.41,  541.18, 47.8, 5.25, 5.25, 5.27
6, 13997, 13,     7.26, 5,   coast,    2.84,  75987.00, 2361.96, 1391.76,  541.20, 47.8, 5.25, 5.25, 5.27
6, 13997, 13,     7.27, 5,   coast,    1.95,  75944.00, 2366.48, 1396.28,  541.21, 47.8, 5.25, 5.25, 5.27
6, 13997, 13,     7.28, 5,   coast,    1.08,  75944.00, 2366.48, 1396.28,  541.21, 47.8, 5.24, 5.25, 5.27
6, 13997, 13,     7.29, 5,   coast,    0.22,  75888.00, 2372.37, 1402.17,  541.20, 47.8, 5.25, 5.25, 5.27
6, 13997, 13,     7.30, 5,   coast,   -0.63,  75781.00, 2383.63, 1413.44,  541.18, 47.8, 5.25, 5.25, 5.27
6, 13997, 13,     7.31, 5,   coast,   -1.47,  75728.00, 2389.21, 1419.02,  541.16, 47.8, 5.25, 5.25, 5.27
6, 13997, 13,     7.32, 5,   coast,   -2.30,  75669.00, 2395.43, 1425.24,  541.12, 47.8, 5.25, 5.25, 5.27
6, 13997, 13,     7.33, 5,   coast,   -3.11,  75615.00, 2401.13, 1430.93,  541.08, 47.8, 5.25, 5.25, 5.27
6, 13997, 13,     7.34, 5,   coast,   -3.91,  75556.00, 2407.35, 1437.16,  541.03, 47.8, 5.25, 5.25, 5.27
6, 13997, 13,     7.35, 5,   coast,   -4.70,  75499.00, 2413.37, 1443.18,  540.97, 47.8, 5.25, 5.25, 5.27
6, 13997, 13,     7.36, 5,   coast,   -5.48,  75445.00, 2419.08, 1448.89,  540.90, 47.8, 5.25, 5.25, 5.27
6, 13997, 13,     7.37, 5,   coast,   -6.25,  75388.00, 2425.10, 1454.91,  540.82, 47.8, 5.25, 5.25, 5.27
6, 13997, 13,     7.38, 5,   coast,   -7.00,  75337.00, 2430.50, 1460.31,  540.74, 47.8, 5.25, 5.25, 5.27
6, 13997, 13,     7.39, 5,   coast,   -7.75,  75337.00, 2430.50, 1460.31,  540.65, 47.8, 5.24, 5.25, 5.27
6, 13997, 13,     7.40, 5,   coast,   -8.48,  75268.00, 2437.80, 1467.61,  540.55, 47.8, 5.25, 5.25, 5.27
6, 13997, 13,     7.41, 5,   coast,   -9.20,  75181.00, 2447.02, 1476.83,  540.44, 47.8, 5.25, 5.25, 5.27
6, 13997, 13,     7.42, 5,   coast,   -9.91,  75138.00, 2451.58, 1481.39,  540.33, 47.8, 5.25, 5.25, 5.27
6, 13997, 13,     7.43, 5,   coast,  -10.61,  75088.00, 2456.88, 1486.69,  540.21, 47.8, 5.25, 5.25, 5.27
6, 13997, 13,     7.44, 5,   coast,  -11.29,  75037.00, 2462.30, 1492.11,  540.09, 47.8, 5.25, 5.25, 5.27
6, 13997, 13,     7.45, 5,   coast,  -11.97,  74983.00, 2468.03, 1497.84,  539.96, 47.8, 5.25, 5.25, 5.27
6, 13997, 13,     7.46, 5,   coast,  -12.64,  74927.00, 2473.98, 1503.79,  539.82, 47.8, 5.25, 5.25, 5.27
6, 13997, 13,     7.47, 5,   coast,  -13.29,  74874.00, 2479.62, 1509.42,  539.68, 47.8, 5.25, 5.25, 5.27
6, 13997, 13,     7.48, 5,   coast,  -13.93,  74818.00, 2485.57, 1515.38,  539.52, 47.8, 5.25, 5.25, 5.27
6, 13997, 13,     7.49, 5,   coast,  -14.57,  74765.00, 2491.21, 1521.02,  539.37, 47.8, 5.25, 5.25, 5.27
6, 13997, 13,     7.50, 5,   coast,  -15.19,  74765.00, 2491.21, 1521.02,  539.20, 47.8, 5.24, 5.25, 5.27
6, 13997, 13,     7.51, 5,   coast,  -15.80,  74700.00, 2498.14, 1527.95,  539.03, 47.8, 5.25, 5.25, 5.27
6, 13997, 13,     7.52, 5,   coast,  -16.40,  74594.00, 2509.44, 1539.25,  538.86, 47.8, 5.25, 5.25, 5.27
6, 13997, 13,     7.53, 5,   coast,  -16.99,  74540.00, 2515.20, 1545.01,  538.67, 47.8, 5.25, 5.25, 5.27
6, 13997, 13,     7.54, 5,   coast,  -17.57,  74483.00, 2521.29, 1551.09,  538.48, 47.8, 5.25, 5.25, 5.27
6, 13997, 13,     7.55, 5,   coast,  -18.14,  74428.00, 2527.16, 1556.97,  538.29, 47.8, 5.25, 5.25, 5.27
6, 13997, 13,     7.56, 5,   coast,  -18.71,  74390.00, 2531.22, 1561.03,  538.09, 47.8, 5.25, 5.25, 5.27
6, 13997, 13,     7.57, 5,   coast,  -19.26,  74343.00, 2536.25, 1566.06,  537.89, 47.8, 5.25, 5.25, 5.27
6, 13997, 13,     7.58, 5,   coast,  -19.80,  74298.00, 2541.06, 1570.87,  537.68, 47.8, 5.25, 5.25, 5.27
6, 13997, 13,     7.59, 5,   coast,  -20.34,  74256.00, 2545.56, 1575.37,  537.47, 47.8, 5.25, 5.25, 5.27
6, 13997, 13,     7.60, 5,   coast,  -20.86,  74212.00, 2550.27, 1580.08,  537.25, 47.8, 5.25, 5.25, 5.27
6, 13997, 13,     7.61, 5,   coast,  -21.38,  74212.00, 2550.27, 1580.08,  537.02, 47.8, 5.24, 5.25, 5.27
6, 13997, 13,     7.62, 5,   coast,  -21.88,  74159.00, 2555.95, 1585.76,  536.80, 47.8, 5.25, 5.25, 5.27
6, 13997, 13,     7.63, 5,   coast,  -22.38,  74074.00, 2565.07, 1594.87,  536.56, 47.8, 5.25, 5.25, 5.27
6, 13997, 13,     7.64, 5,   coast,  -22.87,  74023.00, 2570.54, 1600.35,  536.32, 47.8, 5.25, 5.25, 5.27
6, 13997, 13,     7.65, 5,   coast,  -23.36,  73971.00, 2576.12, 1605.93,  536.08, 47.8, 5.25, 5.25, 5.27
6, 13997, 13,     7.66, 5,   coast,  -23.83,  73917.00, 2581.92, 1611.73,  535.84, 47.8, 5.25, 5.25, 5.27
6, 13997, 13,     7.67, 5,   coast,  -24.30,  73861.00, 2587.94, 1617.75,  535.59, 47.8, 5.25, 5.25, 5.27
6, 13997, 13,     7.68, 5,   coast,  -24.76,  73806.00, 2593.86, 1623.67,  535.34, 47.8, 5.25, 5.25, 5.27
6, 13997, 13,     7.69, 5,   coast,  -25.21,  73749.00, 2599.99, 1629.80,  535.08, 47.8, 5.25, 5.25, 5.27
6, 13997, 13,     7.70, 5,   coast,  -25.65,  73695.00, 2605.81, 1635.62,  534.81, 47.8, 5.25, 5.25, 5.27
6, 13997, 13,     7.71, 5,   coast,  -26.09,  73645.00, 2611.20, 1641.00,  534.55, 47.8, 5.25, 5.25, 5.27
6, 13997, 13,     7.72, 5,   coast,  -26.52,  73645.00, 2611.20, 1641.00,  534.28, 47.8, 5.24, 5.25, 5.27
6, 13997, 13,     7.73, 5,   coast,  -26.95,  73598.00, 2616.26, 1646.07,  534.00, 47.8, 5.25, 5.25, 5.27
6, 13997, 13,     7.74, 5,   coast,  -27.37,  73504.00, 2626.40, 1656.21,  533.72, 47.8, 5.25, 5.25, 5.27
6, 13997, 13,     7.75, 5,   coast,  -27.78,  73455.00, 2631.70, 1661.50,  533.44, 47.8, 5.25, 5.25, 5.27
6, 13997, 13,     7.76, 5,   coast,  -28.18,  73413.00, 2636.23, 1666.04,  533.15, 47.8, 5.25, 5.25, 5.27
6, 13997, 13,     7.77, 5,   coast,  -28.58,  73374.00, 2640.45, 1670.26,  532.86, 47.8, 5.25, 5.25, 5.27
6, 13997, 13,     7.78, 5,   coast,  -28.98,  73332.00, 2644.99, 1674.80,  532.57, 47.8, 5.25, 5.25, 5.27
6, 13997, 13,     7.79, 5,   coast,  -29.37,  73289.00, 2649.64, 1679.45,  532.27, 47.8, 5.25, 5.25, 5.27
6, 13997, 13,     7.80, 5,   coast,  -29.75,  73243.00, 2654.62, 1684.43,  531.97, 47.8, 5.25, 5.25, 5.27
6, 13997, 13,     7.81, 5,   coast,  -30.13,  73200.00, 2659.28, 1689.09,  531.66, 47.8, 5.25, 5.25, 5.27
6, 13997, 13,     7.82, 5,   coast,  -30.51,  73147.00, 2665.02, 1694.83,  531.35, 47.8, 5.25, 5.25, 5.27
6, 13997, 13,     7.83, 5,   coast,  -30.88,  73147.00, 2665.02, 1694.83,  531.04, 47.8, 5.24, 5.25, 5.27
6, 13997, 13,     7.84, 5,   coast,  -31.25,  73071.00, 2673.26, 1703.07,  530.73, 47.8, 5.25, 5.25, 5.27
6, 13997, 13,     7.85, 5,   coast,  -31.61,  72974.00, 2683.79, 1713.59,  530.41, 47.8, 5.25, 5.25, 5.27
6, 13997, 13,     7.86, 5,   coast,  -31.97,  72920.00, 2689.65, 1719.46,  530.08, 47.8, 5.25, 5.25, 5.27
6, 13997, 13,     7.87, 5,   coast,  -32.32,  72861.00, 2696.06, 1725.87,  529.76, 47.8, 5.25, 5.25, 5.27
6, 13997, 13,     7.88, 5,   coast,  -32.67,  72806.00, 2702.05, 1731.85,  529.43, 47.8, 5.25, 5.25, 5.27
6, 13997, 13,     7.89, 5,   coast,  -33.02,  72755.00, 2707.60, 1737.40,  529.10, 47.8, 5.25, 5.25, 5.27
6, 13997, 13,     7.90, 5,   coast,  -33.37,  72700.00, 2713.58, 1743.39,  528.77, 47.8, 5.25, 5.25, 5.27
6, 13997, 13,     7.91, 5,   coast,  -33.71,  72637.00, 2720.45, 1750.26,  528.43, 47.8, 5.25, 5.25, 5.27
6, 13997, 13,     7.92, 5,   coast,  -34.05,  72595.00, 2725.03, 1754.84,  528.09, 47.8, 5.25, 5.25, 5.27
6, 13997, 13,     7.93, 5,   coast,  -34.39,  72545.00, 2730.48, 1760.29,  527.74, 47.8, 5.25, 5.25, 5.27
6, 13997, 13,     7.94, 5,   coast,  -34.72,  72545.00, 2730.48, 1760.29,  527.39, 47.8, 5.24, 5.25, 5.27
6, 13997, 13,     7.95, 5,   coast,  -35.05,  72501.00, 2735.28, 1765.09,  527.04, 47.8, 5.25, 5.25, 5.27
6, 13997, 13,     7.96, 5,   coast,  -35.39,  72431.00, 2742.93, 1772.74,  526.69, 47.8, 5.25, 5.25, 5.27
6, 13997, 13,     7.97, 5,   coast,  -35.71,  72384.00, 2748.06, 1777.87,  526.33, 47.8, 5.25, 5.25, 5.27
6, 13997, 13,     7.98, 5,   coast,  -36.04,  72340.00, 2752.87, 1782.68,  525.97, 47.8, 5.25, 5.25, 5.27
6, 13997, 13,     7.99, 5,   coast,  -36.37,  72290.00, 2758.34, 1788.15,  525.61, 47.8, 5.25, 5.25, 5.27
6, 13997, 13,     8.00, 5,   coast,  -36.69,  72252.00, 2762.50, 1792.31,  525.24, 47.8, 5.25, 5.25, 5.27
6, 13997, 13,     8.01, 5,   coast,  -37.01,  72206.00, 2767.54, 1797.35,  524.87, 47.8, 5.25, 5.25, 5.27
6, 13997, 13,     8.02, 5,   coast,  -37.34,  72145.00, 2774.22, 1804.03,  524.50, 47.8, 5.25, 5.25, 5.27
6, 13997, 13,     8.03, 5,   coast,  -37.66,  72099.00, 2779.26, 1809.07,  524.13, 47.8, 5.25, 5.25, 5.27
6, 13997, 13,     8.04, 5,   coast,  -37.98,  72051.00, 2784.53, 1814.34,  523.75, 47.8, 5.25, 5.25, 5.27
6, 13997, 13,     8.05, 5,   coast,  -38.30,  72051.00, 2784.53, 1814.34,  523.37, 47.8, 5.24, 5.25, 5.27
6, 13997, 13,     8.06, 5,   coast,  -38.62,  71984.00, 2791.88, 1821.69,  522.98, 47.8, 5.25, 5.25, 5.27
6, 13997, 13,     8.07, 5,   coast,  -38.94,  71891.00, 2802.10, 1831.91,  522.59, 47.8, 5.25, 5.25, 5.27
6, 13997, 13,     8.08, 5,   coast,  -39.26,  71838.00, 2807.92, 1837.73,  522.20, 47.8, 5.25, 5.25, 5.27
6, 13997, 13,     8.09, 5,   coast,  -39.58,  71791.00, 2813.09, 1842.90,  521.81, 47.8, 5.25, 5.25, 5.27
6, 13997, 13,     8.10, 5,   coast,  -39.90,  71745.00, 2818.16, 1847.97,  521.42, 47.8, 5.25, 5.25, 5.27
6, 13997, 13,     8.11, 5,   coast,  -40.22,  71697.00, 2823.44, 1853.25,  521.02, 47.8, 5.25, 5.25, 5.27
6, 13997, 13,     8.12, 5,   coast,  -40.54,  71656.00, 2827.96, 1857.77,  520.62, 47.8, 5.25, 5.25, 5.27
6, 13997, 13,     8.13, 5,   coast,  -40.86,  71611.00, 2832.92, 1862.73,  520.22, 47.8, 5.25, 5.25, 5.27
6, 13997, 13,     8.14, 5,   coast,  -41.18,  71571.00, 2837.33, 1867.14,  519.81, 47.8, 5.25, 5.25, 5.27
6, 13997, 13,     8.15, 5,   coast,  -41.50,  71538.00, 2840.97, 1870.78,  519.40, 47.8, 5.25, 5.25, 5.27
6, 13997, 13,     8.16, 5,   coast,  -41.83,  71538.00, 2840.97, 1870.78,  518.99, 47.8, 5.24, 5.25, 5.27
6, 13997, 13,     8.17, 5,   coast,  -42.15,  71478.00, 2847.59, 1877.40,  518.58, 47.8, 5.25, 5.25, 5.27
6, 13997, 13,     8.18, 5,   coast,  -42.47,  71412.00, 2854.89, 1884.69,  518.16, 47.8, 5.25, 5.25, 5.27
6, 13997, 13,     8.19, 5,   coast,  -42.80,  71365.00, 2860.08, 1889.89,  517.74, 47.8, 5.25, 5.25, 5.27
6, 13997, 13,     8.20, 5,   coast,  -43.12,  71314.00, 2865.72, 1895.53,  517.32, 47.8, 5.25, 5.25, 5.27
6, 13997, 13,     8.21, 5,   coast,  -43.45,  71257.00, 2872.03, 1901.84,  516.89, 47.8, 5.25, 5.25, 5.27
6, 13997, 13,     8.22, 5,   coast,  -43.78,  71209.00, 2877.34, 1907.15,  516.46, 47.8, 5.25, 5.25, 5.27
6, 13997, 13,     8.23, 5,   coast,  -44.11,  71157.00, 2883.10, 1912.91,  516.03, 47.8, 5.25, 5.25, 5.27
6, 13997, 13,     8.24, 5,   coast,  -44.44,  71109.00, 2888.43, 1918.23,  515.59, 47.8, 5.25, 5.25, 5.27
6, 13997, 13,     8.25, 5,   coast,  -44.77,  71049.00, 2895.08, 1924.89,  515.15, 47.8, 5.25, 5.25, 5.27
6, 13997, 13,     8.26, 5,   coast,  -45.10,  70999.00, 2900.63, 1930.44,  514.71, 47.8, 5.25, 5.25, 5.27
6, 13997, 13,     8.27, 5,   coast,  -45.43,  70999.00, 2900.63, 1930.44,  514.26, 47.8, 5.24, 5.25, 5.27
6, 13997, 13,     8.28, 5,   coast,  -45.77,  70943.00, 2906.85, 1936.66,  513.81, 47.8, 5.25, 5.25, 5.27
6, 13997, 13,     8.29, 5,   coast,  -46.10,  70859.00, 2916.19, 1946.00,  513.35, 47.8, 5.25, 5.25, 5.27
6, 13997, 13,     8.30, 5,   coast,  -46.44,  70825.00, 2919.97, 1949.78,  512.89, 47.8, 5.25, 5.25, 5.27
6, 13997, 13,     8.31, 5,   coast,  -46.77,  70783.00, 2924.64, 1954.45,  512.43, 47.8, 5.25, 5.25, 5.27
6, 13997, 13,     8.32, 5,   coast,  -47.11,  70734.00, 2930.10, 1959.91,  511.96, 47.8, 5.25, 5.25, 5.27
6, 13997, 13,     8.33, 5,   coast,  -47.45,  70694.00, 2934.55, 1964.36,  511.50, 47.8, 5.25, 5.25, 5.27
6, 13997, 13,     8.34, 5,   coast,  -47.79,  70654.00, 2939.01, 1968.82,  511.02, 47.8, 5.25, 5.25, 5.27
6, 13997, 13,     8.35, 5,   coast,  -48.13,  70618.00, 2943.02, 1972.83,  510.55, 47.8, 5.25, 5.25, 5.27
6, 13997, 13,     8.36, 5,   coast,  -48.47,  70573.00, 2948.04, 1977.85,  510.07, 47.8, 5.25, 5.25, 5.27
6, 13997, 13,     8.37, 5,   coast,  -48.81,  70538.00, 2951.95, 1981.76,  509.58, 47.8, 5.25, 5.25, 5.27
6, 13997, 13,     8.38, 5,   coast,  -49.16,  70538.00, 2951.95, 1981.76,  509.10, 47.8, 5.24, 5.25, 5.27
6, 13997, 13,     8.39, 5,   coast,  -49.50,  70474.00, 2959.09, 1988.90,  508.61, 47.8, 5.25, 5.25, 5.27
6, 13997, 13,     8.40, 5,   coast,  -49.84,  70397.00, 2967.70, 1997.51,  508.11, 47.8, 5.25, 5.25, 5.27
6, 13997, 13,     8.41, 5,   coast,  -50.18,  70340.00, 2974.07, 2003.88,  507.61, 47.8, 5.25, 5.25, 5.27
6, 13997, 13,     8.42, 5,   coast,  -50.53,  70294.00, 2979.22, 2009.03,  507.11, 47.8, 5.25, 5.25, 5.27
6, 13997, 13,     8.43, 5,   coast,  -50.87,  70238.00, 2985.49, 2015.30,  506.61, 47.8, 5.25, 5.25, 5.27
6, 13997, 13,     8.44, 5,   coast,  -51.21,  70194.00, 2990.42, 2020.23,  506.10, 47.8, 5.25, 5.25, 5.27
6, 13997, 13,     8.45, 5,   coast,  -51.56,  70141.00, 2996.36, 2026.17,  505.59, 47.8, 5.25, 5.25, 5.27
6, 13997, 13,     8.46, 5,   coast,  -51.90,  70093.00, 3001.74, 2031.55,  505.07, 47.8, 5.25, 5.25, 5.27
6, 13997, 13,     8.47, 5,   coast,  -52.24,  70038.00, 3007.92, 2037.72,  504.55, 47.8, 5.25, 5.25, 5.27
6, 13997, 13,     8.48, 5,   coast,  -52.58,  69993.00, 3012.97, 2042.78,  504.03, 47.8, 5.25, 5.25, 5.27
6, 13997, 13,     8.49, 5,   coast,  -52.92,  69993.00, 3012.97, 2042.78,  503.50, 47.8, 5.24, 5.25, 5.27
6, 13997, 13,     8.50, 5,   coast,  -53.26,  69936.00, 3019.37, 2049.18,  502.97, 47.8, 5.25, 5.25, 5.27
6, 13997, 13,     8.51, 5,   coast,  -53.60,  69865.00, 3027.35, 2057.16,  502.43, 47.8, 5.25, 5.25, 5.27
6, 13997, 13,     8.52, 5,   coast,  -53.94,  69821.00, 3032.31, 2062.11,  501.89, 47.8, 5.25, 5.25, 5.27
6, 13997, 13,     8.53, 5,   coast,  -54.27,  69785.00, 3036.36, 2066.17,  501.35, 47.8, 5.25, 5.25, 5.27
6, 13997, 13,     8.54, 5,   coast,  -54.61,  69758.00, 3039.40, 2069.21,  500.81, 47.8, 5.25, 5.25, 5.27
6, 13997, 13,     8.55, 5,   coast,  -54.94,  69715.00, 3044.24, 2074.05,  500.26, 47.8, 5.25, 5.25, 5.27
6, 13997, 13,     8.56, 5,   coast,  -55.27,  69677.00, 3048.52, 2078.33,  499.71, 47.8, 5.25, 5.25, 5.27
6, 13997, 13,     8.57, 5,   coast,  -55.60,  69627.00, 3054.16, 2083.97,  499.16, 47.8, 5.25, 5.25, 5.27
6, 13997, 13,     8.58, 5,   coast,  -55.93,  69580.00, 3059.47, 2089.27,  498.60, 47.8, 5.25, 5.25, 5.27
6, 13997, 13,     8.59, 5,   coast,  -56.25,  69531.00, 3065.00, 2094.81,  498.04, 47.8, 5.25, 5.25, 5.27
6, 13997, 13,     8.60, 5,   coast,  -56.57,  69531.00, 3065.00, 2094.81,  497.47, 47.8, 5.24, 5.25, 5.27
6, 13997, 13,     8.61, 5,   coast,  -56.89,  69469.00, 3072.00, 2101.81,  496.91, 47.8, 5.25, 5.25, 5.27
6, 13997, 13,     8.62, 5,   coast,  -57.21,  69371.00, 3083.08, 2112.89,  496.33, 47.8, 5.25, 5.25, 5.27
6, 13997, 13,     8.63, 5,   coast,  -57.52,  69313.00, 3089.64, 2119.45,  495.75, 47.8, 5.25, 5.25, 5.27
6, 13997, 13,     8.64, 5,   coast,  -57.83,  69269.00, 3094.63, 2124.44,  495.17, 47.8, 5.25, 5.25, 5.27
6, 13997, 13,     8.65, 5,   coast,  -58.13,  69220.00, 3100.18, 2129.99,  494.59, 47.8, 5.25, 5.25, 5.27
6, 13997, 13,     8.66, 5,   coast,  -58.43,  69166.00, 3106.30, 2136.11,  494.01, 47.8, 5.25, 5.25, 5.27
6, 13997, 13,     8.67, 5,   coast,  -58.73,  69122.00, 3111.29, 2141.10,  493.42, 47.8, 5.25, 5.25, 5.27
6, 13997, 13,     8.68, 5,   coast,  -59.02,  69078.00, 3116.28, 2146.09,  492.82, 47.8, 5.25, 5.25, 5.27
6, 13997, 13,     8.69, 5,   coast,  -59.30,  69031.00, 3121.62, 2151.43,  492.22, 47.8, 5.25, 5.25, 5.27
6, 13997, 13,     8.70, 5,   coast,  -59.58,  68991.00, 3126.17, 2155.97,  491.62, 47.8, 5.25, 5.25, 5.27
6, 13997, 13,     8.71, 5,   coast,  -59.86,  68991.00, 3126.17, 2155.97,  491.02, 47.8, 5.24, 5.25, 5.27
6, 13997, 13,     8.72, 5,   coast,  -60.13,  68947.00, 3131.17, 2160.98,  490.41, 47.8, 5.25, 5.25, 5.27
6, 13997, 13,     8.73, 5,   coast,  -60.39,  68887.00, 3137.99, 2167.80,  489.80, 47.7, 5.25, 5.25, 5.27
6, 13997, 13,     8.74, 5,   coast,  -60.64,  68843.00, 3143.00, 2172.81,  489.19, 47.7, 5.25, 5.25, 5.27
6, 13997, 13,     8.75, 5,   coast,  -60.89,  68793.00, 3148.69, 2178.50,  488.57, 47.8, 5.25, 5.25, 5.27
6, 13997, 13,     8.76, 5,   coast,  -61.13,  68758.00, 3152.68, 2182.49,  487.96, 47.8, 5.25, 5.25, 5.27
6, 13997, 13,     8.77, 5,   coast,  -61.37,  68702.00, 3159.06, 2188.87,  487.34, 47.8, 5.25, 5.25, 5.27
6, 13997, 13,     8.78, 5,   coast,  -61.60,  68655.00, 3164.42, 2194.23,  486.71, 47.8, 5.25, 5.25, 5.27
6, 13997, 13,     8.79, 5,   coast,  -61.82,  68605.00, 3170.13, 2199.94,  486.09, 47.8, 5.25, 5.25, 5.27
6, 13997, 13,     8.80, 5,   coast,  -62.03,  68556.00, 3175.72, 2205.53,  485.46, 47.8, 5.25, 5.25, 5.27
6, 13997, 13,     8.81, 5,   coast,  -62.24,  68502.00, 3181.89, 2211.70,  484.82, 47.8, 5.25, 5.25, 5.27
6, 13997, 13,     8.82, 5,   coast,  -62.44,  68502.00, 3181.89, 2211.70,  484.19, 47.8, 5.24, 5.25, 5.27
6, 13997, 13,     8.83, 5,   coast,  -62.63,  68442.00, 3188.75, 2218.56,  483.55, 47.8, 5.25, 5.25, 5.27
6, 13997, 13,     8.84, 5,   coast,  -62.81,  68358.00, 3198.36, 2228.17,  482.91, 47.7, 5.25, 5.25, 5.27
6, 13997, 13,     8.85, 5,   coast,  -62.99,  68313.00, 3203.52, 2233.33,  482.26, 47.7, 5.25, 5.25, 5.27
6, 13997, 13,     8.86, 5,   coast,  -63.16,  68274.00, 3207.99, 2237.79,  481.62, 47.8, 5.25, 5.25, 5.27
6, 13997, 13,     8.87, 5,   coast,  -63.33,  68240.00, 3211.88, 2241.69,  480.97, 47.8, 5.25, 5.25, 5.27
6, 13997, 13,     8.88, 5,   coast,  -63.48,  68204.00, 3216.01, 2245.82,  480.32, 47.8, 5.25, 5.25, 5.27
6, 13997, 13,     8.89, 5,   coast,  -63.64,  68165.00, 3220.49, 2250.29,  479.67, 47.8, 5.25, 5.25, 5.27
6, 13997, 13,     8.90, 5,   coast,  -63.78,  68132.00, 3224.27, 2254.08,  479.02, 47.8, 5.25, 5.25, 5.27
6, 13997, 13,     8.91, 5,   coast,  -63.93,  68092.00, 3228.87, 2258.67,  478.36, 47.8, 5.25, 5.25, 5.27
6, 13997, 13,     8.92, 5,   coast,  -64.06,  68052.00, 3233.46, 2263.27,  477.70, 47.8, 5.25, 5.25, 5.27
6, 13997, 13,     8.93, 5,   coast,  -64.20,  68052.00, 3233.46, 2263.27,  477.04, 47.8, 5.24, 5.25, 5.27
6, 13997, 13,     8.94, 5,   coast,  -64.33,  68007.00, 3238.63, 2268.44,  476.38, 47.8, 5.25, 5.25, 5.27
6, 13997, 13,     8.95, 5,   coast,  -64.45,  67936.00, 3246.80, 2276.61,  475.72, 47.7, 5.25, 5.25, 5.27
6, 13997, 13,     8.96, 5,   coast,  -64.58,  67894.00, 3251.63, 2281.44,  475.05, 47.7, 5.25, 5.25, 5.27
6, 13997, 13,     8.97, 5,   coast,  -64.70,  67844.00, 3257.39, 2287.20,  474.39, 47.7, 5.25, 5.25, 5.27
6, 13997, 13,     8.98, 5,   coast,  -64.83,  67796.00, 3262.92, 2292.73,  473.72, 47.8, 5.25, 5.25, 5.27
6, 13997, 13,     8.99, 5,   coast,  -64.95,  67747.00, 3268.57, 2298.38,  473.06, 47.8, 5.25, 5.25, 5.27
6, 13997, 13,     9.00, 5,   coast,  -65.07,  67696.00, 3274.45, 2304.26,  472.39, 47.8, 5.25, 5.25, 5.27
6, 13997, 13,     9.01, 5,   coast,  -65.20,  67651.00, 3279.65, 2309.46,  471.72, 47.8, 5.25, 5.25, 5.27
6, 13997, 13,     9.02, 5,   coast,  -65.33,  67607.00, 3284.73, 2314.54,  471.05, 47.8, 5.25, 5.25, 5.27
6, 13997, 13,     9.03, 5,   coast,  -65.46,  67571.00, 3288.89, 2318.70,  470.38, 47.8, 5.25, 5.25, 5.27
6, 13997, 13,     9.04, 5,   coast,  -65.60,  67571.00, 3288.89, 2318.70,  469.71, 47.8, 5.24, 5.25, 5.27
6, 13997, 13,     9.05, 5,   coast,  -65.74,  67525.00, 3294.20, 2324.01,  469.05, 47.8, 5.25, 5.25, 5.27
6, 13997, 13,     9.06, 5,   coast,  -65.89,  67451.00, 3302.76, 2332.57,  468.38, 47.7, 5.25, 5.25, 5.27
6, 13997, 13,     9.07, 5,   coast,  -66.04,  67407.00, 3307.86, 2337.67,  467.71, 47.7, 5.25, 5.25, 5.27
6, 13997, 13,     9.08, 5,   coast,  -66.20,  67370.00, 3312.14, 2341.95,  467.05, 47.7, 5.25, 5.25, 5.27
6, 13997, 13,     9.09, 5,   coast,  -66.38,  67339.00, 3315.74, 2345.54,  466.39, 47.7, 5.25, 5.25, 5.27
6, 13997, 13,     9.10, 5,   coast,  -66.56,  67303.00, 3319.91, 2349.72,  465.74, 47.7, 5.25, 5.25, 5.27
6, 13997, 13,     9.11, 5,   coast,  -66.75,  67265.00, 3324.31, 2354.12,  465.08, 47.8, 5.25, 5.25, 5.27
6, 13997, 13,     9.12, 5,   coast,  -66.96,  67221.00, 3329.42, 2359.23,  464.43, 47.8, 5.25, 5.25, 5.27
6, 13997, 13,     9.13, 5,   coast,  -67.18,  67186.00, 3333.48, 2363.29,  463.77, 47.8, 5.25, 5.25, 5.27
6, 13997, 13,     9.14, 5,   coast,  -67.41,  67148.00, 3337.90, 2367.70,  463.12, 47.8, 5.25, 5.25, 5.27
6, 13997, 13,     9.15, 5,   coast,  -67.65,  67148.00, 3337.90, 2367.70,  462.47, 47.8, 5.24, 5.25, 5.27
6, 13997, 13,     9.16, 5,   coast,  -67.92,  67098.00, 3343.70, 2373.51,  461.83, 47.8, 5.25, 5.25, 5.27
6, 13997, 13,     9.17, 5,   coast,  -68.19,  67014.00, 3353.47, 2383.28,  461.19, 47.7, 5.25, 5.25, 5.27
6, 13997, 13,     9.18, 5,   coast,  -68.49,  66966.00, 3359.06, 2388.87,  460.55, 47.7, 5.25, 5.25, 5.27
6, 13997, 13,     9.19, 5,   coast,  -68.80,  66919.00, 3364.53, 2394.34,  459.92, 47.7, 5.25, 5.25, 5.27
6, 13997, 13,     9.20, 5,   coast,  -69.13,  66881.00, 3368.96, 2398.77,  459.29, 47.7, 5.25, 5.25, 5.27
6, 13997, 13,     9.21, 5,   coast,  -69.47,  66825.00, 3375.49, 2405.29,  458.67, 47.7, 5.25, 5.25, 5.27
6, 13997, 13,     9.22, 5,   coast,  -69.84,  66788.00, 3379.80, 2409.61,  458.05, 47.8, 5.25, 5.25, 5.27
6, 13997, 13,     9.23, 5,   coast,  -70.22,  66742.00, 3385.17, 2414.98,  457.43, 47.8, 5.25, 5.25, 5.27
6, 13997, 13,     9.24, 5,   coast,  -70.63,  66704.00, 3389.61, 2419.41,  456.81, 47.8, 5.25, 5.25, 5.27
6, 13997, 13,     9.25, 5,   coast,  -71.05,  66660.00, 3394.75, 2424.55,  456.19, 47.8, 5.25, 5.25, 5.27
6, 13997, 13,     9.26, 5,   coast,  -71.50,  66660.00, 3394.75, 2424.55,  455.55, 47.8, 5.24, 5.25, 5.27
6, 13997, 13,     9.27, 5,   coast,  -71.96,  66616.00, 3399.89, 2429.70,  454.91, 47.8, 5.25, 5.25, 5.27
6, 13997, 13,     9.28, 5,   coast,  -72.45,  66551.00, 3407.49, 2437.30,  454.25, 47.7, 5.25, 5.25, 5.27
6, 13997, 13,     9.29, 5,   coast,  -72.95,  66511.00, 3412.17, 2441.98,  453.59, 47.7, 5.25, 5.25, 5.27
6, 13997, 13,     9.30, 5,   coast,  -73.48,  66481.00, 3415.68, 2445.49,  452.92, 47.7, 5.25, 5.25, 5.27
6, 13997, 13,     9.31, 5,   coast,  -74.02,  66443.00, 3420.13, 2449.94,  452.24, 47.7, 5.25, 5.25, 5.27
6, 13997, 13,     9.32, 5,   coast,  -74.59,  66407.00, 3424.35, 2454.16,  451.55, 47.7, 5.25, 5.25, 5.27
6, 13997, 13,     9.33, 5,   coast,  -75.18,  66363.00, 3429.51, 2459.32,  450.85, 47.8, 5.25, 5.25, 5.27
6, 13997, 13,     9.34, 5,   coast,  -75.78,  66327.00, 3433.73, 2463.54,  450.15, 47.8, 5.25, 5.25, 5.27
6, 13997, 13,     9.35, 5,   coast,  -76.41,  66286.00, 3438.54, 2468.35,  449.43, 47.8, 5.25, 5.25, 5.27
6, 13997, 13,     9.36, 5,   coast,  -77.05,  66241.00, 3443.83, 2473.64,  448.71, 47.8, 5.25, 5.25, 5.27
6, 13997, 13,     9.37, 5,   coast,  -77.72,  66241.00, 3443.83, 2473.64,  447.97, 47.8, 5.24, 5.25, 5.27
6, 13997, 13,     9.38, 5,   coast,  -78.40,  66190.00, 3449.82, 2479.63,  447.22, 47.8, 5.25, 5.25, 5.27
6, 13997, 13,     9.39, 5,   coast,  -79.10,  66118.00, 3458.28, 2488.09,  446.46, 47.7, 5.25, 5.25, 5.27
6, 13997, 13,     9.40, 5,   coast,  -79.82,  66067.00, 3464.28, 2494.09,  445.69, 47.7, 5.25, 5.25, 5.27
6, 13997, 13,     9.41, 5,   coast,  -80.55,  66022.00, 3469.58, 2499.39,  444.91, 47.7, 5.25, 5.25, 5.27
6, 13997, 13,     9.42, 5,   coast,  -81.30,  65972.00, 3475.47, 2505.28,  444.11, 47.7, 5.25, 5.25, 5.27
6, 13997, 13,     9.43, 5,   coast,  -82.07,  65934.00, 3479.95, 2509.76,  443.31, 47.7, 5.25, 5.25, 5.27
6, 13997, 13,     9.44, 5,   coast,  -82.85,  65888.00, 3485.37, 2515.18,  442.50, 47.7, 5.25, 5.25, 5.27
6, 13997, 13,     9.45, 5,   coast,  -83.65,  65846.00, 3490.33, 2520.14,  441.68, 47.8, 5.25, 5.25, 5.27
6, 13997, 13,     9.46, 5,   coast,  -84.46,  65801.00, 3495.64, 2525.45,  440.85, 47.8, 5.25, 5.25, 5.27
6, 13997, 13,     9.47, 5,   coast,  -85.28,  65772.00, 3499.06, 2528.87,  440.02, 47.8, 5.25, 5.25, 5.27
6, 13997, 13,     9.48, 5,   coast,  -86.11,  65772.00, 3499.06, 2528.87,  439.17, 47.8, 5.24, 5.25, 5.27
6, 13997, 13,     9.49, 5,   coast,  -86.96,  65730.00, 3504.03, 2533.83,  438.31, 47.8, 5.25, 5.25, 5.27
6, 13997, 13,     9.50, 5,   coast,  -87.82,  65665.00, 3511.71, 2541.52,  437.45, 47.7, 5.25, 5.25, 5.27
6, 13997, 13,     9.51, 5,   coast,  -88.69,  65627.00, 3516.21, 2546.01,  436.57, 47.7, 5.25, 5.25, 5.27
6, 13997, 13,     9.52, 5,   coast,  -89.56,  65591.00, 3520.47, 2550.28,  435.69, 47.7, 5.25, 5.25, 5.27
6, 13997, 13,     9.53, 5,   coast,  -90.45,  65565.00, 3523.55, 2553.35,  434.79, 47.7, 5.25, 5.25, 5.27
6, 13997, 13,     9.54, 5,   coast,  -91.35,  65531.00, 3527.57, 2557.38,  433.89, 47.7, 5.25, 5.25, 5.27
6, 13997, 13,     9.55, 5,   coast,  -92.25,  65489.00, 3532.55, 2562.36,  432.98, 47.7, 5.25, 5.25, 5.27
6, 13997, 13,     9.56, 5,   coast,  -93.16,  65443.00, 3538.00, 2567.81,  432.07, 47.7, 5.25, 5.25, 5.27
6, 13997, 13,     9.57, 5,   coast,  -94.07,  65402.00, 3542.87, 2572.68,  431.14, 47.8, 5.25, 5.25, 5.27
6, 13997, 13,     9.58, 5,   coast,  -94.99,  65365.00, 3547.26, 2577.07,  430.20, 47.8, 5.25, 5.25, 5.27
6, 13997, 13,     9.59, 5,   coast,  -95.92,  65365.00, 3547.26, 2577.07,  429.25, 47.8, 5.24, 5.25, 5.27
6, 13997, 13,     9.60, 5,   coast,  -96.85,  65315.00, 3553.20, 2583.00,  428.29, 47.7, 5.25, 5.25, 5.27
6, 13997, 13,     9.61, 5,   coast,  -97.79,  65246.00, 3561.40, 2591.20,  427.32, 47.7, 5.25, 5.25, 5.27
6, 13997, 13,     9.62, 5,   coast,  -98.73,  65204.00, 3566.39, 2596.20,  426.35, 47.7, 5.25, 5.25, 5.27
6, 13997, 13,     9.63, 5,   coast,  -99.67,  65154.00, 3572.34, 2602.15,  425.36, 47.7, 5.25, 5.25, 5.27
6, 13997, 13,     9.64, 5,   coast, -100.62,  65114.00, 3577.10, 2606.91,  424.37, 47.7, 5.25, 5.25, 5.27
6, 13997, 13,     9.65, 5,   coast, -101.56,  65074.00, 3581.87, 2611.67,  423.37, 47.7, 5.25, 5.25, 5.27
6, 13997, 13,     9.66, 5,   coast, -102.51,  65042.00, 3585.68, 2615.49,  422.36, 47.7, 5.25, 5.25, 5.27
6, 13997, 13,     9.67, 5,   coast, -103.46,  65000.00, 3590.69, 2620.50,  421.33, 47.7, 5.25, 5.25, 5.27
6, 13997, 13,     9.68, 5,   coast, -104.42,  64968.00, 3594.50, 2624.31,  420.30, 47.8, 5.25, 5.25, 5.27
6, 13997, 13,     9.69, 5,   coast, -105.37,  64938.00, 3598.08, 2627.89,  419.26, 47.7, 5.25, 5.25, 5.27
6, 13997, 13,     9.70, 5,   coast, -106.32,  64938.00, 3598.08, 2627.89,  418.22, 47.7, 5.24, 5.25, 5.27
6, 13997, 13,     9.71, 5,   coast, -107.27,  64894.00, 3603.34, 2633.14,  417.16, 47.7, 5.25, 5.25, 5.27
6, 13997, 13,     9.72, 5,   coast, -108.23,  64844.00, 3609.31, 2639.12,  416.09, 47.7, 5.25, 5.25, 5.27
6, 13997, 13,     9.73, 5,   coast, -109.18,  64816.00, 3612.65, 2642.46,  415.01, 47.7, 5.25, 5.25, 5.27
6, 13997, 13,     9.74, 5,   coast, -110.13,  64776.00, 3617.44, 2647.24,  413.93, 47.7, 5.25, 5.25, 5.27
6, 13997, 13,     9.75, 5,   coast, -111.08,  64748.00, 3620.79, 2650.59,  412.83, 47.7, 5.25, 5.25, 5.27
6, 13997, 13,     9.76, 5,   coast, -112.04,  64717.00, 3624.49, 2654.30,  411.72, 47.7, 5.25, 5.25, 5.27
6, 13997, 13,     9.77, 5,   coast, -112.99,  64690.00, 3627.73, 2657.53,  410.61, 47.7, 5.25, 5.25, 5.27
6, 13997, 13,     9.78, 5,   coast, -113.93,  64657.00, 3631.68, 2661.49,  409.48, 47.7, 5.25, 5.25, 5.27
6, 13997, 13,     9.79, 5,   coast, -114.88,  64616.00, 3636.59, 2666.40,  408.34, 47.8, 5.25, 5.25, 5.27
6, 13997, 13,     9.80, 5,   coast, -115.83,  64591.00, 3639.59, 2669.39,  407.19, 47.8, 5.25, 5.25, 5.27
6, 13997, 13,     9.81, 5,   coast, -116.77,  64591.00, 3639.59, 2669.39,  406.03, 47.8, 5.24, 5.25, 5.27
6, 13997, 13,     9.82, 5,   coast, -117.71,  64548.00, 3644.74, 2674.55,  404.86, 47.7, 5.25, 5.25, 5.27
6, 13997, 13,     9.83, 5,   coast, -118.65,  64488.00, 3651.94, 2681.75,  403.68, 47.7, 5.25, 5.25, 5.27
6, 13997, 13,     9.84, 5,   coast, -119.59,  64463.00, 3654.94, 2684.75,  402.48, 47.7, 5.25, 5.25, 5.27
6, 13997, 13,     9.85, 5,   coast, -120.53,  64425.00, 3659.50, 2689.31,  401.28, 47.7, 5.25, 5.25, 5.27
6, 13997, 13,     9.86, 5,   coast, -121.46,  64401.00, 3662.39, 2692.19,  400.07, 47.7, 5.25, 5.25, 5.27
6, 13997, 13,     9.87, 5,   coast, -122.39,  64362.00, 3667.07, 2696.88,  398.85, 47.7, 5.25, 5.25, 5.27
6, 13997, 13,     9.88, 5,   coast, -123.32,  64329.00, 3671.04, 2700.85,  397.62, 47.7, 5.25, 5.25, 5.27
6, 13997, 13,     9.89, 5,   coast, -124.24,  64306.00, 3673.81, 2703.62,  396.38, 47.7, 5.25, 5.25, 5.27
6, 13997, 13,     9.90, 5,   coast, -125.16,  64273.00, 3677.78, 2707.59,  395.13, 47.7, 5.25, 5.25, 5.27
6, 13997, 13,     9.91, 5,   coast, -126.07,  64241.00, 3681.63, 2711.44,  393.87, 47.7, 5.25, 5.25, 5.27
6, 13997, 13,     9.92, 5,   coast, -126.98,  64241.00, 3681.63, 2711.44,  392.60, 47.7, 5.24, 5.25, 5.27
6, 13997, 13,     9.93, 5,   coast, -127.88,  64208.00, 3685.60, 2715.41,  391.33, 47.7, 5.25, 5.25, 5.27
6, 13997, 13,     9.94, 5,   coast, -128.78,  64147.00, 3692.95, 2722.76,  390.04, 47.7, 5.25, 5.25, 5.27
6, 13997, 13,     9.95, 5,   coast, -129.67,  64116.00, 3696.69, 2726.50,  388.74, 47.7, 5.25, 5.25, 5.27
6, 13997, 13,     9.96, 5,   coast, -130.56,  64085.00, 3700.43, 2730.24,  387.43, 47.7, 5.25, 5.25, 5.27
6, 13997, 13,     9.97, 5,   coast, -131.43,  64057.00, 3703.81, 2733.62,  386.12, 47.7, 5.25, 5.25, 5.27
6, 13997, 13,     9.98, 5,   coast, -132.30,  64017.00, 3708.64, 2738.44,  384.79, 47.7, 5.25, 5.25, 5.27
6, 13997, 13,     9.99, 5,   coast, -133.17,  63990.00, 3711.90, 2741.70,  383.46, 47.7, 5.25, 5.25, 5.27
6, 13997, 13,    10.00, 5,   coast, -134.02,  63963.00, 3715.16, 2744.97,  382.12, 47.7, 5.25, 5.25, 5.27
6, 13997, 13,    10.01, 5,   coast, -134.86,  63929.00, 3719.27, 2749.07,  380.76, 47.7, 5.25, 5.25, 5.27
6, 13997, 13,    10.02, 5,   coast, -135.69,  63905.00, 3722.17, 2751.98,  379.40, 47.7, 5.25, 5.25, 5.27
6, 13997, 13,    10.03, 5,   coast, -136.51,  63905.00, 3722.17, 2751.98,  378.03, 47.7, 5.24, 5.25, 5.27
6, 13997, 13,    10.04, 5,   coast, -137.32,  63876.00, 3725.67, 2755.48,  376.66, 47.7, 5.25, 5.25, 5.27
6, 13997, 13,    10.05, 5,   coast, -138.12,  63826.00, 3731.72, 2761.53,  375.27, 47.7, 5.25, 5.25, 5.27
6, 13997, 13,    10.06, 5,   coast, -138.90,  63794.00, 3735.60, 2765.40,  373.87, 47.7, 5.25, 5.25, 5.27
6, 13997, 13,    10.07, 5,   coast, -139.67,  63778.00, 3737.53, 2767.34,  372.47, 47.7, 5.25, 5.25, 5.27
6, 13997, 13,    10.08, 5,   coast, -140.43,  63747.00, 3741.29, 2771.10,  371.06, 47.7, 5.25, 5.25, 5.27
6, 13997, 13,    10.09, 5,   coast, -141.17,  63720.00, 3744.56, 2774.37,  369.64, 47.7, 5.25, 5.25, 5.27
6, 13997, 13,    10.10, 5,   coast, -141.90,  63687.00, 3748.56, 2778.37,  368.21, 47.7, 5.25, 5.25, 5.27
6, 13997, 13,    10.11, 5,   coast, -142.60,  63662.00, 3751.59, 2781.40,  366.78, 47.7, 5.25, 5.25, 5.27
6, 13997, 13,    10.12, 5,   coast, -143.29,  63632.00, 3755.23, 2785.04,  365.33, 47.7, 5.25, 5.25, 5.27
6, 13997, 13,    10.13, 5,   coast, -143.96,  63601.00, 3758.99, 2788.80,  363.87, 47.7, 5.25, 5.25, 5.27
6, 13997, 13,    10.14, 5,   coast, -144.61,  63601.00, 3758.99, 2788.80,  362.41, 47.7, 5.24, 5.25, 5.27
6, 13997, 13,    10.15, 5,   coast, -145.24,  63563.00, 3763.61, 2793.41,  360.94, 47.7, 5.25, 5.25, 5.27
6, 13997, 13,    10.16, 5,   coast, -145.85,  63508.00, 3770.29, 2800.09,  359.46, 47.7, 5.25, 5.25, 5.27
6, 13997, 13,    10.17, 5,   coast, -146.43,  63477.00, 3774.05, 2803.86,  357.97, 47.7, 5.25, 5.25, 5.27
6, 13997, 13,    10.18, 5,   coast, -146.99,  63454.00, 3776.85, 2806.66,  356.48, 47.7, 5.25, 5.25, 5.27
6, 13997, 13,    10.19, 5,   coast, -147.53,  63421.00, 3780.86, 2810.67,  354.98, 47.7, 5.25, 5.25, 5.27
6, 13997, 13,    10.20, 5,   coast, -148.04,  63402.00, 3783.18, 2812.98,  353.47, 47.7, 5.25, 5.25, 5.27
6, 13997, 13,    10.21, 5,   coast, -148.53,  63374.00, 3786.58, 2816.39,  351.95, 47.7, 5.25, 5.25, 5.27
6, 13997, 13,    10.22, 5,   coast, -148.98,  63349.00, 3789.63, 2819.44,  350.42, 47.7, 5.25, 5.25, 5.27
6, 13997, 13,    10.23, 5,   coast, -149.41,  63323.00, 3792.79, 2822.60,  348.89, 47.7, 5.25, 5.25, 5.27
6, 13997, 13,    10.24, 5,   coast, -149.81,  63301.00, 3795.47, 2825.28,  347.35, 47.7, 5.25, 5.25, 5.27
6, 13997, 13,    10.25, 5,   coast, -150.18,  63301.00, 3795.47, 2825.28,  345.80, 47.7, 5.24, 5.25, 5.27
6, 13997, 13,    10.26, 5,   coast, -150.51,  63276.00, 3798.52, 2828.33,  344.25, 47.7, 5.25, 5.25, 5.27
6, 13997, 13,    10.27, 5,   coast, -150.81,  63222.00, 3805.10, 2834.91,  342.68, 47.7, 5.25, 5.25, 5.27
6, 13997, 13,    10.28, 5,   coast, -151.08,  63196.00, 3808.27, 2838.08,  341.11, 47.7, 5.25, 5.25, 5.27
6, 13997, 13,    10.29, 5,   coast, -151.32,  63177.00, 3810.59, 2840.40,  339.54, 47.7, 5.25, 5.25, 5.27
6, 13997, 13,    10.30, 5,   coast, -151.52,  63153.00, 3813.52, 2843.33,  337.97, 47.7, 5.25, 5.25, 5.27
6, 13997, 13,    10.31, 5,   coast, -151.68,  63116.00, 3818.04, 2847.85,  336.38, 47.7, 5.25, 5.25, 5.27
6, 13997, 13,    10.32, 5,   coast, -151.80,  63090.00, 3821.22, 2851.02,  334.80, 47.7, 5.25, 5.25, 5.27
6, 13997, 13,    10.33, 5,   coast, -151.89,  63061.00, 3824.76, 2854.57,  333.21, 47.7, 5.25, 5.25, 5.27
6, 13997, 13,    10.34, 5,   coast, -151.94,  63035.00, 3827.94, 2857.75,  331.61, 47.7, 5.25, 5.25, 5.27
6, 13997, 13,    10.35, 5,   coast, -151.94,  63011.00, 3830.87, 2860.68,  330.02, 47.7, 5.25, 5.25, 5.27
6, 13997, 13,    10.36, 5,   coast, -151.91,  63011.00, 3830.87, 2860.68,  328.42, 47.7, 5.24, 5.25, 5.27
6, 13997, 13,    10.37, 5,   coast, -151.83,  62965.00, 3836.50, 2866.31,  326.83, 47.7, 5.25, 5.25, 5.27
6, 13997, 13,    10.38, 5,   coast, -151.71,  62924.00, 3841.52, 2871.33,  325.23, 47.7, 5.25, 5.25, 5.27
6, 13997, 13,    10.39, 5,   coast, -151.55,  62894.00, 3845.19, 2875.00,  323.63, 47.7, 5.25, 5.25, 5.27
6, 13997, 13,    10.40, 5,   coast, -151.34,  62873.00, 3847.76, 2877.57,  322.04, 47.7, 5.25, 5.25, 5.27
6, 13997, 13,    10.41, 5,   coast, -151.09,  62844.00, 3851.32, 2881.12,  320.45, 47.7, 5.25, 5.25, 5.27
6, 13997, 13,    10.42, 5,   coast, -150.79,  62818.00, 3854.50, 2884.31,  318.86, 47.7, 5.25, 5.25, 5.27
6, 13997, 13,    10.43, 5,   coast, -150.45,  62790.00, 3857.94, 2887.74,  317.27, 47.7, 5.25, 5.25, 5.27
6, 13997, 13,    10.44, 5,   coast, -150.06,  62759.00, 3861.74, 2891.55,  315.68, 47.7, 5.25, 5.25, 5.27
6, 13997, 13,    10.45, 5,   coast, -149.62,  62735.00, 3864.68, 2894.49,  314.10, 47.7, 5.25, 5.25, 5.27
6, 13997, 13,    10.46, 5,   coast, -149.14,  62699.00, 3869.10, 2898.91,  312.51, 47.7, 5.25, 5.25, 5.27
6, 13997, 13,    10.47, 5,   coast, -148.60,  62699.00, 3869.10, 2898.91,  310.94, 47.7, 5.24, 5.25, 5.27
6, 13997, 13,    10.48, 5,   coast, -148.02,  62670.00, 3872.66, 2902.47,  309.37, 47.7, 5.25, 5.25, 5.27
6, 13997, 13,    10.49, 5,   coast, -147.39,  62616.00, 3879.30, 2909.11,  307.81, 47.7, 5.25, 5.25, 5.27
6, 13997, 13,    10.50, 5,   coast, -146.71,  62584.00, 3883.23, 2913.04,  306.24, 47.7, 5.25, 5.25, 5.27
6, 13997, 13,    10.51, 5,   coast, -145.98,  62551.00, 3887.29, 2917.10,  304.69, 47.7, 5.25, 5.25, 5.27
6, 13997, 13,    10.52, 5,   coast, -145.19,  62526.00, 3890.37, 2920.18,  303.15, 47.7, 5.25, 5.25, 5.27
6, 13997, 13,    10.53, 5,   coast, -144.36,  62488.00, 3895.05, 2924.85,  301.61, 47.7, 5.25, 5.25, 5.27
6, 13997, 13,    10.54, 5,   coast, -143.48,  62455.00, 3899.11, 2928.92,  300.07, 47.7, 5.25, 5.25, 5.27
6, 13997, 13,    10.55, 5,   coast, -142.55,  62426.00, 3902.68, 2932.49,  298.55, 47.7, 5.25, 5.25, 5.27
6, 13997, 13,    10.56, 5,   coast, -141.57,  62398.00, 3906.13, 2935.94,  297.03, 47.7, 5.25, 5.25, 5.27
6, 13997, 13,    10.57, 5,   coast, -140.53,  62364.00, 3910.32, 2940.13,  295.52, 47.7, 5.25, 5.25, 5.27
6, 13997, 13,    10.58, 5,   coast, -139.45,  62364.00, 3910.32, 2940.13,  294.02, 47.7, 5.24, 5.25, 5.27
6, 13997, 13,    10.59, 5,   coast, -138.31,  62326.00, 3915.01, 2944.82,  292.54, 47.7, 5.25, 5.25, 5.27
6, 13997, 13,    10.60, 5,   coast, -137.12,  62273.00, 3921.55, 2951.36,  291.06, 47.7, 5.25, 5.25, 5.27
6, 13997, 13,    10.61, 5,   coast, -135.89,  62239.00, 3925.75, 2955.56,  289.60, 47.7, 5.25, 5.25, 5.27
6, 13997, 13,    10.62, 5,   coast, -134.60,  62212.00, 3929.09, 2958.90,  288.16, 47.7, 5.25, 5.25, 5.27
6, 13997, 13,    10.63, 5,   coast, -133.26,  62185.00, 3932.42, 2962.23,  286.73, 47.7, 5.25, 5.25, 5.27
6, 13997, 13,    10.64, 5,   coast, -131.87,  62156.00, 3936.01, 2965.82,  285.31, 47.7, 5.25, 5.25, 5.27
6, 13997, 13,    10.65, 5,   coast, -130.43,  62106.00, 3942.19, 2972.00,  283.91, 47.7, 5.25, 5.25, 5.27
6, 13997, 13,    10.66, 5,   coast, -128.94,  62080.00, 3945.41, 2975.22,  282.53, 47.7, 5.25, 5.25, 5.27
6, 13997, 13,    10.67, 5,   coast, -127.40,  62041.00, 3950.24, 2980.05,  281.15, 47.7, 5.25, 5.25, 5.27
6, 13997, 13,    10.68, 5,   coast, -125.82,  62005.00, 3954.70, 2984.51,  279.80, 47.7, 5.25, 5.25, 5.27
6, 13997, 13,    10.69, 5,   coast, -124.18,  62005.00, 3954.70, 2984.51,  278.46, 47.7, 5.24, 5.25, 5.27
6, 13997, 13,    10.70, 5,   coast, -122.49,  61966.00, 3959.53, 2989.34,  277.14, 47.7, 5.25, 5.25, 5.27
6, 13997, 13,    10.71, 5,   coast, -120.76,  61897.00, 3968.09, 2997.90,  275.84, 47.7, 5.25, 5.25, 5.27
6, 13997, 13,    10.72, 5,   coast, -118.97,  61865.00, 3972.06, 3001.87,  274.56, 47.7, 5.25, 5.25, 5.27
6, 13997, 13,    10.73, 5,   coast, -117.14,  61842.00, 3974.92, 3004.72,  273.29, 47.7, 5.25, 5.25, 5.27
6, 13997, 13,    10.74, 5,   coast, -115.27,  61804.00, 3979.63, 3009.44,  272.04, 47.7, 5.25, 5.25, 5.27
6, 13997, 13,    10.75, 5,   coast, -113.34,  61772.00, 3983.61, 3013.42,  270.82, 47.7, 5.25, 5.25, 5.27
6, 13997, 13,    10.76, 5,   coast, -111.37,  61736.00, 3988.08, 3017.89,  269.61, 47.7, 5.25, 5.25, 5.27
6, 13997, 13,    10.77, 5,   coast, -109.35,  61703.00, 3992.19, 3022.00,  268.42, 47.7, 5.25, 5.25, 5.27
6, 13997, 13,    10.78, 5,   coast, -107.29,  61665.00, 3996.92, 3026.73,  267.25, 47.7, 5.25, 5.25, 5.27
6, 13997, 13,    10.79, 5,   coast, -105.18,  61624.00, 4002.02, 3031.83,  266.10, 47.7, 5.25, 5.25, 5.27
6, 13997, 13,    10.80, 5,   coast, -103.03,  61624.00, 4002.02, 3031.83,  264.98, 47.7, 5.24, 5.25, 5.27
6, 13997, 13,    10.81, 5,   coast, -100.83,  61576.00, 4008.00, 3037.81,  263.88, 47.7, 5.25, 5.25, 5.27
6, 13997, 13,    10.82, 5,   coast,  -98.59,  61516.00, 4015.48, 3045.29,  262.80, 47.7, 5.25, 5.25, 5.27
6, 13997, 13,    10.83, 5,   coast,  -96.31,  61486.00, 4019.22, 3049.03,  261.74, 47.7, 5.25, 5.25, 5.27
6, 13997, 13,    10.84, 5,   coast,  -93.98,  61456.00, 4022.96, 3052.77,  260.70, 47.7, 5.25, 5.25, 5.27
6, 13997, 13,    10.85, 5,   coast,  -91.61,  61410.00, 4028.70, 3058.51,  259.70, 47.7, 5.25, 5.25, 5.27
6, 13997, 13,    10.86, 5,   coast,  -89.20,  61383.00, 4032.08, 3061.88,  258.71, 47.7, 5.25, 5.25, 5.27
6, 13997, 13,    10.87, 5,   coast,  -86.75,  61346.00, 4036.70, 3066.51,  257.75, 47.7, 5.25, 5.25, 5.27
6, 13997, 13,    10.88, 5,   coast,  -84.26,  61310.00, 4041.20, 3071.01,  256.82, 47.7, 5.25, 5.25, 5.27
6, 13997, 13,    10.89, 5,   coast,  -81.74,  61269.00, 4046.33, 3076.13,  255.90, 47.7, 5.25, 5.25, 5.27
6, 13997, 13,    10.90, 5,   coast,  -79.17,  61234.00, 4050.71, 3080.51,  255.01, 47.7, 5.25, 5.25, 5.27
6, 13997, 13,    10.91, 5,   coast,  -76.56,  61234.00, 4050.71, 3080.51,  254.16, 47.7, 5.24, 5.25, 5.27
6, 13997, 13,    10.92, 5,   coast,  -73.92,  61178.00, 4057.72, 3087.53,  253.32, 47.7, 5.25, 5.25, 5.27
6, 13997, 13,    10.93, 5,   coast,  -71.24,  61124.00, 4064.48, 3094.29,  252.52, 47.7, 5.25, 5.25, 5.27
6, 13997, 13,    10.94, 5,   coast,  -68.52,  61084.00, 4069.50, 3099.31,  251.74, 47.7, 5.25, 5.25, 5.27
6, 13997, 13,    10.95, 5,   coast,  -65.77,  61048.00, 4074.01, 3103.82,  251.00, 47.7, 5.25, 5.25, 5.27
6, 13997, 13,    10.96, 5,   coast,  -62.98,  61010.00, 4078.78, 3108.59,  250.28, 47.7, 5.25, 5.25, 5.27
6, 13997, 13,    10.97, 5,   coast,  -60.16,  60973.00, 4083.43, 3113.24,  249.59, 47.7, 5.25, 5.25, 5.27
6, 13997, 13,    10.98, 5,   coast,  -57.31,  60928.00, 4089.08, 3118.89,  248.94, 47.7, 5.25, 5.25, 5.27
6, 13997, 13,    10.99, 5,   coast,  -54.42,  60884.00, 4094.61, 3124.42,  248.31, 47.7, 5.25, 5.25, 5.27
6, 13997, 13,    11.00, 5,   coast,  -51.51,  60833.00, 4101.03, 3130.84,  247.72, 47.7, 5.25, 5.25, 5.27
6, 13997, 13,    11.01, 5,   coast,  -48.56,  60791.00, 4106.31, 3136.12,  247.15, 47.7, 5.25, 5.25, 5.27
6, 13997, 13,    11.02, 5,   coast,  -45.58,  60791.00, 4106.31, 3136.12,  246.62, 47.7, 5.24, 5.25, 5.27
6, 13997, 13,    11.03, 5,   coast,  -42.58,  60726.00, 4114.50, 3144.31,  246.12, 47.7, 5.25, 5.25, 5.27
6, 13997, 13,    11.04, 5,   coast,  -39.54,  60623.00, 4127.49, 3157.30,  245.65, 47.7, 5.25, 5.25, 5.27
6, 13997, 13,    11.05, 5,   coast,  -36.48,  60568.00, 4134.43, 3164.24,  245.20, 47.7, 5.25, 5.25, 5.27
6, 13997, 13,    11.06, 5,   coast,  -33.39,  60516.00, 4141.00, 3170.81,  244.80, 47.7, 5.25, 5.25, 5.27
6, 13997, 13,    11.07, 5,   coast,  -30.28,  60466.00, 4147.32, 3177.13,  244.42, 47.7, 5.25, 5.25, 5.27
6, 13997, 13,    11.08, 5,   coast,  -27.14,  60399.00, 4155.79, 3185.60,  244.08, 47.7, 5.25, 5.25, 5.27
6, 13997, 13,    11.09, 5,   coast,  -23.98,  60337.00, 4163.64, 3193.45,  243.77, 47.7, 5.25, 5.25, 5.27
6, 13997, 13,    11.10, 5,   coast,  -20.80,  60284.00, 4170.36, 3200.17,  243.49, 47.7, 5.25, 5.25, 5.27
6, 13997, 13,    11.11, 5,   coast,  -17.59,  60224.00, 4177.97, 3207.77,  243.24, 47.7, 5.25, 5.25, 5.27
6, 13997, 13,    11.12, 5,   coast,  -14.37,  60166.00, 4185.33, 3215.14,  243.02, 47.7, 5.25, 5.25, 5.27
6, 13997, 13,    11.13, 5,   coast,  -11.13,  60166.00, 4185.33, 3215.14,  242.84, 47.7, 5.24, 5.25, 5.27
6, 13997, 13,    11.14, 5,   coast,   -7.86,  60090.00, 4194.98, 3224.79,  242.70, 47.7, 5.25, 5.25, 5.27
6, 13997, 13,    11.15, 5,   coast,   -4.58,  59992.00, 4207.44, 3237.25,  242.59, 47.7, 5.25, 5.25, 5.27
6, 13997, 13,    11.16, 5,   coast,   -1.29,  59927.00, 4215.72, 3245.53,  242.51, 47.7, 5.25, 5.25, 5.27
6, 13997, 13,    11.17, 5,   coast,    2.03,  59862.00, 4224.00, 3253.81,  242.47, 47.7, 5.25, 5.25, 5.27
6, 13997, 13,    11.18, 5,   coast,    5.35,  59806.00, 4231.14, 3260.95,  242.46, 47.7, 5.25, 5.25, 5.27
6, 13997, 13,    11.19, 5,   coast,    8.69,  59741.00, 4239.44, 3269.24,  242.50, 47.7, 5.25, 5.25, 5.27
6, 13997, 13,    11.20, 5,   coast,   12.04,  59689.00, 4246.08, 3275.89,  242.56, 47.7, 5.25, 5.25, 5.27
6, 13997, 13,    11.21, 5,   coast,   15.40,  59632.00, 4253.36, 3283.17,  242.66, 47.7, 5.25, 5.25, 5.27
6, 13997, 13,    11.22, 5,   coast,   18.77,  59592.00, 4258.48, 3288.29,  242.80, 47.7, 5.25, 5.25, 5.27
6, 13997, 13,    11.23, 5,   coast,   22.15,  59601.00, 4257.33, 3287.14,  242.97, 47.7, 5.25, 5.25, 5.27
6, 13997, 13,    11.24, 5,   coast,   25.54,  59601.00, 4257.33, 3287.14,  243.18, 47.7, 5.24, 5.25, 5.27
6, 13997, 13,    11.25, 5,   coast,   28.93,  59673.00, 4248.12, 3277.93,  243.43, 47.7, 5.25, 5.25, 5.27
6, 13997, 13,    11.26, 5,   coast,   32.33,  59824.00, 4228.84, 3258.65,  243.71, 47.7, 5.25, 5.25, 5.27
6, 13997, 13,    11.27, 5,   coast,   35.73,  59903.00, 4218.77, 3248.58,  244.02, 47.7, 5.25, 5.25, 5.27
6, 13997, 13,    11.28, 5,   coast,   39.13,  59992.00, 4207.44, 3237.25,  244.37, 47.7, 5.25, 5.25, 5.27
6, 13997, 13,    11.29, 5,   coast,   42.54,  60082.00, 4196.00, 3225.81,  244.76, 47.7, 5.25, 5.25, 5.27
6, 13997, 13,    11.30, 5,   coast,   45.94,  60190.00, 4182.28, 3212.09,  245.19, 47.7, 5.25, 5.25, 5.27
6, 13997, 13,    11.31, 5,   coast,   49.34,  60286.00, 4170.10, 3199.91,  245.65, 47.7, 5.25, 5.25, 5.27
6, 13997, 13,    11.32, 5,   coast,   52.74,  60381.00, 4158.07, 3187.88,  246.14, 47.7, 5.25, 5.25, 5.27
6, 13997, 13,    11.33, 5,   coast,   56.13,  60481.00, 4145.42, 3175.23,  246.67, 47.7, 5.25, 5.25, 5.27
6, 13997, 13,    11.34, 5,   coast,   59.52,  60573.00, 4133.80, 3163.61,  247.24, 47.8, 5.25, 5.25, 5.27
6, 13997, 13,    11.35, 5,   coast,   62.90,  60573.00, 4133.80, 3163.61,  247.85, 47.8, 5.24, 5.25, 5.27
6, 13997, 13,    11.36, 5,   coast,   66.28,  60689.00, 4119.16, 3148.97,  248.49, 47.7, 5.25, 5.25, 5.27
6, 13997, 13,    11.37, 5,   coast,   69.64,  60837.00, 4100.52, 3130.33,  249.16, 47.7, 5.25, 5.25, 5.27
6, 13997, 13,    11.38, 5,   coast,   73.00,  60912.00, 4091.09, 3120.90,  249.87, 47.7, 5.25, 5.25, 5.27
6, 13997, 13,    11.39, 5,   coast,   76.34,  60985.00, 4081.92, 3111.73,  250.62, 47.7, 5.25, 5.25, 5.27
6, 13997, 13,    11.40, 5,   coast,   79.67,  61049.00, 4073.89, 3103.70,  251.41, 47.7, 5.25, 5.25, 5.27
6, 13997, 13,    11.41, 5,   coast,   82.98,  61122.00, 4064.73, 3094.54,  252.23, 47.7, 5.25, 5.25, 5.27
6, 13997, 13,    11.42, 5,   coast,   86.28,  61180.00, 4057.47, 3087.28,  253.08, 47.7, 5.25, 5.25, 5.27
6, 13997, 13,    11.43, 5,   coast,   89.56,  61228.00, 4051.46, 3081.27,  253.98, 47.7, 5.25, 5.25, 5.27
6, 13997, 13,    11.44, 5,   coast,   92.82,  61253.00, 4048.33, 3078.14,  254.90, 47.7, 5.25, 5.25, 5.27
6, 13997, 13,    11.45, 5,   coast,   96.06,  61289.00, 4043.82, 3073.63,  255.86, 47.8, 5.25, 5.25, 5.27
6, 13997, 13,    11.46, 5,   coast,   99.28,  61289.00, 4043.82, 3073.63,  256.86, 47.8, 5.24, 5.25, 5.27
6, 13997, 13,    11.47, 5,   coast,  102.48,  61311.00, 4041.07, 3070.88,  257.89, 47.7, 5.25, 5.25, 5.27
6, 13997, 13,    11.48, 5,   coast,  105.65,  61354.00, 4035.70, 3065.51,  258.95, 47.7, 5.25, 5.25, 5.27
6, 13997, 13,    11.49, 5,   coast,  108.80,  61379.00, 4032.58, 3062.38,  260.05, 47.7, 5.25, 5.25, 5.27
6, 13997, 13,    11.50, 5,   coast,  111.93,  61389.00, 4031.33, 3061.13,  261.18, 47.7, 5.25, 5.25, 5.27
6, 13997, 13,    11.51, 5,   coast,  115.02,  61410.00, 4028.70, 3058.51,  262.35, 47.7, 5.25, 5.25, 5.27
6, 13997, 13,    11.52, 5,   coast,  118.08,  61422.00, 4027.21, 3057.01,  263.55, 47.7, 5.25, 5.25, 5.27
6, 13997, 13,    11.53, 5,   coast,  121.12,  61423.00, 4027.08, 3056.89,  264.78, 47.7, 5.25, 5.25, 5.27
6, 13997, 13,    11.54, 5,   coast,  124.12,  61430.00, 4026.21, 3056.02,  266.04, 47.7, 5.25, 5.25, 5.27
6, 13997, 13,    11.55, 5,   coast,  127.09,  61436.00, 4025.46, 3055.27,  267.34, 47.7, 5.25, 5.25, 5.27
6, 13997, 13,    11.56, 5,   coast,  130.03,  61430.00, 4026.21, 3056.02,  268.66, 47.8, 5.25, 5.25, 5.27
6, 13997, 13,    11.57, 5,   coast,  132.93,  61430.00, 4026.21, 3056.02,  270.02, 47.8, 5.24, 5.25, 5.27
6, 13997, 13,    11.58, 5,   coast,  135.79,  61430.00, 4026.21, 3056.02,  271.41, 47.7, 5.25, 5.25, 5.27
6, 13997, 13,    11.59, 5,   coast,  138.62,  61409.00, 4028.83, 3058.64,  272.83, 47.7, 5.25, 5.25, 5.27
6, 13997, 13,    11.60, 5,   coast,  141.41,  61403.00, 4029.58, 3059.39,  274.28, 47.7, 5.25, 5.25, 5.27
6, 13997, 13,    11.61, 5,   coast,  144.16,  61394.00, 4030.70, 3060.51,  275.77, 47.7, 5.25, 5.25, 5.27
6, 13997, 13,    11.62, 5,   coast,  146.86,  61382.00, 4032.20, 3062.01,  277.28, 47.7, 5.25, 5.25, 5.27
6, 13997, 13,    11.63, 5,   coast,  149.52,  61371.00, 4033.57, 3063.38,  278.82, 47.7, 5.25, 5.25, 5.27
6, 13997, 13,    11.64, 5,   coast,  152.14,  61346.00, 4036.70, 3066.51,  280.39, 47.7, 5.25, 5.25, 5.27
6, 13997, 13,    11.65, 5,   coast,  154.72,  61348.00, 4036.45, 3066.26,  281.99, 47.7, 5.25, 5.25, 5.27
6, 13997, 13,    11.66, 5,   coast,  157.25,  61323.00, 4039.57, 3069.38,  283.62, 47.8, 5.25, 5.25, 5.27
6, 13997, 13,    11.67, 5,   coast,  159.73,  61314.00, 4040.70, 3070.51,  285.27, 47.8, 5.25, 5.25, 5.27
6, 13997, 13,    11.68, 5,   coast,  162.16,  61314.00, 4040.70, 3070.51,  286.95, 47.8, 5.24, 5.25, 5.27
6, 13997, 13,    11.69, 5,   coast,  164.54,  61293.00, 4043.32, 3073.13,  288.66, 47.7, 5.25, 5.25, 5.27
6, 13997, 13,    11.70, 5,   coast,  166.88,  61258.00, 4047.70, 3077.51,  290.39, 47.7, 5.25, 5.25, 5.27
6, 13997, 13,    11.71, 5,   coast,  169.16,  61239.00, 4050.08, 3079.89,  292.14, 47.7, 5.25, 5.25, 5.27
6, 13997, 13,    11.72, 5,   coast,  171.39,  61227.00, 4051.58, 3081.39,  293.92, 47.7, 5.25, 5.25, 5.27
6, 13997, 13,    11.73, 5,   coast,  173.57,  61207.00, 4054.09, 3083.89,  295.72, 47.7, 5.25, 5.25, 5.27
6, 13997, 13,    11.74, 5,   coast,  175.69,  61186.00, 4056.72, 3086.52,  297.55, 47.7, 5.25, 5.25, 5.27
6, 13997, 13,    11.75, 5,   coast,  177.76,  61170.00, 4058.72, 3088.53,  299.40, 47.7, 5.25, 5.25, 5.27
6, 13997, 13,    11.76, 5,   coast,  179.77,  61148.00, 4061.48, 3091.28,  301.27, 47.7, 5.25, 5.25, 5.27
6, 13997, 13,    11.77, 5,   coast,  181.73,  61145.00, 4061.85, 3091.66,  303.16, 47.8, 5.25, 5.25, 5.27
6, 13997, 13,    11.78, 5,   coast,  183.63,  61126.00, 4064.23, 3094.04,  305.07, 47.8, 5.25, 5.25, 5.27
6, 13997, 13,    11.79, 5,   coast,  185.47,  61126.00, 4064.23, 3094.04,  307.00, 47.8, 5.24, 5.25, 5.27
6, 13997, 13,    11.80, 5,   coast,  187.25,  61113.00, 4065.86, 3095.67,  308.96, 47.7, 5.25, 5.25, 5.27
6, 13997, 13,    11.81, 5,   coast,  188.97,  61088.00, 4069.00, 3098.80,  310.92, 47.7, 5.25, 5.25, 5.27
6, 13997, 13,    11.82, 5,   coast,  190.63,  61078.00, 4070.25, 3100.06,  312.91, 47.7, 5.25, 5.25, 5.27
6, 13997, 13,    11.83, 5,   coast,  192.23,  61058.00, 4072.76, 3102.57,  314.92, 47.7, 5.25, 5.25, 5.27
6, 13997, 13,    11.84, 5,   coast,  193.76,  61052.00, 4073.51, 3103.32,  316.95, 47.7, 5.25, 5.25, 5.27
6, 13997, 13,    11.85, 5,   coast,  195.24,  61040.00, 4075.02, 3104.83,  318.99, 47.7, 5.25, 5.25, 5.27
6, 13997, 13,    11.86, 5,   coast,  196.65,  61020.00, 4077.53, 3107.34,  321.05, 47.7, 5.25, 5.25, 5.27
6, 13997, 13,    11.87, 5,   coast,  197.99,  60999.00, 4080.16, 3109.97,  323.12, 47.7, 5.25, 5.25, 5.27
6, 13997, 13,    11.88, 5,   coast,  199.27,  60976.00, 4083.05, 3112.86,  325.21, 47.7, 5.25, 5.25, 5.27
6, 13997, 13,    11.89, 5,   coast,  200.49,  60952.00, 4086.07, 3115.87,  327.31, 47.8, 5.25, 5.25, 5.27
6, 13997, 13,    11.90, 5,   coast,  201.64,  60952.00, 4086.07, 3115.87,  329.43, 47.8, 5.24, 5.25, 5.27
6, 13997, 13,    11.91, 5,   coast,  202.72,  60912.00, 4091.09, 3120.90,  331.56, 47.7, 5.25, 5.25, 5.27
6, 13997, 13,    11.92, 5,   coast,  203.74,  60859.00, 4097.76, 3127.56,  333.70, 47.7, 5.25, 5.25, 5.27
6, 13997, 13,    11.93, 5,   coast,  204.69,  60824.00, 4102.16, 3131.97,  335.85, 47.7, 5.25, 5.25, 5.27
6, 13997, 13,    11.94, 5,   coast,  205.57,  60780.00, 4107.70, 3137.51,  338.01, 47.7, 5.25, 5.25, 5.27
6, 13997, 13,    11.95, 5,   coast,  206.38,  60745.00, 4112.11, 3141.91,  340.18, 47.7, 5.25, 5.25, 5.27
6, 13997, 13,    11.96, 5,   coast,  207.12,  60714.00, 4116.01, 3145.82,  342.36, 47.7, 5.25, 5.25, 5.27
6, 13997, 13,    11.97, 5,   coast,  207.80,  60676.00, 4120.80, 3150.61,  344.55, 47.7, 5.25, 5.25, 5.27
6, 13997, 13,    11.98, 5,   coast,  208.41,  60645.00, 4124.71, 3154.52,  346.75, 47.7, 5.25, 5.25, 5.27
6, 13997, 13,    11.99, 5,   coast,  208.94,  60616.00, 4128.37, 3158.18,  348.95, 47.8, 5.25, 5.25, 5.27
6, 13997, 13,    12.00, 5,   coast,  209.41,  60584.00, 4132.41, 3162.22,  351.16, 47.8, 5.25, 5.25, 5.27
6, 13997, 13,    12.01, 5,   coast,  209.81,  60584.00, 4132.41, 3162.22,  353.37, 47.8, 5.24, 5.25, 5.27
6, 13997, 13,    12.02, 5,   coast,  210.13,  60527.00, 4139.61, 3169.42,  355.59, 47.8, 5.25, 5.25, 5.27
6, 13997, 13,    12.03, 5,   coast,  210.39,  60481.00, 4145.42, 3175.23,  357.81, 47.7, 5.25, 5.25, 5.27
6, 13997, 13,    12.04, 5,   coast,  210.58,  60446.00, 4149.85, 3179.66,  360.03, 47.7, 5.25, 5.25, 5.27
6, 13997, 13,    12.05, 5,   coast,  210.69,  60426.00, 4152.38, 3182.19,  362.26, 47.7, 5.25, 5.25, 5.27
6, 13997, 13,    12.06, 5,   coast,  210.74,  60400.00, 4155.67, 3185.47,  364.49, 47.7, 5.25, 5.25, 5.27
6, 13997, 13,    12.07, 5,   coast,  210.71,  60375.00, 4158.83, 3188.64,  366.71, 47.7, 5.25, 5.25, 5.27
6, 13997, 13,    12.08, 5,   coast,  210.61,  60352.00, 4161.74, 3191.55,  368.94, 47.7, 5.25, 5.25, 5.27
6, 13997, 13,    12.09, 5,   coast,  210.45,  60325.00, 4165.16, 3194.97,  371.16, 47.8, 5.25, 5.25, 5.27
6, 13997, 13,    12.10, 5,   coast,  210.21,  60302.00, 4168.08, 3197.89,  373.38, 47.8, 5.25, 5.25, 5.27
6, 13997, 13,    12.11, 5,   coast,  209.90,  60271.00, 4172.01, 3201.81,  375.60, 47.8, 5.25, 5.25, 5.27
6, 13997, 13,    12.12, 5,   coast,  209.52,  60271.00, 4172.01, 3201.81,  377.82, 47.8, 5.24, 5.25, 5.27
6, 13997, 13,    12.13, 5,   coast,  209.07,  60243.00, 4175.56, 3205.36,  380.03, 47.8, 5.25, 5.25, 5.27
6, 13997, 13,    12.14, 5,   coast,  208.55,  60197.00, 4181.39, 3211.20,  382.23, 47.7, 5.25, 5.25, 5.27
6, 13997, 13,    12.15, 5,   coast,  207.97,  60173.00, 4184.44, 3214.25,  384.43, 47.7, 5.25, 5.25, 5.27
6, 13997, 13,    12.16, 5,   coast,  207.31,  60142.00, 4188.37, 3218.18,  386.63, 47.7, 5.25, 5.25, 5.27
6, 13997, 13,    12.17, 5,   coast,  206.58,  60112.00, 4192.18, 3221.99,  388.82, 47.7, 5.25, 5.25, 5.27
6, 13997, 13,    12.18, 5,   coast,  205.78,  60088.00, 4195.23, 3225.04,  391.00, 47.7, 5.25, 5.25, 5.27
6, 13997, 13,    12.19, 5,   coast,  204.92,  60071.00, 4197.39, 3227.20,  393.18, 47.7, 5.25, 5.25, 5.27
6, 13997, 13,    12.20, 5,   coast,  203.99,  60054.00, 4199.56, 3229.36,  395.34, 47.8, 5.25, 5.25, 5.27
6, 13997, 13,    12.21, 5,   coast,  202.99,  60037.00, 4201.72, 3231.53,  397.49, 47.8, 5.25, 5.25, 5.27
6, 13997, 13,    12.22, 5,   coast,  201.92,  60038.00, 4201.59, 3231.40,  399.64, 47.8, 5.25, 5.25, 5.27
6, 13997, 13,    12.23, 5,   coast,  200.78,  60038.00, 4201.59, 3231.40,  401.77, 47.8, 5.24, 5.25, 5.27
6, 13997, 13,    12.24, 5,   coast,  199.58,  60022.00, 4203.63, 3233.43,  403.89, 47.8, 5.25, 5.25, 5.27
6, 13997, 13,    12.25, 5,   coast,  198.32,  59999.00, 4206.55, 3236.36,  405.99, 47.7, 5.25, 5.25, 5.27
6, 13997, 13,    12.26, 5,   coast,  196.98,  59981.00, 4208.84, 3238.65,  408.09, 47.7, 5.25, 5.25, 5.27
6, 13997, 13,    12.27, 5,   coast,  195.59,  59964.00, 4211.01, 3240.81,  410.17, 47.7, 5.25, 5.25, 5.27
6, 13997, 13,    12.28, 5,   coast,  194.12,  59930.00, 4215.33, 3245.14,  412.23, 47.7, 5.25, 5.25, 5.27
6, 13997, 13,    12.29, 5,   coast,  192.60,  59897.00, 4219.54, 3249.35,  414.28, 47.8, 5.25, 5.25, 5.27
6, 13997, 13,    12.30, 5,   coast,  191.01,  59870.00, 4222.98, 3252.79,  416.32, 47.8, 5.25, 5.25, 5.27
6, 13997, 13,    12.31, 5,   coast,  189.36,  59823.00, 4228.97, 3258.78,  418.34, 47.8, 5.25, 5.25, 5.27
6, 13997, 13,    12.32, 5,   coast,  187.65,  59779.00, 4234.59, 3264.39,  420.33, 47.8, 5.25, 5.25, 5.27
6, 13997, 13,    12.33, 5,   coast,  185.88,  59721.00, 4241.99, 3271.80,  422.31, 47.8, 5.25, 5.25, 5.27
6, 13997, 13,    12.34, 5,   coast,  184.05,  59721.00, 4241.99, 3271.80,  424.27, 47.8, 5.24, 5.25, 5.27
6, 13997, 13,    12.35, 5,   coast,  182.16,  59646.00, 4251.57, 3281.38,  426.22, 47.8, 5.25, 5.25, 5.27
6, 13997, 13,    12.36, 5,   coast,  180.21,  59538.00, 4265.39, 3295.20,  428.13, 47.7, 5.25, 5.25, 5.27
6, 13997, 13,    12.37, 5,   coast,  178.20,  59482.00, 4272.56, 3302.37,  430.03, 47.7, 5.25, 5.25, 5.27
6, 13997, 13,    12.38, 5,   coast,  176.14,  59420.00, 4280.51, 3310.32,  431.91, 47.7, 5.25, 5.25, 5.27
6, 13997, 13,    12.39, 5,   coast,  174.02,  59349.00, 4289.62, 3319.43,  433.76, 47.7, 5.25, 5.25, 5.27
6, 13997, 13,    12.40, 5,   coast,  171.85,  59279.00, 4298.61, 3328.42,  435.60, 47.8, 5.25, 5.25, 5.27
6, 13997, 13,    12.41, 5,   coast,  169.62,  59213.00, 4307.10, 3336.90,  437.40, 47.8, 5.25, 5.25, 5.27
6, 13997, 13,    12.42, 5,   coast,  167.34,  59147.00, 4315.59, 3345.40,  439.19, 47.8, 5.25, 5.25, 5.27
6, 13997, 13,    12.43, 5,   coast,  165.01,  59082.00, 4323.96, 3353.77,  440.94, 47.8, 5.25, 5.25, 5.27
6, 13997, 13,    12.44, 5,   coast,  162.63,  59021.00, 4331.82, 3361.63,  442.68, 47.8, 5.25, 5.25, 5.27
6, 13997, 13,    12.45, 5,   coast,  160.20,  59021.00, 4331.82, 3361.63,  444.38, 47.8, 5.24, 5.25, 5.27
6, 13997, 13,    12.46, 5,   coast,  157.72,  58938.00, 4342.53, 3372.34,  446.06, 47.8, 5.25, 5.25, 5.27
6, 13997, 13,    12.47, 5,   coast,  155.19,  58815.00, 4358.42, 3388.23,  447.72, 47.7, 5.25, 5.25, 5.27
6, 13997, 13,    12.48, 5,   coast,  152.62,  58742.00, 4367.86, 3397.67,  449.34, 47.7, 5.25, 5.25, 5.27
6, 13997, 13,    12.49, 5,   coast,  150.00,  58679.00, 4376.02, 3405.83,  450.95, 47.7, 5.25, 5.25, 5.27
6, 13997, 13,    12.50, 5,   coast,  147.33,  58607.00, 4385.35, 3415.16,  452.52, 47.7, 5.25, 5.25, 5.27
6, 13997, 13,    12.51, 5,   coast,  144.63,  58536.00, 4394.57, 3424.37,  454.07, 47.8, 5.25, 5.25, 5.27
6, 13997, 13,    12.52, 5,   coast,  141.88,  58469.00, 4403.27, 3433.08,  455.58, 47.8, 5.25, 5.25, 5.27
6, 13997, 13,    12.53, 5,   coast,  139.09,  58397.00, 4412.63, 3442.44,  457.07, 47.8, 5.25, 5.25, 5.27
6, 13997, 13,    12.54, 5,   coast,  136.26,  58329.00, 4421.47, 3451.28,  458.53, 47.8, 5.25, 5.25, 5.27
6, 13997, 13,    12.55, 5,   coast,  133.39,  58257.00, 4430.85, 3460.66,  459.95, 47.8, 5.25, 5.25, 5.27
6, 13997, 13,    12.56, 5,   coast,  130.49,  58257.00, 4430.85, 3460.66,  461.35, 47.8, 5.24, 5.25, 5.27
6, 13997, 13,    12.57, 5,   coast,  127.55,  58159.00, 4443.63, 3473.44,  462.72, 47.8, 5.25, 5.25, 5.27
6, 13997, 13,    12.58, 5,   coast,  124.57,  58018.00, 4462.05, 3491.86,  464.05, 47.7, 5.25, 5.25, 5.27
6, 13997, 13,    12.59, 5,   coast,  121.56,  57942.00, 4471.99, 3501.80,  465.35, 47.7, 5.25, 5.25, 5.27
6, 13997, 13,    12.60, 5,   coast,  118.52,  57860.00, 4482.73, 3512.54,  466.63, 47.7, 5.25, 5.25, 5.27
6, 13997, 13,    12.61, 5,   coast,  115.45,  57776.00, 4493.74, 3523.55,  467.86, 47.7, 5.25, 5.25, 5.27
6, 13997, 13,    12.62, 5,   coast,  112.35,  57693.00, 4504.64, 3534.45,  469.07, 47.8, 5.25, 5.25, 5.27
6, 13997, 13,    12.63, 5,   coast,  109.22,  57613.00, 4515.15, 3544.96,  470.24, 47.8, 5.25, 5.25, 5.27
6, 13997, 13,    12.64, 5,   coast,  106.07,  57537.00, 4525.15, 3554.96,  471.38, 47.8, 5.25, 5.25, 5.27
6, 13997, 13,    12.65, 5,   coast,  102.89,  57452.00, 4536.34, 3566.15,  472.48, 47.8, 5.25, 5.25, 5.27
6, 13997, 13,    12.66, 5,   coast,   99.68,  57371.00, 4547.02, 3576.83,  473.55, 47.8, 5.25, 5.25, 5.27
6, 13997, 13,    12.67, 5,   coast,   96.45,  57371.00, 4547.02, 3576.83,  474.59, 47.8, 5.24, 5.25, 5.27
6, 13997, 13,    12.68, 5,   coast,   93.21,  57268.00, 4560.62, 3590.43,  475.59, 47.8, 5.25, 5.25, 5.27
6, 13997, 13,    12.69, 5,   coast,   89.94,  57124.00, 4579.67, 3609.48,  476.55, 47.7, 5.25, 5.25, 5.27
6, 13997, 13,    12.70, 5,   coast,   86.65,  57050.00, 4589.47, 3619.28,  477.48, 47.7, 5.25, 5.25, 5.27
6, 13997, 13,    12.71, 5,   coast,   83.35,  56984.00, 4598.22, 3628.03,  478.38, 47.7, 5.25, 5.25, 5.27
6, 13997, 13,    12.72, 5,   coast,   80.03,  56914.00, 4607.52, 3637.32,  479.24, 47.7, 5.25, 5.25, 5.27
6, 13997, 13,    12.73, 5,   coast,   76.69,  56852.00, 4615.75, 3645.56,  480.06, 47.8, 5.25, 5.25, 5.27
6, 13997, 13,    12.74, 5,   coast,   73.35,  56791.00, 4623.86, 3653.67,  480.85, 47.8, 5.25, 5.25, 5.27
6, 13997, 13,    12.75, 5,   coast,   69.99,  56729.00, 4632.11, 3661.92,  481.60, 47.8, 5.25, 5.25, 5.27
6, 13997, 13,    12.76, 5,   coast,   66.62,  56672.00, 4639.71, 3669.52,  482.32, 47.8, 5.25, 5.25, 5.27
6, 13997, 13,    12.77, 5,   coast,   63.24,  56615.00, 4647.31, 3677.11,  483.00, 47.8, 5.25, 5.25, 5.27
6, 13997, 13,    12.78, 5,   coast,   59.86,  56615.00, 4647.31, 3677.11,  483.64, 47.8, 5.24, 5.25, 5.27
6, 13997, 13,    12.79, 5,   coast,   56.46,  56545.00, 4656.65, 3686.45,  484.25, 47.8, 5.25, 5.25, 5.27
6, 13997, 13,    12.80, 5,   coast,   53.06,  56450.00, 4669.34, 3699.15,  484.82, 47.7, 5.25, 5.25, 5.27
6, 13997, 13,    12.81, 5,   coast,   49.66,  56401.00, 4675.89, 3705.70,  485.35, 47.7, 5.25, 5.25, 5.27
6, 13997, 13,    12.82, 5,   coast,   46.25,  56353.00, 4682.31, 3712.12,  485.85, 47.7, 5.25, 5.25, 5.27
6, 13997, 13,    12.83, 5,   coast,   42.84,  56299.00, 4689.54, 3719.35,  486.32, 47.8, 5.25, 5.25, 5.27
6, 13997, 13,    12.84, 5,   coast,   39.43,  56254.00, 4695.57, 3725.38,  486.74, 47.8, 5.25, 5.25, 5.27
6, 13997, 13,    12.85, 5,   coast,   36.02,  56205.00, 4702.15, 3731.95,  487.13, 47.8, 5.25, 5.25, 5.27
6, 13997, 13,    12.86, 5,   coast,   32.61,  56156.00, 4708.72, 3738.53,  487.49, 47.8, 5.25, 5.25, 5.27
6, 13997, 13,    12.87, 5,   coast,   29.20,  56100.00, 4716.24, 3746.05,  487.80, 47.8, 5.25, 5.25, 5.27
6, 13997, 13,    12.88, 5,   coast,   25.80,  56051.00, 4722.83, 3752.64,  488.09, 47.8, 5.25, 5.25, 5.27
6, 13997, 13,    12.89, 5,   coast,   22.39,  56051.00, 4722.83, 3752.64,  488.33, 47.8, 5.24, 5.25, 5.27
6, 13997, 13,    12.90, 5,   coast,   18.99,  55987.00, 4731.44, 3761.24,  488.54, 47.8, 5.25, 5.25, 5.27
6, 13997, 13,    12.91, 5,   coast,   15.59,  55891.00, 4744.36, 3774.17,  488.71, 47.7, 5.25, 5.25, 5.27
6, 13997, 13,    12.92, 5,   coast,   12.20,  55847.00, 4750.30, 3780.10,  488.85, 47.7, 5.25, 5.25, 5.27
6, 13997, 13,    12.93, 5,   coast,    8.81,  55793.00, 4757.58, 3787.39,  488.95, 47.7, 5.25, 5.25, 5.27
6, 13997, 13,    12.94, 5,   coast,    5.43,  55743.00, 4764.33, 3794.14,  489.02, 47.7, 5.25, 5.25, 5.27
6, 13997, 13,    12.95, 5,   coast,    2.06,  55684.00, 4772.30, 3802.11,  489.05, 47.8, 5.25, 5.25, 5.27
6, 13997, 13,    12.96, 5,   coast,   -1.31,  55632.00, 4779.33, 3809.14,  489.04, 47.8, 5.25, 5.25, 5.27
6, 13997, 13,    12.97, 5,   coast,   -4.66,  55582.00, 4786.10, 3815.91,  489.00, 47.8, 5.25, 5.25, 5.27
6, 13997, 13,    12.98, 5,   coast,   -8.01,  55533.00, 4792.73, 3822.54,  488.93, 47.8, 5.25, 5.25, 5.27
6, 13997, 13,    12.99, 5,   coast,  -11.35,  55489.00, 4798.70, 3828.50,  488.82, 47.8, 5.25, 5.25, 5.27
6, 13997, 13,    13.00, 5,   coast,  -14.68,  55489.00, 4798.70, 3828.50,  488.67, 47.8, 5.24, 5.25, 5.27
6, 13997, 13,    13.01, 5,   coast,  -18.01,  55434.00, 4806.15, 3835.96,  488.49, 47.8, 5.25, 5.25, 5.27
6, 13997, 13,    13.02, 5,   coast,  -21.32,  55366.00, 4815.38, 3845.19,  488.28, 47.7, 5.25, 5.25, 5.27
6, 13997, 13,    13.03, 5,   coast,  -24.62,  55326.00, 4820.82, 3850.62,  488.03, 47.7, 5.25, 5.25, 5.27
6, 13997, 13,    13.04, 5,   coast,  -27.90,  55296.00, 4824.89, 3854.70,  487.75, 47.7, 5.25, 5.25, 5.27
6, 13997, 13,    13.05, 5,   coast,  -31.18,  55271.00, 4828.29, 3858.10,  487.44, 47.7, 5.25, 5.25, 5.27
6, 13997, 13,    13.06, 5,   coast,  -34.44,  55235.00, 4833.19, 3863.00,  487.10, 47.8, 5.25, 5.25, 5.27
6, 13997, 13,    13.07, 5,   coast,  -37.69,  55205.00, 4837.27, 3867.08,  486.73, 47.8, 5.25, 5.25, 5.27
6, 13997, 13,    13.08, 5,   coast,  -40.93,  55173.00, 4841.63, 3871.44,  486.32, 47.8, 5.25, 5.25, 5.27
6, 13997, 13,    13.09, 5,   coast,  -44.15,  55149.00, 4844.90, 3874.71,  485.88, 47.8, 5.25, 5.25, 5.27
6, 13997, 13,    13.10, 5,   coast,  -47.36,  55123.00, 4848.44, 3878.25,  485.41, 47.8, 5.25, 5.25, 5.27
6, 13997, 13,    13.11, 5,   coast,  -50.55,  55123.00, 4848.44, 3878.25,  484.92, 47.8, 5.24, 5.25, 5.27
6, 13997, 13,    13.12, 5,   coast,  -53.73,  55075.00, 4854.98, 3884.79,  484.39, 47.8, 5.25, 5.25, 5.27
6, 13997, 13,    13.13, 5,   coast,  -56.89,  55017.00, 4862.90, 3892.70,  483.83, 47.7, 5.25, 5.25, 5.27
6, 13997, 13,    13.14, 5,   coast,  -60.03,  54985.00, 4867.27, 3897.07,  483.24, 47.7, 5.25, 5.25, 5.27
6, 13997, 13,    13.15, 5,   coast,  -63.15,  54949.00, 4872.18, 3901.99,  482.62, 47.7, 5.25, 5.25, 5.27
6, 13997, 13,    13.16, 5,   coast,  -66.26,  54919.00, 4876.28, 3906.09,  481.97, 47.7, 5.25, 5.25, 5.27
6, 13997, 13,    13.17, 5,   coast,  -69.35,  54890.00, 4880.25, 3910.06,  481.30, 47.7, 5.25, 5.25, 5.27
6, 13997, 13,    13.18, 5,   coast,  -72.41,  54854.00, 4885.17, 3914.98,  480.60, 47.8, 5.25, 5.25, 5.27
6, 13997, 13,    13.19, 5,   coast,  -75.46,  54825.00, 4889.14, 3918.95,  479.87, 47.8, 5.25, 5.25, 5.27
6, 13997, 13,    13.20, 5,   coast,  -78.48,  54795.00, 4893.25, 3923.06,  479.12, 47.8, 5.25, 5.25, 5.27
6, 13997, 13,    13.21, 5,   coast,  -81.48,  54760.00, 4898.04, 3927.85,  478.33, 47.8, 5.25, 5.25, 5.27
6, 13997, 13,    13.22, 5,   coast,  -84.46,  54760.00, 4898.04, 3927.85,  477.52, 47.8, 5.24, 5.25, 5.27
6, 13997, 13,    13.23, 5,   coast,  -87.41,  54713.00, 4904.48, 3934.29,  476.68, 47.8, 5.25, 5.25, 5.27
6, 13997, 13,    13.24, 5,   coast,  -90.33,  54667.00, 4910.79, 3940.60,  475.80, 47.7, 5.25, 5.25, 5.27
6, 13997, 13,    13.25, 5,   coast,  -93.23,  54631.00, 4915.73, 3945.54,  474.90, 47.7, 5.25, 5.25, 5.27
6, 13997, 13,    13.26, 5,   coast,  -96.10,  54604.00, 4919.44, 3949.25,  473.95, 47.7, 5.25, 5.25, 5.27
6, 13997, 13,    13.27, 5,   coast,  -98.94,  54569.00, 4924.25, 3954.06,  472.97, 47.7, 5.25, 5.25, 5.27
6, 13997, 13,    13.28, 5,   coast, -101.75,  54549.00, 4926.99, 3956.80,  471.96, 47.7, 5.25, 5.25, 5.27
6, 13997, 13,    13.29, 5,   coast, -104.52,  54518.00, 4931.26, 3961.06,  470.91, 47.8, 5.25, 5.25, 5.27
6, 13997, 13,    13.30, 5,   coast, -107.27,  54492.00, 4934.83, 3964.64,  469.84, 47.8, 5.25, 5.25, 5.27
6, 13997, 13,    13.31, 5,   coast, -109.98,  54459.00, 4939.37, 3969.18,  468.72, 47.8, 5.25, 5.25, 5.27
6, 13997, 13,    13.32, 5,   coast, -112.65,  54434.00, 4942.81, 3972.62,  467.58, 47.8, 5.25, 5.25, 5.27
6, 13997, 13,    13.33, 5,   coast, -115.29,  54434.00, 4942.81, 3972.62,  466.40, 47.8, 5.24, 5.25, 5.27
6, 13997, 13,    13.34, 5,   coast, -117.89,  54397.00, 4947.91, 3977.72,  465.18, 47.8, 5.25, 5.25, 5.27
6, 13997, 13,    13.35, 5,   coast, -120.45,  54353.00, 4953.97, 3983.78,  463.94, 47.7, 5.25, 5.25, 5.27
6, 13997, 13,    13.36, 5,   coast, -122.98,  54324.00, 4957.97, 3987.78,  462.66, 47.7, 5.25, 5.25, 5.27
6, 13997, 13,    13.37, 5,   coast, -125.46,  54297.00, 4961.69, 3991.50,  461.34, 47.7, 5.25, 5.25, 5.27
6, 13997, 13,    13.38, 5,   coast, -127.90,  54263.00, 4966.39, 3996.19,  459.99, 47.7, 5.25, 5.25, 5.27
6, 13997, 13,    13.39, 5,   coast, -130.29,  54239.00, 4969.70, 3999.51,  458.62, 47.7, 5.25, 5.25, 5.27
6, 13997, 13,    13.40, 5,   coast, -132.64,  54209.00, 4973.84, 4003.65,  457.21, 47.7, 5.25, 5.25, 5.27
6, 13997, 13,    13.41, 5,   coast, -134.95,  54184.00, 4977.30, 4007.10,  455.78, 47.8, 5.25, 5.25, 5.27
6, 13997, 13,    13.42, 5,   coast, -137.20,  54160.00, 4980.61, 4010.42,  454.32, 47.8, 5.25, 5.25, 5.27
6, 13997, 13,    13.43, 5,   coast, -139.42,  54128.00, 4985.04, 4014.85,  452.83, 47.8, 5.25, 5.25, 5.27
6, 13997, 13,    13.44, 5,   coast, -141.58,  54128.00, 4985.04, 4014.85,  451.33, 47.8, 5.24, 5.25, 5.27
6, 13997, 13,    13.45, 5,   coast, -143.69,  54096.00, 4989.46, 4019.27,  449.80, 47.8, 5.25, 5.25, 5.27
6, 13997, 13,    13.46, 5,   coast, -145.76,  54046.00, 4996.39, 4026.19,  448.25, 47.7, 5.25, 5.25, 5.27
6, 13997, 13,    13.47, 5,   coast, -147.77,  54025.00, 4999.29, 4029.10,  446.68, 47.7, 5.25, 5.25, 5.27
6, 13997, 13,    13.48, 5,   coast, -149.74,  53994.00, 5003.59, 4033.40,  445.09, 47.7, 5.25, 5.25, 5.27
6, 13997, 13,    13.49, 5,   coast, -151.65,  53965.00, 5007.61, 4037.42,  443.48, 47.7, 5.25, 5.25, 5.27
6, 13997, 13,    13.50, 5,   coast, -153.51,  53947.00, 5010.10, 4039.91,  441.86, 47.7, 5.25, 5.25, 5.27
6, 13997, 13,    13.51, 5,   coast, -155.31,  53915.00, 5014.54, 4044.35,  440.21, 47.7, 5.25, 5.25, 5.27
6, 13997, 13,    13.52, 5,   coast, -157.07,  53889.00, 5018.15, 4047.96,  438.55, 47.8, 5.25, 5.25, 5.27
6, 13997, 13,    13.53, 5,   coast, -158.77,  53864.00, 5021.62, 4051.43,  436.87, 47.8, 5.25, 5.25, 5.27
6, 13997, 13,    13.54, 5,   coast, -160.42,  53836.00, 5025.51, 4055.32,  435.18, 47.8, 5.25, 5.25, 5.27
6, 13997, 13,    13.55, 5,   coast, -162.01,  53836.00, 5025.51, 4055.32,  433.47, 47.8, 5.24, 5.25, 5.27
6, 13997, 13,    13.56, 5,   coast, -163.55,  53805.00, 5029.82, 4059.63,  431.75, 47.7, 5.25, 5.25, 5.27
6, 13997, 13,    13.57, 5,   coast, -165.04,  53765.00, 5035.38, 4065.19,  430.01, 47.7, 5.25, 5.25, 5.27
6, 13997, 13,    13.58, 5,   coast, -166.47,  53735.00, 5039.55, 4069.36,  428.26, 47.7, 5.25, 5.25, 5.27
6, 13997, 13,    13.59, 5,   coast, -167.86,  53708.00, 5043.31, 4073.12,  426.49, 47.7, 5.25, 5.25, 5.27
6, 13997, 13,    13.60, 5,   coast, -169.19,  53684.00, 5046.65, 4076.46,  424.72, 47.7, 5.25, 5.25, 5.27
6, 13997, 13,    13.61, 5,   coast, -170.46,  53651.00, 5051.24, 4081.05,  422.94, 47.7, 5.25, 5.25, 5.27
6, 13997, 13,    13.62, 5,   coast, -171.69,  53633.00, 5053.75, 4083.56,  421.14, 47.7, 5.25, 5.25, 5.27
6, 13997, 13,    13.63, 5,   coast, -172.86,  53611.00, 5056.82, 4086.63,  419.34, 47.7, 5.25, 5.25, 5.27
6, 13997, 13,    13.64, 5,   coast, -173.98,  53578.00, 5061.42, 4091.23,  417.52, 47.7, 5.25, 5.25, 5.27
6, 13997, 13,    13.65, 5,   coast, -175.06,  53556.00, 5064.49, 4094.30,  415.70, 47.7, 5.25, 5.25, 5.27
6, 13997, 13,    13.66, 5,   coast, -176.08,  53556.00, 5064.49, 4094.30,  413.87, 47.7, 5.24, 5.25, 5.27
6, 13997, 13,    13.67, 5,   coast, -177.05,  53523.00, 5069.09, 4098.90,  412.03, 47.7, 5.25, 5.25, 5.27
6, 13997, 13,    13.68, 5,   coast, -177.98,  53485.00, 5074.40, 4104.21,  410.18, 47.7, 5.25, 5.25, 5.27
6, 13997, 13,    13.69, 5,   coast, -178.86,  53466.00, 5077.05, 4106.86,  408.33, 47.7, 5.25, 5.25, 5.27
6, 13997, 13,    13.70, 5,   coast, -179.69,  53444.00, 5080.12, 4109.93,  406.47, 47.7, 5.25, 5.25, 5.27
6, 13997, 13,    13.71, 5,   coast, -180.47,  53421.00, 5083.34, 4113.15,  404.61, 47.7, 5.25, 5.25, 5.27
6, 13997, 13,    13.72, 5,   coast, -181.21,  53403.00, 5085.86, 4115.66,  402.74, 47.7, 5.25, 5.25, 5.27
6, 13997, 13,    13.73, 5,   coast, -181.91,  53381.00, 5088.93, 4118.74,  400.86, 47.7, 5.25, 5.25, 5.27
6, 13997, 13,    13.74, 5,   coast, -182.56,  53358.00, 5092.15, 4121.96,  398.98, 47.7, 5.25, 5.25, 5.27
6, 13997, 13,    13.75, 5,   coast, -183.17,  53335.00, 5095.37, 4125.18,  397.10, 47.7, 5.25, 5.25, 5.27
6, 13997, 13,    13.76, 5,   coast, -183.74,  53318.00, 5097.75, 4127.56,  395.21, 47.7, 5.25, 5.25, 5.27
6, 13997, 13,    13.77, 5,   coast, -184.26,  53318.00, 5097.75, 4127.56,  393.31, 47.7, 5.24, 5.25, 5.27
6, 13997, 13,    13.78, 5,   coast, -184.75,  53284.00, 5102.51, 4132.32,  391.41, 47.7, 5.25, 5.25, 5.27
6, 13997, 13,    13.79, 5,   coast, -185.19,  53246.00, 5107.83, 4137.64,  389.51, 47.7, 5.25, 5.25, 5.27
6, 13997, 13,    13.80, 5,   coast, -185.60,  53227.00, 5110.50, 4140.31,  387.60, 47.7, 5.25, 5.25, 5.27
6, 13997, 13,    13.81, 5,   coast, -185.97,  53205.00, 5113.58, 4143.39,  385.69, 47.7, 5.25, 5.25, 5.27
6, 13997, 13,    13.82, 5,   coast, -186.29,  53171.00, 5118.35, 4148.16,  383.78, 47.7, 5.25, 5.25, 5.27
6, 13997, 13,    13.83, 5,   coast, -186.58,  53146.00, 5121.86, 4151.67,  381.87, 47.7, 5.25, 5.25, 5.27
6, 13997, 13,    13.84, 5,   coast, -186.83,  53120.00, 5125.51, 4155.32,  379.95, 47.7, 5.25, 5.25, 5.27
6, 13997, 13,    13.85, 5,   coast, -187.04,  53094.00, 5129.16, 4158.97,  378.03, 47.7, 5.25, 5.25, 5.27
6, 13997, 13,    13.86, 5,   coast, -187.22,  53071.00, 5132.39, 4162.20,  376.11, 47.7, 5.25, 5.25, 5.27
6, 13997, 13,    13.87, 5,   coast, -187.35,  53043.00, 5136.33, 4166.14,  374.18, 47.7, 5.25, 5.25, 5.27
6, 13997, 13,    13.88, 5,   coast, -187.45,  53043.00, 5136.33, 4166.14,  372.26, 47.7, 5.24, 5.25, 5.27
6, 13997, 13,    13.89, 5,   coast, -187.52,  53009.00, 5141.11, 4170.92,  370.34, 47.7, 5.25, 5.25, 5.27
6, 13997, 13,    13.90, 5,   coast, -187.54,  52966.00, 5147.16, 4176.97,  368.41, 47.7, 5.25, 5.25, 5.27
6, 13997, 13,    13.91, 5,   coast, -187.53,  52936.00, 5151.38, 4181.19,  366.49, 47.7, 5.25, 5.25, 5.27
6, 13997, 13,    13.92, 5,   coast, -187.48,  52908.00, 5155.33, 4185.14,  364.57, 47.7, 5.25, 5.25, 5.27
6, 13997, 13,    13.93, 5,   coast, -187.39,  52886.00, 5158.43, 4188.24,  362.65, 47.7, 5.25, 5.25, 5.27
6, 13997, 13,    13.94, 5,   coast, -187.26,  52862.00, 5161.81, 4191.62,  360.73, 47.7, 5.25, 5.25, 5.27
6, 13997, 13,    13.95, 5,   coast, -187.10,  52841.00, 5164.77, 4194.58,  358.81, 47.7, 5.25, 5.25, 5.27
6, 13997, 13,    13.96, 5,   coast, -186.89,  52820.00, 5167.73, 4197.54,  356.89, 47.7, 5.25, 5.25, 5.27
6, 13997, 13,    13.97, 5,   coast, -186.65,  52796.00, 5171.12, 4200.93,  354.98, 47.7, 5.25, 5.25, 5.27
6, 13997, 13,    13.98, 5,   coast, -186.36,  52777.00, 5173.80, 4203.61,  353.07, 47.7, 5.25, 5.25, 5.27
6, 13997, 13,    13.99, 5,   coast, -186.04,  52777.00, 5173.80, 4203.61,  351.15, 47.7, 5.24, 5.25, 5.27
6, 13997, 13,    14.00, 5,   coast, -185.67,  52744.00, 5178.46, 4208.27,  349.25, 47.7, 5.25, 5.25, 5.27
6, 13997, 13,    14.01, 5,   coast, -185.26,  52713.00, 5182.84, 4212.65,  347.34, 47.7, 5.25, 5.25, 5.27
6, 13997, 13,    14.02, 5,   coast, -184.82,  52688.00, 5186.37, 4216.18,  345.43, 47.7, 5.25, 5.25, 5.27
6, 13997, 13,    14.03, 5,   coast, -184.33,  52670.00, 5188.92, 4218.73,  343.53, 47.7, 5.25, 5.25, 5.27
6, 13997, 13,    14.04, 5,   coast, -183.79,  52652.00, 5191.46, 4221.27,  341.63, 47.7, 5.25, 5.25, 5.27
6, 13997, 13,    14.05, 5,   coast, -183.22,  52631.00, 5194.43, 4224.24,  339.74, 47.7, 5.25, 5.25, 5.27
6, 13997, 13,    14.06, 5,   coast, -182.60,  52616.00, 5196.56, 4226.37,  337.84, 47.7, 5.25, 5.25, 5.27
6, 13997, 13,    14.07, 5,   coast, -181.94,  52600.00, 5198.82, 4228.63,  335.95, 47.7, 5.25, 5.25, 5.27
6, 13997, 13,    14.08, 5,   coast, -181.23,  52578.00, 5201.94, 4231.74,  334.06, 47.7, 5.25, 5.25, 5.27
6, 13997, 13,    14.09, 5,   coast, -180.48,  52564.00, 5203.92, 4233.73,  332.18, 47.7, 5.25, 5.25, 5.27
6, 13997, 13,    14.10, 5,   coast, -179.69,  52564.00, 5203.92, 4233.73,  330.30, 47.7, 5.24, 5.25, 5.27
6, 13997, 13,    14.11, 5,   coast, -178.84,  52543.00, 5206.89, 4236.70,  328.42, 47.7, 5.25, 5.25, 5.27
6, 13997, 13,    14.12, 5,   coast, -177.96,  52510.00, 5211.57, 4241.38,  326.55, 47.7, 5.25, 5.25, 5.27
6, 13997, 13,    14.13, 5,   coast, -177.03,  52486.00, 5214.97, 4244.78,  324.68, 47.7, 5.25, 5.25, 5.27
6, 13997, 13,    14.14, 5,   coast, -176.05,  52464.00, 5218.09, 4247.90,  322.81, 47.7, 5.25, 5.25, 5.27
6, 13997, 13,    14.15, 5,   coast, -175.03,  52438.00, 5221.78, 4251.59,  320.96, 47.7, 5.25, 5.25, 5.27
6, 13997, 13,    14.16, 5,   coast, -173.96,  52418.00, 5224.62, 4254.43,  319.10, 47.7, 5.25, 5.25, 5.27
6, 13997, 13,    14.17, 5,   coast, -172.84,  52386.00, 5229.16, 4258.97,  317.25, 47.7, 5.25, 5.25, 5.27
6, 13997, 13,    14.18, 5,   coast, -171.68,  52365.00, 5232.15, 4261.95,  315.41, 47.7, 5.25, 5.25, 5.27
6, 13997, 13,    14.19, 5,   coast, -170.47,  52339.00, 5235.84, 4265.65,  313.57, 47.7, 5.25, 5.25, 5.27
6, 13997, 13,    14.20, 5,   coast, -169.22,  52313.00, 5239.54, 4269.34,  311.75, 47.7, 5.25, 5.25, 5.27
6, 13997, 13,    14.21, 5,   coast, -167.92,  52313.00, 5239.54, 4269.34,  309.94, 47.7, 5.24, 5.25, 5.27
6, 13997, 13,    14.22, 5,   coast, -166.58,  52280.00, 5244.23, 4274.04,  308.14, 47.7, 5.25, 5.25, 5.27
6, 13997, 13,    14.23, 5,   coast, -165.19,  52240.00, 5249.92, 4279.73,  306.37, 47.7, 5.25, 5.25, 5.27
6, 13997, 13,    14.24, 5,   coast, -163.76,  52219.00, 5252.91, 4282.72,  304.61, 47.7, 5.25, 5.25, 5.27
6, 13997, 13,    14.25, 5,   coast, -162.29,  52190.00, 5257.04, 4286.85,  302.87, 47.7, 5.25, 5.25, 5.27
6, 13997, 13,    14.26, 5,   coast, -160.77,  52160.00, 5261.31, 4291.12,  301.16, 47.7, 5.25, 5.25, 5.27
6, 13997, 13,    14.27, 5,   coast, -159.21,  52136.00, 5264.74, 4294.54,  299.46, 47.7, 5.25, 5.25, 5.27
6, 13997, 13,    14.28, 5,   coast, -157.61,  52118.00, 5267.30, 4297.11,  297.79, 47.7, 5.25, 5.25, 5.27
6, 13997, 13,    14.29, 5,   coast, -155.96,  52091.00, 5271.15, 4300.96,  296.13, 47.7, 5.25, 5.25, 5.27
6, 13997, 13,    14.30, 5,   coast, -154.28,  52071.00, 5274.01, 4303.82,  294.49, 47.7, 5.25, 5.25, 5.27
6, 13997, 13,    14.31, 5,   coast, -152.56,  52051.00, 5276.86, 4306.67,  292.88, 47.7, 5.25, 5.25, 5.27
6, 13997, 13,    14.32, 5,   coast, -150.80,  52051.00, 5276.86, 4306.67,  291.29, 47.7, 5.24, 5.25, 5.27
6, 13997, 13,    14.33, 5,   coast, -149.00,  52028.00, 5280.15, 4309.95,  289.72, 47.7, 5.25, 5.25, 5.27
6, 13997, 13,    14.34, 5,   coast, -147.16,  51999.00, 5284.29, 4314.10,  288.18, 47.7, 5.25, 5.25, 5.27
6, 13997, 13,    14.35, 5,   coast, -145.29,  51985.00, 5286.29, 4316.10,  286.65, 47.7, 5.25, 5.25, 5.27
6, 13997, 13,    14.36, 5,   coast, -143.39,  51962.00, 5289.58, 4319.38,  285.16, 47.7, 5.25, 5.25, 5.27
6, 13997, 13,    14.37, 5,   coast, -141.45,  51951.00, 5291.15, 4320.96,  283.68, 47.7, 5.25, 5.25, 5.27
6, 13997, 13,    14.38, 5,   coast, -139.47,  51937.00, 5293.15, 4322.96,  282.23, 47.7, 5.25, 5.25, 5.27
6, 13997, 13,    14.39, 5,   coast, -137.47,  51928.00, 5294.44, 4324.25,  280.80, 47.7, 5.25, 5.25, 5.27
6, 13997, 13,    14.40, 5,   coast, -135.44,  51903.00, 5298.01, 4327.82,  279.39, 47.7, 5.25, 5.25, 5.27
6, 13997, 13,    14.41, 5,   coast, -133.38,  51892.00, 5299.59, 4329.40,  278.01, 47.7, 5.25, 5.25, 5.27
6, 13997, 13,    14.42, 5,   coast, -131.29,  51872.00, 5302.45, 4332.26,  276.64, 47.7, 5.25, 5.25, 5.27
6, 13997, 13,    14.43, 5,   coast, -129.17,  51872.00, 5302.45, 4332.26,  275.30, 47.7, 5.24, 5.25, 5.27
6, 13997, 13,    14.44, 5,   coast, -127.03,  51845.00, 5306.32, 4336.12,  273.98, 47.7, 5.25, 5.25, 5.27
6, 13997, 13,    14.45, 5,   coast, -124.86,  51810.00, 5311.33, 4341.14,  272.68, 47.7, 5.25, 5.25, 5.27
6, 13997, 13,    14.46, 5,   coast, -122.67,  51792.00, 5313.91, 4343.72,  271.41, 47.7, 5.25, 5.25, 5.27
6, 13997, 13,    14.47, 5,   coast, -120.45,  51768.00, 5317.35, 4347.16,  270.16, 47.7, 5.25, 5.25, 5.27
6, 13997, 13,    14.48, 5,   coast, -118.22,  51734.00, 5322.23, 4352.03,  268.93, 47.7, 5.25, 5.25, 5.27
6, 13997, 13,    14.49, 5,   coast, -115.96,  51714.00, 5325.10, 4354.90,  267.73, 47.7, 5.25, 5.25, 5.27
6, 13997, 13,    14.50, 5,   coast, -113.69,  51686.00, 5329.12, 4358.92,  266.55, 47.7, 5.25, 5.25, 5.27
6, 13997, 13,    14.51, 5,   coast, -111.39,  51665.00, 5332.13, 4361.94,  265.39, 47.7, 5.25, 5.25, 5.27
6, 13997, 13,    14.52, 5,   coast, -109.08,  51633.00, 5336.73, 4366.54,  264.25, 47.7, 5.25, 5.25, 5.27
6, 13997, 13,    14.53, 5,   coast, -106.76,  51612.00, 5339.75, 4369.55,  263.14, 47.7, 5.25, 5.25, 5.27
6, 13997, 13,    14.54, 5,   coast, -104.41,  51612.00, 5339.75, 4369.55,  262.06, 47.7, 5.24, 5.25, 5.27
6, 13997, 13,    14.55, 5,   coast, -102.06,  51581.00, 5344.20, 4374.01,  260.99, 47.7, 5.25, 5.25, 5.27
6, 13997, 13,    14.56, 5,   coast,  -99.68,  51543.00, 5349.67, 4379.48,  259.95, 47.7, 5.25, 5.25, 5.27
6, 13997, 13,    14.57, 5,   coast,  -97.30,  51521.00, 5352.84, 4382.64,  258.93, 47.7, 5.25, 5.25, 5.27
6, 13997, 13,    14.58, 5,   coast,  -94.90,  51492.00, 5357.01, 4386.82,  257.94, 47.7, 5.25, 5.25, 5.27
6, 13997, 13,    14.59, 5,   coast,  -92.50,  51478.00, 5359.03, 4388.84,  256.98, 47.7, 5.25, 5.25, 5.27
6, 13997, 13,    14.60, 5,   coast,  -90.08,  51452.00, 5362.77, 4392.58,  256.04, 47.7, 5.25, 5.25, 5.27
6, 13997, 13,    14.61, 5,   coast,  -87.65,  51430.00, 5365.94, 4395.75,  255.13, 47.7, 5.25, 5.25, 5.27
6, 13997, 13,    14.62, 5,   coast,  -85.21,  51418.00, 5367.67, 4397.48,  254.24, 47.7, 5.25, 5.25, 5.27
6, 13997, 13,    14.63, 5,   coast,  -82.76,  51395.00, 5370.99, 4400.80,  253.38, 47.7, 5.25, 5.25, 5.27
6, 13997, 13,    14.64, 5,   coast,  -80.31,  51379.00, 5373.30, 4403.11,  252.54, 47.7, 5.25, 5.25, 5.27
6, 13997, 13,    14.65, 5,   coast,  -77.84,  51379.00, 5373.30, 4403.11,  251.73, 47.7, 5.24, 5.25, 5.27
6, 13997, 13,    14.66, 5,   coast,  -75.37,  51359.00, 5376.18, 4405.99,  250.94, 47.7, 5.25, 5.25, 5.27
6, 13997, 13,    14.67, 5,   coast,  -72.89,  51325.00, 5381.09, 4410.90,  250.18, 47.7, 5.25, 5.25, 5.27
6, 13997, 13,    14.68, 5,   coast,  -70.40,  51308.00, 5383.55, 4413.35,  249.44, 47.7, 5.25, 5.25, 5.27
6, 13997, 13,    14.69, 5,   coast,  -67.91,  51290.00, 5386.15, 4415.95,  248.73, 47.7, 5.25, 5.25, 5.27
6, 13997, 13,    14.70, 5,   coast,  -65.41,  51273.00, 5388.60, 4418.41,  248.05, 47.7, 5.25, 5.25, 5.27
6, 13997, 13,    14.71, 5,   coast,  -62.91,  51259.00, 5390.63, 4420.43,  247.39, 47.7, 5.25, 5.25, 5.27
6, 13997, 13,    14.72, 5,   coast,  -60.40,  51237.00, 5393.81, 4423.61,  246.76, 47.7, 5.25, 5.25, 5.27
6, 13997, 13,    14.73, 5,   coast,  -57.88,  51212.00, 5397.42, 4427.23,  246.15, 47.7, 5.25, 5.25, 5.27
6, 13997, 13,    14.74, 5,   coast,  -55.36,  51190.00, 5400.60, 4430.41,  245.57, 47.7, 5.25, 5.25, 5.27
6, 13997, 13,    14.75, 5,   coast,  -52.83,  51170.00, 5403.50, 4433.31,  245.01, 47.7, 5.25, 5.25, 5.27
6, 13997, 13,    14.76, 5,   coast,  -50.30,  51170.00, 5403.50, 4433.31,  244.48, 47.7, 5.24, 5.25, 5.27
6, 13997, 13,    14.77, 5,   coast,  -47.76,  51139.00, 5407.99, 4437.80,  243.97, 47.7, 5.25, 5.25, 5.27
6, 13997, 13,    14.78, 5,   coast,  -45.22,  51109.00, 5412.33, 4442.14,  243.48, 47.7, 5.25, 5.25, 5.27
6, 13997, 13,    14.79, 5,   coast,  -42.67,  51074.00, 5417.40, 4447.21,  243.02, 47.7, 5.25, 5.25, 5.27
6, 13997, 13,    14.80, 5,   coast,  -40.12,  51052.00, 5420.59, 4450.40,  242.59, 47.7, 5.25, 5.25, 5.27
6, 13997, 13,    14.81, 5,   coast,  -37.57,  51029.00, 5423.93, 4453.74,  242.18, 47.7, 5.25, 5.25, 5.27
6, 13997, 13,    14.82, 5,   coast,  -35.01,  51005.00, 5427.41, 4457.22,  241.80, 47.7, 5.25, 5.25, 5.27
6, 13997, 13,    14.83, 5,   coast,  -32.45,  50985.00, 5430.32, 4460.12,  241.44, 47.7, 5.25, 5.25, 5.27
6, 13997, 13,    14.84, 5,   coast,  -29.89,  50956.00, 5434.53, 4464.33,  241.10, 47.7, 5.25, 5.25, 5.27
6, 13997, 13,    14.85, 5,   coast,  -27.32,  50933.00, 5437.87, 4467.68,  240.80, 47.7, 5.25, 5.25, 5.27
6, 13997, 13,    14.86, 5,   coast,  -24.76,  50911.00, 5441.06, 4470.87,  240.51, 47.7, 5.25, 5.25, 5.27
6, 13997, 13,    14.87, 5,   coast,  -22.19,  50911.00, 5441.06, 4470.87,  240.26, 47.7, 5.24, 5.25, 5.27
6, 13997, 13,    14.88, 5,   coast,  -19.62,  50882.00, 5445.28, 4475.09,  240.03, 47.7, 5.25, 5.25, 5.27
6, 13997, 13,    14.89, 5,   coast,  -17.05,  50838.00, 5451.68, 4481.49,  239.82, 47.7, 5.25, 5.25, 5.27
6, 13997, 13,    14.90, 5,   coast,  -14.48,  50819.00, 5454.44, 4484.25,  239.64, 47.7, 5.25, 5.25, 5.27
6, 13997, 13,    14.91, 5,   coast,  -11.92,  50797.00, 5457.65, 4487.46,  239.49, 47.7, 5.25, 5.25, 5.27
6, 13997, 13,    14.92, 5,   coast,   -9.35,  50777.00, 5460.56, 4490.37,  239.36, 47.7, 5.25, 5.25, 5.27
6, 13997, 13,    14.93, 5,   coast,   -6.79,  50756.00, 5463.62, 4493.43,  239.27, 47.7, 5.25, 5.25, 5.27
6, 13997, 13,    14.94, 5,   coast,   -4.23,  50745.00, 5465.22, 4495.03,  239.20, 47.7, 5.25, 5.25, 5.27
6, 13997, 13,    14.95, 5,   coast,   -1.68,  50722.00, 5468.57, 4498.38,  239.15, 47.7, 5.25, 5.25, 5.27
6, 13997, 13,    14.96, 5,   coast,    0.87,  50699.00, 5471.93, 4501.74,  239.13, 47.7, 5.25, 5.25, 5.27
6, 13997, 13,    14.97, 5,   coast,    3.42,  50684.00, 5474.12, 4503.92,  239.14, 47.7, 5.25, 5.25, 5.27
6, 13997, 13,    14.98, 5,   coast,    5.96,  50684.00, 5474.12, 4503.92,  239.18, 47.7, 5.24, 5.25, 5.27
6, 13997, 13,    14.99, 5,   coast,    8.49,  50660.00, 5477.62, 4507.43,  239.24, 47.7, 5.25, 5.25, 5.27
6, 13997, 13,    15.00, 5,   coast,   11.01,  50633.00, 5481.56, 4511.37,  239.33, 47.7, 5.25, 5.25, 5.27
6, 13997, 13,    15.01, 5,   coast,   13.53,  50609.00, 5485.06, 4514.87,  239.44, 47.7, 5.25, 5.25, 5.27
6, 13997, 13,    15.02, 5,   coast,   16.03,  50585.00, 5488.57, 4518.38,  239.59, 47.7, 5.25, 5.25, 5.27
6, 13997, 13,    15.03, 5,   coast,   18.53,  50575.00, 5490.03, 4519.84,  239.75, 47.7, 5.25, 5.25, 5.27
6, 13997, 13,    15.04, 5,   coast,   21.01,  50555.00, 5492.95, 4522.76,  239.95, 47.7, 5.25, 5.25, 5.27
6, 13997, 13,    15.05, 5,   coast,   23.48,  50539.00, 5495.29, 4525.10,  240.17, 47.7, 5.25, 5.25, 5.27
6, 13997, 13,    15.06, 5,   coast,   25.94,  50510.00, 5499.53, 4529.34,  240.41, 47.7, 5.25, 5.25, 5.27
6, 13997, 13,    15.07, 5,   coast,   28.38,  50497.00, 5501.43, 4531.24,  240.68, 47.7, 5.25, 5.25, 5.27
6, 13997, 13,    15.08, 5,   coast,   30.81,  50473.00, 5504.94, 4534.75,  240.98, 47.7, 5.25, 5.25, 5.27
6, 13997, 13,    15.09, 5,   coast,   33.22,  50473.00, 5504.94, 4534.75,  241.30, 47.7, 5.24, 5.25, 5.27
6, 13997, 13,    15.10, 5,   coast,   35.62,  50446.00, 5508.90, 4538.71,  241.65, 47.7, 5.25, 5.25, 5.27
6, 13997, 13,    15.11, 5,   coast,   38.00,  50407.00, 5514.61, 4544.42,  242.03, 47.7, 5.25, 5.25, 5.27
6, 13997, 13,    15.12, 5,   coast,   40.36,  50387.00, 5517.54, 4547.35,  242.43, 47.7, 5.25, 5.25, 5.27
6, 13997, 13,    15.13, 5,   coast,   42.70,  50365.00, 5520.77, 4550.57,  242.87, 47.7, 5.25, 5.25, 5.27
6, 13997, 13,    15.14, 5,   coast,   45.02,  50345.00, 5523.70, 4553.51,  243.33, 47.7, 5.25, 5.25, 5.27
6, 13997, 13,    15.15, 5,   coast,   47.32,  50311.00, 5528.69, 4558.49,  243.82, 47.7, 5.25, 5.25, 5.27
6, 13997, 13,    15.16, 5,   coast,   49.59,  50295.00, 5531.03, 4560.84,  244.33, 47.7, 5.25, 5.25, 5.27
6, 13997, 13,    15.17, 5,   coast,   51.85,  50278.00, 5533.53, 4563.34,  244.87, 47.7, 5.25, 5.25, 5.27
6, 13997, 13,    15.18, 5,   coast,   54.08,  50254.00, 5537.05, 4566.86,  245.44, 47.7, 5.25, 5.25, 5.27
6, 13997, 13,    15.19, 5,   coast,   56.28,  50222.00, 5541.75, 4571.56,  246.03, 47.7, 5.25, 5.25, 5.27
6, 13997, 13,    15.20, 5,   coast,   58.46,  50222.00, 5541.75, 4571.56,  246.66, 47.7, 5.24, 5.25, 5.27
6, 13997, 13,    15.21, 5,   coast,   60.62,  50202.00, 5544.69, 4574.50,  247.30, 47.7, 5.25, 5.25, 5.27
6, 13997, 13,    15.22, 5,   coast,   62.75,  50173.00, 5548.96, 4578.77,  247.97, 47.7, 5.25, 5.25, 5.27
6, 13997, 13,    15.23, 5,   coast,   64.85,  50150.00, 5552.34, 4582.15,  248.67, 47.7, 5.25, 5.25, 5.27
6, 13997, 13,    15.24, 5,   coast,   66.92,  50121.00, 5556.61, 4586.42,  249.39, 47.7, 5.25, 5.25, 5.27
6, 13997, 13,    15.25, 5,   coast,   68.96,  50103.00, 5559.26, 4589.07,  250.13, 47.7, 5.25, 5.25, 5.27
6, 13997, 13,    15.26, 5,   coast,   70.98,  50085.00, 5561.91, 4591.72,  250.90, 47.7, 5.25, 5.25, 5.27
6, 13997, 13,    15.27, 5,   coast,   72.96,  50065.00, 5564.86, 4594.66,  251.69, 47.7, 5.25, 5.25, 5.27
6, 13997, 13,    15.28, 5,   coast,   74.92,  50047.00, 5567.51, 4597.32,  252.49, 47.7, 5.25, 5.25, 5.27
6, 13997, 13,    15.29, 5,   coast,   76.84,  50035.00, 5569.28, 4599.08,  253.32, 47.7, 5.25, 5.25, 5.27
6, 13997, 13,    15.30, 5,   coast,   78.74,  50029.00, 5570.16, 4599.97,  254.16, 47.7, 5.25, 5.25, 5.27
6, 13997, 13,    15.31, 5,   coast,   80.60,  50029.00, 5570.16, 4599.97,  255.01, 47.7, 5.24, 5.25, 5.27
6, 13997, 13,    15.32, 5,   coast,   82.43,  50044.00, 5567.95, 4597.76,  255.88, 47.7, 5.25, 5.25, 5.27
6, 13997, 13,    15.33, 5,   coast,   84.22,  50110.00, 5558.23, 4588.04,  256.77, 47.7, 5.25, 5.25, 5.27
6, 13997, 13,    15.34, 5,   coast,   85.99,  50170.00, 5549.40, 4579.21,  257.67, 47.7, 5.25, 5.25, 5.27
6, 13997, 13,    15.35, 5,   coast,   87.72,  50223.00, 5541.61, 4571.42,  258.58, 47.7, 5.25, 5.25, 5.27
6, 13997, 13,    15.36, 5,   coast,   89.41,  50273.00, 5534.26, 4564.07,  259.51, 47.7, 5.25, 5.25, 5.27
6, 13997, 13,    15.37, 5,   coast,   91.07,  50329.00, 5526.04, 4555.85,  260.45, 47.7, 5.25, 5.25, 5.27
6, 13997, 13,    15.38, 5,   coast,   92.70,  50381.00, 5518.42, 4548.23,  261.40, 47.7, 5.25, 5.25, 5.27
6, 13997, 13,    15.39, 5,   coast,   94.29,  50426.00, 5511.83, 4541.63,  262.37, 47.7, 5.25, 5.25, 5.27
6, 13997, 13,    15.40, 5,   coast,   95.84,  50471.00, 5505.24, 4535.05,  263.35, 47.7, 5.25, 5.25, 5.27
6, 13997, 13,    15.41, 5,   coast,   97.36,  50510.00, 5499.53, 4529.34,  264.35, 47.7, 5.25, 5.25, 5.27
6, 13997, 13,    15.42, 5,   coast,   98.84,  50510.00, 5499.53, 4529.34,  265.36, 47.7, 5.24, 5.25, 5.27
6, 13997, 13,    15.43, 5,   coast,  100.28,  50546.00, 5494.27, 4524.08,  266.39, 47.7, 5.25, 5.25, 5.27
6, 13997, 13,    15.44, 5,   coast,  101.68,  50596.00, 5486.96, 4516.77,  267.43, 47.7, 5.25, 5.25, 5.27
6, 13997, 13,    15.45, 5,   coast,  103.05,  50620.00, 5483.46, 4513.26,  268.50, 47.7, 5.25, 5.25, 5.27
6, 13997, 13,    15.46, 5,   coast,  104.37,  50635.00, 5481.27, 4511.07,  269.57, 47.7, 5.25, 5.25, 5.27
6, 13997, 13,    15.47, 5,   coast,  105.66,  50666.00, 5476.74, 4506.55,  270.67, 47.7, 5.25, 5.25, 5.27
6, 13997, 13,    15.48, 5,   coast,  106.91,  50682.00, 5474.41, 4504.22,  271.78, 47.7, 5.25, 5.25, 5.27
6, 13997, 13,    15.49, 5,   coast,  108.12,  50700.00, 5471.78, 4501.59,  272.91, 47.7, 5.25, 5.25, 5.27
6, 13997, 13,    15.50, 5,   coast,  109.29,  50718.00, 5469.16, 4498.97,  274.05, 47.7, 5.25, 5.25, 5.27
6, 13997, 13,    15.51, 5,   coast,  110.42,  50735.00, 5466.68, 4496.49,  275.20, 47.7, 5.25, 5.25, 5.27
6, 13997, 13,    15.52, 5,   coast,  111.50,  50752.00, 5464.20, 4494.01,  276.37, 47.7, 5.25, 5.25, 5.27
6, 13997, 13,    15.53, 5,   coast,  112.55,  50752.00, 5464.20, 4494.01,  277.56, 47.7, 5.24, 5.25, 5.27
6, 13997, 13,    15.54, 5,   coast,  113.56,  50777.00, 5460.56, 4490.37,  278.75, 47.7, 5.25, 5.25, 5.27
6, 13997, 13,    15.55, 5,   coast,  114.52,  50789.00, 5458.81, 4488.62,  279.95, 47.7, 5.25, 5.25, 5.27
6, 13997, 13,    15.56, 5,   coast,  115.44,  50803.00, 5456.77, 4486.58,  281.16, 47.7, 5.25, 5.25, 5.27
6, 13997, 13,    15.57, 5,   coast,  116.33,  50810.00, 5455.75, 4485.56,  282.38, 47.7, 5.25, 5.25, 5.27
6, 13997, 13,    15.58, 5,   coast,  117.17,  50811.00, 5455.61, 4485.42,  283.60, 47.7, 5.25, 5.25, 5.27
6, 13997, 13,    15.59, 5,   coast,  117.96,  50818.00, 5454.59, 4484.40,  284.82, 47.7, 5.25, 5.25, 5.27
6, 13997, 13,    15.60, 5,   coast,  118.72,  50806.00, 5456.34, 4486.15,  286.06, 47.7, 5.25, 5.25, 5.27
6, 13997, 13,    15.61, 5,   coast,  119.44,  50799.00, 5457.36, 4487.16,  287.31, 47.7, 5.25, 5.25, 5.27
6, 13997, 13,    15.62, 5,   coast,  120.11,  50793.00, 5458.23, 4488.04,  288.57, 47.7, 5.25, 5.25, 5.27
6, 13997, 13,    15.63, 5,   coast,  120.74,  50786.00, 5459.25, 4489.06,  289.84, 47.7, 5.25, 5.25, 5.27
6, 13997, 13,    15.64, 5,   coast,  121.33,  50786.00, 5459.25, 4489.06,  291.12, 47.7, 5.24, 5.25, 5.27
6, 13997, 13,    15.65, 5,   coast,  121.88,  50773.00, 5461.14, 4490.95,  292.42, 47.7, 5.25, 5.25, 5.27
6, 13997, 13,    15.66, 5,   coast,  122.39,  50753.00, 5464.06, 4493.86,  293.73, 47.7, 5.25, 5.25, 5.27
6, 13997, 13,    15.67, 5,   coast,  122.85,  50734.00, 5466.82, 4496.63,  295.05, 47.7, 5.25, 5.25, 5.27
6, 13997, 13,    15.68, 5,   coast,  123.28,  50719.00, 5469.01, 4498.82,  296.38, 47.7, 5.25, 5.25, 5.27
6, 13997, 13,    15.69, 5,   coast,  123.66,  50699.00, 5471.93, 4501.74,  297.71, 47.7, 5.25, 5.25, 5.27
6, 13997, 13,    15.70, 5,   coast,  124.01,  50685.00, 5473.97, 4503.78,  299.04, 47.7, 5.25, 5.25, 5.27
6, 13997, 13,    15.71, 5,   coast,  124.31,  50665.00, 5476.89, 4506.70,  300.37, 47.7, 5.25, 5.25, 5.27
6, 13997, 13,    15.72, 5,   coast,  124.57,  50641.00, 5480.39, 4510.20,  301.68, 47.7, 5.25, 5.25, 5.27
6, 13997, 13,    15.73, 5,   coast,  124.79,  50626.00, 5482.58, 4512.39,  303.00, 47.7, 5.25, 5.25, 5.27
6, 13997, 13,    15.74, 5,   coast,  124.98,  50609.00, 5485.06, 4514.87,  304.31, 47.7, 5.25, 5.25, 5.27
6, 13997, 13,    15.75, 5,   coast,  125.12,  50609.00, 5485.06, 4514.87,  305.65, 47.7, 5.24, 5.25, 5.27
6, 13997, 13,    15.76, 5,   coast,  125.22,  50579.00, 5489.44, 4519.25,  307.00, 47.7, 5.25, 5.25, 5.27
6, 13997, 13,    15.77, 5,   coast,  125.28,  50554.00, 5493.10, 4522.91,  308.35, 47.7, 5.25, 5.25, 5.27
6, 13997, 13,    15.78, 5,   coast,  125.30,  50534.00, 5496.02, 4525.83,  309.71, 47.7, 5.25, 5.25, 5.27
6, 13997, 13,    15.79, 5,   coast,  125.28,  50517.00, 5498.51, 4528.32,  311.07, 47.7, 5.25, 5.25, 5.27
6, 13997, 13,    15.80, 5,   coast,  125.23,  50503.00, 5500.56, 4530.36,  312.42, 47.7, 5.25, 5.25, 5.27
6, 13997, 13,    15.81, 5,   coast,  125.13,  50488.00, 5502.75, 4532.56,  313.77, 47.7, 5.25, 5.25, 5.27
6, 13997, 13,    15.82, 5,   coast,  124.99,  50468.00, 5505.68, 4535.48,  315.11, 47.7, 5.25, 5.25, 5.27
6, 13997, 13,    15.83, 5,   coast,  124.82,  50450.00, 5508.31, 4538.12,  316.43, 47.7, 5.25, 5.25, 5.27
6, 13997, 13,    15.84, 5,   coast,  124.60,  50433.00, 5510.80, 4540.61,  317.75, 47.7, 5.25, 5.25, 5.27
6, 13997, 13,    15.85, 5,   coast,  124.35,  50415.00, 5513.44, 4543.25,  319.05, 47.7, 5.25, 5.25, 5.27
6, 13997, 13,    15.86, 5,   coast,  124.06,  50415.00, 5513.44, 4543.25,  320.34, 47.7, 5.24, 5.25, 5.27
6, 13997, 13,    15.87, 5,   coast,  123.72,  50405.00, 5514.90, 4544.71,  321.61, 47.7, 5.25, 5.25, 5.27
6, 13997, 13,    15.88, 5,   coast,  123.35,  50362.00, 5521.20, 4551.01,  322.88, 47.7, 5.25, 5.25, 5.27
6, 13997, 13,    15.89, 5,   coast,  122.94,  50350.00, 5522.96, 4552.77,  324.13, 47.7, 5.25, 5.25, 5.27
6, 13997, 13,    15.90, 5,   coast,  122.49,  50339.00, 5524.58, 4554.39,  325.38, 47.7, 5.25, 5.25, 5.27
6, 13997, 13,    15.91, 5,   coast,  122.01,  50322.00, 5527.07, 4556.88,  326.61, 47.7, 5.25, 5.25, 5.27
6, 13997, 13,    15.92, 5,   coast,  121.48,  50299.00, 5530.45, 4560.26,  327.85, 47.7, 5.25, 5.25, 5.27
6, 13997, 13,    15.93, 5,   coast,  120.92,  50291.00, 5531.62, 4561.43,  329.08, 47.7, 5.25, 5.25, 5.27
6, 13997, 13,    15.94, 5,   coast,  120.31,  50276.00, 5533.82, 4563.63,  330.31, 47.7, 5.25, 5.25, 5.27
6, 13997, 13,    15.95, 5,   coast,  119.67,  50268.00, 5535.00, 4564.81,  331.52, 47.7, 5.25, 5.25, 5.27
6, 13997, 13,    15.96, 5,   coast,  118.99,  50251.00, 5537.49, 4567.30,  332.73, 47.7, 5.25, 5.25, 5.27
6, 13997, 13,    15.97, 5,   coast,  118.27,  50251.00, 5537.49, 4567.30,  333.94, 47.7, 5.24, 5.25, 5.27
6, 13997, 13,    15.98, 5,   coast,  117.52,  50230.00, 5540.58, 4570.39,  335.13, 47.7, 5.25, 5.25, 5.27
6, 13997, 13,    15.99, 5,   coast,  116.72,  50204.00, 5544.40, 4574.21,  336.33, 47.7, 5.25, 5.25, 5.27
6, 13997, 13,    16.00, 5,   coast,  115.89,  50198.00, 5545.28, 4575.09,  337.52, 47.7, 5.25, 5.25, 5.27
6, 13997, 13,    16.01, 5,   coast,  115.02,  50179.00, 5548.08, 4577.88,  338.71, 47.7, 5.25, 5.25, 5.27
6, 13997, 13,    16.02, 5,   coast,  114.11,  50163.00, 5550.43, 4580.24,  339.91, 47.7, 5.25, 5.25, 5.27
6, 13997, 13,    16.03, 5,   coast,  113.17,  50159.00, 5551.02, 4580.83,  341.10, 47.7, 5.25, 5.25, 5.27
6, 13997, 13,    16.04, 5,   coast,  112.18,  50143.00, 5553.37, 4583.18,  342.30, 47.7, 5.25, 5.25, 5.27
6, 13997, 13,    16.05, 5,   coast,  111.16,  50125.00, 5556.02, 4585.83,  343.49, 47.7, 5.25, 5.25, 5.27
6, 13997, 13,    16.06, 5,   coast,  110.10,  50108.00, 5558.52, 4588.33,  344.67, 47.7, 5.25, 5.25, 5.27
6, 13997, 13,    16.07, 5,   coast,  109.00,  50100.00, 5559.70, 4589.51,  345.85, 47.7, 5.25, 5.25, 5.27
6, 13997, 13,    16.08, 5,   coast,  107.86,  50100.00, 5559.70, 4589.51,  347.04, 47.7, 5.24, 5.25, 5.27
6, 13997, 13,    16.09, 5,   coast,  106.69,  50073.00, 5563.68, 4593.49,  348.22, 47.7, 5.25, 5.25, 5.27
6, 13997, 13,    16.10, 5,   coast,  105.47,  50046.00, 5567.65, 4597.46,  349.39, 47.7, 5.25, 5.25, 5.27
6, 13997, 13,    16.11, 5,   coast,  104.22,  50030.00, 5570.01, 4599.82,  350.55, 47.7, 5.25, 5.25, 5.27
6, 13997, 13,    16.12, 5,   coast,  102.94,  50013.00, 5572.52, 4602.33,  351.70, 47.7, 5.25, 5.25, 5.27
6, 13997, 13,    16.13, 5,   coast,  101.61,  49998.00, 5574.73, 4604.54,  352.84, 47.7, 5.25, 5.25, 5.27
6, 13997, 13,    16.14, 5,   coast,  100.25,  49976.00, 5577.98, 4607.78,  353.97, 47.7, 5.25, 5.25, 5.27
6, 13997, 13,    16.15, 5,   coast,   98.86,  49954.00, 5581.22, 4611.03,  355.09, 47.7, 5.25, 5.25, 5.27
6, 13997, 13,    16.16, 5,   coast,   97.42,  49940.00, 5583.29, 4613.10,  356.19, 47.7, 5.25, 5.25, 5.27
6, 13997, 13,    16.17, 5,   coast,   95.96,  49918.00, 5586.54, 4616.35,  357.28, 47.8, 5.25, 5.25, 5.27
6, 13997, 13,    16.18, 5,   coast,   94.46,  49887.00, 5591.12, 4620.92,  358.35, 47.7, 5.25, 5.25, 5.27
6, 13997, 13,    16.19, 5,   coast,   92.92,  49887.00, 5591.12, 4620.92,  359.40, 47.7, 5.24, 5.25, 5.27
6, 13997, 13,    16.20, 5,   coast,   91.35,  49809.00, 5602.65, 4632.46,  360.42, 47.7, 5.25, 5.25, 5.27
6, 13997, 13,    16.21, 5,   coast,   89.75,  49639.00, 5627.83, 4657.64,  361.42, 47.7, 5.25, 5.25, 5.27
6, 13997, 13,    16.22, 5,   coast,   88.11,  49503.00, 5648.03, 4677.84,  362.39, 47.7, 5.25, 5.25, 5.27
6, 13997, 13,    16.23, 5,   coast,   86.45,  49355.00, 5670.06, 4699.87,  363.34, 47.7, 5.25, 5.25, 5.27
6, 13997, 13,    16.24, 5,   coast,   84.75,  49206.00, 5692.29, 4722.10,  364.27, 47.7, 5.25, 5.25, 5.27
6, 13997, 13,    16.25, 5,   coast,   83.02,  49063.00, 5713.68, 4743.49,  365.17, 47.7, 5.25, 5.25, 5.27
6, 13997, 13,    16.26, 5,   coast,   81.26,  48918.00, 5735.42, 4765.23,  366.05, 47.7, 5.25, 5.25, 5.27
6, 13997, 13,    16.27, 5,   coast,   79.47,  48789.00, 5754.81, 4784.62,  366.91, 47.7, 5.25, 5.25, 5.27
6, 13997, 13,    16.28, 5,   coast,   77.66,  48656.00, 5774.84, 4804.65,  367.74, 47.8, 5.25, 5.25, 5.27
6, 13997, 13,    16.29, 5,   coast,   75.82,  48541.00, 5792.19, 4822.00,  368.55, 47.8, 5.25, 5.25, 5.27
6, 13997, 13,    16.30, 5,   coast,   73.95,  48541.00, 5792.19, 4822.00,  369.34, 47.8, 5.24, 5.25, 5.27
6, 13997, 13,    16.31, 5,   coast,   72.06,  48400.00, 5813.52, 4843.33,  370.10, 47.7, 5.25, 5.25, 5.27
6, 13997, 13,    16.32, 5,   coast,   70.15,  48228.00, 5839.60, 4869.41,  370.83, 47.7, 5.25, 5.25, 5.27
6, 13997, 13,    16.33, 5,   coast,   68.21,  48146.00, 5852.06, 4881.87,  371.54, 47.7, 5.25, 5.25, 5.27
6, 13997, 13,    16.34, 5,   coast,   66.26,  48060.00, 5865.15, 4894.95,  372.22, 47.7, 5.25, 5.25, 5.27
6, 13997, 13,    16.35, 5,   coast,   64.28,  47999.00, 5874.44, 4904.25,  372.89, 47.7, 5.25, 5.25, 5.27
6, 13997, 13,    16.36, 5,   coast,   62.29,  47928.00, 5885.27, 4915.08,  373.53, 47.7, 5.25, 5.25, 5.27
6, 13997, 13,    16.37, 5,   coast,   60.28,  47861.00, 5895.50, 4925.31,  374.15, 47.7, 5.25, 5.25, 5.27
6, 13997, 13,    16.38, 5,   coast,   58.25,  47802.00, 5904.52, 4934.33,  374.75, 47.8, 5.25, 5.25, 5.27
6, 13997, 13,    16.39, 5,   coast,   56.21,  47749.00, 5912.63, 4942.44,  375.32, 47.8, 5.25, 5.25, 5.27
6, 13997, 13,    16.40, 5,   coast,   54.16,  47706.00, 5919.21, 4949.02,  375.88, 47.8, 5.25, 5.25, 5.27
6, 13997, 13,    16.41, 5,   coast,   52.10,  47706.00, 5919.21, 4949.02,  376.43, 47.8, 5.24, 5.25, 5.27
6, 13997, 13,    16.42, 5,   coast,   50.02,  47652.00, 5927.49, 4957.30,  376.95, 47.7, 5.25, 5.25, 5.27
6, 13997, 13,    16.43, 5,   coast,   47.94,  47574.00, 5939.46, 4969.27,  377.46, 47.7, 5.25, 5.25, 5.27
6, 13997, 13,    16.44, 5,   coast,   45.85,  47535.00, 5945.45, 4975.26,  377.95, 47.7, 5.25, 5.25, 5.27
6, 13997, 13,    16.45, 5,   coast,   43.76,  47500.00, 5950.83, 4980.64,  378.42, 47.7, 5.25, 5.25, 5.27
6, 13997, 13,    16.46, 5,   coast,   41.66,  47464.00, 5956.36, 4986.17,  378.88, 47.7, 5.25, 5.25, 5.27
6, 13997, 13,    16.47, 5,   coast,   39.55,  47433.00, 5961.13, 4990.94,  379.31, 47.7, 5.25, 5.25, 5.27
6, 13997, 13,    16.48, 5,   coast,   37.45,  47401.00, 5966.06, 4995.87,  379.72, 47.7, 5.25, 5.25, 5.27
6, 13997, 13,    16.49, 5,   coast,   35.34,  47377.00, 5969.76, 4999.57,  380.11, 47.8, 5.25, 5.25, 5.27
6, 13997, 13,    16.50, 5,   coast,   33.23,  47342.00, 5975.15, 5004.96,  380.48, 47.8, 5.25, 5.25, 5.27
6, 13997, 13,    16.51, 5,   coast,   31.12,  47318.00, 5978.85, 5008.66,  380.81, 47.8, 5.25, 5.25, 5.27
6, 13997, 13,    16.52, 5,   coast,   29.02,  47318.00, 5978.85, 5008.66,  381.13, 47.8, 5.24, 5.25, 5.27
6, 13997, 13,    16.53, 5,   coast,   26.92,  47286.00, 5983.79, 5013.60,  381.41, 47.8, 5.25, 5.25, 5.27
6, 13997, 13,    16.54, 5,   coast,   24.82,  47242.00, 5990.58, 5020.39,  381.67, 47.7, 5.25, 5.25, 5.27
6, 13997, 13,    16.55, 5,   coast,   22.73,  47215.00, 5994.75, 5024.56,  381.91, 47.7, 5.25, 5.25, 5.27
6, 13997, 13,    16.56, 5,   coast,   20.64,  47188.00, 5998.92, 5028.73,  382.13, 47.7, 5.25, 5.25, 5.27
6, 13997, 13,    16.57, 5,   coast,   18.56,  47154.00, 6004.18, 5033.99,  382.33, 47.7, 5.25, 5.25, 5.27
6, 13997, 13,    16.58, 5,   coast,   16.49,  47134.00, 6007.27, 5037.08,  382.50, 47.7, 5.25, 5.25, 5.27
6, 13997, 13,    16.59, 5,   coast,   14.43,  47111.00, 6010.83, 5040.64,  382.66, 47.7, 5.25, 5.25, 5.27
6, 13997, 13,    16.60, 5,   coast,   12.37,  47091.00, 6013.93, 5043.73,  382.79, 47.7, 5.25, 5.25, 5.27
6, 13997, 13,    16.61, 5,   coast,   10.33,  47059.00, 6018.88, 5048.69,  382.90, 47.7, 5.25, 5.25, 5.27
6, 13997, 13,    16.62, 5,   coast,    8.29,  47030.00, 6023.37, 5053.18,  383.00, 47.8, 5.25, 5.25, 5.27
6, 13997, 13,    16.63, 5,   coast,    6.27,  47030.00, 6023.37, 5053.18,  383.07, 47.8, 5.24, 5.25, 5.27
6, 13997, 13,    16.64, 5,   coast,    4.26,  47010.00, 6026.47, 5056.28,  383.12, 47.7, 5.25, 5.25, 5.27
6, 13997, 13,    16.65, 5,   coast,    2.27,  46973.00, 6032.21, 5062.02,  383.15, 47.7, 5.25, 5.25, 5.27
6, 13997, 13,    16.66, 5,   coast,    0.28,  46951.00, 6035.63, 5065.43,  383.15, 47.7, 5.25, 5.25, 5.27
6, 13997, 13,    16.67, 5,   coast,   -1.69,  46932.00, 6038.57, 5068.38,  383.13, 47.7, 5.25, 5.25, 5.27
6, 13997, 13,    16.68, 5,   coast,   -3.65,  46903.00, 6043.08, 5072.89,  383.08, 47.7, 5.25, 5.25, 5.27
6, 13997, 13,    16.69, 5,   coast,   -5.59,  46879.00, 6046.81, 5076.61,  383.01, 47.7, 5.25, 5.25, 5.27
6, 13997, 13,    16.70, 5,   coast,   -7.51,  46870.00, 6048.20, 5078.01,  382.90, 47.7, 5.25, 5.25, 5.27
6, 13997, 13,    16.71, 5,   coast,   -9.42,  46845.00, 6052.09, 5081.90,  382.77, 47.7, 5.25, 5.25, 5.27
6, 13997, 13,    16.72, 5,   coast,  -11.32,  46826.00, 6055.04, 5084.85,  382.62, 47.8, 5.25, 5.25, 5.27
6, 13997, 13,    16.73, 5,   coast,  -13.20,  46803.00, 6058.62, 5088.43,  382.45, 47.8, 5.25, 5.25, 5.27
6, 13997, 13,    16.74, 5,   coast,  -15.06,  46803.00, 6058.62, 5088.43,  382.25, 47.8, 5.24, 5.25, 5.27
6, 13997, 13,    16.75, 5,   coast,  -16.90,  46768.00, 6064.07, 5093.88,  382.04, 47.7, 5.25, 5.25, 5.27
6, 13997, 13,    16.76, 5,   coast,  -18.73,  46739.00, 6068.58, 5098.39,  381.81, 47.7, 5.25, 5.25, 5.27
6, 13997, 13,    16.77, 5,   coast,  -20.53,  46727.00, 6070.45, 5100.26,  381.56, 47.7, 5.25, 5.25, 5.27
6, 13997, 13,    16.78, 5,   coast,  -22.32,  46704.00, 6074.04, 5103.85,  381.31, 47.7, 5.25, 5.25, 5.27
6, 13997, 13,    16.79, 5,   coast,  -24.09,  46685.00, 6077.00, 5106.81,  381.04, 47.7, 5.25, 5.25, 5.27
6, 13997, 13,    16.80, 5,   coast,  -25.83,  46667.00, 6079.81, 5109.61,  380.77, 47.7, 5.25, 5.25, 5.27
6, 13997, 13,    16.81, 5,   coast,  -27.56,  46644.00, 6083.39, 5113.20,  380.48, 47.7, 5.25, 5.25, 5.27
6, 13997, 13,    16.82, 5,   coast,  -29.27,  46626.00, 6086.20, 5116.01,  380.19, 47.7, 5.25, 5.25, 5.27
6, 13997, 13,    16.83, 5,   coast,  -30.95,  46607.00, 6089.17, 5118.98,  379.87, 47.7, 5.25, 5.25, 5.27
6, 13997, 13,    16.84, 5,   coast,  -32.61,  46589.00, 6091.98, 5121.79,  379.55, 47.8, 5.25, 5.25, 5.27
6, 13997, 13,    16.85, 5,   coast,  -34.26,  46589.00, 6091.98, 5121.79,  379.23, 47.8, 5.24, 5.25, 5.27
6, 13997, 13,    16.86, 5,   coast,  -35.87,  46558.00, 6096.82, 5126.63,  378.89, 47.7, 5.25, 5.25, 5.27
6, 13997, 13,    16.87, 5,   coast,  -37.47,  46528.00, 6101.51, 5131.32,  378.53, 47.7, 5.25, 5.25, 5.27
6, 13997, 13,    16.88, 5,   coast,  -39.05,  46500.00, 6105.89, 5135.70,  378.16, 47.7, 5.25, 5.25, 5.27
6, 13997, 13,    16.89, 5,   coast,  -40.60,  46483.00, 6108.55, 5138.36,  377.77, 47.7, 5.25, 5.25, 5.27
6, 13997, 13,    16.90, 5,   coast,  -42.13,  46453.00, 6113.24, 5143.05,  377.36, 47.7, 5.25, 5.25, 5.27
6, 13997, 13,    16.91, 5,   coast,  -43.63,  46429.00, 6117.00, 5146.81,  376.93, 47.7, 5.25, 5.25, 5.27
6, 13997, 13,    16.92, 5,   coast,  -45.12,  46419.00, 6118.57, 5148.37,  376.47, 47.7, 5.25, 5.25, 5.27
6, 13997, 13,    16.93, 5,   coast,  -46.58,  46397.00, 6122.01, 5151.82,  375.99, 47.7, 5.25, 5.25, 5.27
6, 13997, 13,    16.94, 5,   coast,  -48.01,  46365.00, 6127.03, 5156.84,  375.48, 47.7, 5.25, 5.25, 5.27
6, 13997, 13,    16.95, 5,   coast,  -49.42,  46344.00, 6130.32, 5160.13,  374.96, 47.7, 5.25, 5.25, 5.27
6, 13997, 13,    16.96, 5,   coast,  -50.81,  46344.00, 6130.32, 5160.13,  374.41, 47.7, 5.24, 5.25, 5.27
6, 13997, 13,    16.97, 5,   coast,  -52.18,  46313.00, 6135.18, 5164.99,  373.84, 47.7, 5.25, 5.25, 5.27
6, 13997, 13,    16.98, 5,   coast,  -53.52,  46268.00, 6142.25, 5172.06,  373.25, 47.7, 5.25, 5.25, 5.27
6, 13997, 13,    16.99, 5,   coast,  -54.84,  46244.00, 6146.02, 5175.83,  372.64, 47.7, 5.25, 5.25, 5.27
6, 13997, 13,    17.00, 5,   coast,  -56.14,  46220.00, 6149.79, 5179.60,  372.02, 47.7, 5.25, 5.25, 5.27
6, 13997, 13,    17.01, 5,   coast,  -57.41,  46199.00, 6153.09, 5182.90,  371.40, 47.7, 5.25, 5.25, 5.27
6, 13997, 13,    17.02, 5,   coast,  -58.66,  46171.00, 6157.49, 5187.30,  370.76, 47.7, 5.25, 5.25, 5.27
6, 13997, 13,    17.03, 5,   coast,  -59.89,  46155.00, 6160.01, 5189.82,  370.10, 47.7, 5.25, 5.25, 5.27
6, 13997, 13,    17.04, 5,   coast,  -61.10,  46125.00, 6164.73, 5194.54,  369.44, 47.7, 5.25, 5.25, 5.27
6, 13997, 13,    17.05, 5,   coast,  -62.28,  46116.00, 6166.15, 5195.96,  368.77, 47.7, 5.25, 5.25, 5.27
6, 13997, 13,    17.06, 5,   coast,  -63.44,  46085.00, 6171.03, 5200.84,  368.09, 47.8, 5.25, 5.25, 5.27
6, 13997, 13,    17.07, 5,   coast,  -64.58,  46085.00, 6171.03, 5200.84,  367.40, 47.8, 5.24, 5.25, 5.27
6, 13997, 13,    17.08, 5,   coast,  -65.70,  46051.00, 6176.39, 5206.20,  366.70, 47.7, 5.25, 5.25, 5.27
6, 13997, 13,    17.09, 5,   coast,  -66.80,  45987.00, 6186.48, 5216.29,  366.00, 47.7, 5.25, 5.25, 5.27
6, 13997, 13,    17.10, 5,   coast,  -67.87,  45953.00, 6191.85, 5221.66,  365.28, 47.7, 5.25, 5.25, 5.27
6, 13997, 13,    17.11, 5,   coast,  -68.92,  45925.00, 6196.27, 5226.08,  364.56, 47.7, 5.25, 5.25, 5.27
6, 13997, 13,    17.12, 5,   coast,  -69.95,  45884.00, 6202.75, 5232.56,  363.82, 47.7, 5.25, 5.25, 5.27
6, 13997, 13,    17.13, 5,   coast,  -70.96,  45860.00, 6206.55, 5236.36,  363.08, 47.7, 5.25, 5.25, 5.27
6, 13997, 13,    17.14, 5,   coast,  -71.95,  45811.00, 6214.30, 5244.11,  362.33, 47.7, 5.25, 5.25, 5.27
6, 13997, 13,    17.15, 5,   coast,  -72.91,  45783.00, 6218.74, 5248.54,  361.58, 47.7, 5.25, 5.25, 5.27
6, 13997, 13,    17.16, 5,   coast,  -73.86,  45739.00, 6225.71, 5255.52,  360.81, 47.7, 5.25, 5.25, 5.27
6, 13997, 13,    17.17, 5,   coast,  -74.78,  45717.00, 6229.20, 5259.00,  360.05, 47.7, 5.25, 5.25, 5.27
6, 13997, 13,    17.18, 5,   coast,  -75.68,  45717.00, 6229.20, 5259.00,  359.28, 47.7, 5.24, 5.25, 5.27
6, 13997, 13,    17.19, 5,   coast,  -76.57,  45675.00, 6235.86, 5265.67,  358.51, 47.7, 5.25, 5.25, 5.27
6, 13997, 13,    17.20, 5,   coast,  -77.43,  45629.00, 6243.16, 5272.97,  357.73, 47.7, 5.25, 5.25, 5.27
6, 13997, 13,    17.21, 5,   coast,  -78.26,  45619.00, 6244.75, 5274.56,  356.94, 47.7, 5.25, 5.25, 5.27
6, 13997, 13,    17.22, 5,   coast,  -79.08,  45603.00, 6247.29, 5277.10,  356.15, 47.7, 5.25, 5.25, 5.27
6, 13997, 13,    17.23, 5,   coast,  -79.88,  45582.00, 6250.63, 5280.44,  355.35, 47.7, 5.25, 5.25, 5.27
6, 13997, 13,    17.24, 5,   coast,  -80.66,  45579.00, 6251.11, 5280.91,  354.54, 47.7, 5.25, 5.25, 5.27
6, 13997, 13,    17.25, 5,   coast,  -81.41,  45577.00, 6251.42, 5281.23,  353.73, 47.7, 5.25, 5.25, 5.27
6, 13997, 13,    17.26, 5,   coast,  -82.15,  45586.00, 6249.99, 5279.80,  352.91, 47.7, 5.25, 5.25, 5.27
6, 13997, 13,    17.27, 5,   coast,  -82.86,  45605.00, 6246.97, 5276.78,  352.09, 47.7, 5.25, 5.25, 5.27
6, 13997, 13,    17.28, 5,   coast,  -83.55,  45637.00, 6241.89, 5271.70,  351.26, 47.7, 5.25, 5.25, 5.27
6, 13997, 13,    17.29, 5,   coast,  -84.22,  45637.00, 6241.89, 5271.70,  350.42, 47.7, 5.24, 5.25, 5.27
6, 13997, 13,    17.30, 5,   coast,  -84.87,  45698.00, 6232.21, 5262.02,  349.57, 47.7, 5.25, 5.25, 5.27
6, 13997, 13,    17.31, 5,   coast,  -85.50,  45769.00, 6220.95, 5250.76,  348.71, 47.7, 5.25, 5.25, 5.27
6, 13997, 13,    17.32, 5,   coast,  -86.10,  45813.00, 6213.99, 5243.79,  347.85, 47.7, 5.25, 5.25, 5.27
6, 13997, 13,    17.33, 5,   coast,  -86.69,  45864.00, 6205.92, 5235.72,  346.97, 47.7, 5.25, 5.25, 5.27
6, 13997, 13,    17.34, 5,   coast,  -87.25,  45913.00, 6198.17, 5227.98,  346.08, 47.7, 5.25, 5.25, 5.27
6, 13997, 13,    17.35, 5,   coast,  -87.78,  45961.00, 6190.59, 5220.40,  345.18, 47.7, 5.25, 5.25, 5.27
6, 13997, 13,    17.36, 5,   coast,  -88.30,  46026.00, 6180.33, 5210.14,  344.26, 47.7, 5.25, 5.25, 5.27
6, 13997, 13,    17.37, 5,   coast,  -88.79,  46069.00, 6173.55, 5203.36,  343.34, 47.7, 5.25, 5.25, 5.27
6, 13997, 13,    17.38, 5,   coast,  -89.26,  46101.00, 6168.51, 5198.32,  342.41, 47.7, 5.25, 5.25, 5.27
6, 13997, 13,    17.39, 5,   coast,  -89.71,  46105.00, 6167.88, 5197.69,  341.47, 47.7, 5.25, 5.25, 5.27
6, 13997, 13,    17.40, 5,   coast,  -90.14,  46105.00, 6167.88, 5197.69,  340.52, 47.7, 5.24, 5.25, 5.27
6, 13997, 13,    17.41, 5,   coast,  -90.54,  46102.00, 6168.35, 5198.16,  339.56, 47.7, 5.25, 5.25, 5.27
6, 13997, 13,    17.42, 5,   coast,  -90.93,  46093.00, 6169.77, 5199.58,  338.60, 47.7, 5.25, 5.25, 5.27
6, 13997, 13,    17.43, 5,   coast,  -91.29,  46075.00, 6172.61, 5202.42,  337.63, 47.7, 5.25, 5.25, 5.27
6, 13997, 13,    17.44, 5,   coast,  -91.62,  46049.00, 6176.70, 5206.51,  336.65, 47.7, 5.25, 5.25, 5.27
6, 13997, 13,    17.45, 5,   coast,  -91.94,  46021.00, 6181.12, 5210.93,  335.67, 47.7, 5.25, 5.25, 5.27
6, 13997, 13,    17.46, 5,   coast,  -92.24,  45988.00, 6186.33, 5216.13,  334.68, 47.7, 5.25, 5.25, 5.27
6, 13997, 13,    17.47, 5,   coast,  -92.51,  45956.00, 6191.38, 5221.19,  333.69, 47.7, 5.25, 5.25, 5.27
6, 13997, 13,    17.48, 5,   coast,  -92.77,  45915.00, 6197.85, 5227.66,  332.69, 47.7, 5.25, 5.25, 5.27
6, 13997, 13,    17.49, 5,   coast,  -93.00,  45868.00, 6205.28, 5235.09,  331.69, 47.7, 5.25, 5.25, 5.27
6, 13997, 13,    17.50, 5,   coast,  -93.22,  45820.00, 6212.88, 5242.69,  330.69, 47.7, 5.25, 5.25, 5.27
6, 13997, 13,    17.51, 5,   coast,  -93.41,  45820.00, 6212.88, 5242.69,  329.70, 47.7, 5.24, 5.25, 5.27
6, 13997, 13,    17.52, 5,   coast,  -93.59,  45765.00, 6221.59, 5251.40,  328.70, 47.7, 5.25, 5.25, 5.27
6, 13997, 13,    17.53, 5,   coast,  -93.74,  45727.00, 6227.61, 5257.42,  327.71, 47.7, 5.25, 5.25, 5.27
6, 13997, 13,    17.54, 5,   coast,  -93.88,  45726.00, 6227.77, 5257.58,  326.73, 47.7, 5.25, 5.25, 5.27
6, 13997, 13,    17.55, 5,   coast,  -94.00,  45744.00, 6224.92, 5254.72,  325.74, 47.7, 5.25, 5.25, 5.27
6, 13997, 13,    17.56, 5,   coast,  -94.10,  45765.00, 6221.59, 5251.40,  324.76, 47.7, 5.25, 5.25, 5.27
6, 13997, 13,    17.57, 5,   coast,  -94.18,  45778.00, 6219.53, 5249.34,  323.79, 47.7, 5.25, 5.25, 5.27
6, 13997, 13,    17.58, 5,   coast,  -94.24,  45823.00, 6212.40, 5242.21,  322.82, 47.7, 5.25, 5.25, 5.27
6, 13997, 13,    17.59, 5,   coast,  -94.29,  45822.00, 6212.56, 5242.37,  321.86, 47.7, 5.25, 5.25, 5.27
6, 13997, 13,    17.60, 5,   coast,  -94.33,  45760.00, 6222.38, 5252.19,  320.90, 47.7, 5.25, 5.25, 5.27
6, 13997, 13,    17.61, 5,   coast,  -94.35,  45711.00, 6230.15, 5259.96,  319.94, 47.7, 5.25, 5.25, 5.27
6, 13997, 13,    17.62, 5,   coast,  -94.35,  45711.00, 6230.15, 5259.96,  318.99, 47.7, 5.24, 5.25, 5.27
6, 13997, 13,    17.63, 5,   coast,  -94.34,  45630.00, 6243.00, 5272.81,  318.04, 47.7, 5.25, 5.25, 5.27
6, 13997, 13,    17.64, 5,   coast,  -94.32,  45485.00, 6266.06, 5295.87,  317.08, 47.7, 5.25, 5.25, 5.27
6, 13997, 13,    17.65, 5,   coast,  -94.29,  45405.00, 6278.81, 5308.62,  316.13, 47.7, 5.25, 5.25, 5.27
6, 13997, 13,    17.66, 5,   coast,  -94.25,  45340.00, 6289.18, 5318.99,  315.18, 47.7, 5.25, 5.25, 5.27
6, 13997, 13,    17.67, 5,   coast,  -94.19,  45275.00, 6299.56, 5329.37,  314.23, 47.7, 5.25, 5.25, 5.27
6, 13997, 13,    17.68, 5,   coast,  -94.13,  45227.00, 6307.23, 5337.04,  313.28, 47.7, 5.25, 5.25, 5.27
6, 13997, 13,    17.69, 5,   coast,  -94.06,  45215.00, 6309.15, 5338.96,  312.32, 47.7, 5.25, 5.25, 5.27
6, 13997, 13,    17.70, 5,   coast,  -93.99,  45287.00, 6297.64, 5327.45,  311.37, 47.7, 5.25, 5.25, 5.27
6, 13997, 13,    17.71, 5,   coast,  -93.90,  45395.00, 6280.40, 5310.21,  310.42, 47.7, 5.25, 5.25, 5.27
6, 13997, 13,    17.72, 5,   coast,  -93.82,  45463.00, 6269.56, 5299.37,  309.46, 47.7, 5.25, 5.25, 5.27
6, 13997, 13,    17.73, 5,   coast,  -93.72,  45463.00, 6269.56, 5299.37,  308.51, 47.7, 5.24, 5.25, 5.27
6, 13997, 13,    17.74, 5,   coast,  -93.63,  45414.00, 6277.37, 5307.18,  307.57, 47.7, 5.25, 5.25, 5.27
6, 13997, 13,    17.75, 5,   coast,  -93.53,  45221.00, 6308.19, 5338.00,  306.62, 47.7, 5.25, 5.25, 5.27
6, 13997, 13,    17.76, 5,   coast,  -93.43,  45099.00, 6327.73, 5357.54,  305.69, 47.7, 5.25, 5.25, 5.27
6, 13997, 13,    17.77, 5,   coast,  -93.32,  45011.00, 6341.85, 5371.66,  304.76, 47.7, 5.25, 5.25, 5.27
6, 13997, 13,    17.78, 5,   coast,  -93.22,  44972.00, 6348.12, 5377.93,  303.83, 47.7, 5.25, 5.25, 5.27
6, 13997, 13,    17.79, 5,   coast,  -93.11,  44953.00, 6351.17, 5380.98,  302.91, 47.7, 5.25, 5.25, 5.27
6, 13997, 13,    17.80, 5,   coast,  -93.01,  44973.00, 6347.96, 5377.77,  302.00, 47.7, 5.25, 5.25, 5.27
6, 13997, 13,    17.81, 5,   coast,  -92.91,  45043.00, 6336.72, 5366.52,  301.09, 47.7, 5.25, 5.25, 5.27
6, 13997, 13,    17.82, 5,   coast,  -92.81,  45126.00, 6323.40, 5353.21,  300.18, 47.7, 5.25, 5.25, 5.27
6, 13997, 13,    17.83, 5,   coast,  -92.71,  45200.00, 6311.55, 5341.36,  299.28, 47.7, 5.25, 5.25, 5.27
6, 13997, 13,    17.84, 5,   coast,  -92.62,  45200.00, 6311.55, 5341.36,  298.38, 47.7, 5.24, 5.25, 5.27
6, 13997, 13,    17.85, 5,   coast,  -92.52,  45297.00, 6296.04, 5325.85,  297.48, 47.7, 5.25, 5.25, 5.27
6, 13997, 13,    17.86, 5,   coast,  -92.44,  45397.00, 6280.08, 5309.89,  296.57, 47.7, 5.25, 5.25, 5.27
6, 13997, 13,    17.87, 5,   coast,  -92.35,  45431.00, 6274.66, 5304.47,  295.67, 47.7, 5.25, 5.25, 5.27
6, 13997, 13,    17.88, 5,   coast,  -92.27,  45460.00, 6270.04, 5299.85,  294.77, 47.7, 5.25, 5.25, 5.27
6, 13997, 13,    17.89, 5,   coast,  -92.20,  45465.00, 6269.24, 5299.05,  293.87, 47.7, 5.25, 5.25, 5.27
6, 13997, 13,    17.90, 5,   coast,  -92.13,  45446.00, 6272.27, 5302.08,  292.97, 47.7, 5.25, 5.25, 5.27
6, 13997, 13,    17.91, 5,   coast,  -92.07,  45416.00, 6277.05, 5306.86,  292.07, 47.7, 5.25, 5.25, 5.27
6, 13997, 13,    17.92, 5,   coast,  -92.01,  45339.00, 6289.34, 5319.15,  291.16, 47.7, 5.25, 5.25, 5.27
6, 13997, 13,    17.93, 5,   coast,  -91.96,  45273.00, 6299.88, 5329.69,  290.26, 47.7, 5.25, 5.25, 5.27
6, 13997, 13,    17.94, 5,   coast,  -91.92,  45193.00, 6312.67, 5342.48,  289.35, 47.7, 5.25, 5.25, 5.27
6, 13997, 13,    17.95, 5,   coast,  -91.88,  45193.00, 6312.67, 5342.48,  288.44, 47.7, 5.24, 5.25, 5.27
6, 13997, 13,    17.96, 5,   coast,  -91.86,  45110.00, 6325.97, 5355.78,  287.52, 47.7, 5.25, 5.25, 5.27
6, 13997, 13,    17.97, 5,   coast,  -91.83,  45016.00, 6341.05, 5370.86,  286.61, 47.7, 5.25, 5.25, 5.27
6, 13997, 13,    17.98, 5,   coast,  -91.82,  44953.00, 6351.17, 5380.98,  285.70, 47.7, 5.25, 5.25, 5.27
6, 13997, 13,    17.99, 5,   coast,  -91.82,  44855.00, 6366.94, 5396.75,  284.78, 47.7, 5.25, 5.25, 5.27
6, 13997, 13,    18.00, 5,   coast,  -91.82,  44729.00, 6387.25, 5417.06,  283.87, 47.7, 5.25, 5.25, 5.27
6, 13997, 13,    18.01, 5,   coast,  -91.84,  44578.00, 6411.66, 5441.46,  282.97, 47.7, 5.25, 5.25, 5.27
6, 13997, 13,    18.02, 5,   coast,  -91.86,  44426.00, 6436.29, 5466.10,  282.06, 47.7, 5.25, 5.25, 5.27
6, 13997, 13,    18.03, 5,   coast,  -91.90,  44266.00, 6462.29, 5492.10,  281.15, 47.7, 5.25, 5.25, 5.27
6, 13997, 13,    18.04, 5,   coast,  -91.95,  44151.00, 6481.03, 5510.84,  280.25, 47.7, 5.25, 5.25, 5.27
6, 13997, 13,    18.05, 5,   coast,  -92.02,  44034.00, 6500.14, 5529.95,  279.34, 47.7, 5.25, 5.25, 5.27
6, 13997, 13,    18.06, 5,   coast,  -92.10,  44034.00, 6500.14, 5529.95,  278.43, 47.7, 5.24, 5.25, 5.27
6, 13997, 13,    18.07, 5,   coast,  -92.19,  43886.00, 6524.36, 5554.17,  277.53, 47.7, 5.25, 5.25, 5.27
6, 13997, 13,    18.08, 5,   coast,  -92.30,  43721.00, 6551.45, 5581.26,  276.62, 47.7, 5.25, 5.25, 5.27
6, 13997, 13,    18.09, 5,   coast,  -92.43,  43647.00, 6563.62, 5593.43,  275.71, 47.7, 5.25, 5.25, 5.27
6, 13997, 13,    18.10, 5,   coast,  -92.57,  43573.00, 6575.81, 5605.62,  274.80, 47.7, 5.25, 5.25, 5.27
6, 13997, 13,    18.11, 5,   coast,  -92.73,  43526.00, 6583.56, 5613.37,  273.89, 47.7, 5.25, 5.25, 5.27
6, 13997, 13,    18.12, 5,   coast,  -92.91,  43505.00, 6587.03, 5616.84,  272.98, 47.7, 5.25, 5.25, 5.27
6, 13997, 13,    18.13, 5,   coast,  -93.11,  43477.00, 6591.65, 5621.46,  272.06, 47.7, 5.25, 5.25, 5.27
6, 13997, 13,    18.14, 5,   coast,  -93.33,  43455.00, 6595.29, 5625.10,  271.14, 47.7, 5.25, 5.25, 5.27
6, 13997, 13,    18.15, 5,   coast,  -93.57,  43442.00, 6597.44, 5627.24,  270.21, 47.7, 5.25, 5.25, 5.27
6, 13997, 13,    18.16, 5,   coast,  -93.83,  43444.00, 6597.11, 5626.91,  269.28, 47.7, 5.25, 5.25, 5.27
6, 13997, 13,    18.17, 5,   coast,  -94.12,  43444.00, 6597.11, 5626.91,  268.35, 47.7, 5.24, 5.25, 5.27
6, 13997, 13,    18.18, 5,   coast,  -94.43,  43469.00, 6592.97, 5622.78,  267.40, 47.7, 5.25, 5.25, 5.27
6, 13997, 13,    18.19, 5,   coast,  -94.76,  43566.00, 6576.97, 5606.78,  266.46, 47.7, 5.25, 5.25, 5.27
6, 13997, 13,    18.20, 5,   coast,  -95.11,  43632.00, 6566.09, 5595.90,  265.51, 47.7, 5.25, 5.25, 5.27
6, 13997, 13,    18.21, 5,   coast,  -95.48,  43702.00, 6554.57, 5584.38,  264.57, 47.7, 5.25, 5.25, 5.27
6, 13997, 13,    18.22, 5,   coast,  -95.88,  43783.00, 6541.26, 5571.07,  263.63, 47.7, 5.25, 5.25, 5.27
6, 13997, 13,    18.23, 5,   coast,  -96.31,  43856.00, 6529.28, 5559.09,  262.71, 47.7, 5.25, 5.25, 5.27
6, 13997, 13,    18.24, 5,   coast,  -96.75,  43907.00, 6520.92, 5550.73,  261.78, 47.7, 5.25, 5.25, 5.27
6, 13997, 13,    18.25, 5,   coast,  -97.23,  43953.00, 6513.39, 5543.20,  260.87, 47.7, 5.25, 5.25, 5.27
6, 13997, 13,    18.26, 5,   coast,  -97.72,  43992.00, 6507.00, 5536.81,  259.95, 47.7, 5.25, 5.25, 5.27
6, 13997, 13,    18.27, 5,   coast,  -98.24,  44025.00, 6501.61, 5531.42,  259.04, 47.7, 5.25, 5.25, 5.27
6, 13997, 13,    18.28, 5,   coast,  -98.78,  44025.00, 6501.61, 5531.42,  258.13, 47.7, 5.24, 5.25, 5.27
6, 13997, 13,    18.29, 5,   coast,  -99.35,  44055.00, 6496.70, 5526.51,  257.23, 47.7, 5.25, 5.25, 5.27
6, 13997, 13,    18.30, 5,   coast,  -99.95,  44095.00, 6490.17, 5519.98,  256.31, 47.7, 5.25, 5.25, 5.27
6, 13997, 13,    18.31, 5,   coast, -100.56,  44127.00, 6484.95, 5514.76,  255.39, 47.7, 5.25, 5.25, 5.27
6, 13997, 13,    18.32, 5,   coast, -101.20,  44157.00, 6480.05, 5509.86,  254.48, 47.7, 5.25, 5.25, 5.27
6, 13997, 13,    18.33, 5,   coast, -101.87,  44171.00, 6477.77, 5507.58,  253.57, 47.7, 5.25, 5.25, 5.27
6, 13997, 13,    18.34, 5,   coast, -102.55,  44182.00, 6475.98, 5505.79,  252.65, 47.7, 5.25, 5.25, 5.27
6, 13997, 13,    18.35, 5,   coast, -103.26,  44164.00, 6478.91, 5508.72,  251.72, 47.7, 5.25, 5.25, 5.27
6, 13997, 13,    18.36, 5,   coast, -103.98,  44145.00, 6482.01, 5511.82,  250.79, 47.7, 5.25, 5.25, 5.27
6, 13997, 13,    18.37, 5,   coast, -104.73,  44108.00, 6488.05, 5517.86,  249.85, 47.7, 5.25, 5.25, 5.27
6, 13997, 13,    18.38, 5,   coast, -105.49,  44051.00, 6497.36, 5527.17,  248.91, 47.7, 5.25, 5.25, 5.27
6, 13997, 13,    18.39, 5,   coast, -106.28,  44051.00, 6497.36, 5527.17,  247.95, 47.7, 5.24, 5.25, 5.27
6, 13997, 13,    18.40, 5,   coast, -107.07,  43971.00, 6510.44, 5540.25,  246.98, 47.7, 5.25, 5.25, 5.27
6, 13997, 13,    18.41, 5,   coast, -107.89,  43865.00, 6527.80, 5557.61,  246.00, 47.7, 5.25, 5.25, 5.27
6, 13997, 13,    18.42, 5,   coast, -108.72,  43804.00, 6537.81, 5567.62,  245.01, 47.7, 5.25, 5.25, 5.27
6, 13997, 13,    18.43, 5,   coast, -109.56,  43749.00, 6546.85, 5576.65,  244.01, 47.7, 5.25, 5.25, 5.27
6, 13997, 13,    18.44, 5,   coast, -110.41,  43695.00, 6555.72, 5585.53,  243.00, 47.7, 5.25, 5.25, 5.27
6, 13997, 13,    18.45, 5,   coast, -111.28,  43642.00, 6564.45, 5594.25,  241.98, 47.7, 5.25, 5.25, 5.27
6, 13997, 13,    18.46, 5,   coast, -112.15,  43608.00, 6570.04, 5599.85,  240.95, 47.7, 5.25, 5.25, 5.27
6, 13997, 13,    18.47, 5,   coast, -113.03,  43565.00, 6577.13, 5606.94,  239.91, 47.7, 5.25, 5.25, 5.27
6, 13997, 13,    18.48, 5,   coast, -113.91,  43565.00, 6577.13, 5606.94,  238.85, 47.7, 5.25, 5.25, 5.27
6, 13997, 13,    18.49, 5,   coast, -114.81,  43581.00, 6574.49, 5604.30,  237.79, 47.7, 5.25, 5.25, 5.27
6, 13997, 13,    18.50, 5,   coast, -115.70,  43581.00, 6574.49, 5604.30,  236.63, 47.7, 5.24, 5.25, 5.27
6, 13997, 13,    18.51, 5,   coast, -116.60,  43602.00, 6571.03, 5600.84,  235.37, 47.7, 5.25, 5.25, 5.27
6, 13997, 13,    18.52, 5,   coast, -117.50,  43639.00, 6564.94, 5594.75,  234.06, 47.7, 5.25, 5.25, 5.27
6, 13997, 13,    18.53, 5,   coast, -118.41,  43645.00, 6563.95, 5593.76,  232.71, 47.7, 5.25, 5.25, 5.27
6, 13997, 13,    18.54, 5,   coast, -119.31,  43642.00, 6564.45, 5594.25,  231.37, 47.7, 5.25, 5.25, 5.27
6, 13997, 13,    18.55, 5,   coast, -120.20,  43631.00, 6566.26, 5596.06,  230.05, 47.7, 5.25, 5.25, 5.27
6, 13997, 13,    18.56, 5,   coast, -121.10,  43613.00, 6569.22, 5599.03,  228.74, 47.7, 5.25, 5.25, 5.27
6, 13997, 13,    18.57, 5,   coast, -121.99,  43596.00, 6572.02, 5601.83,  227.45, 47.7, 5.25, 5.25, 5.27
6, 13997, 13,    18.58, 5,   coast, -122.87,  43566.00, 6576.97, 5606.78,  226.16, 47.7, 5.25, 5.25, 5.27
6, 13997, 13,    18.59, 5,   coast, -123.74,  43531.00, 6582.74, 5612.55,  224.86, 47.7, 5.25, 5.25, 5.27
6, 13997, 13,    18.60, 5,   coast, -124.61,  43494.00, 6588.85, 5618.65,  223.55, 47.7, 5.25, 5.25, 5.27
6, 13997, 13,    18.61, 5,   coast, -125.46,  43494.00, 6588.85, 5618.65,  222.23, 47.7, 5.24, 5.25, 5.27
6, 13997, 13,    18.62, 5,   coast, -126.31,  43453.00, 6595.62, 5625.43,  220.89, 47.7, 5.25, 5.25, 5.27
6, 13997, 13,    18.63, 5,   coast, -127.14,  43403.00, 6603.88, 5633.69,  219.54, 47.7, 5.25, 5.25, 5.27
6, 13997, 13,    18.64, 5,   coast, -127.96,  43377.00, 6608.18, 5637.99,  218.17, 47.7, 5.25, 5.25, 5.27
6, 13997, 13,    18.65, 5,   coast, -128.76,  43375.00, 6608.52, 5638.32,  216.79, 47.7, 5.25, 5.25, 5.27
6, 13997, 13,    18.66, 5,   coast, -129.55,  43381.00, 6607.52, 5637.33,  215.40, 47.7, 5.25, 5.25, 5.27
6, 13997, 13,    18.67, 5,   coast, -130.32,  43414.00, 6602.06, 5631.87,  213.99, 47.7, 5.25, 5.25, 5.27
6, 13997, 13,    18.68, 5,   coast, -131.08,  43438.00, 6598.10, 5627.91,  212.57, 47.7, 5.25, 5.25, 5.27
6, 13997, 13,    18.69, 5,   coast, -131.82,  43475.00, 6591.98, 5621.79,  211.70, 47.7, 5.25, 5.25, 5.27
6, 13997, 13,    18.70, 5,   coast, -132.54,  43520.00, 6584.55, 5614.36,  210.39, 47.7, 5.25, 5.25, 5.27
6, 13997, 13,    18.71, 5,   coast, -133.24,  43547.00, 6580.10, 5609.91,  209.08, 47.7, 5.25, 5.25, 5.27
6, 13997, 13,    18.72, 5,   coast, -133.93,  43547.00, 6580.10, 5609.91,  207.76, 47.7, 5.24, 5.25, 5.27
6, 13997, 13,    18.73, 5,   coast, -134.60,  43567.00, 6576.80, 5606.61,  206.43, 47.7, 5.25, 5.25, 5.27
6, 13997, 13,    18.74, 5,   coast, -135.24,  43531.00, 6582.74, 5612.55,  205.10, 47.7, 5.25, 5.25, 5.27
6, 13997, 13,    18.75, 5,   coast, -135.87,  43464.00, 6593.80, 5623.61,  203.77, 47.7, 5.25, 5.25, 5.27
6, 13997, 13,    18.76, 5,   coast, -136.47,  43400.00, 6604.38, 5634.19,  202.43, 47.7, 5.25, 5.25, 5.27
6, 13997, 13,    18.77, 5,   coast, -137.06,  43313.00, 6618.78, 5648.59,  201.09, 47.7, 5.25, 5.25, 5.27
6, 13997, 13,    18.78, 5,   coast, -137.62,  43229.00, 6632.71, 5662.51,  199.75, 47.7, 5.25, 5.25, 5.27
6, 13997, 13,    18.79, 5,   coast, -138.16,  43142.00, 6647.15, 5676.96,  198.11, 47.7, 5.25, 5.25, 5.27
6, 13997, 13,    18.80, 5,   coast, -138.68,  43039.00, 6664.29, 5694.10,  196.70, 47.7, 5.25, 5.25, 5.27
6, 13997, 13,    18.81, 5,   coast, -139.18,  42944.00, 6680.12, 5709.93,  195.29, 47.7, 5.25, 5.25, 5.27
6, 13997, 13,    18.82, 5,   coast, -139.66,  42846.00, 6696.48, 5726.29,  193.88, 47.7, 5.25, 5.25, 5.27
6, 13997, 13,    18.83, 5,   coast, -140.11,  42846.00, 6696.48, 5726.29,  192.46, 47.7, 5.24, 5.25, 5.27
6, 13997, 13,    18.84, 5,   coast, -140.55,  42725.00, 6716.73, 5746.54,  191.04, 47.7, 5.25, 5.25, 5.27
6, 13997, 13,    18.85, 5,   coast, -140.96,  42607.00, 6736.52, 5766.32,  189.61, 47.7, 5.25, 5.25, 5.27
6, 13997, 13,    18.86, 5,   coast, -141.35,  42574.00, 6742.06, 5771.87,  188.18, 47.7, 5.25, 5.25, 5.27
6, 13997, 13,    18.87, 5,   coast, -141.72,  42557.00, 6744.91, 5774.72,  186.75, 47.7, 5.25, 5.25, 5.27
6, 13997, 13,    18.88, 5,   coast, -142.07,  42565.00, 6743.57, 5773.38,  185.32, 47.7, 5.25, 5.25, 5.27
6, 13997, 13,    18.89, 5,   coast, -142.39,  42601.00, 6737.52, 5767.33,  183.85, 47.7, 5.25, 5.25, 5.27
6, 13997, 13,    18.90, 5,   coast, -142.70,  42662.00, 6727.29, 5757.10,  182.41, 47.7, 5.25, 5.25, 5.27
6, 13997, 13,    18.91, 5,   coast, -142.99,  42732.00, 6715.56, 5745.36,  180.97, 47.7, 5.25, 5.25, 5.27
6, 13997, 13,    18.92, 5,   coast, -143.25,  42829.00, 6699.32, 5729.13,  179.54, 47.7, 5.25, 5.25, 5.27
6, 13997, 13,    18.93, 5,   coast, -143.49,  42902.00, 6687.13, 5716.94,  178.10, 47.7, 5.25, 5.25, 5.27
6, 13997, 13,    18.94, 5,   coast, -143.72,  42902.00, 6687.13, 5716.94,  176.66, 47.7, 5.24, 5.25, 5.27
6, 13997, 13,    18.95, 5,   coast, -143.92,  42993.00, 6671.95, 5701.76,  175.23, 47.7, 5.25, 5.25, 5.27
6, 13997, 13,    18.96, 5,   coast, -144.10,  43087.00, 6656.30, 5686.11,  173.79, 47.7, 5.25, 5.25, 5.27
6, 13997, 13,    18.97, 5,   coast, -144.26,  43116.00, 6651.48, 5681.28,  172.36, 47.7, 5.25, 5.25, 5.27
6, 13997, 13,    18.98, 5,   coast, -144.40,  43131.00, 6648.98, 5678.79,  170.93, 47.7, 5.25, 5.25, 5.27
6, 13997, 13,    18.99, 5,   coast, -144.52,  43119.00, 6650.98, 5680.78,  169.06, 47.7, 5.25, 5.25, 5.27
6, 13997, 13,    19.00, 5,   coast, -144.62,  43092.00, 6655.47, 5685.28,  167.54, 47.7, 5.25, 5.25, 5.27
6, 13997, 13,    19.01, 5,   coast, -144.70,  43053.00, 6661.96, 5691.77,  166.01, 47.7, 5.25, 5.25, 5.27
6, 13997, 13,    19.02, 5,   coast, -144.76,  43020.00, 6667.45, 5697.26,  164.49, 47.7, 5.25, 5.25, 5.27
6, 13997, 13,    19.03, 5,   coast, -144.81,  42974.00, 6675.12, 5704.93,  162.97, 47.7, 5.25, 5.25, 5.27
6, 13997, 13,    19.04, 5,   coast, -144.83,  42935.00, 6681.62, 5711.43,  161.44, 47.7, 5.25, 5.25, 5.27
6, 13997, 13,    19.05, 5,   coast, -144.83,  42935.00, 6681.62, 5711.43,  159.92, 47.7, 5.24, 5.25, 5.27
6, 13997, 13,    19.06, 5,   coast, -144.81,  42879.00, 6690.97, 5720.78,  158.39, 47.7, 5.25, 5.25, 5.27
6, 13997, 13,    19.07, 5,   coast, -144.77,  42805.00, 6703.34, 5733.15,  156.87, 47.7, 5.25, 5.25, 5.27
6, 13997, 13,    19.08, 5,   coast, -144.71,  42768.00, 6709.53, 5739.34,  155.34, 47.7, 5.25, 5.25, 5.27
6, 13997, 13,    19.09, 5,   coast, -144.62,  42741.00, 6714.05, 5743.86,  154.03, 47.7, 5.25, 5.25, 5.27
6, 13997, 13,    19.10, 5,   coast, -144.52,  42726.00, 6716.56, 5746.37,  152.56, 47.7, 5.25, 5.25, 5.27
6, 13997, 13,    19.11, 5,   coast, -144.39,  42713.00, 6718.74, 5748.55,  151.10, 47.7, 5.25, 5.25, 5.27
6, 13997, 13,    19.12, 5,   coast, -144.24,  42697.00, 6721.42, 5751.23,  149.64, 47.7, 5.25, 5.25, 5.27
6, 13997, 13,    19.13, 5,   coast, -144.06,  42680.00, 6724.27, 5754.08,  148.19, 47.7, 5.25, 5.25, 5.27
6, 13997, 13,    19.14, 5,   coast, -143.87,  42663.00, 6727.12, 5756.93,  146.74, 47.7, 5.25, 5.25, 5.27
6, 13997, 13,    19.15, 5,   coast, -143.65,  42622.00, 6734.00, 5763.81,  145.31, 47.7, 5.25, 5.25, 5.27
6, 13997, 13,    19.16, 5,   coast, -143.40,  42622.00, 6734.00, 5763.81,  143.88, 47.7, 5.24, 5.25, 5.27
6, 13997, 13,    19.17, 5,   coast, -143.14,  42565.00, 6743.57, 5773.38,  142.45, 47.7, 5.25, 5.25, 5.27
6, 13997, 13,    19.18, 5,   coast, -142.85,  42491.00, 6756.01, 5785.82,  141.03, 47.7, 5.25, 5.25, 5.27
6, 13997, 13,    19.19, 5,   coast, -142.53,  42464.00, 6760.55, 5790.36,  139.43, 47.7, 5.25, 5.25, 5.27
6, 13997, 13,    19.20, 5,   coast, -142.19,  42448.00, 6763.25, 5793.06,  137.99, 47.7, 5.25, 5.25, 5.27
6, 13997, 13,    19.21, 5,   coast, -141.82,  42436.00, 6765.27, 5795.08,  136.55, 47.7, 5.25, 5.25, 5.27
6, 13997, 13,    19.22, 5,   coast, -141.43,  42434.00, 6765.61, 5795.41,  135.12, 47.7, 5.25, 5.25, 5.27
6, 13997, 13,    19.23, 5,   coast, -141.02,  42436.00, 6765.27, 5795.08,  133.70, 47.7, 5.25, 5.25, 5.27
6, 13997, 13,    19.24, 5,   coast, -140.58,  42449.00, 6763.08, 5792.89,  132.28, 47.7, 5.25, 5.25, 5.27
6, 13997, 13,    19.25, 5,   coast, -140.12,  42452.00, 6762.57, 5792.38,  130.87, 47.7, 5.25, 5.25, 5.27
6, 13997, 13,    19.26, 5,   coast, -139.63,  42464.00, 6760.55, 5790.36,  129.46, 47.7, 5.25, 5.25, 5.27
6, 13997, 13,    19.27, 5,   coast, -139.12,  42464.00, 6760.55, 5790.36,  128.05, 47.7, 5.24, 5.25, 5.27
6, 13997, 13,    19.28, 5,   coast, -138.58,  42485.00, 6757.02, 5786.83,  126.65, 47.7, 5.25, 5.25, 5.27
6, 13997, 13,    19.29, 5,   coast, -138.02,  42527.00, 6749.96, 5779.76,  125.19, 47.7, 5.25, 5.25, 5.27
6, 13997, 13,    19.30, 5,   coast, -137.44,  42533.00, 6748.95, 5778.76,  123.78, 47.7, 5.25, 5.25, 5.27
6, 13997, 13,    19.31, 5,   coast, -136.83,  42546.00, 6746.76, 5776.57,  122.38, 47.7, 5.25, 5.25, 5.27
6, 13997, 13,    19.32, 5,   coast, -136.20,  42563.00, 6743.90, 5773.71,  120.98, 47.7, 5.25, 5.25, 5.27
6, 13997, 13,    19.33, 5,   coast, -135.54,  42580.00, 6741.05, 5770.86,  119.58, 47.7, 5.25, 5.25, 5.27
6, 13997, 13,    19.34, 5,   coast, -134.86,  42599.00, 6737.86, 5767.67,  118.19, 47.7, 5.25, 5.25, 5.27
6, 13997, 13,    19.35, 5,   coast, -134.15,  42605.00, 6736.85, 5766.66,  116.81, 47.7, 5.25, 5.25, 5.27
6, 13997, 13,    19.36, 5,   coast, -133.42,  42621.00, 6734.17, 5763.97,  115.43, 47.7, 5.25, 5.25, 5.27
6, 13997, 13,    19.37, 5,   coast, -132.66,  42642.00, 6730.64, 5760.45,  114.05, 47.7, 5.25, 5.25, 5.27
6, 13997, 13,    19.38, 5,   coast, -131.88,  42642.00, 6730.64, 5760.45,  112.69, 47.7, 5.24, 5.25, 5.27
6, 13997, 13,    19.39, 5,   coast, -131.08,  42659.00, 6727.79, 5757.60,  111.15, 47.7, 5.25, 5.25, 5.27
6, 13997, 13,    19.40, 5,   coast, -130.25,  42686.00, 6723.26, 5753.07,  109.78, 47.7, 5.25, 5.25, 5.27
6, 13997, 13,    19.41, 5,   coast, -129.40,  42706.00, 6719.91, 5749.72,  108.41, 47.7, 5.25, 5.25, 5.27
6, 13997, 13,    19.42, 5,   coast, -128.52,  42723.00, 6717.06, 5746.87,  107.05, 47.7, 5.25, 5.25, 5.27
6, 13997, 13,    19.43, 5,   coast, -127.63,  42741.00, 6714.05, 5743.86,  105.71, 47.7, 5.25, 5.25, 5.27
6, 13997, 13,    19.44, 5,   coast, -126.71,  42762.00, 6710.53, 5740.34,  104.38, 47.7, 5.25, 5.25, 5.27
6, 13997, 13,    19.45, 5,   coast, -125.76,  42784.00, 6706.85, 5736.66,  103.07, 47.7, 5.25, 5.25, 5.27
6, 13997, 13,    19.46, 5,   coast, -124.80,  42801.00, 6704.01, 5733.82,  101.77, 47.7, 5.25, 5.25, 5.27
6, 13997, 13,    19.47, 5,   coast, -123.82,  42810.00, 6702.50, 5732.31,  100.48, 47.7, 5.25, 5.25, 5.27
6, 13997, 13,    19.48, 5,   coast, -122.81,  42814.00, 6701.83, 5731.64,   99.22, 47.7, 5.25, 5.25, 5.27
6, 13997, 13,    19.49, 5,   coast, -121.79,  42814.00, 6701.83, 5731.64,   97.82, 47.7, 5.24, 5.25, 5.27
6, 13997, 13,    19.50, 5,   coast, -120.75,  42788.00, 6706.18, 5735.99,   96.55, 47.7, 5.25, 5.25, 5.27
6, 13997, 13,    19.51, 5,   coast, -119.68,  42723.00, 6717.06, 5746.87,   95.30, 47.7, 5.25, 5.25, 5.27
6, 13997, 13,    19.52, 5,   coast, -118.61,  42699.00, 6721.08, 5750.89,   94.06, 47.7, 5.25, 5.25, 5.27
6, 13997, 13,    19.53, 5,   coast, -117.51,  42658.00, 6727.96, 5757.77,   92.83, 47.7, 5.25, 5.25, 5.27
6, 13997, 13,    19.54, 5,   coast, -116.39,  42605.00, 6736.85, 5766.66,   91.62, 47.7, 5.25, 5.25, 5.27
6, 13997, 13,    19.55, 5,   coast, -115.26,  42571.00, 6742.56, 5772.37,   90.41, 47.7, 5.25, 5.25, 5.27
6, 13997, 13,    19.56, 5,   coast, -114.11,  42524.00, 6750.46, 5780.27,   89.21, 47.7, 5.25, 5.25, 5.27
6, 13997, 13,    19.57, 5,   coast, -112.95,  42472.00, 6759.21, 5789.02,   88.03, 47.7, 5.25, 5.25, 5.27
6, 13997, 13,    19.58, 5,   coast, -111.77,  42432.00, 6765.94, 5795.75,   86.85, 47.7, 5.25, 5.25, 5.27
6, 13997, 13,    19.59, 5,   coast, -110.57,  42415.00, 6768.81, 5798.62,   85.78, 47.7, 5.25, 5.25, 5.27
6, 13997, 13,    19.60, 5,   coast, -109.36,  42415.00, 6768.81, 5798.62,   84.66, 47.7, 5.24, 5.25, 5.27
6, 13997, 13,    19.61, 5,   coast, -108.14,  42391.00, 6772.85, 5802.66,   83.55, 47.7, 5.25, 5.25, 5.27
6, 13997, 13,    19.62, 5,   coast, -106.90,  42385.00, 6773.86, 5803.67,   82.46, 47.7, 5.25, 5.25, 5.27
6, 13997, 13,    19.63, 5,   coast, -105.65,  42393.00, 6772.51, 5802.32,   81.39, 47.7, 5.25, 5.25, 5.27
6, 13997, 13,    19.64, 5,   coast, -104.39,  42413.00, 6769.14, 5798.95,   80.35, 47.7, 5.25, 5.25, 5.27
6, 13997, 13,    19.65, 5,   coast, -103.11,  42444.00, 6763.92, 5793.73,   79.33, 47.7, 5.25, 5.25, 5.27
6, 13997, 13,    19.66, 5,   coast, -101.83,  42483.00, 6757.36, 5787.17,   78.32, 47.7, 5.25, 5.25, 5.27
6, 13997, 13,    19.67, 5,   coast, -100.54,  42530.00, 6749.45, 5779.26,   77.34, 47.7, 5.25, 5.25, 5.27
6, 13997, 13,    19.68, 5,   coast,  -99.24,  42567.00, 6743.23, 5773.04,   76.37, 47.7, 5.25, 5.25, 5.27
6, 13997, 13,    19.69, 5,   coast,  -97.93,  42603.00, 6737.19, 5767.00,   75.33, 47.7, 5.25, 5.25, 5.27
6, 13997, 13,    19.70, 5,   coast,  -96.62,  42631.00, 6732.49, 5762.30,   74.37, 47.7, 5.25, 5.25, 5.27
6, 13997, 13,    19.71, 5,   coast,  -95.30,  42631.00, 6732.49, 5762.30,   73.40, 47.7, 5.24, 5.25, 5.27
6, 13997, 13,    19.72, 5,   coast,  -93.98,  42652.00, 6728.96, 5758.77,   72.45, 47.7, 5.25, 5.25, 5.27
6, 13997, 13,    19.73, 5,   coast,  -92.65,  42659.00, 6727.79, 5757.60,   71.51, 47.7, 5.25, 5.25, 5.27
6, 13997, 13,    19.74, 5,   coast,  -91.32,  42641.00, 6730.81, 5760.62,   70.59, 47.7, 5.25, 5.25, 5.27
6, 13997, 13,    19.75, 5,   coast,  -89.98,  42613.00, 6735.51, 5765.32,   69.70, 47.7, 5.25, 5.25, 5.27
6, 13997, 13,    19.76, 5,   coast,  -88.65,  42589.00, 6739.54, 5769.35,   68.83, 47.7, 5.25, 5.25, 5.27
6, 13997, 13,    19.77, 5,   coast,  -87.31,  42550.00, 6746.09, 5775.90,   67.98, 47.7, 5.25, 5.25, 5.27
6, 13997, 13,    19.78, 5,   coast,  -85.97,  42511.00, 6752.65, 5782.45,   67.15, 47.7, 5.25, 5.25, 5.27
6, 13997, 13,    19.79, 5,   coast,  -84.64,  42466.00, 6760.22, 5790.03,   66.25, 47.7, 5.25, 5.25, 5.27
6, 13997, 13,    19.80, 5,   coast,  -83.30,  42434.00, 6765.61, 5795.41,   65.43, 47.7, 5.25, 5.25, 5.27
6, 13997, 13,    19.81, 5,   coast,  -81.97,  42415.00, 6768.81, 5798.62,   64.61, 47.7, 5.25, 5.25, 5.27
6, 13997, 13,    19.82, 5,   coast,  -80.64,  42415.00, 6768.81, 5798.62,   63.80, 47.7, 5.24, 5.25, 5.27
6, 13997, 13,    19.83, 5,   coast,  -79.32,  42403.00, 6770.83, 5800.64,   63.00, 47.7, 5.25, 5.25, 5.27
6, 13997, 13,    19.84, 5,   coast,  -78.00,  42407.00, 6770.15, 5799.96,   62.20, 47.7, 5.25, 5.25, 5.27
6, 13997, 13,    19.85, 5,   coast,  -76.69,  42403.00, 6770.83, 5800.64,   61.41, 47.7, 5.25, 5.25, 5.27
6, 13997, 13,    19.86, 5,   coast,  -75.38,  42412.00, 6769.31, 5799.12,   60.63, 47.7, 5.25, 5.25, 5.27
6, 13997, 13,    19.87, 5,   coast,  -74.08,  42421.00, 6767.80, 5797.60,   59.86, 47.7, 5.25, 5.25, 5.27
6, 13997, 13,    19.88, 5,   coast,  -72.79,  42443.00, 6764.09, 5793.90,   59.09, 47.7, 5.25, 5.25, 5.27
6, 13997, 13,    19.89, 5,   coast,  -71.50,  42454.00, 6762.24, 5792.05,   58.28, 47.7, 5.25, 5.25, 5.27
6, 13997, 13,    19.90, 5,   coast,  -70.23,  42478.00, 6758.20, 5788.01,   57.53, 47.7, 5.25, 5.25, 5.27
6, 13997, 13,    19.91, 5,   coast,  -68.97,  42494.00, 6755.51, 5785.31,   56.80, 47.7, 5.25, 5.25, 5.27
6, 13997, 13,    19.92, 5,   coast,  -67.71,  42524.00, 6750.46, 5780.27,   56.10, 47.7, 5.25, 5.25, 5.27
6, 13997, 13,    19.93, 5,   coast,  -66.47,  42524.00, 6750.46, 5780.27,   55.41, 47.7, 5.24, 5.25, 5.27
6, 13997, 13,    19.94, 5,   coast,  -65.24,  42554.00, 6745.42, 5775.23,   54.74, 47.7, 5.25, 5.25, 5.27
6, 13997, 13,    19.95, 5,   coast,  -64.02,  42581.00, 6740.88, 5770.69,   54.09, 47.7, 5.25, 5.25, 5.27
6, 13997, 13,    19.96, 5,   coast,  -62.81,  42586.00, 6740.04, 5769.85,   53.45, 47.7, 5.25, 5.25, 5.27
6, 13997, 13,    19.97, 5,   coast,  -61.61,  42584.00, 6740.38, 5770.19,   52.84, 47.7, 5.25, 5.25, 5.27
6, 13997, 13,    19.98, 5,   coast,  -60.43,  42555.00, 6745.25, 5775.06,   52.24, 47.7, 5.25, 5.25, 5.27
6, 13997, 13,    19.99, 5,   coast,  -59.26,  42536.00, 6748.44, 5778.25,   51.55, 47.7, 5.25, 5.25, 5.27
6, 13997, 13,    20.00, 5,   coast,  -58.10,  42505.00, 6753.66, 5783.46,   50.98, 47.7, 5.25, 5.25, 5.27
6, 13997, 13,    20.01, 5,   coast,  -56.96,  42475.00, 6758.70, 5788.51,   50.42, 47.7, 5.25, 5.25, 5.27
6, 13997, 13,    20.02, 5,   coast,  -55.84,  42453.00, 6762.41, 5792.21,   49.89, 47.7, 5.25, 5.25, 5.27
6, 13997, 13,    20.03, 5,   coast,  -54.73,  42431.00, 6766.11, 5795.92,   49.39, 47.7, 5.25, 5.25, 5.27
6, 13997, 13,    20.04, 5,   coast,  -53.64,  42431.00, 6766.11, 5795.92,   48.90, 47.7, 5.24, 5.25, 5.27
6, 13997, 13,    20.05, 5,   coast,  -52.56,  42414.00, 6768.98, 5798.78,   48.43, 47.7, 5.25, 5.25, 5.27
6, 13997, 13,    20.06, 5,   coast,  -51.50,  42394.00, 6772.35, 5802.15,   47.97, 47.7, 5.25, 5.25, 5.27
6, 13997, 13,    20.07, 5,   coast,  -50.45,  42376.00, 6775.38, 5805.19,   47.52, 47.7, 5.25, 5.25, 5.27
6, 13997, 13,    20.08, 5,   coast,  -49.43,  42370.00, 6776.39, 5806.20,   47.10, 47.7, 5.25, 5.25, 5.27
6, 13997, 13,    20.09, 5,   coast,  -48.42,  42366.00, 6777.07, 5806.88,   46.70, 47.7, 5.25, 5.25, 5.27
6, 13997, 13,    20.10, 5,   coast,  -47.45,  42353.00, 6779.26, 5809.07,   46.31, 47.7, 5.25, 5.25, 5.27
6, 13997, 13,    20.11, 5,   coast,  -46.50,  42351.00, 6779.60, 5809.41,   45.93, 47.7, 5.25, 5.25, 5.27
6, 13997, 13,    20.12, 5,   coast,  -45.59,  42361.00, 6777.91, 5807.72,   45.55, 47.7, 5.25, 5.25, 5.27
6, 13997, 13,    20.13, 5,   coast,  -44.71,  42375.00, 6775.55, 5805.36,   45.18, 47.7, 5.25, 5.25, 5.27
6, 13997, 13,    20.14, 5,   coast,  -43.85,  42397.00, 6771.84, 5801.65,   44.82, 47.7, 5.25, 5.25, 5.27
6, 13997, 13,    20.15, 5,   coast,  -43.03,  42397.00, 6771.84, 5801.65,   44.46, 47.7, 5.24, 5.25, 5.27
6, 13997, 13,    20.16, 5,   coast,  -42.23,  42428.00, 6766.62, 5796.43,   44.11, 47.7, 5.25, 5.25, 5.27
6, 13997, 13,    20.17, 5,   coast,  -41.45,  42474.00, 6758.87, 5788.68,   43.76, 47.7, 5.25, 5.25, 5.27
6, 13997, 13,    20.18, 5,   coast,  -40.69,  42492.00, 6755.84, 5785.65,   43.42, 47.7, 5.25, 5.25, 5.27
6, 13997, 13,    20.19, 5,   coast,  -39.36,  42509.00, 6752.98, 5782.79,   43.03, 47.7, 5.25, 5.25, 5.27
6, 13997, 13,    20.20, 5,   coast,  -38.55,  42514.00, 6752.14, 5781.95,   42.67, 47.7, 5.25, 5.25, 5.27
6, 13997, 13,    20.21, 5,   coast,  -37.77,  42523.00, 6750.63, 5780.44,   42.32, 47.7, 5.25, 5.25, 5.27
6, 13997, 13,    20.22, 5,   coast,  -37.02,  42521.00, 6750.96, 5780.77,   41.96, 47.7, 5.25, 5.25, 5.27
6, 13997, 13,    20.23, 5,   coast,  -36.30,  42517.00, 6751.64, 5781.45,   41.59, 47.7, 5.25, 5.25, 5.27
6, 13997, 13,    20.24, 5,   coast,  -35.60,  42499.00, 6754.66, 5784.47,   41.23, 47.7, 5.25, 5.25, 5.27
6, 13997, 13,    20.25, 5,   coast,  -34.93,  42495.00, 6755.34, 5785.15,   40.88, 47.7, 5.25, 5.25, 5.27
6, 13997, 13,    20.26, 5,   coast,  -34.28,  42495.00, 6755.34, 5785.15,   40.52, 47.7, 5.24, 5.25, 5.27
6, 13997, 13,    20.27, 5,   coast,  -33.65,  42480.00, 6757.86, 5787.67,   40.17, 47.7, 5.25, 5.25, 5.27
6, 13997, 13,    20.28, 5,   coast,  -33.05,  42473.00, 6759.04, 5788.85,   39.83, 47.7, 5.25, 5.25, 5.27
6, 13997, 13,    20.29, 5,   coast,  -31.97,  42454.00, 6762.24, 5792.05,   39.50, 47.7, 5.25, 5.25, 5.27
6, 13997, 13,    20.30, 5,   coast,  -31.32,  42461.00, 6761.06, 5790.87,   39.16, 47.7, 5.25, 5.25, 5.27
6, 13997, 13,    20.31, 5,   coast,  -30.70,  42446.00, 6763.59, 5793.39,   38.84, 47.7, 5.25, 5.25, 5.27
6, 13997, 13,    20.32, 5,   coast,  -30.10,  42429.00, 6766.45, 5796.26,   38.51, 47.7, 5.25, 5.25, 5.27
6, 13997, 13,    20.33, 5,   coast,  -29.53,  42429.00, 6766.45, 5796.26,   38.19, 47.7, 5.25, 5.25, 5.27
6, 13997, 13,    20.34, 5,   coast,  -28.98,  42428.00, 6766.62, 5796.43,   37.88, 47.7, 5.25, 5.25, 5.27
6, 13997, 13,    20.35, 5,   coast,  -28.45,  42428.00, 6766.62, 5796.43,   37.58, 47.7, 5.25, 5.25, 5.27
6, 13997, 13,    20.36, 5,   coast,  -27.93,  42426.00, 6766.95, 5796.76,   37.28, 47.8, 5.25, 5.25, 5.27
6, 13997, 13,    20.37, 5,   coast,  -27.44,  42426.00, 6766.95, 5796.76,   37.00, 47.8, 5.24, 5.25, 5.27
6, 13997, 13,    20.38, 5,   coast,  -26.96,  42436.00, 6765.27, 5795.08,   36.73, 47.7, 5.25, 5.25, 5.27
6, 13997, 13,    20.39, 5,   coast,  -26.11,  42450.00, 6762.91, 5792.72,   36.48, 47.7, 5.25, 5.25, 5.27
6, 13997, 13,    20.40, 5,   coast,  -25.60,  42458.00, 6761.56, 5791.37,   36.23, 47.7, 5.25, 5.25, 5.27
6, 13997, 13,    20.41, 5,   coast,  -25.12,  42472.00, 6759.21, 5789.02,   36.00, 47.7, 5.25, 5.25, 5.27
6, 13997, 13,    20.42, 5,   coast,  -24.65,  42473.00, 6759.04, 5788.85,   35.78, 47.7, 5.25, 5.25, 5.27
6, 13997, 13,    20.43, 5,   coast,  -24.19,  42490.00, 6756.18, 5785.99,   35.58, 47.7, 5.25, 5.25, 5.27
6, 13997, 13,    20.44, 5,   coast,  -23.76,  42501.00, 6754.33, 5784.14,   35.38, 47.7, 5.25, 5.25, 5.27
6, 13997, 13,    20.45, 5,   coast,  -23.34,  42508.00, 6753.15, 5782.96,   35.19, 47.7, 5.25, 5.25, 5.27
6, 13997, 13,    20.46, 5,   coast,  -22.93,  42517.00, 6751.64, 5781.45,   35.01, 47.7, 5.25, 5.25, 5.27
6, 13997, 13,    20.47, 5,   coast,  -22.54,  42520.00, 6751.13, 5780.94,   34.84, 47.7, 5.25, 5.25, 5.27
6, 13997, 13,    20.48, 5,   coast,  -22.15,  42520.00, 6751.13, 5780.94,   34.68, 47.7, 5.24, 5.25, 5.27
6, 13997, 13,    20.49, 5,   coast,  -21.51,  42536.00, 6748.44, 5778.25,   34.44, 47.7, 0.00, 5.24, 5.27
6, 13997, 13,    20.50, 5,   coast,  -21.11,  43329.00, 6616.13, 5645.94,   34.27, 47.7, 0.00, 5.25, 5.27
6, 13997, 13,    20.51, 5,   coast,  -20.73,  44156.00, 6480.22, 5510.03,   34.10, 47.7, 0.00, 5.25, 5.27
6, 13997, 13,    20.52, 5,   coast,  -20.37,  44546.00, 6416.84, 5446.65,   33.93, 47.7, 0.00, 5.25, 5.27
6, 13997, 13,    20.53, 5,   coast,  -20.02,  44646.00, 6400.66, 5430.47,   33.76, 47.7, 0.00, 5.25, 5.27
6, 13997, 13,    20.54, 5,   coast,  -19.68,  44439.00, 6434.18, 5463.99,   33.59, 47.7, 0.00, 5.23, 5.29
6, 13997, 13,    20.55, 5,   coast,  -19.36,  44072.00, 6493.93, 5523.74,   33.43, 47.7, 0.00, 5.25, 5.27
6, 13997, 13,    20.56, 5,   coast,  -19.05,  43689.00, 6556.71, 5586.52,   33.28, 47.7, 0.00, 5.25, 5.27
6, 13997, 13,    20.57, 5,   coast,  -18.75,  43379.00, 6607.85, 5637.66,   33.12, 47.7, 0.00, 5.25, 5.27
6, 13997, 13,    20.58, 6,  drogue,  -18.47,  43138.00, 6647.82, 5677.63,   32.98, 47.8, 0.01, 5.23, 5.29
6, 13997, 13,    20.58, 6,  drogue,  -18.47,  43138.00, 6647.82, 5677.63,   32.98, 47.8, 0.01, 5.23, 5.29
6, 13997, 13,    20.59, 6,  drogue,  -16.77,  43138.00, 6647.82, 5677.63,   32.18, 47.8, 0.00, 5.25, 5.28
6, 13997, 13,    20.69, 6,  drogue,  -14.63,  42035.00, 6833.07, 5862.88,   30.81, 47.8, 0.00, 5.26, 5.28
6, 13997, 13,    20.79, 6,  drogue,  -13.58,  42225.00, 6800.88, 5830.69,   29.76, 47.8, 0.00, 5.25, 5.27
6, 13997, 13,    20.89, 6,  drogue,  -13.60,  42038.00, 6832.56, 5862.37,   28.83, 47.8, 0.00, 5.25, 5.28
6, 13997, 13,    20.99, 6,  drogue,  -14.57,  42558.00, 6744.75, 5774.55,   27.39, 47.8, 0.00, 5.25, 5.27
6, 13997, 13,    21.09, 6,  drogue,  -16.25,  42058.00, 6829.17, 5858.97,   25.97, 47.8, 0.00, 5.25, 5.28
6, 13997, 13,    21.19, 6,  drogue,  -18.03,  42168.00, 6810.52, 5840.33,   24.50, 47.8, 0.00, 5.25, 5.27
6, 13997, 13,    21.29, 6,  drogue,  -19.56,  42115.00, 6819.50, 5849.31,   22.71, 47.8, 0.00, 5.25, 5.27
6, 13997, 13,    21.39, 6,  drogue,  -20.59,  42266.00, 6793.95, 5823.76,   20.56, 47.8, 0.00, 5.25, 5.27
6, 13997, 13,    21.49, 6,  drogue,  -20.99,  42400.00, 6771.33, 5801.14,   18.27, 47.8, 0.00, 5.25, 5.28
6, 13997, 13,    21.59, 6,  drogue,  -20.66,  42145.00, 6814.42, 5844.23,   16.17, 47.8, 0.00, 5.25, 5.28
6, 13997, 13,    21.69, 6,  drogue,  -19.70,  42171.00, 6810.02, 5839.82,   13.97, 47.8, 0.00, 5.25, 5.28
6, 13997, 13,    21.79, 6,  drogue,  -18.20,  42211.00, 6803.25, 5833.06,   11.93, 47.8, 0.01, 5.23, 5.29
6, 13997, 13,    21.89, 6,  drogue,  -16.28,  42234.00, 6799.36, 5829.17,   10.03, 47.8, 0.00, 5.25, 5.28
6, 13997, 13,    21.99, 6,  drogue,  -14.12,  42359.00, 6778.25, 5808.06,    8.31, 47.8, 0.00, 5.25, 5.28
6, 13997, 13,    22.09, 6,  drogue,  -11.94,  42302.00, 6787.87, 5817.68,    6.93, 47.8, 0.00, 5.25, 5.28
6, 13997, 13,    22.19, 6,  drogue,   -9.68,  42315.00, 6785.67, 5815.48,    5.73, 47.8, 0.00, 5.25, 5.28
6, 13997, 13,    22.29, 6,  drogue,   -7.14,  42247.00, 6797.16, 5826.97,    4.84, 47.8, 0.00, 5.25, 5.28
6, 13997, 13,    22.39, 6,  drogue,   -4.14,  42165.00, 6811.03, 5840.84,    4.26, 47.8, 0.00, 5.25, 5.28
6, 13997, 13,    22.49, 6,  drogue,   -0.87,  42218.00, 6802.06, 5831.87,    3.32, 47.8, 0.00, 5.25, 5.28
6, 13997, 13,    22.59, 6,  drogue,    2.19,  42264.00, 6794.29, 5824.09,    2.83, 47.8, 0.00, 5.25, 5.28
6, 13997, 13,    22.69, 6,  drogue,    4.42,  42303.00, 6787.70, 5817.51,    3.86, 47.8, 0.00, 5.25, 5.28
6, 13997, 13,    22.79, 6,  drogue,    5.48,  42298.00, 6788.54, 5818.35,    4.61, 47.8, 0.00, 5.25, 5.28
6, 13997, 13,    22.89, 6,  drogue,    5.41,  42278.00, 6791.92, 5821.73,    5.43, 47.8, 0.00, 5.25, 5.28
6, 13997, 13,    22.99, 6,  drogue,    4.53,  42260.00, 6794.96, 5824.77,    5.67, 47.8, 0.00, 5.25, 5.28
6, 13997, 13,    23.09, 6,  drogue,    3.25,  42222.00, 6801.39, 5831.19,    6.34, 47.8, 0.00, 5.25, 5.28
6, 13997, 13,    23.19, 6,  drogue,    1.86,  42200.00, 6805.11, 5834.92,    6.72, 47.8, 0.00, 5.25, 5.28
6, 13997, 13,    23.29, 6,  drogue,    0.38,  42204.00, 6804.43, 5834.24,    6.99, 47.8, 0.00, 5.25, 5.28
6, 13997, 13,    23.39, 6,  drogue,   -1.09,  42207.00, 6803.92, 5833.73,    6.95, 47.8, 0.00, 5.25, 5.28
6, 13997, 13,    23.49, 6,  drogue,   -2.52,  42206.00, 6804.09, 5833.90,    6.68, 47.8, 0.00, 5.25, 5.28
6, 13997, 13,    23.59, 6,  drogue,   -3.89,  42201.00, 6804.94, 5834.75,    6.53, 47.8, 0.00, 5.25, 5.28
6, 13997, 13,    23.69, 6,  drogue,   -5.27,  42200.00, 6805.11, 5834.92,    6.19, 47.8, 0.00, 5.25, 5.28
6, 13997, 13,    23.79, 6,  drogue,   -6.61,  42187.00, 6807.31, 5837.12,    5.66, 47.8, 0.00, 5.25, 5.28
6, 13997, 13,    23.89, 6,  drogue,   -7.82,  42190.00, 6806.80, 5836.61,    4.98, 47.8, 0.00, 5.25, 5.28
6, 13997, 13,    23.99, 6,  drogue,   -8.79,  42181.00, 6808.32, 5838.13,    4.09, 47.8, 0.00, 5.25, 5.28
6, 13997, 13,    24.09, 6,  drogue,   -9.47,  42180.00, 6808.49, 5838.30,    3.18, 47.8, 0.00, 5.25, 5.28
6, 13997, 13,    24.19, 6,  drogue,   -9.94,  42177.00, 6809.00, 5838.81,    2.18, 47.8, 0.00, 5.25, 5.28
6, 13997, 13,    24.29, 6,  drogue,  -10.27,  42171.00, 6810.02, 5839.82,    1.18, 47.8, 0.00, 5.25, 5.28
6, 13997, 13,    24.39, 6,  drogue,  -10.46,  42169.00, 6810.35, 5840.16,    0.18, 47.8, 0.00, 5.25, 5.28
6, 13997, 13,    24.49, 6,  drogue,  -10.50,  42171.00, 6810.02, 5839.82,   -0.90, 47.8, 0.00, 5.25, 5.28
6, 13997, 13,    24.59, 6,  drogue,  -10.33,  42167.00, 6810.69, 5840.50,   -2.00, 47.8, 0.00, 5.25, 5.28
6, 13997, 13,    24.69, 6,  drogue,   -9.93,  42167.00, 6810.69, 5840.50,   -3.10, 47.8, 0.00, 5.25, 5.28
6, 13997, 13,    24.79, 6,  drogue,   -9.32,  42165.00, 6811.03, 5840.84,   -4.12, 47.8, 0.00, 5.25, 5.28
6, 13997, 13,    24.89, 6,  drogue,   -8.57,  42169.00, 6810.35, 5840.16,   -5.06, 47.8, 0.00, 5.25, 5.28
6, 13997, 13,    24.99, 6,  drogue,   -7.72,  42175.00, 6809.34, 5839.15,   -5.93, 47.8, 0.00, 5.25, 5.28
6, 13997, 13,    25.09, 6,  drogue,   -6.79,  42172.00, 6809.85, 5839.65,   -6.71, 47.8, 0.00, 5.25, 5.28
6, 13997, 13,    25.19, 6,  drogue,   -5.78,  42182.00, 6808.15, 5837.96,   -7.40, 47.8, 0.00, 5.25, 5.28
6, 13997, 13,    25.29, 6,  drogue,   -4.69,  42189.00, 6806.97, 5836.78,   -8.00, 47.8, 0.00, 5.25, 5.28
6, 13997, 13,    25.39, 6,  drogue,   -3.52,  42206.00, 6804.09, 5833.90,   -8.49, 47.8, 0.00, 5.25, 5.28
6, 13997, 13,    25.49, 6,  drogue,   -2.35,  42218.00, 6802.06, 5831.87,   -8.85, 47.8, 0.00, 5.25, 5.28
6, 13997, 13,    25.59, 6,  drogue,   -1.28,  42228.00, 6800.37, 5830.18,   -9.08, 47.8, 0.00, 5.25, 5.28
6, 13997, 13,    25.69, 6,  drogue,   -0.42,  42230.00, 6800.03, 5829.84,   -9.17, 47.8, 0.00, 5.25, 5.28
6, 13997, 13,    25.79, 6,  drogue,    0.15,  42234.00, 6799.36, 5829.17,   -9.15, 47.8, 0.00, 5.25, 5.28
6, 13997, 13,    25.89, 6,  drogue,    0.37,  42249.00, 6796.82, 5826.63,   -9.05, 47.8, 0.00, 5.25, 5.28
6, 13997, 13,    25.99, 6,  drogue,    0.24,  42258.00, 6795.30, 5825.11,   -8.96, 47.8, 0.00, 5.25, 5.28
6, 13997, 13,    26.09, 6,  drogue,   -0.21,  42276.00, 6792.26, 5822.07,   -8.90, 47.8, 0.00, 5.25, 5.28
6, 13997, 13,    26.19, 6,  drogue,   -0.90,  42287.00, 6790.40, 5820.21,   -8.89, 47.8, 0.00, 5.25, 5.28
6, 13997, 13,    26.29, 6,  drogue,   -1.79,  42297.00, 6788.71, 5818.52,   -8.92, 47.8, 0.00, 5.25, 5.28
6, 13997, 13,    26.39, 6,  drogue,   -2.82,  42280.00, 6791.58, 5821.39,   -9.08, 47.8, 0.00, 5.25, 5.28
6, 13997, 13,    26.49, 6,  drogue,   -3.95,  42267.00, 6793.78, 5823.59,   -9.37, 47.8, 0.00, 5.25, 5.28
6, 13997, 13,    26.59, 6,  drogue,   -5.15,  42247.00, 6797.16, 5826.97,   -9.76, 47.8, 0.00, 5.25, 5.28
6, 13997, 13,    26.69, 6,  drogue,   -6.42,  42251.00, 6796.48, 5826.29,  -10.25, 47.8, 0.00, 5.25, 5.28
6, 13997, 13,    26.79, 6,  drogue,   -7.74,  42261.00, 6794.79, 5824.60,  -10.88, 47.8, 0.00, 5.25, 5.28
6, 13997, 13,    26.89, 6,  drogue,   -9.03,  42286.00, 6790.57, 5820.38,  -11.65, 47.8, 0.00, 5.25, 5.28
6, 13997, 13,    26.99, 6,  drogue,  -10.22,  42320.00, 6784.83, 5814.64,  -12.56, 47.8, 0.00, 5.25, 5.28
6, 13997, 13,    27.09, 6,  drogue,  -11.17,  42331.00, 6782.97, 5812.78,  -13.62, 47.8, 0.00, 5.25, 5.28
6, 13997, 13,    27.19, 6,  drogue,  -11.75,  42329.00, 6783.31, 5813.12,  -14.80, 47.8, 0.00, 5.25, 5.28
6, 13997, 13,    27.29, 6,  drogue,  -11.86,  42317.00, 6785.33, 5815.14,  -16.05, 47.8, 0.00, 5.25, 5.28
6, 13997, 13,    27.39, 6,  drogue,  -11.45,  42299.00, 6788.37, 5818.18,  -17.34, 47.8, 0.00, 5.25, 5.28
6, 13997, 13,    27.49, 6,  drogue,  -10.53,  42286.00, 6790.57, 5820.38,  -18.58, 47.8, 0.00, 5.25, 5.28
6, 13997, 13,    27.59, 6,  drogue,   -9.23,  42280.00, 6791.58, 5821.39,  -19.75, 47.8, 0.00, 5.25, 5.28
6, 13997, 13,    27.69, 6,  drogue,   -7.73,  42275.00, 6792.43, 5822.24,  -20.67, 47.8, 0.00, 5.25, 5.28
6, 13997, 13,    27.79, 6,  drogue,   -6.19,  42292.00, 6789.56, 5819.36,  -21.43, 47.8, 0.00, 5.25, 5.28
6, 13997, 13,    27.89, 6,  drogue,   -4.72,  42315.00, 6785.67, 5815.48,  -22.02, 47.8, 0.00, 5.25, 5.28
6, 13997, 13,    27.99, 6,  drogue,   -3.31,  42406.00, 6770.32, 5800.13,  -22.46, 47.8, 0.00, 5.25, 5.28
6, 13997, 13,    28.09, 6,  drogue,   -1.89,  42456.00, 6761.90, 5791.71,  -22.79, 47.8, 0.00, 5.25, 5.28
6, 13997, 13,    28.19, 6,  drogue,   -0.40,  42480.00, 6757.86, 5787.67,  -23.00, 47.8, 0.00, 5.25, 5.28
6, 13997, 13,    28.29, 6,  drogue,    1.15,  42485.00, 6757.02, 5786.83,  -23.08, 47.8, 0.00, 5.25, 5.28
6, 13997, 13,    28.39, 6,  drogue,    2.62,  42531.00, 6749.28, 5779.09,  -23.00, 47.8, 0.00, 5.25, 5.28
6, 13997, 13,    28.49, 6,  drogue,    3.83,  42538.00, 6748.11, 5777.91,  -22.70, 47.8, 0.00, 5.25, 5.28
6, 13997, 13,    28.59, 6,  drogue,    4.57,  42509.00, 6752.98, 5782.79,  -22.19, 47.8, 0.00, 5.25, 5.28
6, 13997, 13,    28.69, 6,  drogue,    4.77,  42486.00, 6756.85, 5786.66,  -21.61, 47.8, 0.00, 5.25, 5.28
6, 13997, 13,    28.79, 6,  drogue,    4.45,  42509.00, 6752.98, 5782.79,  -21.04, 47.8, 0.00, 5.25, 5.28
6, 13997, 13,    28.89, 6,  drogue,    3.72,  42528.00, 6749.79, 5779.60,  -20.53, 47.8, 0.00, 5.25, 5.28
6, 13997, 13,    28.99, 6,  drogue,    2.68,  42558.00, 6744.75, 5774.55,  -20.15, 47.8, 0.00, 5.25, 5.28
6, 13997, 13,    29.09, 6,  drogue,    1.39,  42605.00, 6736.85, 5766.66,  -19.84, 47.8, 0.00, 5.25, 5.28
6, 13997, 13,    29.19, 6,  drogue,   -0.14,  42616.00, 6735.00, 5764.81,  -19.65, 47.8, 0.00, 5.25, 5.28
6, 13997, 13,    29.29, 6,  drogue,   -1.88,  42624.00, 6733.66, 5763.47,  -19.63, 47.8, 0.00, 5.25, 5.28
6, 13997, 13,    29.39, 6,  drogue,   -3.78,  42614.00, 6735.34, 5765.15,  -19.78, 47.8, 0.00, 5.25, 5.28
6, 13997, 13,    29.49, 6,  drogue,   -5.80,  42591.00, 6739.20, 5769.01,  -20.15, 47.8, 0.00, 5.25, 5.28
6, 13997, 13,    29.59, 6,  drogue,   -7.82,  42576.00, 6741.72, 5771.53,  -20.73, 47.8, 0.00, 5.25, 5.28
6, 13997, 13,    29.69, 6,  drogue,   -9.71,  42476.00, 6758.53, 5788.34,  -21.51, 47.8, 0.00, 5.25, 5.28
6, 13997, 13,    29.79, 6,  drogue,  -11.32,  42520.00, 6751.13, 5780.94,  -22.51, 47.8, 0.00, 5.25, 5.28
6, 13997, 13,    29.89, 6,  drogue,  -12.49,  42560.00, 6744.41, 5774.22,  -23.72, 47.8, 0.00, 5.25, 5.28
6, 13997, 13,    29.99, 6,  drogue,  -13.14,  42634.00, 6731.98, 5761.79,  -25.11, 47.8, 0.00, 5.25, 5.28
6, 13997, 13,    30.09, 6,  drogue,  -13.26,  42716.00, 6718.24, 5748.04,  -26.53, 47.8, 0.00, 5.25, 5.28
6, 13997, 13,    30.19, 6,  drogue,  -12.89,  42779.00, 6707.69, 5737.50,  -27.90, 47.8, 0.00, 5.25, 5.28
6, 13997, 13,    30.29, 6,  drogue,  -12.08,  42789.00, 6706.01, 5735.82,  -29.23, 47.8, 0.00, 5.25, 5.28
6, 13997, 13,    30.39, 6,  drogue,  -10.90,  42772.00, 6708.86, 5738.67,  -30.52, 47.8, 0.00, 5.25, 5.28
6, 13997, 13,    30.49, 6,  drogue,   -9.43,  42690.00, 6722.59, 5752.40,  -31.71, 47.8, 0.00, 5.25, 5.28
6, 13997, 13,    30.59, 6,  drogue,   -7.79,  42617.00, 6734.84, 5764.65,  -32.67, 47.8, 0.00, 5.25, 5.28
6, 13997, 13,    30.69, 6,  drogue,   -6.06,  42659.00, 6727.79, 5757.60,  -33.42, 47.8, 0.00, 5.25, 5.28
6, 13997, 13,    30.79, 6,  drogue,   -4.28,  42737.00, 6714.72, 5744.53,  -34.02, 47.8, 0.00, 5.25, 5.28
6, 13997, 13,    30.89, 6,  drogue,   -2.41,  42797.00, 6704.68, 5734.48,  -34.43, 47.8, 0.00, 5.25, 5.28
6, 13997, 13,    30.99, 6,  drogue,   -0.45,  42873.00, 6691.97, 5721.78,  -34.71, 47.8, 0.00, 5.25, 5.28
6, 13997, 13,    31.09, 6,  drogue,    1.58,  42869.00, 6692.64, 5722.45,  -34.86, 47.8, 0.00, 5.25, 5.28
6, 13997, 13,    31.19, 6,  drogue,    3.53,  42901.00, 6687.30, 5717.10,  -34.69, 47.8, 0.00, 5.25, 5.28
6, 13997, 13,    31.29, 6,  drogue,    5.23,  42946.00, 6679.79, 5709.60,  -34.23, 47.8, 0.00, 5.25, 5.28
6, 13997, 13,    31.39, 6,  drogue,    6.54,  42970.00, 6675.78, 5705.59,  -33.63, 47.8, 0.00, 5.25, 5.28
6, 13997, 13,    31.49, 6,  drogue,    7.35,  43006.00, 6669.78, 5699.59,  -32.91, 47.8, 0.00, 5.25, 5.28
6, 13997, 13,    31.59, 6,  drogue,    7.61,  43014.00, 6668.45, 5698.26,  -32.11, 47.8, 0.00, 5.25, 5.28
6, 13997, 13,    31.69, 6,  drogue,    7.37,  43031.00, 6665.62, 5695.43,  -31.22, 47.8, 0.00, 5.25, 5.28
6, 13997, 13,    31.79, 6,  drogue,    6.74,  43051.00, 6662.29, 5692.10,  -30.40, 47.8, 0.00, 5.25, 5.28
6, 13997, 13,    31.89, 6,  drogue,    5.94,  43086.00, 6656.46, 5686.27,  -29.67, 47.8, 0.00, 5.25, 5.28
6, 13997, 13,    31.99, 6,  drogue,    5.20,  43090.00, 6655.80, 5685.61,  -29.10, 47.8, 0.00, 5.25, 5.28
6, 13997, 13,    32.09, 6,  drogue,    4.64,  43044.00, 6663.46, 5693.26,  -28.67, 47.8, 0.00, 5.25, 5.28
6, 13997, 13,    32.19, 6,  drogue,    4.26,  43022.00, 6667.12, 5696.93,  -28.31, 47.8, 0.00, 5.25, 5.28
6, 13997, 13,    32.29, 6,  drogue,    3.90,  43068.00, 6659.46, 5689.27,  -27.86, 47.8, 0.00, 5.25, 5.28
6, 13997, 13,    32.39, 6,  drogue,    3.36,  43112.00, 6652.14, 5681.95,  -27.40, 47.8, 0.00, 5.25, 5.28
6, 13997, 13,    32.49, 6,  drogue,    2.54,  43147.00, 6646.32, 5676.13,  -27.00, 47.8, 0.00, 5.25, 5.28
6, 13997, 13,    32.59, 6,  drogue,    1.49,  43125.00, 6649.98, 5679.79,  -26.67, 47.8, 0.00, 5.25, 5.28
6, 13997, 13,    32.69, 6,  drogue,    0.40,  43135.00, 6648.32, 5678.13,  -26.50, 47.8, 0.00, 5.25, 5.28
6, 13997, 13,    32.79, 6,  drogue,   -0.52,  43166.00, 6643.17, 5672.97,  -26.50, 47.8, 0.00, 5.25, 5.28
6, 13997, 13,    32.89, 6,  drogue,   -1.14,  43178.00, 6641.17, 5670.98,  -26.64, 47.8, 0.00, 5.25, 5.28
6, 13997, 13,    32.99, 6,  drogue,   -1.41,  43249.00, 6629.39, 5659.20,  -26.90, 47.8, 0.00, 5.25, 5.28
6, 13997, 13,    33.09, 6,  drogue,   -1.42,  43282.00, 6623.92, 5653.73,  -27.01, 47.8, 0.00, 5.25, 5.28
6, 13997, 13,    33.19, 6,  drogue,   -1.24,  43183.00, 6640.34, 5670.15,  -27.17, 47.8, 0.00, 5.25, 5.28
6, 13997, 13,    33.29, 6,  drogue,   -0.98,  43137.00, 6647.98, 5677.79,  -27.32, 47.8, 0.00, 5.25, 5.28
6, 13997, 13,    33.39, 6,  drogue,   -0.72,  43234.00, 6631.88, 5661.69,  -27.43, 47.8, 0.00, 5.25, 5.28
6, 13997, 13,    33.49, 6,  drogue,   -0.51,  43300.00, 6620.93, 5650.74,  -27.50, 47.8, 0.00, 5.25, 5.28
6, 13997, 13,    33.59, 6,  drogue,   -0.41,  43330.00, 6615.96, 5645.77,  -27.50, 47.8, 0.00, 5.25, 5.28
6, 13997, 13,    33.69, 6,  drogue,   -0.43,  43365.00, 6610.17, 5639.98,  -27.51, 47.8, 0.00, 5.25, 5.28
6, 13997, 13,    33.79, 6,  drogue,   -0.57,  43390.00, 6606.03, 5635.84,  -27.54, 47.8, 0.00, 5.25, 5.28
6, 13997, 13,    33.89, 6,  drogue,   -0.78,  43397.00, 6604.88, 5634.68,  -27.60, 47.8, 0.00, 5.25, 5.28
6, 13997, 13,    33.99, 6,  drogue,   -1.00,  43449.00, 6596.28, 5626.09,  -27.67, 47.8, 0.00, 5.25, 5.28
6, 13997, 13,    34.09, 6,  drogue,   -1.16,  43464.00, 6593.80, 5623.61,  -27.76, 47.8, 0.00, 5.25, 5.28
6, 13997, 13,    34.19, 6,  drogue,   -1.25,  43416.00, 6601.73, 5631.54,  -27.90, 47.8, 0.00, 5.25, 5.28
6, 13997, 13,    34.29, 6,  drogue,   -1.28,  43318.00, 6617.95, 5647.76,  -28.08, 47.8, 0.00, 5.25, 5.28
6, 13997, 13,    34.39, 6,  drogue,   -1.30,  43309.00, 6619.44, 5649.25,  -28.20, 47.8, 0.00, 5.25, 5.28
6, 13997, 13,    34.49, 6,  drogue,   -1.36,  43420.00, 6601.07, 5630.88,  -28.31, 47.8, 0.00, 5.25, 5.28
6, 13997, 13,    34.59, 6,  drogue,   -1.51,  43474.00, 6592.15, 5621.96,  -28.39, 47.8, 0.00, 5.25, 5.28
6, 13997, 13,    34.69, 6,  drogue,   -1.70,  43486.00, 6590.17, 5619.98,  -28.56, 47.8, 0.00, 5.25, 5.28
6, 13997, 13,    34.79, 6,  drogue,   -1.88,  43515.00, 6585.38, 5615.19,  -28.73, 47.8, 0.00, 5.25, 5.28
6, 13997, 13,    34.89, 6,  drogue,   -1.97,  43575.00, 6575.48, 5605.29,  -28.91, 47.8, 0.00, 5.25, 5.28
6, 13997, 13,    34.99, 6,  drogue,   -2.01,  43604.00, 6570.70, 5600.51,  -29.15, 47.8, 0.00, 5.25, 5.28
6, 13997, 13,    35.09, 6,  drogue,   -2.05,  43495.00, 6588.68, 5618.49,  -29.42, 47.8, 0.00, 5.25, 5.28
6, 13997, 13,    35.19, 6,  drogue,   -2.18,  43574.00, 6575.65, 5605.46,  -29.56, 47.8, 0.00, 5.25, 5.28
6, 13997, 13,    35.29, 6,  drogue,   -2.35,  43585.00, 6573.83, 5603.64,  -29.68, 47.8, 0.00, 5.25, 5.28
6, 13997, 13,    35.39, 6,  drogue,   -2.47,  43598.00, 6571.69, 5601.50,  -29.92, 47.8, 0.00, 5.25, 5.28
6, 13997, 13,    35.49, 6,  drogue,   -2.38,  43611.00, 6569.55, 5599.36,  -30.25, 47.8, 0.00, 5.25, 5.28
6, 13997, 13,    35.59, 6,  drogue,   -2.04,  43615.00, 6568.89, 5598.70,  -30.59, 47.8, 0.00, 5.25, 5.28
6, 13997, 13,    35.69, 6,  drogue,   -1.49,  43682.00, 6557.86, 5587.67,  -30.84, 47.8, 0.00, 5.25, 5.28
6, 13997, 13,    35.79, 6,  drogue,   -0.88,  43725.00, 6550.79, 5580.60,  -30.98, 47.8, 0.00, 5.25, 5.28
6, 13997, 13,    35.89, 6,  drogue,   -0.31,  43750.00, 6546.68, 5576.49,  -31.00, 47.8, 0.00, 5.25, 5.28
6, 13997, 13,    35.99, 6,  drogue,    0.16,  43775.00, 6542.57, 5572.38,  -31.01, 47.8, 0.00, 5.25, 5.28
6, 13997, 13,    36.09, 6,  drogue,    0.52,  43811.00, 6536.66, 5566.47,  -31.03, 47.8, 0.00, 5.25, 5.28
6, 13997, 13,    36.19, 6,  drogue,    0.78,  43822.00, 6534.86, 5564.67,  -30.98, 47.8, 0.00, 5.25, 5.28
6, 13997, 13,    36.29, 6,  drogue,    0.96,  43774.00, 6542.74, 5572.55,  -30.83, 47.8, 0.00, 5.25, 5.28
6, 13997, 13,    36.39, 6,  drogue,    1.11,  43681.00, 6558.03, 5587.83,  -30.68, 47.8, 0.00, 5.25, 5.28
6, 13997, 13,    36.49, 6,  drogue,    1.32,  43695.00, 6555.72, 5585.53,  -30.63, 47.8, 0.00, 5.25, 5.28
6, 13997, 13,    36.59, 6,  drogue,    1.63,  43757.00, 6545.53, 5575.34,  -30.56, 47.8, 0.00, 5.25, 5.28
6, 13997, 13,    36.69, 6,  drogue,    2.06,  43869.00, 6527.15, 5556.96,  -30.40, 47.8, 0.00, 5.25, 5.28
6, 13997, 13,    36.79, 6,  drogue,    2.48,  43878.00, 6525.67, 5555.48,  -30.20, 47.8, 0.00, 5.25, 5.28
6, 13997, 13,    36.89, 6,  drogue,    2.77,  43911.00, 6520.27, 5550.07,  -29.95, 47.8, 0.00, 5.25, 5.28
6, 13997, 13,    36.99, 6,  drogue,    2.84,  43956.00, 6512.90, 5542.70,  -29.63, 47.8, 0.00, 5.25, 5.28
6, 13997, 13,    37.09, 6,  drogue,    2.74,  43995.00, 6506.51, 5536.32,  -29.22, 47.8, 0.00, 5.25, 5.28
6, 13997, 13,    37.19, 6,  drogue,    2.57,  43988.00, 6507.66, 5537.47,  -28.95, 47.8, 0.00, 5.25, 5.28
6, 13997, 13,    37.29, 6,  drogue,    2.42,  44004.00, 6505.04, 5534.85,  -28.74, 47.8, 0.00, 5.25, 5.28
6, 13997, 13,    37.39, 6,  drogue,    2.31,  44037.00, 6499.65, 5529.45,  -28.56, 47.8, 0.00, 5.25, 5.28
6, 13997, 13,    37.49, 6,  drogue,    2.15,  44084.00, 6491.97, 5521.78,  -28.33, 47.8, 0.00, 5.25, 5.28
6, 13997, 13,    37.59, 6,  drogue,    1.85,  44088.00, 6491.31, 5521.12,  -28.03, 47.8, 0.00, 5.25, 5.28
6, 13997, 13,    37.69, 6,  drogue,    1.36,  44008.00, 6504.39, 5534.20,  -27.79, 47.8, 0.00, 5.25, 5.28
6, 13997, 13,    37.79, 6,  drogue,    0.72,  43965.00, 6511.42, 5541.23,  -27.62, 47.8, 0.00, 5.25, 5.28
6, 13997, 13,    37.89, 6,  drogue,    0.03,  43949.00, 6514.04, 5543.85,  -27.57, 47.8, 0.00, 5.25, 5.28
6, 13997, 13,    37.99, 6,  drogue,   -0.61,  44020.00, 6502.43, 5532.23,  -27.59, 47.8, 0.00, 5.25, 5.28
6, 13997, 13,    38.09, 6,  drogue,   -1.20,  44124.00, 6485.44, 5515.25,  -27.66, 47.8, 0.00, 5.25, 5.28
6, 13997, 13,    38.19, 6,  drogue,   -1.82,  44153.00, 6480.71, 5510.51,  -27.79, 47.8, 0.00, 5.25, 5.28
6, 13997, 13,    38.29, 6,  drogue,   -2.57,  44172.00, 6477.61, 5507.42,  -27.97, 47.8, 0.00, 5.25, 5.28
6, 13997, 13,    38.39, 6,  drogue,   -3.44,  44185.00, 6475.49, 5505.30,  -28.17, 47.8, 0.00, 5.25, 5.28
6, 13997, 13,    38.49, 6,  drogue,   -4.32,  44195.00, 6473.86, 5503.67,  -28.43, 47.8, 0.00, 5.25, 5.28
6, 13997, 13,    38.59, 6,  drogue,   -5.00,  44180.00, 6476.30, 5506.11,  -28.88, 47.8, 0.00, 5.25, 5.28
6, 13997, 13,    38.69, 6,  drogue,   -5.34,  44170.00, 6477.93, 5507.74,  -29.54, 47.8, 0.00, 5.25, 5.28
6, 13997, 13,    38.79, 6,  drogue,   -5.30,  44190.00, 6474.67, 5504.48,  -30.20, 47.8, 0.00, 5.25, 5.28
6, 13997, 13,    38.89, 6,  drogue,   -4.99,  44192.00, 6474.35, 5504.16,  -30.75, 47.8, 0.00, 5.25, 5.28
6, 13997, 13,    38.99, 6,  drogue,   -4.56,  44208.00, 6471.74, 5501.55,  -31.22, 47.8, 0.00, 5.25, 5.28
6, 13997, 13,    39.09, 6,  drogue,   -4.15,  44293.00, 6457.90, 5487.71,  -31.65, 47.8, 0.00, 5.25, 5.28
6, 13997, 13,    39.19, 6,  drogue,   -3.74,  44371.00, 6445.22, 5475.03,  -32.07, 47.8, 0.00, 5.25, 5.28
6, 13997, 13,    39.29, 6,  drogue,   -3.28,  44421.00, 6437.10, 5466.91,  -32.45, 47.8, 0.00, 5.25, 5.28
6, 13997, 13,    39.39, 6,  drogue,   -2.74,  44403.00, 6440.02, 5469.83,  -32.80, 47.8, 0.00, 5.25, 5.28
6, 13997, 13,    39.49, 6,  drogue,   -2.08,  44323.00, 6453.02, 5482.83,  -33.12, 47.8, 0.00, 5.25, 5.28
6, 13997, 13,    39.59, 6,  drogue,   -1.35,  44248.00, 6465.23, 5495.03,  -33.33, 47.8, 0.00, 5.25, 5.28
6, 13997, 13,    39.69, 6,  drogue,   -0.61,  44295.00, 6457.58, 5487.38,  -33.44, 47.8, 0.00, 5.25, 5.28
6, 13997, 13,    39.79, 6,  drogue,    0.08,  44364.00, 6446.36, 5476.17,  -33.54, 47.8, 0.00, 5.25, 5.28
6, 13997, 13,    39.89, 6,  drogue,    0.66,  44474.00, 6428.50, 5458.31,  -33.50, 47.8, 0.00, 5.25, 5.28
6, 13997, 13,    39.99, 6,  drogue,    1.16,  44500.00, 6424.29, 5454.10,  -33.36, 47.8, 0.00, 5.25, 5.28
6, 13997, 13,    40.09, 6,  drogue,    1.63,  44494.00, 6425.26, 5455.07,  -33.24, 47.8, 0.00, 5.25, 5.28
6, 13997, 13,    40.19, 6,  drogue,    2.10,  44535.00, 6418.62, 5448.43,  -33.12, 47.8, 0.00, 5.25, 5.28
6, 13997, 13,    40.29, 6,  drogue,    2.56,  44571.00, 6412.79, 5442.60,  -32.93, 47.8, 0.00, 5.25, 5.28
6, 13997, 13,    40.39, 6,  drogue,    2.91,  44593.00, 6409.23, 5439.04,  -32.69, 47.8, 0.00, 5.25, 5.28
6, 13997, 13,    40.49, 6,  drogue,    3.08,  44555.00, 6415.38, 5445.19,  -32.33, 47.8, 0.00, 5.25, 5.28
6, 13997, 13,    40.59, 6,  drogue,    3.01,  44633.00, 6402.76, 5432.57,  -31.93, 47.8, 0.00, 5.25, 5.28
6, 13997, 13,    40.69, 6,  drogue,    2.72,  44696.00, 6392.58, 5422.39,  -31.59, 47.8, 0.00, 5.25, 5.28
6, 13997, 13,    40.79, 6,  drogue,    2.28,  44673.00, 6396.29, 5426.10,  -31.34, 47.8, 0.00, 5.25, 5.28
6, 13997, 13,    40.89, 6,  drogue,    1.73,  44577.00, 6411.82, 5441.63,  -31.12, 47.8, 0.00, 5.25, 5.28
6, 13997, 13,    40.99, 6,  drogue,    1.15,  44539.00, 6417.97, 5447.78,  -30.89, 47.8, 0.00, 5.25, 5.28
6, 13997, 13,    41.09, 6,  drogue,    0.60,  44607.00, 6406.96, 5436.77,  -30.76, 47.8, 0.00, 5.25, 5.28
6, 13997, 13,    41.19, 6,  drogue,    0.17,  44721.00, 6388.54, 5418.35,  -30.72, 47.8, 0.00, 5.25, 5.28
6, 13997, 13,    41.29, 6,  drogue,   -0.10,  44757.00, 6382.73, 5412.54,  -30.79, 47.8, 0.00, 5.25, 5.28
6, 13997, 13,    41.39, 6,  drogue,   -0.24,  44782.00, 6378.70, 5408.51,  -30.84, 47.8, 0.00, 5.25, 5.28
6, 13997, 13,    41.49, 6,  drogue,   -0.37,  44807.00, 6374.67, 5404.48,  -30.86, 47.8, 0.00, 5.25, 5.28
6, 13997, 13,    41.59, 6,  drogue,   -0.56,  44791.00, 6377.25, 5407.06,  -30.85, 47.8, 0.00, 5.25, 5.28
6, 13997, 13,    41.69, 6,  drogue,   -0.86,  44835.00, 6370.16, 5399.97,  -30.87, 47.8, 0.00, 5.25, 5.28
6, 13997, 13,    41.79, 6,  drogue,   -1.17,  44899.00, 6359.86, 5389.66,  -30.92, 47.8, 0.00, 5.25, 5.28
6, 13997, 13,    41.89, 6,  drogue,   -1.38,  44803.00, 6375.32, 5405.12,  -31.09, 47.8, 0.00, 5.25, 5.28
6, 13997, 13,    41.99, 6,  drogue,   -1.37,  44711.00, 6390.16, 5419.97,  -31.29, 47.8, 0.00, 5.25, 5.28
6, 13997, 13,    42.09, 6,  drogue,   -1.12,  44777.00, 6379.51, 5409.32,  -31.47, 47.8, 0.00, 5.25, 5.28
6, 13997, 13,    42.19, 6,  drogue,   -0.70,  44901.00, 6359.53, 5389.34,  -31.62, 47.8, 0.00, 5.25, 5.28
6, 13997, 13,    42.29, 6,  drogue,   -0.22,  44920.00, 6356.48, 5386.29,  -31.70, 47.8, 0.00, 5.25, 5.28
6, 13997, 13,    42.39, 6,  drogue,    0.25,  44950.00, 6351.65, 5381.46,  -31.71, 47.8, 0.00, 5.25, 5.28
6, 13997, 13,    42.49, 6,  drogue,    0.70,  44910.00, 6358.09, 5387.89,  -31.62, 47.8, 0.00, 5.25, 5.28
6, 13997, 13,    42.59, 6,  drogue,    1.13,  44963.00, 6349.56, 5379.37,  -31.57, 47.8, 0.00, 5.25, 5.28
6, 13997, 13,    42.69, 6,  drogue,    1.51,  45060.00, 6333.99, 5363.80,  -31.51, 47.8, 0.00, 5.25, 5.28
6, 13997, 13,    42.79, 6,  drogue,    1.78,  45102.00, 6327.25, 5357.06,  -31.36, 47.8, 0.00, 5.25, 5.28
6, 13997, 13,    42.89, 6,  drogue,    1.88,  45092.00, 6328.85, 5358.66,  -31.10, 47.8, 0.00, 5.25, 5.28
6, 13997, 13,    42.99, 6,  drogue,    1.77,  45040.00, 6337.20, 5367.01,  -30.83, 47.8, 0.00, 5.25, 5.28
6, 13997, 13,    43.09, 6,  drogue,    1.50,  45042.00, 6336.88, 5366.68,  -30.65, 47.8, 0.00, 5.25, 5.28
6, 13997, 13,    43.19, 6,  drogue,    1.14,  45085.00, 6329.98, 5359.79,  -30.51, 47.8, 0.00, 5.25, 5.28
6, 13997, 13,    43.29, 6,  drogue,    0.74,  45148.00, 6319.88, 5349.69,  -30.40, 47.8, 0.00, 5.25, 5.28
6, 13997, 13,    43.39, 6,  drogue,    0.31,  45152.00, 6319.24, 5349.05,  -30.31, 47.8, 0.00, 5.25, 5.28
6, 13997, 13,    43.49, 6,  drogue,   -0.12,  45161.00, 6317.80, 5347.61,  -30.28, 47.8, 0.00, 5.25, 5.28
6, 13997, 13,    43.59, 6,  drogue,   -0.52,  45148.00, 6319.88, 5349.69,  -30.27, 47.8, 0.00, 5.25, 5.28
6, 13997, 13,    43.69, 6,  drogue,   -0.88,  45107.00, 6326.45, 5356.26,  -30.33, 47.8, 0.00, 5.25, 5.28
6, 13997, 13,    43.79, 6,  drogue,   -1.18,  45097.00, 6328.05, 5357.86,  -30.50, 47.8, 0.00, 5.25, 5.28
6, 13997, 13,    43.89, 6,  drogue,   -1.45,  45201.00, 6311.39, 5341.20,  -30.60, 47.8, 0.00, 5.25, 5.28
6, 13997, 13,    43.99, 6,  drogue,   -1.65,  45288.00, 6297.48, 5327.29,  -30.68, 47.8, 0.00, 5.25, 5.28
6, 13997, 13,    44.09, 6,  drogue,   -1.76,  45332.00, 6290.45, 5320.26,  -30.87, 47.8, 0.00, 5.25, 5.28
6, 13997, 13,    44.19, 6,  drogue,   -1.76,  45329.00, 6290.93, 5320.74,  -31.14, 47.8, 0.00, 5.25, 5.28
6, 13997, 13,    44.29, 6,  drogue,   -1.62,  45292.00, 6296.84, 5326.65,  -31.32, 47.8, 0.00, 5.25, 5.28
6, 13997, 13,    44.39, 6,  drogue,   -1.35,  45295.00, 6296.36, 5326.17,  -31.50, 47.8, 0.00, 5.25, 5.28
6, 13997, 13,    44.49, 6,  drogue,   -0.92,  45318.00, 6292.69, 5322.50,  -31.62, 47.8, 0.00, 5.25, 5.28
6, 13997, 13,    44.59, 6,  drogue,   -0.35,  45361.00, 6285.83, 5315.63,  -31.73, 47.8, 0.00, 5.25, 5.28
6, 13997, 13,    44.69, 6,  drogue,    0.38,  45378.00, 6283.11, 5312.92,  -31.85, 47.8, 0.00, 5.25, 5.28
6, 13997, 13,    44.79, 6,  drogue,    1.19,  45391.00, 6281.04, 5310.85,  -31.83, 47.8, 0.00, 5.25, 5.28
6, 13997, 13,    44.89, 6,  drogue,    1.98,  45401.00, 6279.44, 5309.25,  -31.71, 47.8, 0.00, 5.25, 5.28
6, 13997, 13,    44.99, 6,  drogue,    2.64,  45435.00, 6274.02, 5303.83,  -31.46, 47.8, 0.00, 5.25, 5.28
6, 13997, 13,    45.09, 6,  drogue,    3.13,  45450.00, 6271.63, 5301.44,  -31.14, 47.8, 0.00, 5.25, 5.28
6, 13997, 13,    45.19, 6,  drogue,    3.49,  45426.00, 6275.46, 5305.27,  -30.81, 47.8, 0.00, 5.25, 5.28
6, 13997, 13,    45.29, 6,  drogue,    3.77,  45476.00, 6267.49, 5297.30,  -30.47, 47.8, 0.00, 5.25, 5.28
6, 13997, 13,    45.39, 6,  drogue,    3.98,  45526.00, 6259.53, 5289.34,  -30.10, 47.8, 0.00, 5.25, 5.28
6, 13997, 13,    45.49, 6,  drogue,    4.07,  45587.00, 6249.83, 5279.64,  -29.69, 47.8, 0.00, 5.25, 5.28
6, 13997, 13,    45.59, 6,  drogue,    3.96,  45612.00, 6245.86, 5275.67,  -29.25, 47.8, 0.00, 5.25, 5.28
6, 13997, 13,    45.69, 6,  drogue,    3.64,  45632.00, 6242.68, 5272.49,  -28.79, 47.8, 0.00, 5.25, 5.28
6, 13997, 13,    45.79, 6,  drogue,    3.18,  45655.00, 6239.03, 5268.84,  -28.35, 47.8, 0.00, 5.25, 5.28
6, 13997, 13,    45.89, 6,  drogue,    2.68,  45656.00, 6238.87, 5268.68,  -28.04, 47.8, 0.00, 5.25, 5.28
6, 13997, 13,    45.99, 6,  drogue,    2.22,  45649.00, 6239.99, 5269.79,  -27.84, 47.8, 0.00, 5.25, 5.28
6, 13997, 13,    46.09, 6,  drogue,    1.82,  45637.00, 6241.89, 5271.70,  -27.65, 47.8, 0.00, 5.25, 5.28
6, 13997, 13,    46.19, 6,  drogue,    1.40,  45621.00, 6244.43, 5274.24,  -27.46, 47.8, 0.00, 5.25, 5.28
6, 13997, 13,    46.29, 6,  drogue,    0.89,  45591.00, 6249.20, 5279.01,  -27.26, 47.8, 0.00, 5.25, 5.28
6, 13997, 13,    46.39, 6,  drogue,    0.25,  45653.00, 6239.35, 5269.16,  -27.14, 47.8, 0.00, 5.25, 5.28
6, 13997, 13,    46.49, 6,  drogue,   -0.48,  45724.00, 6228.09, 5257.89,  -27.10, 47.8, 0.00, 5.25, 5.28
6, 13997, 13,    46.59, 6,  drogue,   -1.22,  45747.00, 6224.44, 5254.25,  -27.17, 47.8, 0.00, 5.25, 5.28
6, 13997, 13,    46.69, 6,  drogue,   -1.86,  45761.00, 6222.22, 5252.03,  -27.28, 47.8, 0.00, 5.25, 5.28
6, 13997, 13,    46.79, 6,  drogue,   -2.28,  45733.00, 6226.66, 5256.47,  -27.50, 47.8, 0.00, 5.25, 5.28
6, 13997, 13,    46.89, 6,  drogue,   -2.44,  45772.00, 6220.48, 5250.29,  -27.79, 47.8, 0.00, 5.25, 5.28
6, 13997, 13,    46.99, 6,  drogue,   -2.38,  45802.00, 6215.73, 5245.54,  -28.11, 47.8, 0.00, 5.25, 5.28
6, 13997, 13,    47.09, 6,  drogue,   -2.15,  45809.00, 6214.62, 5244.43,  -28.39, 47.8, 0.00, 5.25, 5.28
6, 13997, 13,    47.19, 6,  drogue,   -1.86,  45841.00, 6209.55, 5239.36,  -28.58, 47.8, 0.00, 5.25, 5.28
6, 13997, 13,    47.29, 6,  drogue,   -1.58,  45857.00, 6207.02, 5236.83,  -28.72, 47.8, 0.00, 5.25, 5.28
6, 13997, 13,    47.39, 6,  drogue,   -1.32,  45892.00, 6201.49, 5231.30,  -28.89, 47.8, 0.00, 5.25, 5.28
6, 13997, 13,    47.49, 6,  drogue,   -1.08,  45891.00, 6201.65, 5231.46,  -29.04, 47.8, 0.00, 5.25, 5.28
6, 13997, 13,    47.59, 6,  drogue,   -0.85,  45906.00, 6199.28, 5229.08,  -29.15, 47.8, 0.00, 5.25, 5.28
6, 13997, 13,    47.69, 6,  drogue,   -0.65,  45919.00, 6197.22, 5227.03,  -29.22, 47.8, 0.00, 5.25, 5.28
6, 13997, 13,    47.79, 6,  drogue,   -0.50,  45937.00, 6194.38, 5224.19,  -29.28, 47.8, 0.00, 5.25, 5.28
6, 13997, 13,    47.89, 6,  drogue,   -0.44,  45950.00, 6192.33, 5222.13,  -29.32, 47.8, 0.00, 5.25, 5.28
6, 13997, 13,    47.99, 6,  drogue,   -0.47,  45987.00, 6186.48, 5216.29,  -29.34, 47.8, 0.00, 5.25, 5.28
6, 13997, 13,    48.09, 6,  drogue,   -0.53,  45977.00, 6188.06, 5217.87,  -29.37, 47.8, 0.00, 5.25, 5.28
6, 13997, 13,    48.19, 6,  drogue,   -0.54,  46001.00, 6184.27, 5214.08,  -29.42, 47.8, 0.00, 5.25, 5.28
6, 13997, 13,    48.29, 6,  drogue,   -0.43,  46018.00, 6181.59, 5211.40,  -29.49, 47.8, 0.00, 5.25, 5.28
6, 13997, 13,    48.39, 6,  drogue,   -0.17,  46063.00, 6174.50, 5204.31,  -29.60, 47.8, 0.00, 5.25, 5.28
6, 13997, 13,    48.49, 6,  drogue,    0.21,  46085.00, 6171.03, 5200.84,  -29.66, 47.8, 0.00, 5.25, 5.28
6, 13997, 13,    48.59, 6,  drogue,    0.66,  46125.00, 6164.73, 5194.54,  -29.61, 47.8, 0.00, 5.25, 5.28
6, 13997, 13,    48.69, 6,  drogue,    1.12,  46131.00, 6163.79, 5193.60,  -29.54, 47.8, 0.00, 5.25, 5.28
6, 13997, 13,    48.79, 6,  drogue,    1.55,  46201.00, 6152.78, 5182.58,  -29.42, 47.8, 0.00, 5.25, 5.28
6, 13997, 13,    48.89, 6,  drogue,    1.93,  46211.00, 6151.20, 5181.01,  -29.27, 47.8, 0.00, 5.25, 5.28
6, 13997, 13,    48.99, 6,  drogue,    2.22,  46195.00, 6153.72, 5183.53,  -29.09, 47.8, 0.00, 5.25, 5.28
6, 13997, 13,    49.09, 6,  drogue,    2.38,  46152.00, 6160.48, 5190.29,  -28.82, 47.8, 0.00, 5.25, 5.28
6, 13997, 13,    49.19, 6,  drogue,    2.39,  46124.00, 6164.89, 5194.70,  -28.54, 47.8, 0.00, 5.25, 5.28
6, 13997, 13,    49.29, 6,  drogue,    2.23,  46095.00, 6169.46, 5199.26,  -28.28, 47.8, 0.00, 5.25, 5.28
6, 13997, 13,    49.39, 6,  drogue,    1.91,  46196.00, 6153.56, 5183.37,  -28.05, 47.8, 0.00, 5.25, 5.28
6, 13997, 13,    49.49, 6,  drogue,    1.44,  46232.00, 6147.90, 5177.71,  -27.83, 47.8, 0.00, 5.25, 5.28
6, 13997, 13,    49.59, 6,  drogue,    0.82,  46279.00, 6140.52, 5170.33,  -27.66, 47.8, 0.00, 5.25, 5.28
6, 13997, 13,    49.69, 6,  drogue,    0.04,  46323.00, 6133.61, 5163.42,  -27.55, 47.8, 0.00, 5.25, 5.28
6, 13997, 13,    49.79, 6,  drogue,   -0.88,  46374.00, 6125.62, 5155.42,  -27.52, 47.8, 0.00, 5.25, 5.28
6, 13997, 13,    49.89, 6,  drogue,   -1.90,  46411.00, 6119.82, 5149.63,  -27.58, 47.8, 0.00, 5.25, 5.28
6, 13997, 13,    49.99, 6,  drogue,   -2.94,  46425.00, 6117.63, 5147.43,  -27.76, 47.8, 0.00, 5.25, 5.28
6, 13997, 13,    50.09, 6,  drogue,   -3.93,  46446.00, 6114.34, 5144.15,  -28.06, 47.8, 0.00, 5.25, 5.28
6, 13997, 13,    50.19, 6,  drogue,   -4.74,  46454.00, 6113.09, 5142.89,  -28.49, 47.8, 0.00, 5.25, 5.28
6, 13997, 13,    50.29, 6,  drogue,   -5.30,  46472.00, 6110.27, 5140.08,  -29.01, 47.8, 0.00, 5.25, 5.28
6, 13997, 13,    50.39, 6,  drogue,   -5.58,  46423.00, 6117.94, 5147.75,  -29.60, 47.8, 0.00, 5.25, 5.28
6, 13997, 13,    50.49, 6,  drogue,   -5.56,  46328.00, 6132.83, 5162.64,  -30.21, 47.8, 0.00, 5.25, 5.28
6, 13997, 13,    50.59, 6,  drogue,   -5.23,  46292.00, 6138.48, 5168.29,  -30.81, 47.8, 0.00, 5.25, 5.28
6, 13997, 13,    50.69, 6,  drogue,   -4.62,  46381.00, 6124.52, 5154.33,  -31.35, 47.8, 0.00, 5.25, 5.28
6, 13997, 13,    50.79, 6,  drogue,   -3.71,  46436.00, 6115.90, 5145.71,  -31.88, 47.8, 0.00, 5.25, 5.28
6, 13997, 13,    50.89, 6,  drogue,   -2.56,  46467.00, 6111.05, 5140.86,  -32.32, 47.8, 0.00, 5.25, 5.28
6, 13997, 13,    50.99, 6,  drogue,   -1.28,  46498.00, 6106.20, 5136.01,  -32.60, 47.8, 0.00, 5.25, 5.28
6, 13997, 13,    51.09, 6,  drogue,    0.01,  46492.00, 6107.14, 5136.95,  -32.72, 47.8, 0.00, 5.25, 5.28
6, 13997, 13,    51.19, 6,  drogue,    1.25,  46555.00, 6097.29, 5127.10,  -32.70, 47.8, 0.00, 5.25, 5.28
6, 13997, 13,    51.29, 6,  drogue,    2.42,  46625.00, 6086.36, 5116.17,  -32.51, 47.8, 0.00, 5.25, 5.28
6, 13997, 13,    51.39, 6,  drogue,    3.59,  46674.00, 6078.71, 5108.52,  -32.29, 47.8, 0.00, 5.25, 5.28
6, 13997, 13,    51.49, 6,  drogue,    4.80,  46701.00, 6074.51, 5104.31,  -31.96, 47.8, 0.00, 5.25, 5.28
6, 13997, 13,    51.59, 6,  drogue,    6.04,  46725.00, 6070.77, 5100.57,  -31.53, 47.8, 0.00, 5.25, 5.28
6, 13997, 13,    51.69, 6,  drogue,    7.22,  46744.00, 6067.81, 5097.61,  -30.89, 47.8, 0.00, 5.25, 5.28
6, 13997, 13,    51.79, 6,  drogue,    8.21,  46751.00, 6066.72, 5096.52,  -30.12, 47.8, 0.00, 5.25, 5.28
6, 13997, 13,    51.89, 6,  drogue,    8.90,  46768.00, 6064.07, 5093.88,  -29.27, 47.8, 0.00, 5.25, 5.28
6, 13997, 13,    51.99, 6,  drogue,    9.20,  46787.00, 6061.11, 5090.92,  -28.31, 47.8, 0.00, 5.25, 5.28
6, 13997, 13,    52.09, 6,  drogue,    9.10,  46824.00, 6055.36, 5085.16,  -27.30, 47.8, 0.00, 5.25, 5.28
6, 13997, 13,    52.19, 6,  drogue,    8.56,  46843.00, 6052.40, 5082.21,  -26.32, 47.8, 0.00, 5.25, 5.28
6, 13997, 13,    52.29, 6,  drogue,    7.55,  46833.00, 6053.96, 5083.76,  -25.42, 47.8, 0.00, 5.25, 5.28
6, 13997, 13,    52.39, 6,  drogue,    6.09,  46812.00, 6057.22, 5087.03,  -24.59, 47.8, 0.00, 5.25, 5.28
6, 13997, 13,    52.49, 6,  drogue,    4.21,  46797.00, 6059.56, 5089.36,  -23.88, 47.8, 0.00, 5.25, 5.28
6, 13997, 13,    52.59, 6,  drogue,    2.02,  46787.00, 6061.11, 5090.92,  -23.36, 47.8, 0.00, 5.25, 5.28
6, 13997, 13,    52.69, 6,  drogue,   -0.32,  46791.00, 6060.49, 5090.30,  -23.17, 47.8, 0.00, 5.25, 5.28
6, 13997, 13,    52.79, 6,  drogue,   -2.65,  46835.00, 6053.64, 5083.45,  -23.23, 47.8, 0.00, 5.25, 5.28
6, 13997, 13,    52.89, 6,  drogue,   -4.84,  46873.00, 6047.74, 5077.55,  -23.52, 47.8, 0.00, 5.25, 5.28
6, 13997, 13,    52.99, 6,  drogue,   -6.78,  46888.00, 6045.41, 5075.22,  -24.04, 47.8, 0.00, 5.25, 5.28
6, 13997, 13,    53.09, 6,  drogue,   -8.42,  46907.00, 6042.46, 5072.26,  -24.75, 47.8, 0.00, 5.25, 5.28
6, 13997, 13,    53.19, 6,  drogue,   -9.68,  46955.00, 6035.00, 5064.81,  -25.65, 47.8, 0.00, 5.25, 5.28
6, 13997, 13,    53.29, 6,  drogue,  -10.52,  46945.00, 6036.56, 5066.36,  -26.71, 47.8, 0.00, 5.25, 5.28
6, 13997, 13,    53.39, 6,  drogue,  -10.95,  46992.00, 6029.26, 5059.07,  -27.85, 47.8, 0.00, 5.25, 5.28
6, 13997, 13,    53.49, 6,  drogue,  -11.02,  47021.00, 6024.77, 5054.58,  -29.00, 47.8, 0.00, 5.25, 5.28
6, 13997, 13,    53.59, 6,  drogue,  -10.80,  47049.00, 6020.43, 5050.24,  -30.14, 47.8, 0.00, 5.25, 5.28
6, 13997, 13,    53.69, 6,  drogue,  -10.35,  46966.00, 6033.30, 5063.11,  -31.24, 47.8, 0.00, 5.25, 5.28
6, 13997, 13,    53.79, 6,  drogue,   -9.72,  46960.00, 6034.23, 5064.04,  -32.30, 47.8, 0.00, 5.25, 5.28
6, 13997, 13,    53.89, 6,  drogue,   -8.89,  47004.00, 6027.40, 5057.21,  -33.30, 47.8, 0.00, 5.25, 5.28
6, 13997, 13,    53.99, 6,  drogue,   -7.85,  47012.00, 6026.16, 5055.97,  -34.23, 47.8, 0.00, 5.25, 5.28
6, 13997, 13,    54.09, 6,  drogue,   -6.63,  47028.00, 6023.68, 5053.49,  -35.05, 47.8, 0.00, 5.25, 5.28
6, 13997, 13,    54.19, 6,  drogue,   -5.27,  47078.00, 6015.94, 5045.75,  -35.75, 47.8, 0.00, 5.25, 5.28
6, 13997, 13,    54.29, 6,  drogue,   -3.85,  47135.00, 6007.12, 5036.92,  -36.30, 47.8, 0.00, 5.25, 5.28
6, 13997, 13,    54.39, 6,  drogue,   -2.46,  47176.00, 6000.78, 5030.58,  -36.66, 47.8, 0.00, 5.25, 5.28
6, 13997, 13,    54.49, 6,  drogue,   -1.18,  47223.00, 5993.51, 5023.32,  -36.89, 47.8, 0.00, 5.25, 5.28
6, 13997, 13,    54.59, 6,  drogue,   -0.04,  47243.00, 5990.42, 5020.23,  -36.97, 47.8, 0.00, 5.25, 5.28
6, 13997, 13,    54.69, 6,  drogue,    0.98,  47279.00, 5984.87, 5014.68,  -36.94, 47.8, 0.00, 5.25, 5.28
6, 13997, 13,    54.79, 6,  drogue,    1.88,  47295.00, 5982.40, 5012.21,  -36.84, 47.8, 0.00, 5.25, 5.28
6, 13997, 13,    54.89, 6,  drogue,    2.68,  47330.00, 5977.00, 5006.81,  -36.65, 47.8, 0.00, 5.25, 5.28
6, 13997, 13,    54.99, 6,  drogue,    3.37,  47365.00, 5971.61, 5001.41,  -36.36, 47.8, 0.00, 5.25, 5.28
6, 13997, 13,    55.09, 6,  drogue,    3.94,  47399.00, 5966.37, 4996.18,  -35.99, 47.8, 0.00, 5.25, 5.28
6, 13997, 13,    55.19, 6,  drogue,    4.39,  47409.00, 5964.83, 4994.64,  -35.59, 47.8, 0.00, 5.25, 5.28
6, 13997, 13,    55.29, 6,  drogue,    4.74,  47415.00, 5963.91, 4993.71,  -35.11, 47.8, 0.00, 5.25, 5.28
6, 13997, 13,    55.39, 6,  drogue,    5.01,  47406.00, 5965.29, 4995.10,  -34.63, 47.8, 0.00, 5.25, 5.28
6, 13997, 13,    55.49, 6,  drogue,    5.17,  47408.00, 5964.98, 4994.79,  -34.14, 47.8, 0.00, 5.25, 5.28
6, 13997, 13,    55.59, 6,  drogue,    5.18,  47419.00, 5963.29, 4993.10,  -33.63, 47.8, 0.00, 5.25, 5.28
6, 13997, 13,    55.69, 6,  drogue,    5.00,  47445.00, 5959.29, 4989.10,  -33.03, 47.8, 0.00, 5.25, 5.28
6, 13997, 13,    55.79, 6,  drogue,    4.63,  47494.00, 5951.75, 4981.56,  -32.47, 47.8, 0.00, 5.25, 5.28
6, 13997, 13,    55.89, 6,  drogue,    4.11,  47533.00, 5945.76, 4975.57,  -32.01, 47.8, 0.00, 5.25, 5.28
6, 13997, 13,    55.99, 6,  drogue,    3.51,  47568.00, 5940.38, 4970.19,  -31.59, 47.8, 0.00, 5.25, 5.28
6, 13997, 13,    56.09, 6,  drogue,    2.93,  47573.00, 5939.61, 4969.42,  -31.23, 47.8, 0.00, 5.25, 5.28
6, 13997, 13,    56.19, 6,  drogue,    2.42,  47602.00, 5935.16, 4964.97,  -30.95, 47.8, 0.00, 5.25, 5.28
6, 13997, 13,    56.29, 6,  drogue,    2.01,  47618.00, 5932.71, 4962.51,  -30.74, 47.8, 0.00, 5.25, 5.28
6, 13997, 13,    56.39, 6,  drogue,    1.71,  47622.00, 5932.09, 4961.90,  -30.56, 47.8, 0.00, 5.25, 5.28
6, 13997, 13,    56.49, 6,  drogue,    1.48,  47654.00, 5927.18, 4956.99,  -30.41, 47.8, 0.00, 5.25, 5.28
6, 13997, 13,    56.59, 6,  drogue,    1.30,  47665.00, 5925.50, 4955.31,  -30.26, 47.8, 0.00, 5.25, 5.28
6, 13997, 13,    56.69, 6,  drogue,    1.12,  47688.00, 5921.97, 4951.78,  -30.13, 47.8, 0.00, 5.25, 5.28
6, 13997, 13,    56.79, 6,  drogue,    0.92,  47709.00, 5918.76, 4948.56,  -30.00, 47.8, 0.00, 5.25, 5.28
6, 13997, 13,    56.89, 6,  drogue,    0.70,  47730.00, 5915.54, 4945.35,  -29.91, 47.8, 0.00, 5.25, 5.28
6, 13997, 13,    56.99, 6,  drogue,    0.50,  47751.00, 5912.32, 4942.13,  -29.84, 47.8, 0.00, 5.25, 5.28
6, 13997, 13,    57.09, 6,  drogue,    0.31,  47764.00, 5910.33, 4940.14,  -29.80, 47.8, 0.00, 5.25, 5.28
6, 13997, 13,    57.19, 6,  drogue,    0.16,  47785.00, 5907.12, 4936.93,  -29.78, 47.8, 0.00, 5.25, 5.28
6, 13997, 13,    57.29, 6,  drogue,    0.02,  47809.00, 5903.45, 4933.26,  -29.77, 47.8, 0.00, 5.25, 5.28
6, 13997, 13,    57.39, 6,  drogue,   -0.10,  47826.00, 5900.85, 4930.66,  -29.76, 47.8, 0.00, 5.25, 5.28
6, 13997, 13,    57.49, 6,  drogue,   -0.20,  47834.00, 5899.63, 4929.44,  -29.77, 47.8, 0.00, 5.25, 5.28
6, 13997, 13,    57.59, 6,  drogue,   -0.26,  47836.00, 5899.32, 4929.13,  -29.79, 47.8, 0.00, 5.25, 5.28
6, 13997, 13,    57.69, 6,  drogue,   -0.23,  47847.00, 5897.64, 4927.45,  -29.83, 47.8, 0.00, 5.25, 5.28
6, 13997, 13,    57.79, 6,  drogue,   -0.08,  47880.00, 5892.60, 4922.41,  -29.88, 47.8, 0.00, 5.25, 5.28
6, 13997, 13,    57.89, 6,  drogue,    0.21,  47917.00, 5886.95, 4916.76,  -29.92, 47.8, 0.00, 5.25, 5.28
6, 13997, 13,    57.99, 6,  drogue,    0.62,  47937.00, 5883.90, 4913.70,  -29.92, 47.8, 0.00, 5.25, 5.28
6, 13997, 13,    58.09, 6,  drogue,    1.12,  47972.00, 5878.56, 4908.37,  -29.87, 47.8, 0.00, 5.25, 5.28
6, 13997, 13,    58.19, 6,  drogue,    1.68,  47985.00, 5876.57, 4906.38,  -29.77, 47.8, 0.00, 5.25, 5.28
6, 13997, 13,    58.29, 6,  drogue,    2.27,  48006.00, 5873.37, 4903.18,  -29.60, 47.8, 0.00, 5.25, 5.28
6, 13997, 13,    58.39, 6,  drogue,    2.88,  48022.00, 5870.93, 4900.74,  -29.37, 47.8, 0.00, 5.25, 5.28
6, 13997, 13,    58.49, 6,  drogue,    3.49,  48027.00, 5870.17, 4899.98,  -29.09, 47.8, 0.00, 5.25, 5.28
6, 13997, 13,    58.59, 6,  drogue,    4.10,  48058.00, 5865.45, 4895.26,  -28.74, 47.8, 0.00, 5.25, 5.28
6, 13997, 13,    58.69, 6,  drogue,    4.67,  48071.00, 5863.47, 4893.28,  -28.33, 47.8, 0.00, 5.25, 5.28
6, 13997, 13,    58.79, 6,  drogue,    5.18,  48091.00, 5860.43, 4890.24,  -27.85, 47.8, 0.00, 5.25, 5.28
6, 13997, 13,    58.89, 6,  drogue,    5.58,  48122.00, 5855.71, 4885.52,  -27.33, 47.8, 0.00, 5.25, 5.28
6, 13997, 13,    58.99, 6,  drogue,    5.84,  48142.00, 5852.67, 4882.48,  -26.73, 47.8, 0.00, 5.25, 5.28
6, 13997, 13,    59.09, 6,  drogue,    5.94,  48165.00, 5849.17, 4878.98,  -26.12, 47.8, 0.00, 5.25, 5.28
6, 13997, 13,    59.19, 6,  drogue,    5.89,  48193.00, 5844.92, 4874.72,  -25.49, 47.8, 0.00, 5.25, 5.28
6, 13997, 13,    59.29, 6,  drogue,    5.71,  48212.00, 5842.03, 4871.84,  -24.88, 47.8, 0.00, 5.25, 5.28
6, 13997, 13,    59.39, 6,  drogue,    5.43,  48218.00, 5841.12, 4870.93,  -24.30, 47.8, 0.00, 5.25, 5.28
6, 13997, 13,    59.49, 6,  drogue,    5.03,  48231.00, 5839.14, 4868.95,  -23.76, 47.8, 0.00, 5.25, 5.28
6, 13997, 13,    59.59, 6,  drogue,    4.49,  48235.00, 5838.54, 4868.34,  -23.23, 47.8, 0.00, 5.25, 5.28
6, 13997, 13,    59.69, 6,  drogue,    3.77,  48246.00, 5836.87, 4866.67,  -22.74, 47.8, 0.00, 5.25, 5.28
6, 13997, 13,    59.79, 6,  drogue,    2.86,  48257.00, 5835.20, 4865.01,  -22.32, 47.8, 0.00, 5.25, 5.28
6, 13997, 13,    59.89, 6,  drogue,    1.75,  48273.00, 5832.77, 4862.58,  -22.02, 47.8, 0.00, 5.25, 5.28
6, 13997, 13,    59.99, 6,  drogue,    0.50,  48276.00, 5832.31, 4862.12,  -21.81, 47.8, 0.00, 5.25, 5.28
6, 13997, 13,    60.09, 6,  drogue,   -0.84,  48306.00, 5827.76, 4857.57,  -21.74, 47.8, 0.00, 5.25, 5.28
6, 13997, 13,    60.19, 6,  drogue,   -2.22,  48323.00, 5825.18, 4854.99,  -21.82, 47.8, 0.00, 5.25, 5.28
6, 13997, 13,    60.29, 6,  drogue,   -3.57,  48336.00, 5823.21, 4853.02,  -22.04, 47.8, 0.00, 5.25, 5.28
6, 13997, 13,    60.39, 6,  drogue,   -4.87,  48350.00, 5821.09, 4850.90,  -22.42, 47.8, 0.00, 5.25, 5.28
6, 13997, 13,    60.49, 6,  drogue,   -6.09,  48367.00, 5818.52, 4848.33,  -22.92, 47.8, 0.00, 5.25, 5.28
6, 13997, 13,    60.59, 6,  drogue,   -7.21,  48375.00, 5817.30, 4847.11,  -23.55, 47.8, 0.00, 5.25, 5.28
6, 13997, 13,    60.69, 6,  drogue,   -8.20,  48373.00, 5817.61, 4847.42,  -24.27, 47.8, 0.00, 5.25, 5.28
6, 13997, 13,    60.79, 6,  drogue,   -9.02,  48377.00, 5817.00, 4846.81,  -25.12, 47.8, 0.00, 5.25, 5.28
6, 13997, 13,    60.89, 6,  drogue,   -9.59,  48408.00, 5812.31, 4842.12,  -26.06, 47.8, 0.00, 5.25, 5.28
6, 13997, 13,    60.99, 6,  drogue,   -9.85,  48383.00, 5816.09, 4845.90,  -27.07, 47.8, 0.00, 5.25, 5.28
6, 13997, 13,    61.09, 6,  drogue,   -9.75,  48425.00, 5809.73, 4839.54,  -28.12, 47.8, 0.00, 5.25, 5.28
6, 13997, 13,    61.19, 6,  drogue,   -9.30,  48446.00, 5806.56, 4836.36,  -29.17, 47.8, 0.00, 5.25, 5.28
6, 13997, 13,    61.29, 6,  drogue,   -8.56,  48488.00, 5800.20, 4830.01,  -30.16, 47.8, 0.00, 5.25, 5.28
6, 13997, 13,    61.39, 6,  drogue,   -7.61,  48514.00, 5796.27, 4826.08,  -31.05, 47.8, 0.00, 5.25, 5.28
6, 13997, 13,    61.49, 6,  drogue,   -6.58,  48534.00, 5793.25, 4823.06,  -31.82, 47.8, 0.00, 5.25, 5.28
6, 13997, 13,    61.59, 6,  drogue,   -5.56,  48522.00, 5795.06, 4824.87,  -32.46, 47.8, 0.00, 5.25, 5.28
6, 13997, 13,    61.69, 6,  drogue,   -4.57,  48518.00, 5795.67, 4825.48,  -33.00, 47.8, 0.00, 5.25, 5.28
6, 13997, 13,    61.79, 6,  drogue,   -3.64,  48532.00, 5793.55, 4823.36,  -33.44, 47.8, 0.00, 5.25, 5.28
6, 13997, 13,    61.89, 6,  drogue,   -2.73,  48594.00, 5784.19, 4814.00,  -33.81, 47.8, 0.00, 5.25, 5.28
6, 13997, 13,    61.99, 6,  drogue,   -1.86,  48617.00, 5780.72, 4810.53,  -34.08, 47.8, 0.00, 5.25, 5.28
6, 13997, 13,    62.09, 6,  drogue,   -1.01,  48671.00, 5772.58, 4802.39,  -34.27, 47.8, 0.00, 5.25, 5.28
6, 13997, 13,    62.19, 6,  drogue,   -0.22,  48736.00, 5762.79, 4792.59,  -34.36, 47.8, 0.00, 5.25, 5.28
6, 13997, 13,    62.29, 6,  drogue,    0.50,  48769.00, 5757.82, 4787.63,  -34.37, 47.8, 0.00, 5.25, 5.28
6, 13997, 13,    62.39, 6,  drogue,    1.13,  48799.00, 5753.31, 4783.11,  -34.30, 47.8, 0.00, 5.25, 5.28
6, 13997, 13,    62.49, 6,  drogue,    1.66,  48799.00, 5753.31, 4783.11,  -34.17, 47.8, 0.00, 5.25, 5.28
6, 13997, 13,    62.59, 6,  drogue,    2.06,  48802.00, 5752.85, 4782.66,  -34.00, 47.8, 0.00, 5.25, 5.28
6, 13997, 13,    62.69, 6,  drogue,    2.30,  48800.00, 5753.15, 4782.96,  -33.76, 47.8, 0.00, 5.25, 5.28
6, 13997, 13,    62.79, 6,  drogue,    2.37,  48847.00, 5746.09, 4775.90,  -33.49, 47.8, 0.00, 5.25, 5.28
6, 13997, 13,    62.89, 6,  drogue,    2.27,  48871.00, 5742.48, 4772.29,  -33.24, 47.8, 0.00, 5.25, 5.28
6, 13997, 13,    62.99, 6,  drogue,    2.03,  48890.00, 5739.63, 4769.44,  -32.96, 47.8, 0.00, 5.25, 5.28
6, 13997, 13,    63.09, 6,  drogue,    1.73,  48907.00, 5737.08, 4766.88,  -32.75, 47.8, 0.00, 5.25, 5.28
6, 13997, 13,    63.19, 6,  drogue,    1.44,  48907.00, 5737.08, 4766.88,  -32.59, 47.8, 0.00, 5.25, 5.28
6, 13997, 13,    63.29, 6,  drogue,    1.21,  48901.00, 5737.98, 4767.78,  -32.46, 47.7, 0.00, 5.24, 5.28
6, 13997, 13,    63.39, 6,  drogue,    1.09,  48897.00, 5738.58, 4768.39,  -32.36, 47.8, 0.00, 5.25, 5.28
6, 13997, 13,    63.49, 6,  drogue,    1.04,  48902.00, 5737.83, 4767.63,  -32.28, 47.8, 0.00, 5.25, 5.28
6, 13997, 13,    63.59, 6,  drogue,    1.04,  48929.00, 5733.77, 4763.58,  -32.18, 47.7, 0.00, 5.25, 5.28
6, 13997, 13,    63.69, 6,  drogue,    1.05,  48993.00, 5724.17, 4753.98,  -32.07, 47.7, 0.00, 5.25, 5.28
6, 13997, 13,    63.79, 6,  drogue,    1.07,  49059.00, 5714.28, 4744.09,  -31.94, 47.7, 0.00, 5.25, 5.28
6, 13997, 13,    63.89, 6,  drogue,    1.12,  49127.00, 5704.10, 4733.91,  -31.86, 47.7, 0.00, 5.25, 5.28
6, 13997, 13,    63.99, 6,  drogue,    1.26,  49155.00, 5699.92, 4729.73,  -31.75, 47.7, 0.00, 5.25, 5.28
6, 13997, 13,    64.09, 6,  drogue,    1.51,  49173.00, 5697.23, 4727.03,  -31.66, 47.7, 0.00, 5.25, 5.28
6, 13997, 13,    64.19, 6,  drogue,    1.88,  49171.00, 5697.52, 4727.33,  -31.53, 47.7, 0.00, 5.25, 5.28
6, 13997, 13,    64.29, 6,  drogue,    2.33,  49187.00, 5695.13, 4724.94,  -31.36, 47.7, 0.00, 5.25, 5.28
6, 13997, 13,    64.39, 6,  drogue,    2.81,  49182.00, 5695.88, 4725.69,  -31.13, 47.7, 0.00, 5.25, 5.28
6, 13997, 13,    64.49, 6,  drogue,    3.28,  49194.00, 5694.09, 4723.90,  -30.84, 47.7, 0.00, 5.25, 5.28
6, 13997, 13,    64.59, 6,  drogue,    3.72,  49201.00, 5693.04, 4722.85,  -30.50, 47.7, 0.00, 5.25, 5.28
6, 13997, 13,    64.69, 6,  drogue,    4.12,  49196.00, 5693.79, 4723.60,  -30.11, 47.7, 0.00, 5.25, 5.28
6, 13997, 13,    64.79, 6,  drogue,    4.46,  49207.00, 5692.14, 4721.95,  -29.72, 47.7, 0.00, 5.25, 5.28
6, 13997, 13,    64.89, 6,  drogue,    4.71,  49242.00, 5686.92, 4716.73,  -29.27, 47.7, 0.00, 5.25, 5.28
6, 13997, 13,    64.99, 6,  drogue,    4.82,  49270.00, 5682.74, 4712.55,  -28.76, 47.7, 0.00, 5.25, 5.28
6, 13997, 13,    65.09, 6,  drogue,    4.76,  49315.00, 5676.02, 4705.83,  -28.24, 47.7, 0.00, 5.25, 5.28
6, 13997, 13,    65.19, 6,  drogue,    4.50,  49364.00, 5668.72, 4698.53,  -27.73, 47.7, 0.00, 5.25, 5.28
6, 13997, 13,    65.29, 6,  drogue,    4.02,  49374.00, 5667.23, 4697.04,  -27.25, 47.7, 0.00, 5.25, 5.28
6, 13997, 13,    65.39, 6,  drogue,    3.30,  49397.00, 5663.80, 4693.61,  -26.81, 47.7, 0.00, 5.25, 5.28
6, 13997, 13,    65.49, 6,  drogue,    2.40,  49420.00, 5660.38, 4690.19,  -26.43, 47.7, 0.00, 5.25, 5.28
6, 13997, 13,    65.59, 6,  drogue,    1.36,  49433.00, 5658.44, 4688.25,  -26.16, 47.7, 0.00, 5.25, 5.28
6, 13997, 13,    65.69, 6,  drogue,    0.29,  49438.00, 5657.70, 4687.51,  -26.02, 47.7, 0.00, 5.25, 5.28
6, 13997, 13,    65.79, 6,  drogue,   -0.71,  49431.00, 5658.74, 4688.55,  -26.01, 47.7, 0.00, 5.25, 5.28
6, 13997, 13,    65.89, 6,  drogue,   -1.58,  49463.00, 5653.98, 4683.79,  -26.12, 47.7, 0.00, 5.25, 5.28
6, 13997, 13,    65.99, 6,  drogue,   -2.30,  49484.00, 5650.85, 4680.66,  -26.31, 47.7, 0.00, 5.25, 5.28
6, 13997, 13,    66.09, 6,  drogue,   -2.92,  49513.00, 5646.54, 4676.35,  -26.57, 47.7, 0.00, 5.25, 5.28
6, 13997, 13,    66.19, 6,  drogue,   -3.48,  49505.00, 5647.73, 4677.54,  -26.86, 47.7, 0.00, 5.25, 5.28
6, 13997, 13,    66.29, 6,  drogue,   -4.00,  49528.00, 5644.31, 4674.12,  -27.18, 47.7, 0.00, 5.25, 5.28
6, 13997, 13,    66.39, 6,  drogue,   -4.45,  49535.00, 5643.27, 4673.08,  -27.60, 47.7, 0.00, 5.25, 5.28
6, 13997, 13,    66.49, 6,  drogue,   -4.82,  49556.00, 5640.15, 4669.96,  -28.07, 47.7, 0.00, 5.25, 5.28
6, 13997, 13,    66.59, 6,  drogue,   -5.04,  49570.00, 5638.07, 4667.88,  -28.58, 47.7, 0.00, 5.25, 5.28
6, 13997, 13,    66.69, 6,  drogue,   -5.09,  49585.00, 5635.85, 4665.65,  -29.10, 47.7, 0.00, 5.25, 5.28
6, 13997, 13,    66.79, 6,  drogue,   -4.93,  49584.00, 5635.99, 4665.80,  -29.64, 47.7, 0.00, 5.25, 5.28
6, 13997, 13,    66.89, 6,  drogue,   -4.58,  49575.00, 5637.33, 4667.14,  -30.19, 47.7, 0.00, 5.25, 5.28
6, 13997, 13,    66.99, 6,  drogue,   -4.06,  49571.00, 5637.93, 4667.73,  -30.68, 47.7, 0.00, 5.25, 5.28
6, 13997, 13,    67.09, 6,  drogue,   -3.41,  49616.00, 5631.24, 4661.05,  -31.09, 47.7, 0.00, 5.25, 5.28
6, 13997, 13,    67.19, 6,  drogue,   -2.68,  49685.00, 5621.01, 4650.82,  -31.44, 47.7, 0.00, 5.25, 5.28
6, 13997, 13,    67.29, 6,  drogue,   -1.90,  49732.00, 5614.05, 4643.85,  -31.71, 47.7, 0.00, 5.25, 5.28
6, 13997, 13,    67.39, 6,  drogue,   -1.10,  49764.00, 5609.31, 4639.12,  -31.91, 47.7, 0.00, 5.25, 5.28
6, 13997, 13,    67.49, 6,  drogue,   -0.29,  49791.00, 5605.31, 4635.12,  -32.02, 47.7, 0.00, 5.25, 5.28
6, 13997, 13,    67.59, 6,  drogue,    0.51,  49830.00, 5599.54, 4629.35,  -32.06, 47.7, 0.00, 5.25, 5.28
6, 13997, 13,    67.69, 6,  drogue,    1.23,  49865.00, 5594.37, 4624.18,  -32.00, 47.7, 0.00, 5.25, 5.28
6, 13997, 13,    67.79, 6,  drogue,    1.84,  49885.00, 5591.41, 4621.22,  -31.85, 47.7, 0.00, 5.25, 5.28
6, 13997, 13,    67.89, 6,  drogue,    2.31,  49905.00, 5588.46, 4618.27,  -31.64, 47.7, 0.00, 5.25, 5.28
6, 13997, 13,    67.99, 6,  drogue,    2.65,  49919.00, 5586.39, 4616.20,  -31.38, 47.7, 0.00, 5.25, 5.28
6, 13997, 13,    68.09, 6,  drogue,    2.88,  49917.00, 5586.69, 4616.49,  -31.11, 47.7, 0.00, 5.25, 5.28
6, 13997, 13,    68.19, 6,  drogue,    3.04,  49898.00, 5589.49, 4619.30,  -30.79, 47.7, 0.00, 5.25, 5.28
6, 13997, 13,    68.29, 6,  drogue,    3.19,  49882.00, 5591.86, 4621.66,  -30.48, 47.7, 0.00, 5.25, 5.28
6, 13997, 13,    68.39, 6,  drogue,    3.39,  49963.00, 5579.89, 4609.70,  -30.17, 47.7, 0.00, 5.25, 5.28
6, 13997, 13,    68.49, 6,  drogue,    3.70,  49966.00, 5579.45, 4609.26,  -29.86, 47.7, 0.00, 5.25, 5.28
6, 13997, 13,    68.59, 6,  drogue,    4.11,  49987.00, 5576.35, 4606.16,  -29.53, 47.7, 0.00, 5.25, 5.28
6, 13997, 13,    68.69, 6,  drogue,    4.60,  50009.00, 5573.11, 4602.92,  -29.13, 47.7, 0.00, 5.25, 5.28
6, 13997, 13,    68.79, 6,  drogue,    5.05,  50033.00, 5569.57, 4599.38,  -28.67, 47.7, 0.00, 5.25, 5.28
6, 13997, 13,    68.89, 6,  drogue,    5.40,  50071.00, 5563.97, 4593.78,  -28.15, 47.7, 0.00, 5.25, 5.28
6, 13997, 13,    68.99, 6,  drogue,    5.58,  50063.00, 5565.15, 4594.96,  -27.56, 47.7, 0.00, 5.25, 5.28
6, 13997, 13,    69.09, 6,  drogue,    5.58,  50050.00, 5567.07, 4596.87,  -26.95, 47.7, 0.00, 5.25, 5.28
6, 13997, 13,    69.19, 6,  drogue,    5.45,  50105.00, 5558.96, 4588.77,  -26.38, 47.7, 0.00, 5.25, 5.28
6, 13997, 13,    69.29, 6,  drogue,    5.21,  50162.00, 5550.58, 4580.38,  -25.84, 47.7, 0.00, 5.25, 5.28
6, 13997, 13,    69.39, 6,  drogue,    4.86,  50205.00, 5544.25, 4574.06,  -25.30, 47.7, 0.00, 5.25, 5.28
6, 13997, 13,    69.49, 6,  drogue,    4.38,  50227.00, 5541.02, 4570.83,  -24.79, 47.7, 0.00, 5.25, 5.28
6, 13997, 13,    69.59, 6,  drogue,    3.77,  50250.00, 5537.64, 4567.45,  -24.33, 47.7, 0.00, 5.25, 5.28
6, 13997, 13,    69.69, 6,  drogue,    3.03,  50249.00, 5537.79, 4567.60,  -23.91, 47.7, 0.00, 5.25, 5.28
6, 13997, 13,    69.79, 6,  drogue,    2.20,  50236.00, 5539.70, 4569.51,  -23.60, 47.7, 0.00, 5.25, 5.28
6, 13997, 13,    69.89, 6,  drogue,    1.25,  50232.00, 5540.29, 4570.09,  -23.38, 47.7, 0.00, 5.25, 5.28
6, 13997, 13,    69.99, 6,  drogue,    0.13,  50245.00, 5538.38, 4568.18,  -23.26, 47.7, 0.00, 5.25, 5.28
6, 13997, 13,    70.09, 6,  drogue,   -1.19,  50275.00, 5533.97, 4563.78,  -23.21, 47.7, 0.00, 5.25, 5.28
6, 13997, 13,    70.19, 6,  drogue,   -2.73,  50292.00, 5531.47, 4561.28,  -23.23, 47.7, 0.00, 5.25, 5.28
6, 13997, 13,    70.29, 6,  drogue,   -4.39,  50315.00, 5528.10, 4557.91,  -23.44, 47.7, 0.00, 5.25, 5.28
6, 13997, 13,    70.39, 6,  drogue,   -6.00,  50337.00, 5524.87, 4554.68,  -23.94, 47.7, 0.00, 5.25, 5.28
6, 13997, 13,    70.49, 6,  drogue,   -7.42,  50337.00, 5524.87, 4554.68,  -24.59, 47.7, 0.00, 5.25, 5.28
6, 13997, 13,    70.59, 6,  drogue,   -8.50,  50332.00, 5525.60, 4555.41,  -25.39, 47.7, 0.00, 5.25, 5.28
6, 13997, 13,    70.69, 6,  drogue,   -9.19,  50295.00, 5531.03, 4560.84,  -26.30, 47.7, 0.00, 5.25, 5.28
6, 13997, 13,    70.79, 6,  drogue,   -9.47,  50299.00, 5530.45, 4560.26,  -27.28, 47.7, 0.00, 5.25, 5.28
6, 13997, 13,    70.89, 6,  drogue,   -9.38,  50311.00, 5528.69, 4558.49,  -28.31, 47.7, 0.00, 5.25, 5.28
6, 13997, 13,    70.99, 6,  drogue,   -8.93,  50315.00, 5528.10, 4557.91,  -29.31, 47.7, 0.00, 5.25, 5.28
6, 13997, 13,    71.09, 6,  drogue,   -8.20,  50353.00, 5522.52, 4552.33,  -30.24, 47.7, 0.00, 5.25, 5.28
6, 13997, 13,    71.19, 6,  drogue,   -7.22,  50435.00, 5510.51, 4540.32,  -31.08, 47.7, 0.00, 5.25, 5.28
6, 13997, 13,    71.29, 6,  drogue,   -6.02,  50498.00, 5501.29, 4531.09,  -31.84, 47.7, 0.00, 5.25, 5.28
6, 13997, 13,    71.39, 6,  drogue,   -4.66,  50537.00, 5495.58, 4525.39,  -32.49, 47.7, 0.00, 5.25, 5.28
6, 13997, 13,    71.49, 6,  drogue,   -3.17,  50571.00, 5490.61, 4520.42,  -32.97, 47.7, 0.00, 5.25, 5.28
6, 13997, 13,    71.59, 6,  drogue,   -1.63,  50590.00, 5487.84, 4517.65,  -33.30, 47.7, 0.00, 5.25, 5.28
6, 13997, 13,    71.69, 6,  drogue,   -0.15,  50585.00, 5488.57, 4518.38,  -33.46, 47.7, 0.00, 5.25, 5.28
6, 13997, 13,    71.79, 6,  drogue,    1.19,  50636.00, 5481.12, 4510.93,  -33.44, 47.7, 0.00, 5.25, 5.28
6, 13997, 13,    71.89, 6,  drogue,    2.33,  50641.00, 5480.39, 4510.20,  -33.28, 47.7, 0.00, 5.25, 5.28
6, 13997, 13,    71.99, 6,  drogue,    3.23,  50632.00, 5481.70, 4511.51,  -33.00, 47.7, 0.00, 5.25, 5.28
6, 13997, 13,    72.09, 6,  drogue,    3.89,  50599.00, 5486.52, 4516.33,  -32.65, 47.7, 0.00, 5.25, 5.28
6, 13997, 13,    72.19, 6,  drogue,    4.35,  50601.00, 5486.23, 4516.04,  -32.21, 47.7, 0.00, 5.25, 5.28
6, 13997, 13,    72.29, 6,  drogue,    4.63,  50702.00, 5471.49, 4501.30,  -31.75, 47.7, 0.00, 5.25, 5.28
6, 13997, 13,    72.39, 6,  drogue,    4.74,  50794.00, 5458.08, 4487.89,  -31.27, 47.7, 0.00, 5.25, 5.28
6, 13997, 13,    72.49, 6,  drogue,    4.68,  50826.00, 5453.43, 4483.23,  -30.78, 47.7, 0.00, 5.25, 5.28
6, 13997, 13,    72.59, 6,  drogue,    4.42,  50846.00, 5450.52, 4480.32,  -30.28, 47.7, 0.00, 5.25, 5.28
6, 13997, 13,    72.69, 6,  drogue,    3.96,  50847.00, 5450.37, 4480.18,  -29.78, 47.7, 0.00, 5.25, 5.28
6, 13997, 13,    72.79, 6,  drogue,    3.33,  50838.00, 5451.68, 4481.49,  -29.36, 47.7, 0.00, 5.25, 5.28
6, 13997, 13,    72.89, 6,  drogue,    2.58,  50848.00, 5450.22, 4480.03,  -29.00, 47.7, 0.00, 5.25, 5.28
6, 13997, 13,    72.99, 6,  drogue,    1.80,  50850.00, 5449.93, 4479.74,  -28.74, 47.7, 0.00, 5.25, 5.28
6, 13997, 13,    73.09, 6,  drogue,    1.06,  50842.00, 5451.10, 4480.91,  -28.56, 47.7, 0.00, 5.25, 5.28
6, 13997, 13,    73.19, 6,  drogue,    0.45,  50816.00, 5454.88, 4484.69,  -28.48, 47.7, 0.00, 5.25, 5.28
6, 13997, 13,    73.29, 6,  drogue,   -0.01,  50860.00, 5448.48, 4478.29,  -28.48, 47.7, 0.00, 5.25, 5.28
6, 13997, 13,    73.39, 6,  drogue,   -0.34,  50906.00, 5441.79, 4471.60,  -28.51, 47.7, 0.00, 5.25, 5.28
6, 13997, 13,    73.49, 6,  drogue,   -0.60,  50936.00, 5437.43, 4467.24,  -28.56, 47.7, 0.00, 5.25, 5.28
6, 13997, 13,    73.59, 6,  drogue,   -0.83,  50973.00, 5432.06, 4461.87,  -28.61, 47.7, 0.00, 5.25, 5.28
6, 13997, 13,    73.69, 6,  drogue,   -1.04,  51013.00, 5426.25, 4456.06,  -28.67, 47.7, 0.00, 5.25, 5.28
6, 13997, 13,    73.79, 6,  drogue,   -1.22,  51022.00, 5424.95, 4454.75,  -28.80, 47.7, 0.00, 5.25, 5.28
6, 13997, 13,    73.89, 6,  drogue,   -1.37,  51051.00, 5420.74, 4450.55,  -28.94, 47.7, 0.00, 5.25, 5.28
6, 13997, 13,    73.99, 6,  drogue,   -1.50,  51051.00, 5420.74, 4450.55,  -29.09, 47.7, 0.00, 5.25, 5.28
6, 13997, 13,    74.09, 6,  drogue,   -1.61,  51083.00, 5416.10, 4445.91,  -29.22, 47.7, 0.00, 5.25, 5.28
6, 13997, 13,    74.19, 6,  drogue,   -1.66,  51087.00, 5415.52, 4445.33,  -29.35, 47.7, 0.00, 5.25, 5.28
6, 13997, 13,    74.29, 6,  drogue,   -1.64,  51120.00, 5410.74, 4440.55,  -29.56, 47.7, 0.00, 5.25, 5.28
6, 13997, 13,    74.39, 6,  drogue,   -1.50,  51148.00, 5406.68, 4436.49,  -29.77, 47.7, 0.00, 5.25, 5.28
6, 13997, 13,    74.49, 6,  drogue,   -1.26,  51153.00, 5405.96, 4435.77,  -29.93, 47.7, 0.00, 5.25, 5.28
6, 13997, 13,    74.59, 6,  drogue,   -0.97,  51155.00, 5405.67, 4435.48,  -30.06, 47.7, 0.00, 5.25, 5.28
6, 13997, 13,    74.69, 6,  drogue,   -0.68,  51174.00, 5402.92, 4432.73,  -30.15, 47.7, 0.00, 5.25, 5.28
6, 13997, 13,    74.79, 6,  drogue,   -0.41,  51211.00, 5397.57, 4427.37,  -30.21, 47.7, 0.00, 5.25, 5.28
6, 13997, 13,    74.89, 6,  drogue,   -0.17,  51211.00, 5397.57, 4427.37,  -30.24, 47.7, 0.00, 5.25, 5.28
6, 13997, 13,    74.99, 6,  drogue,    0.10,  51258.00, 5390.77, 4420.58,  -30.26, 47.7, 0.00, 5.25, 5.28
6, 13997, 13,    75.09, 6,  drogue,    0.44,  51258.00, 5390.77, 4420.58,  -30.26, 47.7, 0.00, 5.25, 5.28
6, 13997, 13,    75.19, 6,  drogue,    0.90,  51283.00, 5387.16, 4416.97,  -30.22, 47.7, 0.00, 5.25, 5.28
6, 13997, 13,    75.29, 6,  drogue,    1.49,  51313.00, 5382.82, 4412.63,  -30.19, 47.7, 0.00, 5.25, 5.28
6, 13997, 13,    75.39, 6,  drogue,    2.16,  51330.00, 5380.37, 4410.18,  -30.08, 47.7, 0.00, 5.25, 5.28
6, 13997, 13,    75.49, 6,  drogue,    2.86,  51345.00, 5378.20, 4408.01,  -29.84, 47.7, 0.00, 5.25, 5.28
6, 13997, 13,    75.59, 6,  drogue,    3.49,  51371.00, 5374.45, 4404.26,  -29.54, 47.7, 0.00, 5.25, 5.28
6, 13997, 13,    75.69, 6,  drogue,    4.01,  51419.00, 5367.53, 4397.34,  -29.16, 47.7, 0.00, 5.25, 5.28
6, 13997, 13,    75.79, 6,  drogue,    4.35,  51463.00, 5361.19, 4391.00,  -28.75, 47.7, 0.00, 5.25, 5.28
6, 13997, 13,    75.89, 6,  drogue,    4.51,  51490.00, 5357.30, 4387.11,  -28.29, 47.7, 0.00, 5.25, 5.28
6, 13997, 13,    75.99, 6,  drogue,    4.45,  51508.00, 5354.71, 4384.51,  -27.78, 47.7, 0.00, 5.25, 5.28
6, 13997, 13,    76.09, 6,  drogue,    4.15,  51508.00, 5354.71, 4384.51,  -27.31, 47.7, 0.00, 5.25, 5.28
6, 13997, 13,    76.19, 6,  drogue,    3.59,  51507.00, 5354.85, 4384.66,  -26.84, 47.7, 0.00, 5.25, 5.28
6, 13997, 13,    76.29, 6,  drogue,    2.78,  51512.00, 5354.13, 4383.94,  -26.45, 47.7, 0.00, 5.25, 5.28
6, 13997, 13,    76.39, 6,  drogue,    1.74,  51502.00, 5355.57, 4385.38,  -26.13, 47.7, 0.00, 5.25, 5.28
6, 13997, 13,    76.49, 6,  drogue,    0.50,  51519.00, 5353.12, 4382.93,  -25.92, 47.7, 0.00, 5.25, 5.28
6, 13997, 13,    76.59, 6,  drogue,   -0.88,  51560.00, 5347.22, 4377.03,  -25.84, 47.7, 0.00, 5.25, 5.28
6, 13997, 13,    76.69, 6,  drogue,   -2.30,  51616.00, 5339.17, 4368.98,  -25.91, 47.7, 0.00, 5.25, 5.28
6, 13997, 13,    76.79, 6,  drogue,   -3.62,  51638.00, 5336.01, 4365.82,  -26.16, 47.7, 0.00, 5.25, 5.28
6, 13997, 13,    76.89, 6,  drogue,   -4.70,  51663.00, 5332.42, 4362.23,  -26.55, 47.7, 0.00, 5.25, 5.28
6, 13997, 13,    76.99, 6,  drogue,   -5.45,  51686.00, 5329.12, 4358.92,  -27.10, 47.7, 0.00, 5.25, 5.28
6, 13997, 13,    77.09, 6,  drogue,   -5.80,  51705.00, 5326.39, 4356.20,  -27.72, 47.7, 0.00, 5.25, 5.28
6, 13997, 13,    77.19, 6,  drogue,   -5.80,  51706.00, 5326.24, 4356.05,  -28.37, 47.7, 0.00, 5.25, 5.28
6, 13997, 13,    77.29, 6,  drogue,   -5.53,  51720.00, 5324.24, 4354.04,  -29.01, 47.7, 0.00, 5.25, 5.28
6, 13997, 13,    77.39, 6,  drogue,   -5.09,  51654.00, 5333.71, 4363.52,  -29.57, 47.7, 0.00, 5.25, 5.28
6, 13997, 13,    77.49, 6,  drogue,   -4.55,  51598.00, 5341.76, 4371.57,  -30.07, 47.7, 0.00, 5.25, 5.28
6, 13997, 13,    77.59, 6,  drogue,   -3.88,  51650.00, 5334.29, 4364.09,  -30.53, 47.7, 0.00, 5.25, 5.28
6, 13997, 13,    77.69, 6,  drogue,   -3.05,  51678.00, 5330.26, 4360.07,  -30.96, 47.7, 0.00, 5.25, 5.28
6, 13997, 13,    77.79, 6,  drogue,   -2.05,  51776.00, 5316.20, 4346.01,  -31.31, 47.7, 0.00, 5.25, 5.28
6, 13997, 13,    77.89, 6,  drogue,   -0.91,  51809.00, 5311.47, 4341.28,  -31.55, 47.7, 0.00, 5.25, 5.28
6, 13997, 13,    77.99, 6,  drogue,    0.25,  51843.00, 5306.60, 4336.41,  -31.66, 47.7, 0.00, 5.25, 5.28
6, 13997, 13,    78.09, 6,  drogue,    1.31,  51898.00, 5298.73, 4328.54,  -31.60, 47.7, 0.00, 5.25, 5.28
6, 13997, 13,    78.19, 6,  drogue,    2.17,  51924.00, 5295.01, 4324.82,  -31.42, 47.7, 0.00, 5.25, 5.28
6, 13997, 13,    78.29, 6,  drogue,    2.79,  51957.00, 5290.29, 4320.10,  -31.16, 47.7, 0.00, 5.25, 5.28
6, 13997, 13,    78.39, 6,  drogue,    3.18,  51981.00, 5286.86, 4316.67,  -30.84, 47.7, 0.00, 5.25, 5.28
6, 13997, 13,    78.49, 6,  drogue,    3.36,  52029.00, 5280.00, 4309.81,  -30.48, 47.7, 0.00, 5.25, 5.28
6, 13997, 13,    78.59, 6,  drogue,    3.39,  52059.00, 5275.72, 4305.53,  -30.14, 47.7, 0.00, 5.25, 5.28
6, 13997, 13,    78.69, 6,  drogue,    3.25,  52084.00, 5272.15, 4301.96,  -29.78, 47.7, 0.00, 5.25, 5.28
6, 13997, 13,    78.79, 6,  drogue,    2.92,  52105.00, 5269.16, 4298.96,  -29.42, 47.7, 0.00, 5.25, 5.28
6, 13997, 13,    78.89, 6,  drogue,    2.40,  52123.00, 5266.59, 4296.40,  -29.10, 47.7, 0.00, 5.25, 5.28
6, 13997, 13,    78.99, 6,  drogue,    1.71,  52116.00, 5267.59, 4297.40,  -28.82, 47.7, 0.00, 5.25, 5.28
6, 13997, 13,    79.09, 6,  drogue,    0.91,  52090.00, 5271.30, 4301.10,  -28.61, 47.7, 0.00, 5.25, 5.28
6, 13997, 13,    79.19, 6,  drogue,    0.10,  52056.00, 5276.15, 4305.96,  -28.51, 47.7, 0.00, 5.25, 5.28
6, 13997, 13,    79.29, 6,  drogue,   -0.65,  52009.00, 5282.86, 4312.67,  -28.55, 47.6, 0.00, 5.25, 5.28
6, 13997, 13,    79.39, 6,  drogue,   -1.32,  51976.00, 5287.57, 4317.38,  -28.66, 47.7, 0.00, 5.25, 5.28
6, 13997, 13,    79.49, 6,  drogue,   -1.90,  52041.00, 5278.29, 4308.10,  -28.77, 47.6, 0.00, 5.25, 5.28
6, 13997, 13,    79.59, 6,  drogue,   -2.38,  52118.00, 5267.30, 4297.11,  -28.97, 47.6, 0.00, 5.25, 5.28
6, 13997, 13,    79.69, 6,  drogue,   -2.70,  52213.00, 5253.76, 4283.57,  -29.18, 47.6, 0.00, 5.25, 5.28
6, 13997, 13,    79.79, 6,  drogue,   -2.79,  52267.00, 5246.08, 4275.89,  -29.53, 47.6, 0.00, 5.25, 5.28
6, 13997, 13,    79.89, 6,  drogue,   -2.60,  52303.00, 5240.96, 4270.77,  -29.89, 47.6, 0.00, 5.25, 5.28
6, 13997, 13,    79.99, 6,  drogue,   -2.17,  52312.00, 5239.68, 4269.49,  -30.22, 47.6, 0.00, 5.25, 5.28
6, 13997, 13,    80.09, 6,  drogue,   -1.57,  52295.00, 5242.10, 4271.90,  -30.44, 47.6, 0.00, 5.25, 5.28
6, 13997, 13,    80.19, 6,  drogue,   -0.87,  52332.00, 5236.83, 4266.64,  -30.55, 47.6, 0.00, 5.25, 5.28
6, 13997, 13,    80.29, 6,  drogue,   -0.14,  52368.00, 5231.72, 4261.53,  -30.67, 47.6, 0.00, 5.25, 5.28
6, 13997, 13,    80.39, 6,  drogue,    0.59,  52392.00, 5228.31, 4258.12,  -30.73, 47.6, 0.00, 5.25, 5.28
6, 13997, 13,    80.49, 6,  drogue,    1.24,  52405.00, 5226.46, 4256.27,  -30.66, 47.6, 0.00, 5.25, 5.28
6, 13997, 13,    80.59, 6,  drogue,    1.79,  52415.00, 5225.05, 4254.85,  -30.45, 47.6, 0.00, 5.25, 5.28
6, 13997, 13,    80.69, 6,  drogue,    2.22,  52383.00, 5229.59, 4259.40,  -30.26, 47.6, 0.00, 5.25, 5.28
6, 13997, 13,    80.79, 6,  drogue,    2.51,  52394.00, 5228.03, 4257.83,  -30.03, 47.6, 0.00, 5.25, 5.28
6, 13997, 13,    80.89, 6,  drogue,    2.68,  52435.00, 5222.21, 4252.01,  -29.78, 47.6, 0.00, 5.25, 5.28
6, 13997, 13,    80.99, 6,  drogue,    2.71,  52438.00, 5221.78, 4251.59,  -29.51, 47.6, 0.00, 5.25, 5.28
6, 13997, 13,    81.09, 6,  drogue,    2.56,  52492.00, 5214.12, 4243.93,  -29.17, 47.6, 0.00, 5.25, 5.28
6, 13997, 13,    81.19, 6,  drogue,    2.19,  52559.00, 5204.63, 4234.44,  -28.85, 47.6, 0.00, 5.25, 5.28
6, 13997, 13,    81.29, 6,  drogue,    1.65,  52629.00, 5194.72, 4224.53,  -28.65, 47.6, 0.00, 5.25, 5.28
6, 13997, 13,    81.39, 6,  drogue,    1.01,  52655.00, 5191.04, 4220.85,  -28.45, 47.6, 0.00, 5.25, 5.28
6, 13997, 13,    81.49, 6,  drogue,    0.36,  52590.00, 5200.24, 4230.05,  -28.31, 47.6, 0.00, 5.25, 5.28
6, 13997, 13,    81.59, 6,  drogue,   -0.18,  52556.00, 5205.05, 4234.86,  -28.31, 47.6, 0.00, 5.25, 5.28
6, 13997, 13,    81.69, 6,  drogue,   -0.56,  52539.00, 5207.46, 4237.27,  -28.42, 47.6, 0.00, 5.25, 5.28
6, 13997, 13,    81.79, 6,  drogue,   -0.76,  52647.00, 5192.17, 4221.98,  -28.47, 47.6, 0.00, 5.25, 5.28
6, 13997, 13,    81.89, 6,  drogue,   -0.80,  52682.00, 5187.22, 4217.03,  -28.55, 47.6, 0.00, 5.25, 5.28
6, 13997, 13,    81.99, 6,  drogue,   -0.76,  52706.00, 5183.83, 4213.64,  -28.70, 47.6, 0.00, 5.25, 5.28
6, 13997, 13,    82.09, 6,  drogue,   -0.72,  52661.00, 5190.19, 4220.00,  -28.77, 47.6, 0.00, 5.25, 5.28
6, 13997, 13,    82.19, 6,  drogue,   -0.71,  52655.00, 5191.04, 4220.85,  -28.78, 47.6, 0.00, 5.25, 5.28
6, 13997, 13,    82.29, 6,  drogue,   -0.74,  52802.00, 5170.27, 4200.08,  -28.85, 47.6, 0.00, 5.25, 5.28
6, 13997, 13,    82.39, 6,  drogue,   -0.77,  52839.00, 5165.05, 4194.86,  -28.93, 47.6, 0.00, 5.25, 5.28
6, 13997, 13,    82.49, 6,  drogue,   -0.75,  52750.00, 5177.61, 4207.42,  -29.03, 47.6, 0.00, 5.25, 5.28
6, 13997, 13,    82.59, 6,  drogue,   -0.66,  52734.00, 5179.87, 4209.68,  -29.10, 47.6, 0.00, 5.25, 5.28
6, 13997, 13,    82.69, 6,  drogue,   -0.51,  52855.00, 5162.80, 4192.61,  -29.20, 47.6, 0.00, 5.25, 5.28
6, 13997, 13,    82.79, 6,  drogue,   -0.38,  52876.00, 5159.84, 4189.65,  -29.29, 47.6, 0.00, 5.25, 5.28
6, 13997, 13,    82.89, 6,  drogue,   -0.30,  52890.00, 5157.86, 4187.67,  -29.26, 47.6, 0.00, 5.25, 5.28
6, 13997, 13,    82.99, 6,  drogue,   -0.26,  52906.00, 5155.61, 4185.42,  -29.26, 47.6, 0.00, 5.25, 5.28
6, 13997, 13,    83.09, 6,  drogue,   -0.20,  52873.00, 5160.26, 4190.07,  -29.28, 47.6, 0.00, 5.25, 5.28
6, 13997, 13,    83.19, 6,  drogue,   -0.06,  52911.00, 5154.91, 4184.71,  -29.34, 47.6, 0.00, 5.25, 5.28
6, 13997, 13,    83.29, 6,  drogue,    0.15,  53030.00, 5138.16, 4167.97,  -29.41, 47.6, 0.00, 5.25, 5.28
6, 13997, 13,    83.39, 6,  drogue,    0.39,  52969.00, 5146.74, 4176.55,  -29.40, 47.6, 0.00, 5.25, 5.28
6, 13997, 13,    83.49, 6,  drogue,    0.63,  52931.00, 5152.09, 4181.90,  -29.30, 47.6, 0.00, 5.25, 5.28
6, 13997, 13,    83.59, 6,  drogue,    0.86,  53015.00, 5140.27, 4170.07,  -29.21, 47.6, 0.00, 5.25, 5.28
6, 13997, 13,    83.69, 6,  drogue,    1.14,  53051.00, 5135.20, 4165.01,  -29.15, 47.6, 0.00, 5.25, 5.28
6, 13997, 13,    83.79, 6,  drogue,    1.48,  52992.00, 5143.50, 4173.31,  -29.11, 47.6, 0.00, 5.25, 5.28
6, 13997, 13,    83.89, 6,  drogue,    1.82,  53067.00, 5132.96, 4162.76,  -28.97, 47.6, 0.00, 5.25, 5.28
6, 13997, 13,    83.99, 6,  drogue,    2.11,  53186.00, 5116.25, 4146.06,  -28.75, 47.6, 0.00, 5.25, 5.28
6, 13997, 13,    84.09, 6,  drogue,    2.31,  53128.00, 5124.39, 4154.20,  -28.49, 47.6, 0.00, 5.25, 5.28
6, 13997, 13,    84.19, 6,  drogue,    2.43,  53075.00, 5131.83, 4161.64,  -28.20, 47.6, 0.00, 5.25, 5.28
6, 13997, 13,    84.29, 6,  drogue,    2.48,  53169.00, 5118.63, 4148.44,  -28.02, 47.6, 0.00, 5.25, 5.28
6, 13997, 13,    84.39, 6,  drogue,    2.46,  53213.00, 5112.46, 4142.27,  -27.84, 47.6, 0.00, 5.25, 5.28
6, 13997, 13,    84.49, 6,  drogue,    2.38,  53242.00, 5108.39, 4138.20,  -27.49, 47.6, 0.00, 5.25, 5.28
6, 13997, 13,    84.59, 6,  drogue,    2.25,  53237.00, 5109.10, 4138.90,  -27.16, 47.6, 0.00, 5.25, 5.28
6, 13997, 13,    84.69, 6,  drogue,    2.10,  53305.00, 5099.57, 4129.38,  -27.01, 47.6, 0.00, 5.25, 5.28
6, 13997, 13,    84.79, 6,  drogue,    1.95,  53289.00, 5101.81, 4131.62,  -26.86, 47.6, 0.00, 5.25, 5.28
6, 13997, 13,    84.89, 6,  drogue,    1.77,  53146.00, 5121.86, 4151.67,  -26.65, 47.6, 0.00, 5.25, 5.28
6, 13997, 13,    84.99, 6,  drogue,    1.52,  53259.00, 5106.01, 4135.82,  -26.42, 47.6, 0.00, 5.25, 5.28
6, 13997, 13,    85.09, 6,  drogue,    1.17,  53299.00, 5100.41, 4130.22,  -26.22, 47.6, 0.00, 5.25, 5.28
6, 13997, 13,    85.19, 6,  drogue,    0.71,  53360.00, 5091.87, 4121.68,  -26.08, 47.6, 0.00, 5.25, 5.28
6, 13997, 13,    85.29, 6,  drogue,    0.22,  53394.00, 5087.11, 4116.92,  -26.07, 47.6, 0.00, 5.25, 5.28
6, 13997, 13,    85.39, 6,  drogue,   -0.28,  53360.00, 5091.87, 4121.68,  -26.04, 47.6, 0.00, 5.25, 5.28
6, 13997, 13,    85.49, 6,  drogue,   -0.83,  53391.00, 5087.53, 4117.34,  -26.03, 47.6, 0.00, 5.25, 5.28
6, 13997, 13,    85.59, 6,  drogue,   -1.45,  53478.00, 5075.37, 4105.18,  -26.12, 47.6, 0.00, 5.25, 5.28
6, 13997, 13,    85.69, 6,  drogue,   -2.07,  53522.00, 5069.23, 4099.04,  -26.26, 47.6, 0.00, 5.25, 5.28
6, 13997, 13,    85.79, 6,  drogue,   -2.61,  53447.00, 5079.71, 4109.51,  -26.41, 47.6, 0.00, 5.25, 5.28
6, 13997, 13,    85.89, 6,  drogue,   -2.97,  53365.00, 5091.17, 4120.98,  -26.73, 47.6, 0.00, 5.25, 5.28
6, 13997, 13,    85.99, 6,  drogue,   -3.13,  53369.00, 5090.61, 4120.42,  -27.16, 47.6, 0.00, 5.25, 5.28
6, 13997, 13,    86.09, 6,  drogue,   -3.14,  53458.00, 5078.17, 4107.98,  -27.49, 47.6, 0.00, 5.25, 5.28
6, 13997, 13,    86.19, 6,  drogue,   -3.06,  53500.00, 5072.30, 4102.11,  -27.73, 47.6, 0.00, 5.25, 5.28
6, 13997, 13,    86.29, 6,  drogue,   -2.95,  53551.00, 5065.19, 4094.99,  -28.06, 47.6, 0.00, 5.25, 5.28
6, 13997, 13,    86.39, 6,  drogue,   -2.79,  53603.00, 5057.93, 4087.74,  -28.37, 47.6, 0.00, 5.25, 5.28
6, 13997, 13,    86.49, 6,  drogue,   -2.53,  53537.00, 5067.14, 4096.95,  -28.67, 47.6, 0.00, 5.25, 5.28
6, 13997, 13,    86.59, 6,  drogue,   -2.13,  53610.00, 5056.96, 4086.77,  -28.93, 47.6, 0.00, 5.25, 5.28
6, 13997, 13,    86.69, 6,  drogue,   -1.64,  53717.00, 5042.06, 4071.86,  -29.20, 47.6, 0.00, 5.25, 5.28
6, 13997, 13,    86.79, 6,  drogue,   -1.14,  53691.00, 5045.67, 4075.48,  -29.39, 47.6, 0.00, 5.25, 5.28
6, 13997, 13,    86.89, 6,  drogue,   -0.70,  53621.00, 5055.42, 4085.23,  -29.42, 47.6, 0.00, 5.25, 5.28
6, 13997, 13,    86.99, 6,  drogue,   -0.37,  53609.00, 5057.10, 4086.91,  -29.48, 47.6, 0.00, 5.25, 5.28
6, 13997, 13,    87.09, 6,  drogue,   -0.16,  53688.00, 5046.09, 4075.90,  -29.51, 47.5, 0.00, 5.25, 5.28
6, 13997, 13,    87.19, 6,  drogue,   -0.06,  53709.00, 5043.17, 4072.98,  -29.51, 47.5, 0.00, 5.25, 5.28
6, 13997, 13,    87.29, 6,  drogue,   -0.02,  53749.00, 5037.60, 4067.41,  -29.51, 47.5, 0.00, 5.25, 5.28
6, 13997, 13,    87.39, 6,  drogue,    0.05,  53786.00, 5032.46, 4062.27,  -29.48, 47.5, 0.00, 5.25, 5.28
6, 13997, 13,    87.49, 6,  drogue,    0.21,  53812.00, 5028.85, 4058.65,  -29.48, 47.5, 0.00, 5.25, 5.28
6, 13997, 13,    87.59, 6,  drogue,    0.46,  53801.00, 5030.37, 4060.18,  -29.54, 47.5, 0.00, 5.25, 5.28
6, 13997, 13,    87.69, 6,  drogue,    0.73,  53829.00, 5026.48, 4056.29,  -29.56, 47.5, 0.00, 5.25, 5.28
6, 13997, 13,    87.79, 6,  drogue,    0.88,  53883.00, 5018.98, 4048.79,  -29.43, 47.5, 0.00, 5.25, 5.28
6, 13997, 13,    87.89, 6,  drogue,    0.83,  53965.00, 5007.61, 4037.42,  -29.22, 47.5, 0.00, 5.25, 5.28
6, 13997, 13,    87.99, 6,  drogue,    0.61,  53969.00, 5007.05, 4036.86,  -29.10, 47.5, 0.00, 5.25, 5.28
6, 13997, 13,    88.09, 6,  drogue,    0.34,  53920.00, 5013.85, 4043.66,  -29.06, 47.5, 0.00, 5.25, 5.28
6, 13997, 13,    88.19, 6,  drogue,    0.12,  53868.00, 5021.07, 4050.88,  -29.06, 47.5, 0.00, 5.25, 5.28
6, 13997, 13,    88.29, 6,  drogue,    0.01,  53931.00, 5012.32, 4042.13,  -29.08, 47.5, 0.00, 5.25, 5.28
6, 13997, 13,    88.39, 6,  drogue,   -0.02,  53940.00, 5011.08, 4040.88,  -29.12, 47.5, 0.00, 5.25, 5.28
6, 13997, 13,    88.49, 6,  drogue,    0.01,  53987.00, 5004.56, 4034.37,  -29.06, 47.5, 0.00, 5.25, 5.28
6, 13997, 13,    88.59, 6,  drogue,    0.10,  54027.00, 4999.02, 4028.83,  -29.06, 47.5, 0.00, 5.25, 5.28
6, 13997, 13,    88.69, 6,  drogue,    0.27,  54071.00, 4992.92, 4022.73,  -29.11, 47.5, 0.00, 5.25, 5.28
6, 13997, 13,    88.79, 6,  drogue,    0.51,  54071.00, 4992.92, 4022.73,  -29.12, 47.5, 0.00, 5.25, 5.28
6, 13997, 13,    88.89, 6,  drogue,    0.79,  54075.00, 4992.37, 4022.18,  -29.04, 47.5, 0.00, 5.25, 5.28
6, 13997, 13,    88.99, 6,  drogue,    1.05,  54072.00, 4992.79, 4022.59,  -28.95, 47.5, 0.00, 5.25, 5.28
6, 13997, 13,    89.09, 6,  drogue,    1.24,  54089.00, 4990.43, 4020.24,  -28.85, 47.5, 0.00, 5.25, 5.28
6, 13997, 13,    89.19, 6,  drogue,    1.35,  54121.00, 4986.01, 4015.81,  -28.71, 47.5, 0.00, 5.25, 5.28
6, 13997, 13,    89.29, 6,  drogue,    1.41,  54194.00, 4975.91, 4005.72,  -28.54, 47.5, 0.00, 5.25, 5.28
6, 13997, 13,    89.39, 6,  drogue,    1.44,  54265.00, 4966.11, 3995.92,  -28.39, 47.5, 0.00, 5.25, 5.28
6, 13997, 13,    89.49, 6,  drogue,    1.49,  54300.00, 4961.28, 3991.09,  -28.27, 47.5, 0.00, 5.25, 5.28
6, 13997, 13,    89.59, 6,  drogue,    1.61,  54312.00, 4959.63, 3989.43,  -28.14, 47.5, 0.00, 5.25, 5.28
6, 13997, 13,    89.69, 6,  drogue,    1.82,  54271.00, 4965.28, 3995.09,  -27.99, 47.5, 0.00, 5.25, 5.28
6, 13997, 13,    89.79, 6,  drogue,    2.06,  54217.00, 4972.74, 4002.55,  -27.81, 47.5, 0.00, 5.25, 5.28
6, 13997, 13,    89.89, 6,  drogue,    2.22,  54213.00, 4973.29, 4003.10,  -27.64, 47.5, 0.00, 5.25, 5.28
6, 13997, 13,    89.99, 6,  drogue,    2.19,  54304.00, 4960.73, 3990.54,  -27.38, 47.5, 0.00, 5.25, 5.28
6, 13997, 13,    90.09, 6,  drogue,    1.89,  54330.00, 4957.14, 3986.95,  -27.08, 47.5, 0.00, 5.25, 5.28
6, 13997, 13,    90.19, 6,  drogue,    1.31,  54358.00, 4953.28, 3983.09,  -26.80, 47.5, 0.00, 5.25, 5.28
6, 13997, 13,    90.29, 6,  drogue,    0.52,  54374.00, 4951.08, 3980.89,  -26.66, 47.5, 0.00, 5.25, 5.28
6, 13997, 13,    90.39, 6,  drogue,   -0.36,  54392.00, 4948.60, 3978.41,  -26.60, 47.5, 0.00, 5.25, 5.28
6, 13997, 13,    90.49, 6,  drogue,   -1.19,  54403.00, 4947.08, 3976.89,  -26.64, 47.5, 0.00, 5.25, 5.28
6, 13997, 13,    90.59, 6,  drogue,   -1.89,  54440.00, 4941.99, 3971.80,  -26.78, 47.5, 0.00, 5.25, 5.28
6, 13997, 13,    90.69, 6,  drogue,   -2.43,  54476.00, 4937.03, 3966.84,  -27.02, 47.5, 0.00, 5.25, 5.28
6, 13997, 13,    90.79, 6,  drogue,   -2.85,  54509.00, 4932.49, 3962.30,  -27.30, 47.5, 0.00, 5.25, 5.28
6, 13997, 13,    90.89, 6,  drogue,   -3.19,  54512.00, 4932.08, 3961.89,  -27.58, 47.5, 0.00, 5.25, 5.28
6, 13997, 13,    90.99, 6,  drogue,   -3.49,  54527.00, 4930.02, 3959.83,  -27.90, 47.5, 0.00, 5.25, 5.28
6, 13997, 13,    91.09, 6,  drogue,   -3.75,  54484.00, 4935.93, 3965.74,  -28.25, 47.5, 0.00, 5.25, 5.28
6, 13997, 13,    91.19, 6,  drogue,   -3.89,  54482.00, 4936.21, 3966.02,  -28.61, 47.5, 0.00, 5.25, 5.28
6, 13997, 13,    91.29, 6,  drogue,   -3.82,  54512.00, 4932.08, 3961.89,  -29.04, 47.5, 0.00, 5.25, 5.28
6, 13997, 13,    91.39, 6,  drogue,   -3.45,  54590.00, 4921.36, 3951.17,  -29.49, 47.5, 0.00, 5.25, 5.28
6, 13997, 13,    91.49, 6,  drogue,   -2.81,  54660.00, 4911.75, 3941.56,  -29.90, 47.5, 0.00, 5.25, 5.28
6, 13997, 13,    91.59, 6,  drogue,   -1.99,  54694.00, 4907.09, 3936.90,  -30.25, 47.5, 0.00, 5.25, 5.28
6, 13997, 13,    91.69, 6,  drogue,   -1.17,  54669.00, 4910.52, 3940.33,  -30.45, 47.5, 0.00, 5.25, 5.28
6, 13997, 13,    91.79, 6,  drogue,   -0.46,  54630.00, 4915.87, 3945.68,  -30.49, 47.5, 0.00, 5.25, 5.28
6, 13997, 13,    91.89, 6,  drogue,    0.07,  54631.00, 4915.73, 3945.54,  -30.47, 47.5, 0.00, 5.25, 5.28
6, 13997, 13,    91.99, 6,  drogue,    0.49,  54608.00, 4918.89, 3948.70,  -30.47, 47.5, 0.00, 5.25, 5.28
6, 13997, 13,    92.09, 6,  drogue,    0.86,  54680.00, 4909.01, 3938.82,  -30.42, 47.5, 0.00, 5.25, 5.28
6, 13997, 13,    92.19, 6,  drogue,    1.26,  54763.00, 4897.63, 3927.44,  -30.35, 47.5, 0.00, 5.25, 5.28
6, 13997, 13,    92.29, 6,  drogue,    1.68,  54841.00, 4886.95, 3916.76,  -30.23, 47.5, 0.00, 5.25, 5.28
6, 13997, 13,    92.39, 6,  drogue,    2.13,  54889.00, 4880.38, 3910.19,  -30.07, 47.5, 0.00, 5.25, 5.28
6, 13997, 13,    92.49, 6,  drogue,    2.58,  54908.00, 4877.79, 3907.59,  -29.85, 47.5, 0.00, 5.25, 5.28
6, 13997, 13,    92.59, 6,  drogue,    3.00,  54928.00, 4875.05, 3904.86,  -29.58, 47.5, 0.00, 5.25, 5.28
6, 13997, 13,    92.69, 6,  drogue,    3.34,  54952.00, 4871.77, 3901.58,  -29.29, 47.5, 0.00, 5.25, 5.28
6, 13997, 13,    92.79, 6,  drogue,    3.52,  54948.00, 4872.32, 3902.13,  -28.94, 47.5, 0.00, 5.25, 5.28
6, 13997, 13,    92.89, 6,  drogue,    3.46,  54915.00, 4876.83, 3906.64,  -28.54, 47.5, 0.00, 5.25, 5.28
6, 13997, 13,    92.99, 6,  drogue,    3.12,  54922.00, 4875.87, 3905.68,  -28.12, 47.5, 0.00, 5.25, 5.28
6, 13997, 13,    93.09, 6,  drogue,    2.51,  54936.00, 4873.96, 3903.77,  -27.76, 47.5, 0.00, 5.25, 5.28
6, 13997, 13,    93.19, 6,  drogue,    1.70,  54946.00, 4872.59, 3902.40,  -27.48, 47.5, 0.00, 5.25, 5.28
6, 13997, 13,    93.29, 6,  drogue,    0.84,  54997.00, 4865.63, 3895.44,  -27.29, 47.5, 0.00, 5.25, 5.28
6, 13997, 13,    93.39, 6,  drogue,    0.01,  55025.00, 4861.80, 3891.61,  -27.22, 47.5, 0.00, 5.25, 5.28
6, 13997, 13,    93.49, 6,  drogue,   -0.71,  55049.00, 4858.53, 3888.34,  -27.26, 47.5, 0.00, 5.25, 5.28
6, 13997, 13,    93.59, 6,  drogue,   -1.31,  55070.00, 4855.67, 3885.47,  -27.36, 47.5, 0.00, 5.25, 5.28
6, 13997, 13,    93.69, 6,  drogue,   -1.83,  55038.00, 4860.03, 3889.84,  -27.50, 47.5, 0.00, 5.25, 5.28
6, 13997, 13,    93.79, 6,  drogue,   -2.33,  55027.00, 4861.53, 3891.34,  -27.67, 47.5, 0.00, 5.25, 5.28
6, 13997, 13,    93.89, 6,  drogue,   -2.85,  55072.00, 4855.39, 3885.20,  -27.92, 47.5, 0.00, 5.25, 5.28
6, 13997, 13,    93.99, 6,  drogue,   -3.36,  55144.00, 4845.58, 3875.39,  -28.18, 47.5, 0.00, 5.25, 5.28
6, 13997, 13,    94.09, 6,  drogue,   -3.81,  55190.00, 4839.31, 3869.12,  -28.50, 47.5, 0.00, 5.25, 5.28
6, 13997, 13,    94.19, 6,  drogue,   -4.10,  55249.00, 4831.28, 3861.09,  -28.92, 47.5, 0.00, 5.25, 5.28
6, 13997, 13,    94.29, 6,  drogue,   -4.18,  55283.00, 4826.66, 3856.47,  -29.39, 47.5, 0.00, 5.25, 5.28
6, 13997, 13,    94.39, 6,  drogue,   -4.02,  55284.00, 4826.52, 3856.33,  -29.86, 47.5, 0.00, 5.25, 5.28
6, 13997, 13,    94.49, 6,  drogue,   -3.67,  55264.00, 4829.24, 3859.05,  -30.28, 47.5, 0.00, 5.25, 5.28
6, 13997, 13,    94.59, 6,  drogue,   -3.18,  55252.00, 4830.88, 3860.68,  -30.67, 47.5, 0.00, 5.25, 5.28
6, 13997, 13,    94.69, 6,  drogue,   -2.63,  55253.00, 4830.74, 3860.55,  -31.01, 47.5, 0.00, 5.25, 5.28
6, 13997, 13,    94.79, 6,  drogue,   -2.05,  55225.00, 4834.55, 3864.36,  -31.27, 47.5, 0.00, 5.25, 5.28
6, 13997, 13,    94.89, 6,  drogue,   -1.46,  55233.00, 4833.46, 3863.27,  -31.45, 47.5, 0.00, 5.25, 5.28
6, 13997, 13,    94.99, 6,  drogue,   -0.87,  55268.00, 4828.70, 3858.51,  -31.60, 47.5, 0.00, 5.25, 5.28
6, 13997, 13,    95.09, 6,  drogue,   -0.28,  55392.00, 4811.85, 3841.66,  -31.72, 47.5, 0.00, 5.25, 5.28
6, 13997, 13,    95.19, 6,  drogue,    0.31,  55450.00, 4803.98, 3833.79,  -31.73, 47.5, 0.00, 5.25, 5.28
6, 13997, 13,    95.29, 6,  drogue,    0.94,  55473.00, 4800.86, 3830.67,  -31.68, 47.5, 0.00, 5.25, 5.28
6, 13997, 13,    95.39, 6,  drogue,    1.64,  55494.00, 4798.02, 3827.83,  -31.60, 47.5, 0.00, 5.25, 5.28
6, 13997, 13,    95.49, 6,  drogue,    2.41,  55521.00, 4794.36, 3824.17,  -31.47, 47.5, 0.00, 5.25, 5.28
6, 13997, 13,    95.59, 6,  drogue,    3.20,  55529.00, 4793.28, 3823.08,  -31.27, 47.5, 0.00, 5.25, 5.28
6, 13997, 13,    95.69, 6,  drogue,    3.93,  55555.00, 4789.75, 3819.56,  -30.93, 47.5, 0.00, 5.25, 5.28
6, 13997, 13,    95.79, 6,  drogue,    4.48,  55578.00, 4786.64, 3816.45,  -30.48, 47.5, 0.00, 5.25, 5.28
6, 13997, 13,    95.89, 6,  drogue,    4.83,  55597.00, 4784.07, 3813.88,  -29.97, 47.5, 0.00, 5.25, 5.28
6, 13997, 13,    95.99, 6,  drogue,    4.98,  55576.00, 4786.91, 3816.72,  -29.46, 47.5, 0.00, 5.25, 5.28
6, 13997, 13,    96.09, 6,  drogue,    5.03,  55567.00, 4788.13, 3817.94,  -28.95, 47.5, 0.00, 5.25, 5.28
6, 13997, 13,    96.19, 6,  drogue,    5.02,  55634.00, 4779.06, 3808.87,  -28.45, 47.5, 0.00, 5.25, 5.28
6, 13997, 13,    96.29, 6,  drogue,    4.97,  55678.00, 4773.11, 3802.92,  -27.96, 47.5, 0.00, 5.25, 5.28
6, 13997, 13,    96.39, 6,  drogue,    4.86,  55704.00, 4769.60, 3799.41,  -27.45, 47.5, 0.00, 5.25, 5.28
6, 13997, 13,    96.49, 6,  drogue,    4.64,  55721.00, 4767.30, 3797.11,  -26.94, 47.4, 0.00, 5.25, 5.28
6, 13997, 13,    96.59, 6,  drogue,    4.28,  55751.00, 4763.25, 3793.06,  -26.45, 47.5, 0.00, 5.25, 5.28
6, 13997, 13,    96.69, 6,  drogue,    3.73,  55752.00, 4763.11, 3792.92,  -26.00, 47.4, 0.00, 5.25, 5.28
6, 13997, 13,    96.79, 6,  drogue,    3.05,  55766.00, 4761.22, 3791.03,  -25.59, 47.4, 0.00, 5.25, 5.28
6, 13997, 13,    96.89, 6,  drogue,    2.33,  55792.00, 4757.71, 3787.52,  -25.24, 47.4, 0.00, 5.25, 5.28
6, 13997, 13,    96.99, 6,  drogue,    1.72,  55831.00, 4752.45, 3782.26,  -25.01, 47.4, 0.00, 5.25, 5.28
6, 13997, 13,    97.09, 6,  drogue,    1.33,  55841.00, 4751.10, 3780.91,  -24.92, 47.4, 0.00, 5.25, 5.28
6, 13997, 13,    97.19, 6,  drogue,    1.17,  55802.00, 4756.37, 3786.17,  -24.89, 47.4, 0.00, 5.25, 5.28
6, 13997, 13,    97.29, 6,  drogue,    1.16,  55803.00, 4756.23, 3786.04,  -24.79, 47.4, 0.00, 5.25, 5.28
6, 13997, 13,    97.39, 6,  drogue,    1.15,  55877.00, 4746.25, 3776.06,  -24.65, 47.4, 0.00, 5.25, 5.28
6, 13997, 13,    97.49, 6,  drogue,    1.06,  55920.00, 4740.46, 3770.27,  -24.49, 47.4, 0.00, 5.25, 5.28
6, 13997, 13,    97.59, 6,  drogue,    0.91,  55925.00, 4739.78, 3769.59,  -24.35, 47.4, 0.00, 5.25, 5.28
6, 13997, 13,    97.69, 6,  drogue,    0.77,  55909.00, 4741.94, 3771.75,  -24.27, 47.4, 0.00, 5.25, 5.28
6, 13997, 13,    97.79, 6,  drogue,    0.70,  55881.00, 4745.71, 3775.52,  -24.23, 47.4, 0.00, 5.25, 5.28
6, 13997, 13,    97.89, 6,  drogue,    0.67,  55882.00, 4745.58, 3775.39,  -24.21, 47.4, 0.00, 5.25, 5.28
6, 13997, 13,    97.99, 6,  drogue,    0.65,  55947.00, 4736.82, 3766.63,  -24.13, 47.4, 0.00, 5.25, 5.28
6, 13997, 13,    98.09, 6,  drogue,    0.57,  56008.00, 4728.61, 3758.42,  -24.00, 47.4, 0.00, 5.25, 5.28
6, 13997, 13,    98.19, 6,  drogue,    0.41,  56066.00, 4720.81, 3750.62,  -23.94, 47.4, 0.00, 5.25, 5.28
6, 13997, 13,    98.29, 6,  drogue,    0.20,  56091.00, 4717.45, 3747.26,  -23.91, 47.4, 0.00, 5.25, 5.28
6, 13997, 13,    98.39, 6,  drogue,   -0.04,  56099.00, 4716.38, 3746.18,  -23.88, 47.4, 0.00, 5.25, 5.28
6, 13997, 13,    98.49, 6,  drogue,   -0.29,  56110.00, 4714.90, 3744.71,  -23.89, 47.4, 0.00, 5.25, 5.28
6, 13997, 13,    98.59, 6,  drogue,   -0.56,  56109.00, 4715.03, 3744.84,  -23.92, 47.4, 0.00, 5.25, 5.28
6, 13997, 13,    98.69, 6,  drogue,   -0.87,  56104.00, 4715.70, 3745.51,  -23.96, 47.4, 0.00, 5.25, 5.28
6, 13997, 13,    98.79, 6,  drogue,   -1.20,  56103.00, 4715.84, 3745.65,  -24.03, 47.4, 0.00, 5.25, 5.28
6, 13997, 13,    98.89, 6,  drogue,   -1.51,  56123.00, 4713.15, 3742.96,  -24.15, 47.4, 0.00, 5.25, 5.28
6, 13997, 13,    98.99, 6,  drogue,   -1.80,  56163.00, 4707.78, 3737.59,  -24.33, 47.4, 0.00, 5.25, 5.28
6, 13997, 13,    99.09, 6,  drogue,   -2.08,  56178.00, 4705.77, 3735.58,  -24.53, 47.4, 0.00, 5.25, 5.28
6, 13997, 13,    99.19, 6,  drogue,   -2.37,  56206.00, 4702.01, 3731.82,  -24.72, 47.4, 0.00, 5.25, 5.28
6, 13997, 13,    99.29, 6,  drogue,   -2.67,  56132.00, 4711.94, 3741.75,  -24.92, 47.4, 0.00, 5.25, 5.28
6, 13997, 13,    99.39, 6,  drogue,   -2.96,  56125.00, 4712.88, 3742.69,  -25.20, 47.4, 0.00, 5.25, 5.28
6, 13997, 13,    99.49, 6,  drogue,   -3.21,  56160.00, 4708.18, 3737.99,  -25.51, 47.4, 0.00, 5.25, 5.28
6, 13997, 13,    99.59, 6,  drogue,   -3.39,  56264.00, 4694.23, 3724.04,  -25.85, 47.4, 0.00, 5.25, 5.28
6, 13997, 13,    99.69, 6,  drogue,   -3.50,  56341.00, 4683.92, 3713.73,  -26.21, 47.4, 0.00, 5.25, 5.28
6, 13997, 13,    99.79, 6,  drogue,   -3.55,  56393.00, 4676.96, 3706.77,  -26.56, 47.4, 0.00, 5.25, 5.28
6, 13997, 13,    99.89, 6,  drogue,   -3.56,  56395.00, 4676.69, 3706.50,  -26.92, 47.4, 0.00, 5.25, 5.28
6, 13997, 13,    99.99, 6,  drogue,   -3.51,  56356.00, 4681.91, 3711.72,  -27.27, 47.4, 0.00, 5.25, 5.28
6, 13997, 13,   100.09, 6,  drogue,   -3.37,  56308.00, 4688.34, 3718.15,  -27.63, 47.4, 0.00, 5.25, 5.28
6, 13997, 13,   100.19, 6,  drogue,   -3.08,  56364.00, 4680.84, 3710.65,  -28.01, 47.4, 0.00, 5.25, 5.28
6, 13997, 13,   100.29, 6,  drogue,   -2.66,  56382.00, 4678.43, 3708.24,  -28.35, 47.4, 0.00, 5.25, 5.28
6, 13997, 13,   100.39, 6,  drogue,   -2.13,  56414.00, 4674.15, 3703.96,  -28.63, 47.4, 0.00, 5.25, 5.28
6, 13997, 13,   100.49, 6,  drogue,   -1.55,  56459.00, 4668.13, 3697.94,  -28.86, 47.4, 0.00, 5.25, 5.28
6, 13997, 13,   100.59, 6,  drogue,   -0.98,  56471.00, 4666.53, 3696.34,  -29.01, 47.4, 0.00, 5.25, 5.28
6, 13997, 13,   100.69, 6,  drogue,   -0.44,  56492.00, 4663.72, 3693.53,  -29.09, 47.4, 0.00, 5.25, 5.28
6, 13997, 13,   100.79, 6,  drogue,    0.08,  56515.00, 4660.65, 3690.46,  -29.12, 47.4, 0.00, 5.25, 5.28
6, 13997, 13,   100.89, 6,  drogue,    0.61,  56537.00, 4657.71, 3687.52,  -29.12, 47.4, 0.00, 5.25, 5.28
6, 13997, 13,   100.99, 6,  drogue,    1.14,  56567.00, 4653.71, 3683.52,  -29.06, 47.4, 0.00, 5.25, 5.28
6, 13997, 13,   101.09, 6,  drogue,    1.67,  56584.00, 4651.44, 3681.25,  -28.96, 47.4, 0.00, 5.25, 5.28
6, 13997, 13,   101.19, 6,  drogue,    2.15,  56589.00, 4650.77, 3680.58,  -28.81, 47.4, 0.00, 5.25, 5.28
6, 13997, 13,   101.29, 6,  drogue,    2.52,  56596.00, 4649.84, 3679.65,  -28.55, 47.4, 0.00, 5.25, 5.28
6, 13997, 13,   101.39, 6,  drogue,    2.81,  56619.00, 4646.77, 3676.58,  -28.25, 47.4, 0.00, 5.25, 5.28
6, 13997, 13,   101.49, 6,  drogue,    3.03,  56656.00, 4641.84, 3671.65,  -27.96, 47.4, 0.00, 5.25, 5.28
6, 13997, 13,   101.59, 6,  drogue,    3.24,  56718.00, 4633.58, 3663.39,  -27.68, 47.4, 0.00, 5.25, 5.28
6, 13997, 13,   101.69, 6,  drogue,    3.43,  56772.00, 4626.39, 3656.20,  -27.39, 47.4, 0.00, 5.25, 5.28
6, 13997, 13,   101.79, 6,  drogue,    3.54,  56786.00, 4624.53, 3654.34,  -27.02, 47.4, 0.00, 5.25, 5.28
6, 13997, 13,   101.89, 6,  drogue,    3.47,  56779.00, 4625.46, 3655.27,  -26.63, 47.4, 0.00, 5.25, 5.28
6, 13997, 13,   101.99, 6,  drogue,    3.16,  56756.00, 4628.52, 3658.33,  -26.24, 47.4, 0.00, 5.25, 5.28
6, 13997, 13,   102.09, 6,  drogue,    2.65,  56778.00, 4625.59, 3655.40,  -25.84, 47.4, 0.00, 5.25, 5.28
6, 13997, 13,   102.19, 6,  drogue,    2.02,  56834.00, 4618.15, 3647.95,  -25.57, 47.4, 0.00, 5.25, 5.28
6, 13997, 13,   102.29, 6,  drogue,    1.42,  56856.00, 4615.22, 3645.03,  -25.38, 47.4, 0.00, 5.25, 5.28
6, 13997, 13,   102.39, 6,  drogue,    0.91,  56869.00, 4613.49, 3643.30,  -25.27, 47.4, 0.00, 5.25, 5.28
6, 13997, 13,   102.49, 6,  drogue,    0.50,  56879.00, 4612.16, 3641.97,  -25.23, 47.4, 0.00, 5.25, 5.28
6, 13997, 13,   102.59, 6,  drogue,    0.13,  56874.00, 4612.83, 3642.64,  -25.19, 47.4, 0.00, 5.25, 5.28
6, 13997, 13,   102.69, 6,  drogue,   -0.27,  56888.00, 4610.97, 3640.78,  -25.15, 47.4, 0.00, 5.25, 5.28
6, 13997, 13,   102.79, 6,  drogue,   -0.74,  56921.00, 4606.59, 3636.39,  -25.13, 47.4, 0.00, 5.25, 5.28
6, 13997, 13,   102.89, 6,  drogue,   -1.24,  56933.00, 4604.99, 3634.80,  -25.19, 47.4, 0.00, 5.25, 5.28
6, 13997, 13,   102.99, 6,  drogue,   -1.70,  56932.00, 4605.13, 3634.93,  -25.35, 47.4, 0.00, 5.25, 5.28
6, 13997, 13,   103.09, 6,  drogue,   -2.10,  56960.00, 4601.41, 3631.22,  -25.55, 47.4, 0.00, 5.25, 5.28
6, 13997, 13,   103.19, 6,  drogue,   -2.42,  56994.00, 4596.90, 3626.71,  -25.76, 47.4, 0.00, 5.25, 5.28
6, 13997, 13,   103.29, 6,  drogue,   -2.61,  57009.00, 4594.91, 3624.72,  -26.01, 47.4, 0.00, 5.25, 5.28
6, 13997, 13,   103.39, 6,  drogue,   -2.65,  57033.00, 4591.73, 3621.53,  -26.27, 47.4, 0.00, 5.25, 5.28
6, 13997, 13,   103.49, 6,  drogue,   -2.50,  57057.00, 4588.55, 3618.35,  -26.58, 47.4, 0.00, 5.25, 5.28
6, 13997, 13,   103.59, 6,  drogue,   -2.16,  57062.00, 4587.88, 3617.69,  -26.92, 47.4, 0.00, 5.25, 5.28
6, 13997, 13,   103.69, 6,  drogue,   -1.72,  57082.00, 4585.23, 3615.04,  -27.16, 47.4, 0.00, 5.25, 5.28
6, 13997, 13,   103.79, 6,  drogue,   -1.28,  57045.00, 4590.14, 3619.94,  -27.29, 47.4, 0.00, 5.25, 5.28
6, 13997, 13,   103.89, 6,  drogue,   -0.93,  57135.00, 4578.21, 3608.02,  -27.40, 47.4, 0.00, 5.25, 5.28
6, 13997, 13,   103.99, 6,  drogue,   -0.73,  57198.00, 4569.88, 3599.69,  -27.46, 47.4, 0.00, 5.25, 5.28
6, 13997, 13,   104.09, 6,  drogue,   -0.63,  57233.00, 4565.25, 3595.06,  -27.51, 47.4, 0.00, 5.25, 5.28
6, 13997, 13,   104.19, 6,  drogue,   -0.57,  57274.00, 4559.83, 3589.64,  -27.56, 47.4, 0.00, 5.25, 5.28
6, 13997, 13,   104.29, 6,  drogue,   -0.48,  57284.00, 4558.51, 3588.32,  -27.63, 47.4, 0.00, 5.25, 5.28
6, 13997, 13,   104.39, 6,  drogue,   -0.29,  57290.00, 4557.72, 3587.53,  -27.69, 47.4, 0.00, 5.25, 5.28
6, 13997, 13,   104.49, 6,  drogue,    0.03,  57270.00, 4560.36, 3590.17,  -27.75, 47.4, 0.00, 5.25, 5.28
6, 13997, 13,   104.59, 6,  drogue,    0.44,  57223.00, 4566.57, 3596.38,  -27.78, 47.4, 0.00, 5.25, 5.28
6, 13997, 13,   104.69, 6,  drogue,    0.83,  57189.00, 4571.07, 3600.88,  -27.76, 47.4, 0.00, 5.25, 5.28
6, 13997, 13,   104.79, 6,  drogue,    1.11,  57215.00, 4567.63, 3597.44,  -27.64, 47.4, 0.00, 5.25, 5.28
6, 13997, 13,   104.89, 6,  drogue,    1.24,  57329.00, 4552.57, 3582.38,  -27.47, 47.4, 0.00, 5.25, 5.28
6, 13997, 13,   104.99, 6,  drogue,    1.26,  57410.00, 4541.88, 3571.69,  -27.29, 47.4, 0.00, 5.25, 5.28
6, 13997, 13,   105.09, 6,  drogue,    1.25,  57441.00, 4537.79, 3567.60,  -27.17, 47.4, 0.00, 5.25, 5.28
6, 13997, 13,   105.19, 6,  drogue,    1.29,  57453.00, 4536.21, 3566.02,  -27.12, 47.4, 0.00, 5.25, 5.28
6, 13997, 13,   105.29, 6,  drogue,    1.35,  57482.00, 4532.39, 3562.20,  -27.01, 47.4, 0.00, 5.25, 5.28
6, 13997, 13,   105.39, 6,  drogue,    1.38,  57481.00, 4532.52, 3562.33,  -26.85, 47.4, 0.00, 5.25, 5.28
6, 13997, 13,   105.49, 6,  drogue,    1.30,  57538.00, 4525.02, 3554.83,  -26.66, 47.4, 0.00, 5.25, 5.28
6, 13997, 13,   105.59, 6,  drogue,    1.11,  57533.00, 4525.68, 3555.48,  -26.50, 47.4, 0.00, 5.25, 5.28
6, 13997, 13,   105.69, 6,  drogue,    0.87,  57445.00, 4537.27, 3567.07,  -26.40, 47.4, 0.00, 5.25, 5.28
6, 13997, 13,   105.79, 6,  drogue,    0.62,  57422.00, 4540.30, 3570.11,  -26.30, 47.4, 0.00, 5.25, 5.28
6, 13997, 13,   105.89, 6,  drogue,    0.36,  57523.00, 4526.99, 3556.80,  -26.28, 47.4, 0.00, 5.25, 5.28
6, 13997, 13,   105.99, 6,  drogue,    0.11,  57580.00, 4519.49, 3549.30,  -26.25, 47.3, 0.00, 5.25, 5.28
6, 13997, 13,   106.09, 6,  drogue,   -0.11,  57603.00, 4516.47, 3546.27,  -26.18, 47.3, 0.00, 5.25, 5.28
6, 13997, 13,   106.19, 6,  drogue,   -0.26,  57634.00, 4512.39, 3542.20,  -26.19, 47.3, 0.00, 5.25, 5.28
6, 13997, 13,   106.29, 6,  drogue,   -0.32,  57694.00, 4504.51, 3534.31,  -26.28, 47.3, 0.00, 5.25, 5.28
6, 13997, 13,   106.39, 6,  drogue,   -0.35,  57719.00, 4501.22, 3531.03,  -26.38, 47.3, 0.00, 5.25, 5.28
6, 13997, 13,   106.49, 6,  drogue,   -0.45,  57739.00, 4498.60, 3528.41,  -26.39, 47.3, 0.00, 5.25, 5.28
6, 13997, 13,   106.59, 6,  drogue,   -0.70,  57724.00, 4500.57, 3530.37,  -26.34, 47.3, 0.00, 5.25, 5.28
6, 13997, 13,   106.69, 6,  drogue,   -1.08,  57678.00, 4506.61, 3536.42,  -26.35, 47.3, 0.00, 5.25, 5.28
6, 13997, 13,   106.79, 6,  drogue,   -1.49,  57597.00, 4517.25, 3547.06,  -26.46, 47.3, 0.00, 5.25, 5.28
6, 13997, 13,   106.89, 6,  drogue,   -1.78,  57636.00, 4512.13, 3541.93,  -26.67, 47.3, 0.00, 5.25, 5.28
6, 13997, 13,   106.99, 6,  drogue,   -1.86,  57708.00, 4502.67, 3532.48,  -26.93, 47.3, 0.00, 5.25, 5.28
6, 13997, 13,   107.09, 6,  drogue,   -1.73,  57841.00, 4485.22, 3515.03,  -27.12, 47.3, 0.00, 5.25, 5.28
6, 13997, 13,   107.19, 6,  drogue,   -1.44,  57913.00, 4475.79, 3505.60,  -27.28, 47.3, 0.00, 5.25, 5.28
6, 13997, 13,   107.29, 6,  drogue,   -1.04,  57852.00, 4483.78, 3513.59,  -27.49, 47.3, 0.00, 5.25, 5.28
6, 13997, 13,   107.39, 6,  drogue,   -0.60,  57819.00, 4488.10, 3517.91,  -27.61, 47.3, 0.00, 5.25, 5.28
6, 13997, 13,   107.49, 6,  drogue,   -0.21,  57823.00, 4487.58, 3517.39,  -27.63, 47.3, 0.00, 5.25, 5.28
6, 13997, 13,   107.59, 6,  drogue,    0.07,  57919.00, 4475.00, 3504.81,  -27.66, 47.3, 0.00, 5.25, 5.28
6, 13997, 13,   107.69, 6,  drogue,    0.23,  57984.00, 4466.49, 3496.30,  -27.60, 47.3, 0.00, 5.25, 5.28
6, 13997, 13,   107.79, 6,  drogue,    0.27,  57998.00, 4464.66, 3494.47,  -27.53, 47.3, 0.00, 5.25, 5.28
6, 13997, 13,   107.89, 6,  drogue,    0.24,  57998.00, 4464.66, 3494.47,  -27.52, 47.3, 0.00, 5.25, 5.28
6, 13997, 13,   107.99, 6,  drogue,    0.17,  57953.00, 4470.55, 3500.36,  -27.52, 47.3, 0.00, 5.25, 5.28
6, 13997, 13,   108.09, 6,  drogue,    0.10,  57909.00, 4476.31, 3506.12,  -27.48, 47.3, 0.00, 5.25, 5.28
6, 13997, 13,   108.19, 6,  drogue,    0.07,  58026.00, 4461.00, 3490.81,  -27.45, 47.3, 0.00, 5.25, 5.28
6, 13997, 13,   108.29, 6,  drogue,    0.15,  58134.00, 4446.89, 3476.70,  -27.46, 47.3, 0.00, 5.25, 5.28
6, 13997, 13,   108.39, 6,  drogue,    0.34,  58114.00, 4449.51, 3479.31,  -27.49, 47.3, 0.00, 5.25, 5.28
6, 13997, 13,   108.49, 6,  drogue,    0.60,  58028.00, 4460.74, 3490.55,  -27.51, 47.3, 0.00, 5.25, 5.28
6, 13997, 13,   108.59, 6,  drogue,    0.82,  57999.00, 4464.53, 3494.34,  -27.45, 47.3, 0.00, 5.25, 5.28
6, 13997, 13,   108.69, 6,  drogue,    0.88,  58114.00, 4449.51, 3479.31,  -27.29, 47.3, 0.00, 5.25, 5.28
6, 13997, 13,   108.79, 6,  drogue,    0.76,  58193.00, 4439.20, 3469.00,  -27.14, 47.3, 0.00, 5.25, 5.28
6, 13997, 13,   108.89, 6,  drogue,    0.53,  58219.00, 4435.81, 3465.61,  -27.04, 47.3, 0.00, 5.25, 5.28
6, 13997, 13,   108.99, 6,  drogue,    0.34,  58227.00, 4434.76, 3464.57,  -26.99, 47.3, 0.00, 5.25, 5.28
6, 13997, 13,   109.09, 6,  drogue,    0.28,  58196.00, 4438.80, 3468.61,  -27.02, 47.3, 0.00, 5.25, 5.28
6, 13997, 13,   109.19, 6,  drogue,    0.35,  58227.00, 4434.76, 3464.57,  -27.07, 47.3, 0.00, 5.25, 5.28
6, 13997, 13,   109.29, 6,  drogue,    0.45,  58330.00, 4421.34, 3451.15,  -27.03, 47.3, 0.00, 5.25, 5.28
6, 13997, 13,   109.39, 6,  drogue,    0.47,  58277.00, 4428.25, 3458.05,  -26.94, 47.3, 0.00, 5.25, 5.28
6, 13997, 13,   109.49, 6,  drogue,    0.38,  58196.00, 4438.80, 3468.61,  -26.83, 47.3, 0.00, 5.25, 5.28
6, 13997, 13,   109.59, 6,  drogue,    0.19,  58311.00, 4423.82, 3453.63,  -26.78, 47.3, 0.00, 5.25, 5.28
6, 13997, 13,   109.69, 6,  drogue,   -0.03,  58338.00, 4420.30, 3450.11,  -26.79, 47.3, 0.00, 5.25, 5.28
6, 13997, 13,   109.79, 6,  drogue,   -0.25,  58373.00, 4415.75, 3445.56,  -26.80, 47.3, 0.00, 5.25, 5.28
6, 13997, 13,   109.89, 6,  drogue,   -0.48,  58389.00, 4413.67, 3443.48,  -26.83, 47.3, 0.00, 5.25, 5.28
6, 13997, 13,   109.99, 6,  drogue,   -0.70,  58396.00, 4412.76, 3442.57,  -26.86, 47.3, 0.00, 5.25, 5.28
6, 13997, 13,   110.09, 6,  drogue,   -0.86,  58397.00, 4412.63, 3442.44,  -26.90, 47.3, 0.00, 5.25, 5.28
6, 13997, 13,   110.19, 6,  drogue,   -0.93,  58454.00, 4405.22, 3435.02,  -27.02, 47.3, 0.00, 5.25, 5.28
6, 13997, 13,   110.29, 6,  drogue,   -0.90,  58515.00, 4397.29, 3427.10,  -27.19, 47.3, 0.00, 5.25, 5.28
6, 13997, 13,   110.39, 6,  drogue,   -0.82,  58547.00, 4393.14, 3422.95,  -27.30, 47.3, 0.00, 5.25, 5.28
6, 13997, 13,   110.49, 6,  drogue,   -0.75,  58543.00, 4393.66, 3423.47,  -27.33, 47.3, 0.00, 5.25, 5.28
6, 13997, 13,   110.59, 6,  drogue,   -0.67,  58492.00, 4400.28, 3430.09,  -27.35, 47.3, 0.00, 5.25, 5.28
6, 13997, 13,   110.69, 6,  drogue,   -0.54,  58444.00, 4406.52, 3436.32,  -27.46, 47.3, 0.00, 5.25, 5.28
6, 13997, 13,   110.79, 6,  drogue,   -0.33,  58549.00, 4392.88, 3422.69,  -27.56, 47.3, 0.00, 5.25, 5.28
6, 13997, 13,   110.89, 6,  drogue,   -0.01,  58563.00, 4391.06, 3420.87,  -27.63, 47.3, 0.00, 5.25, 5.28
6, 13997, 13,   110.99, 6,  drogue,    0.40,  58581.00, 4388.73, 3418.54,  -27.63, 47.3, 0.00, 5.25, 5.28
6, 13997, 13,   111.09, 6,  drogue,    0.81,  58620.00, 4383.67, 3413.48,  -27.56, 47.3, 0.00, 5.25, 5.28
6, 13997, 13,   111.19, 6,  drogue,    1.17,  58659.00, 4378.61, 3408.42,  -27.47, 47.3, 0.00, 5.25, 5.28
6, 13997, 13,   111.29, 6,  drogue,    1.43,  58682.00, 4375.63, 3405.44,  -27.40, 47.3, 0.00, 5.25, 5.28
6, 13997, 13,   111.39, 6,  drogue,    1.58,  58695.00, 4373.95, 3403.76,  -27.22, 47.3, 0.00, 5.25, 5.28
6, 13997, 13,   111.49, 6,  drogue,    1.64,  58700.00, 4373.30, 3403.11,  -26.96, 47.3, 0.00, 5.25, 5.28
6, 13997, 13,   111.59, 6,  drogue,    1.67,  58732.00, 4369.16, 3398.97,  -26.81, 47.3, 0.00, 5.25, 5.28
6, 13997, 13,   111.69, 6,  drogue,    1.72,  58786.00, 4362.17, 3391.98,  -26.69, 47.3, 0.00, 5.25, 5.28
6, 13997, 13,   111.79, 6,  drogue,    1.79,  58830.00, 4356.48, 3386.29,  -26.55, 47.3, 0.00, 5.25, 5.28
6, 13997, 13,   111.89, 6,  drogue,    1.80,  58855.00, 4353.25, 3383.06,  -26.37, 47.3, 0.00, 5.25, 5.28
6, 13997, 13,   111.99, 6,  drogue,    1.67,  58887.00, 4349.11, 3378.92,  -26.13, 47.3, 0.00, 5.25, 5.28
6, 13997, 13,   112.09, 6,  drogue,    1.38,  58893.00, 4348.34, 3378.15,  -25.90, 47.3, 0.00, 5.25, 5.28
6, 13997, 13,   112.19, 6,  drogue,    0.98,  58859.00, 4352.73, 3382.54,  -25.74, 47.3, 0.00, 5.25, 5.28
6, 13997, 13,   112.29, 6,  drogue,    0.55,  58844.00, 4354.67, 3384.48,  -25.67, 47.3, 0.00, 5.25, 5.28
6, 13997, 13,   112.39, 6,  drogue,    0.14,  58848.00, 4354.15, 3383.96,  -25.64, 47.3, 0.00, 5.25, 5.28
6, 13997, 13,   112.49, 6,  drogue,   -0.28,  58874.00, 4350.79, 3380.60,  -25.64, 47.3, 0.00, 5.25, 5.28
6, 13997, 13,   112.59, 6,  drogue,   -0.72,  58919.00, 4344.98, 3374.79,  -25.64, 47.3, 0.00, 5.25, 5.28
6, 13997, 13,   112.69, 6,  drogue,   -1.20,  58942.00, 4342.01, 3371.82,  -25.66, 47.3, 0.00, 5.25, 5.28
6, 13997, 13,   112.79, 6,  drogue,   -1.69,  58954.00, 4340.46, 3370.27,  -25.81, 47.3, 0.00, 5.25, 5.28
6, 13997, 13,   112.89, 6,  drogue,   -2.11,  58993.00, 4335.43, 3365.24,  -26.00, 47.3, 0.00, 5.25, 5.28
6, 13997, 13,   112.99, 6,  drogue,   -2.41,  59006.00, 4333.75, 3363.56,  -26.22, 47.3, 0.00, 5.25, 5.28
6, 13997, 13,   113.09, 6,  drogue,   -2.54,  59039.00, 4329.50, 3359.31,  -26.48, 47.3, 0.00, 5.25, 5.28
6, 13997, 13,   113.19, 6,  drogue,   -2.51,  59065.00, 4326.15, 3355.96,  -26.79, 47.2, 0.00, 5.25, 5.28
6, 13997, 13,   113.29, 6,  drogue,   -2.39,  59084.00, 4323.70, 3353.51,  -27.07, 47.2, 0.00, 5.25, 5.28
6, 13997, 13,   113.39, 6,  drogue,   -2.23,  59099.00, 4321.77, 3351.58,  -27.30, 47.2, 0.00, 5.25, 5.28
6, 13997, 13,   113.49, 6,  drogue,   -2.08,  59120.00, 4319.06, 3348.87,  -27.50, 47.2, 0.00, 5.25, 5.28
6, 13997, 13,   113.59, 6,  drogue,   -1.93,  59196.00, 4309.28, 3339.09,  -27.70, 47.2, 0.00, 5.25, 5.28
6, 13997, 13,   113.69, 6,  drogue,   -1.77,  59226.00, 4305.42, 3335.23,  -27.90, 47.2, 0.00, 5.25, 5.28
6, 13997, 13,   113.79, 6,  drogue,   -1.55,  59194.00, 4309.54, 3339.35,  -28.10, 47.2, 0.00, 5.25, 5.28
6, 13997, 13,   113.89, 6,  drogue,   -1.28,  59157.00, 4314.30, 3344.11,  -28.27, 47.2, 0.00, 5.25, 5.28
6, 13997, 13,   113.99, 6,  drogue,   -0.98,  59139.00, 4316.62, 3346.43,  -28.41, 47.2, 0.00, 5.25, 5.28
6, 13997, 13,   114.09, 6,  drogue,   -0.71,  59181.00, 4311.21, 3341.02,  -28.49, 47.2, 0.00, 5.25, 5.28
6, 13997, 13,   114.19, 6,  drogue,   -0.49,  59261.00, 4300.92, 3330.73,  -28.54, 47.2, 0.00, 5.25, 5.28
6, 13997, 13,   114.29, 6,  drogue,   -0.31,  59319.00, 4293.47, 3323.28,  -28.58, 47.2, 0.00, 5.25, 5.28
6, 13997, 13,   114.39, 6,  drogue,   -0.13,  59358.00, 4288.47, 3318.27,  -28.61, 47.2, 0.00, 5.25, 5.28
6, 13997, 13,   114.49, 6,  drogue,    0.10,  59372.00, 4286.67, 3316.48,  -28.64, 47.2, 0.00, 5.25, 5.28
6, 13997, 13,   114.59, 6,  drogue,    0.42,  59390.00, 4284.36, 3314.17,  -28.65, 47.2, 0.00, 5.25, 5.28
6, 13997, 13,   114.69, 6,  drogue,    0.84,  59403.00, 4282.69, 3312.50,  -28.63, 47.2, 0.00, 5.25, 5.28
6, 13997, 13,   114.79, 6,  drogue,    1.36,  59412.00, 4281.54, 3311.35,  -28.55, 47.2, 0.00, 5.25, 5.28
6, 13997, 13,   114.89, 6,  drogue,    2.01,  59432.00, 4278.97, 3308.78,  -28.43, 47.2, 0.00, 5.24, 5.28
6, 13997, 13,   114.99, 6,  drogue,    2.77,  59450.00, 4276.67, 3306.47,  -28.25, 47.2, 0.00, 5.25, 5.28
6, 13997, 13,   115.09, 6,  drogue,    3.61,  59479.00, 4272.95, 3302.76,  -28.01, 47.2, 0.00, 5.25, 5.28
6, 13997, 13,   115.19, 6,  drogue,    4.44,  59512.00, 4268.72, 3298.53,  -27.67, 47.2, 0.00, 5.25, 5.28
6, 13997, 13,   115.29, 6,  drogue,    5.17,  59509.00, 4269.11, 3298.91,  -27.19, 47.2, 0.00, 5.25, 5.28
6, 13997, 13,   115.39, 6,  drogue,    5.78,  59495.00, 4270.90, 3300.71,  -26.60, 47.2, 0.00, 5.25, 5.28
6, 13997, 13,   115.49, 6,  drogue,    6.27,  59522.00, 4267.44, 3297.25,  -26.00, 47.2, 0.00, 5.25, 5.28
6, 13997, 13,   115.59, 6,  drogue,    6.64,  59570.00, 4261.30, 3291.10,  -25.40, 47.2, 0.00, 5.25, 5.28
6, 13997, 13,   115.69, 6,  drogue,    6.87,  59616.00, 4255.41, 3285.22,  -24.75, 47.2, 0.00, 5.25, 5.28
6, 13997, 13,   115.79, 6,  drogue,    6.89,  59669.00, 4248.63, 3278.44,  -24.00, 47.2, 0.00, 5.25, 5.28
6, 13997, 13,   115.89, 6,  drogue,    6.66,  59679.00, 4247.36, 3277.16,  -23.24, 47.2, 0.00, 5.25, 5.28
6, 13997, 13,   115.99, 6,  drogue,    6.20,  59693.00, 4245.57, 3275.38,  -22.52, 47.2, 0.00, 5.25, 5.28
6, 13997, 13,   116.09, 6,  drogue,    5.60,  59706.00, 4243.91, 3273.71,  -21.87, 47.2, 0.00, 5.25, 5.28
6, 13997, 13,   116.19, 6,  drogue,    4.95,  59743.00, 4239.18, 3268.99,  -21.34, 47.2, 0.00, 5.25, 5.28
6, 13997, 13,   116.29, 6,  drogue,    4.30,  59763.00, 4236.63, 3266.44,  -20.86, 47.2, 0.00, 5.25, 5.28
6, 13997, 13,   116.39, 6,  drogue,    3.60,  59782.00, 4234.20, 3264.01,  -20.43, 47.2, 0.00, 5.25, 5.28
6, 13997, 13,   116.49, 6,  drogue,    2.77,  59772.00, 4235.48, 3265.29,  -20.05, 47.2, 0.00, 5.25, 5.28
6, 13997, 13,   116.59, 6,  drogue,    1.75,  59755.00, 4237.65, 3267.46,  -19.72, 47.2, 0.00, 5.25, 5.28
6, 13997, 13,   116.69, 6,  drogue,    0.55,  59775.00, 4235.10, 3264.90,  -19.48, 47.2, 0.00, 5.25, 5.28
6, 13997, 13,   116.79, 6,  drogue,   -0.75,  59771.00, 4235.61, 3265.41,  -19.41, 47.2, 0.00, 5.25, 5.28
6, 13997, 13,   116.89, 6,  drogue,   -2.06,  59777.00, 4234.84, 3264.65,  -19.51, 47.2, 0.00, 5.25, 5.28
6, 13997, 13,   116.99, 6,  drogue,   -3.27,  59810.00, 4230.63, 3260.44,  -19.73, 47.2, 0.00, 5.25, 5.28
6, 13997, 13,   117.09, 6,  drogue,   -4.33,  59822.00, 4229.10, 3258.91,  -20.08, 47.2, 0.00, 5.25, 5.28
6, 13997, 13,   117.19, 6,  drogue,   -5.21,  59807.00, 4231.01, 3260.82,  -20.55, 47.2, 0.00, 5.25, 5.28
6, 13997, 13,   117.29, 6,  drogue,   -5.90,  59751.00, 4238.16, 3267.97,  -21.11, 47.2, 0.00, 5.25, 5.28
6, 13997, 13,   117.39, 6,  drogue,   -6.36,  59792.00, 4232.93, 3262.74,  -21.72, 47.2, 0.00, 5.25, 5.28
6, 13997, 13,   117.49, 6,  drogue,   -6.55,  59893.00, 4220.05, 3249.86,  -22.38, 47.2, 0.00, 5.25, 5.28
6, 13997, 13,   117.59, 6,  drogue,   -6.46,  59943.00, 4213.68, 3243.49,  -23.11, 47.2, 0.00, 5.25, 5.28
6, 13997, 13,   117.69, 6,  drogue,   -6.09,  59958.00, 4211.77, 3241.58,  -23.82, 47.2, 0.00, 5.25, 5.28
6, 13997, 13,   117.79, 6,  drogue,   -5.53,  59944.00, 4213.55, 3243.36,  -24.47, 47.2, 0.00, 5.25, 5.28
6, 13997, 13,   117.89, 6,  drogue,   -4.85,  59991.00, 4207.57, 3237.38,  -25.02, 47.2, 0.00, 5.25, 5.28
6, 13997, 13,   117.99, 6,  drogue,   -4.14,  60031.00, 4202.48, 3232.29,  -25.51, 47.2, 0.00, 5.25, 5.28
6, 13997, 13,   118.09, 6,  drogue,   -3.39,  60038.00, 4201.59, 3231.40,  -25.91, 47.2, 0.00, 5.25, 5.28
6, 13997, 13,   118.19, 6,  drogue,   -2.59,  60044.00, 4200.83, 3230.64,  -26.24, 47.2, 0.00, 5.25, 5.28
6, 13997, 13,   118.29, 6,  drogue,   -1.70,  60026.00, 4203.12, 3232.93,  -26.53, 47.2, 0.00, 5.25, 5.28
6, 13997, 13,   118.39, 6,  drogue,   -0.75,  60012.00, 4204.90, 3234.71,  -26.75, 47.2, 0.00, 5.25, 5.28
6, 13997, 13,   118.49, 6,  drogue,    0.17,  60022.00, 4203.63, 3233.43,  -26.84, 47.2, 0.00, 5.25, 5.28
6, 13997, 13,   118.59, 6,  drogue,    0.97,  60019.00, 4204.01, 3233.82,  -26.77, 47.2, 0.00, 5.25, 5.28
6, 13997, 13,   118.69, 6,  drogue,    1.59,  60076.00, 4196.76, 3226.57,  -26.60, 47.2, 0.00, 5.25, 5.28
6, 13997, 13,   118.79, 6,  drogue,    2.03,  60199.00, 4181.14, 3210.95,  -26.42, 47.2, 0.00, 5.25, 5.28
6, 13997, 13,   118.89, 6,  drogue,    2.34,  60265.00, 4172.77, 3202.58,  -26.21, 47.2, 0.00, 5.25, 5.28
6, 13997, 13,   118.99, 6,  drogue,    2.51,  60277.00, 4171.25, 3201.05,  -25.98, 47.2, 0.00, 5.25, 5.28
6, 13997, 13,   119.09, 6,  drogue,    2.52,  60272.00, 4171.88, 3201.69,  -25.72, 47.2, 0.00, 5.25, 5.28
6, 13997, 13,   119.19, 6,  drogue,    2.31,  60292.00, 4169.34, 3199.15,  -25.42, 47.2, 0.00, 5.25, 5.28
6, 13997, 13,   119.29, 6,  drogue,    1.88,  60315.00, 4166.43, 3196.24,  -25.10, 47.2, 0.00, 5.25, 5.28
6, 13997, 13,   119.39, 6,  drogue,    1.32,  60306.00, 4167.57, 3197.38,  -24.88, 47.2, 0.00, 5.25, 5.28
6, 13997, 13,   119.49, 6,  drogue,    0.75,  60302.00, 4168.08, 3197.89,  -24.76, 47.2, 0.00, 5.25, 5.28
6, 13997, 13,   119.59, 6,  drogue,    0.26,  60331.00, 4164.40, 3194.21,  -24.72, 47.2, 0.00, 5.25, 5.28
6, 13997, 13,   119.69, 6,  drogue,   -0.12,  60303.00, 4167.95, 3197.76,  -24.75, 47.2, 0.00, 5.25, 5.28
6, 13997, 13,   119.79, 6,  drogue,   -0.42,  60278.00, 4171.12, 3200.93,  -24.77, 47.2, 0.00, 5.25, 5.28
6, 13997, 13,   119.89, 6,  drogue,   -0.69,  60298.00, 4168.58, 3198.39,  -24.78, 47.2, 0.00, 5.25, 5.28
6, 13997, 13,   119.99, 6,  drogue,   -0.96,  60362.00, 4160.48, 3190.29,  -24.85, 47.2, 0.00, 5.25, 5.28
6, 13997, 13,   120.09, 6,  drogue,   -1.21,  60400.00, 4155.67, 3185.47,  -24.95, 47.2, 0.00, 5.25, 5.28
6, 13997, 13,   120.19, 6,  drogue,   -1.43,  60453.00, 4148.96, 3178.77,  -25.09, 47.2, 0.00, 5.25, 5.28
6, 13997, 13,   120.29, 6,  drogue,   -1.64,  60526.00, 4139.73, 3169.54,  -25.24, 47.2, 0.00, 5.25, 5.28
6, 13997, 13,   120.39, 6,  drogue,   -1.86,  60556.00, 4135.94, 3165.75,  -25.40, 47.1, 0.00, 5.25, 5.28
6, 13997, 13,   120.49, 6,  drogue,   -2.08,  60518.00, 4140.74, 3170.55,  -25.58, 47.1, 0.00, 5.25, 5.28
6, 13997, 13,   120.59, 6,  drogue,   -2.26,  60452.00, 4149.09, 3178.90,  -25.77, 47.1, 0.00, 5.25, 5.28
6, 13997, 13,   120.69, 6,  drogue,   -2.33,  60453.00, 4148.96, 3178.77,  -26.00, 47.1, 0.00, 5.25, 5.28
6, 13997, 13,   120.79, 6,  drogue,   -2.28,  60557.00, 4135.82, 3165.63,  -26.30, 47.1, 0.00, 5.25, 5.28
6, 13997, 13,   120.89, 6,  drogue,   -2.10,  60595.00, 4131.02, 3160.83,  -26.58, 47.1, 0.00, 5.25, 5.28
6, 13997, 13,   120.99, 6,  drogue,   -1.86,  60589.00, 4131.78, 3161.59,  -26.78, 47.1, 0.00, 5.25, 5.28
6, 13997, 13,   121.09, 6,  drogue,   -1.60,  60605.00, 4129.76, 3159.57,  -26.93, 47.1, 0.00, 5.25, 5.28
6, 13997, 13,   121.19, 6,  drogue,   -1.34,  60613.00, 4128.75, 3158.56,  -27.08, 47.1, 0.00, 5.25, 5.28
6, 13997, 13,   121.29, 6,  drogue,   -1.03,  60655.00, 4123.45, 3153.26,  -27.24, 47.1, 0.00, 5.25, 5.28
6, 13997, 13,   121.39, 6,  drogue,   -0.63,  60711.00, 4116.39, 3146.20,  -27.36, 47.1, 0.00, 5.25, 5.28
6, 13997, 13,   121.49, 6,  drogue,   -0.16,  60737.00, 4113.11, 3142.92,  -27.46, 47.1, 0.00, 5.25, 5.28
6, 13997, 13,   121.59, 6,  drogue,    0.29,  60779.00, 4107.82, 3137.63,  -27.50, 47.1, 0.00, 5.25, 5.28
6, 13997, 13,   121.69, 6,  drogue,    0.64,  60816.00, 4103.17, 3132.97,  -27.42, 47.1, 0.00, 5.25, 5.28
6, 13997, 13,   121.79, 6,  drogue,    0.84,  60790.00, 4106.44, 3136.25,  -27.29, 47.1, 0.00, 5.25, 5.28
6, 13997, 13,   121.89, 6,  drogue,    0.93,  60715.00, 4115.89, 3145.69,  -27.18, 47.1, 0.00, 5.25, 5.28
6, 13997, 13,   121.99, 6,  drogue,    0.98,  60760.00, 4110.22, 3140.03,  -27.12, 47.1, 0.00, 5.25, 5.28
6, 13997, 13,   122.09, 6,  drogue,    1.08,  60815.00, 4103.29, 3133.10,  -27.02, 47.1, 0.00, 5.25, 5.28
6, 13997, 13,   122.19, 6,  drogue,    1.28,  60852.00, 4098.64, 3128.45,  -26.93, 47.1, 0.00, 5.25, 5.28
6, 13997, 13,   122.29, 6,  drogue,    1.52,  60888.00, 4094.11, 3123.92,  -26.84, 47.1, 0.00, 5.25, 5.28
6, 13997, 13,   122.39, 6,  drogue,    1.75,  60898.00, 4092.85, 3122.66,  -26.70, 47.1, 0.00, 5.25, 5.28
6, 13997, 13,   122.49, 6,  drogue,    1.90,  60924.00, 4089.58, 3119.39,  -26.47, 47.1, 0.00, 5.25, 5.28
6, 13997, 13,   122.59, 6,  drogue,    1.96,  60938.00, 4087.82, 3117.63,  -26.24, 47.1, 0.00, 5.25, 5.28
6, 13997, 13,   122.69, 6,  drogue,    1.94,  60982.00, 4082.30, 3112.11,  -26.04, 47.1, 0.00, 5.25, 5.28
6, 13997, 13,   122.79, 6,  drogue,    1.87,  61007.00, 4079.16, 3108.97,  -25.88, 47.1, 0.00, 5.25, 5.28
6, 13997, 13,   122.89, 6,  drogue,    1.75,  61028.00, 4076.52, 3106.33,  -25.67, 47.1, 0.00, 5.25, 5.28
6, 13997, 13,   122.99, 6,  drogue,    1.58,  61022.00, 4077.28, 3107.08,  -25.48, 47.1, 0.00, 5.25, 5.28
6, 13997, 13,   123.09, 6,  drogue,    1.34,  61064.00, 4072.01, 3101.81,  -25.31, 47.1, 0.00, 5.25, 5.28
6, 13997, 13,   123.19, 6,  drogue,    1.04,  61115.00, 4065.61, 3095.42,  -25.16, 47.1, 0.00, 5.25, 5.28
6, 13997, 13,   123.29, 6,  drogue,    0.71,  61160.00, 4059.97, 3089.78,  -25.05, 47.1, 0.00, 5.25, 5.28
6, 13997, 13,   123.39, 6,  drogue,    0.38,  61165.00, 4059.35, 3089.15,  -24.98, 47.1, 0.00, 5.25, 5.28
6, 13997, 13,   123.49, 6,  drogue,    0.06,  61160.00, 4059.97, 3089.78,  -24.95, 47.1, 0.00, 5.25, 5.28
6, 13997, 13,   123.59, 6,  drogue,   -0.27,  61099.00, 4067.62, 3097.43,  -24.95, 47.1, 0.00, 5.25, 5.28
6, 13997, 13,   123.69, 6,  drogue,   -0.61,  61041.00, 4074.89, 3104.70,  -24.98, 47.1, 0.00, 5.25, 5.28
6, 13997, 13,   123.79, 6,  drogue,   -1.00,  61089.00, 4068.87, 3098.68,  -25.03, 47.1, 0.00, 5.25, 5.28
6, 13997, 13,   123.89, 6,  drogue,   -1.42,  61167.00, 4059.10, 3088.90,  -25.09, 47.1, 0.00, 5.25, 5.28
6, 13997, 13,   123.99, 6,  drogue,   -1.83,  61247.00, 4049.08, 3078.89,  -25.24, 47.1, 0.00, 5.25, 5.28
6, 13997, 13,   124.09, 6,  drogue,   -2.16,  61244.00, 4049.45, 3079.26,  -25.44, 47.1, 0.00, 5.25, 5.28
6, 13997, 13,   124.19, 6,  drogue,   -2.39,  61285.00, 4044.33, 3074.13,  -25.69, 47.1, 0.00, 5.25, 5.28
6, 13997, 13,   124.29, 6,  drogue,   -2.49,  61319.00, 4040.07, 3069.88,  -25.96, 47.1, 0.00, 5.25, 5.28
6, 13997, 13,   124.39, 6,  drogue,   -2.46,  61327.00, 4039.07, 3068.88,  -26.22, 47.1, 0.00, 5.25, 5.28
6, 13997, 13,   124.49, 6,  drogue,   -2.33,  61324.00, 4039.45, 3069.26,  -26.48, 47.1, 0.00, 5.25, 5.28
6, 13997, 13,   124.59, 6,  drogue,   -2.11,  61402.00, 4029.70, 3059.51,  -26.73, 47.1, 0.00, 5.25, 5.28
6, 13997, 13,   124.69, 6,  drogue,   -1.82,  61436.00, 4025.46, 3055.27,  -26.95, 47.1, 0.00, 5.25, 5.28
6, 13997, 13,   124.79, 6,  drogue,   -1.48,  61390.00, 4031.20, 3061.01,  -27.15, 47.1, 0.00, 5.25, 5.28
6, 13997, 13,   124.89, 6,  drogue,   -1.12,  61315.00, 4040.57, 3070.38,  -27.30, 47.1, 0.00, 5.25, 5.28
6, 13997, 13,   124.99, 6,  drogue,   -0.77,  61410.00, 4028.70, 3058.51,  -27.40, 47.1, 0.00, 5.25, 5.28
6, 13997, 13,   125.09, 6,  drogue,   -0.42,  61446.00, 4024.21, 3054.02,  -27.47, 47.1, 0.00, 5.25, 5.28
6, 13997, 13,   125.19, 6,  drogue,   -0.07,  61468.00, 4021.46, 3051.27,  -27.51, 47.1, 0.00, 5.25, 5.28
6, 13997, 13,   125.29, 6,  drogue,    0.28,  61482.00, 4019.72, 3049.53,  -27.53, 47.1, 0.00, 5.25, 5.28
6, 13997, 13,   125.39, 6,  drogue,    0.63,  61514.00, 4015.73, 3045.54,  -27.51, 47.1, 0.00, 5.25, 5.28
6, 13997, 13,   125.49, 6,  drogue,    0.93,  61543.00, 4012.11, 3041.92,  -27.45, 47.1, 0.00, 5.25, 5.28
6, 13997, 13,   125.59, 6,  drogue,    1.17,  61568.00, 4009.00, 3038.80,  -27.32, 47.1, 0.00, 5.25, 5.28
6, 13997, 13,   125.69, 6,  drogue,    1.37,  61581.00, 4007.38, 3037.18,  -27.16, 47.1, 0.00, 5.25, 5.28
6, 13997, 13,   125.79, 6,  drogue,    1.54,  61646.00, 3999.28, 3029.09,  -27.06, 47.1, 0.00, 5.25, 5.28
6, 13997, 13,   125.89, 6,  drogue,    1.72,  61691.00, 3993.68, 3023.49,  -26.94, 47.1, 0.00, 5.25, 5.28
6, 13997, 13,   125.99, 6,  drogue,    1.92,  61701.00, 3992.44, 3022.25,  -26.74, 47.1, 0.00, 5.25, 5.28
6, 13997, 13,   126.09, 6,  drogue,    2.13,  61692.00, 3993.56, 3023.37,  -26.53, 47.1, 0.00, 5.25, 5.28
6, 13997, 13,   126.19, 6,  drogue,    2.33,  61707.00, 3991.69, 3021.50,  -26.34, 47.1, 0.00, 5.25, 5.28
6, 13997, 13,   126.29, 6,  drogue,    2.49,  61732.00, 3988.58, 3018.39,  -26.12, 47.1, 0.00, 5.25, 5.28
6, 13997, 13,   126.39, 6,  drogue,    2.60,  61738.00, 3987.84, 3017.64,  -25.85, 47.1, 0.00, 5.25, 5.28
6, 13997, 13,   126.49, 6,  drogue,    2.64,  61754.00, 3985.85, 3015.66,  -25.55, 47.1, 0.00, 5.25, 5.28
6, 13997, 13,   126.59, 6,  drogue,    2.63,  61783.00, 3982.24, 3012.05,  -25.29, 47.1, 0.00, 5.25, 5.28
6, 13997, 13,   126.69, 6,  drogue,    2.55,  61779.00, 3982.74, 3012.55,  -25.03, 47.1, 0.00, 5.25, 5.28
6, 13997, 13,   126.79, 6,  drogue,    2.40,  61811.00, 3978.76, 3008.57,  -24.78, 47.0, 0.00, 5.25, 5.28
6, 13997, 13,   126.89, 6,  drogue,    2.18,  61836.00, 3975.66, 3005.47,  -24.50, 47.0, 0.00, 5.25, 5.28
6, 13997, 13,   126.99, 6,  drogue,    1.89,  61852.00, 3973.67, 3003.48,  -24.26, 47.0, 0.00, 5.25, 5.28
6, 13997, 13,   127.09, 6,  drogue,    1.54,  61877.00, 3970.57, 3000.38,  -24.06, 47.0, 0.00, 5.25, 5.28
6, 13997, 13,   127.19, 6,  drogue,    1.18,  61892.00, 3968.71, 2998.52,  -23.92, 47.0, 0.00, 5.25, 5.28
6, 13997, 13,   127.29, 6,  drogue,    0.81,  61946.00, 3962.01, 2991.82,  -23.81, 47.0, 0.00, 5.25, 5.28
6, 13997, 13,   127.39, 6,  drogue,    0.41,  61983.00, 3957.42, 2987.23,  -23.72, 47.0, 0.00, 5.25, 5.28
6, 13997, 13,   127.49, 6,  drogue,   -0.02,  62008.00, 3954.33, 2984.14,  -23.67, 47.0, 0.00, 5.25, 5.28
6, 13997, 13,   127.59, 6,  drogue,   -0.48,  62009.00, 3954.20, 2984.01,  -23.67, 47.0, 0.00, 5.25, 5.28
6, 13997, 13,   127.69, 6,  drogue,   -0.91,  62034.00, 3951.11, 2980.91,  -23.69, 47.0, 0.00, 5.25, 5.28
6, 13997, 13,   127.79, 6,  drogue,   -1.28,  62072.00, 3946.40, 2976.21,  -23.80, 47.0, 0.00, 5.25, 5.28
6, 13997, 13,   127.89, 6,  drogue,   -1.56,  62001.00, 3955.19, 2985.00,  -23.99, 47.0, 0.00, 5.25, 5.28
6, 13997, 13,   127.99, 6,  drogue,   -1.76,  61916.00, 3965.73, 2995.54,  -24.16, 47.0, 0.00, 5.25, 5.28
6, 13997, 13,   128.09, 6,  drogue,   -1.91,  62039.00, 3950.49, 2980.30,  -24.31, 47.0, 0.00, 5.25, 5.28
6, 13997, 13,   128.19, 6,  drogue,   -2.02,  62101.00, 3942.81, 2972.62,  -24.50, 47.0, 0.00, 5.25, 5.28
6, 13997, 13,   128.29, 6,  drogue,   -2.09,  62114.00, 3941.20, 2971.01,  -24.72, 47.0, 0.00, 5.25, 5.28
6, 13997, 13,   128.39, 6,  drogue,   -2.15,  62111.00, 3941.57, 2971.38,  -24.94, 47.0, 0.00, 5.25, 5.28
6, 13997, 13,   128.49, 6,  drogue,   -2.16,  62144.00, 3937.49, 2967.30,  -25.17, 47.0, 0.00, 5.25, 5.28
6, 13997, 13,   128.59, 6,  drogue,   -2.09,  62170.00, 3934.28, 2964.09,  -25.37, 47.0, 0.00, 5.25, 5.28
6, 13997, 13,   128.69, 6,  drogue,   -1.93,  62202.00, 3930.32, 2960.13,  -25.56, 47.0, 0.00, 5.25, 5.28
6, 13997, 13,   128.79, 6,  drogue,   -1.64,  62274.00, 3921.43, 2951.24,  -25.83, 47.0, 0.00, 5.25, 5.28
6, 13997, 13,   128.89, 6,  drogue,   -1.25,  62274.00, 3921.43, 2951.24,  -26.05, 47.0, 0.00, 5.25, 5.28
6, 13997, 13,   128.99, 6,  drogue,   -0.82,  62205.00, 3929.95, 2959.76,  -26.15, 47.0, 0.00, 5.25, 5.28
6, 13997, 13,   129.09, 6,  drogue,   -0.41,  62239.00, 3925.75, 2955.56,  -26.19, 47.0, 0.00, 5.25, 5.28
6, 13997, 13,   129.19, 6,  drogue,   -0.03,  62310.00, 3916.99, 2946.79,  -26.23, 47.0, 0.00, 5.25, 5.28
6, 13997, 13,   129.29, 6,  drogue,    0.32,  62316.00, 3916.25, 2946.05,  -26.24, 47.0, 0.00, 5.25, 5.28
6, 13997, 13,   129.39, 6,  drogue,    0.68,  62328.00, 3914.76, 2944.57,  -26.23, 47.0, 0.00, 5.25, 5.28
6, 13997, 13,   129.49, 6,  drogue,    1.07,  62345.00, 3912.67, 2942.48,  -26.16, 47.0, 0.00, 5.25, 5.28
6, 13997, 13,   129.59, 6,  drogue,    1.46,  62391.00, 3907.00, 2936.80,  -26.04, 47.0, 0.00, 5.25, 5.28
6, 13997, 13,   129.69, 6,  drogue,    1.79,  62408.00, 3904.90, 2934.71,  -25.89, 47.0, 0.00, 5.25, 5.28
6, 13997, 13,   129.79, 6,  drogue,    2.00,  62475.00, 3896.65, 2926.45,  -25.73, 47.0, 0.00, 5.25, 5.28
6, 13997, 13,   129.89, 6,  drogue,    1.99,  62512.00, 3892.09, 2921.90,  -25.50, 47.0, 0.00, 5.25, 5.28
6, 13997, 13,   129.99, 6,  drogue,    1.76,  62480.00, 3896.03, 2925.84,  -25.18, 47.0, 0.00, 5.25, 5.28
6, 13997, 13,   130.09, 6,  drogue,    1.32,  62463.00, 3898.12, 2927.93,  -24.97, 47.0, 0.00, 5.25, 5.28
6, 13997, 13,   130.19, 6,  drogue,    0.77,  62518.00, 3891.35, 2921.16,  -24.85, 47.0, 0.00, 5.25, 5.28
6, 13997, 13,   130.29, 6,  drogue,    0.17,  62546.00, 3887.91, 2917.72,  -24.79, 47.0, 0.00, 5.25, 5.28
6, 13997, 13,   130.39, 6,  drogue,   -0.40,  62547.00, 3887.78, 2917.59,  -24.76, 47.0, 0.00, 5.25, 5.28
6, 13997, 13,   130.49, 6,  drogue,   -0.90,  62564.00, 3885.69, 2915.50,  -24.81, 47.0, 0.00, 5.25, 5.28
6, 13997, 13,   130.59, 6,  drogue,   -1.32,  62552.00, 3887.17, 2916.98,  -24.91, 47.0, 0.00, 5.25, 5.28
6, 13997, 13,   130.69, 6,  drogue,   -1.65,  62612.00, 3879.79, 2909.60,  -25.06, 47.0, 0.00, 5.25, 5.28
6, 13997, 13,   130.79, 6,  drogue,   -1.92,  62713.00, 3867.38, 2897.19,  -25.27, 47.0, 0.00, 5.25, 5.28
6, 13997, 13,   130.89, 6,  drogue,   -2.15,  62690.00, 3870.21, 2900.02,  -25.47, 47.0, 0.00, 5.25, 5.28
6, 13997, 13,   130.99, 6,  drogue,   -2.37,  62585.00, 3883.11, 2912.92,  -25.63, 47.0, 0.00, 5.25, 5.28
6, 13997, 13,   131.09, 6,  drogue,   -2.55,  62610.00, 3880.04, 2909.85,  -25.86, 47.0, 0.00, 5.25, 5.28
6, 13997, 13,   131.19, 6,  drogue,   -2.63,  62713.00, 3867.38, 2897.19,  -26.17, 47.0, 0.00, 5.25, 5.28
6, 13997, 13,   131.29, 6,  drogue,   -2.58,  62739.00, 3864.19, 2894.00,  -26.47, 47.0, 0.00, 5.25, 5.28
6, 13997, 13,   131.39, 6,  drogue,   -2.39,  62778.00, 3859.41, 2889.22,  -26.74, 47.0, 0.00, 5.25, 5.28
6, 13997, 13,   131.49, 6,  drogue,   -2.03,  62783.00, 3858.79, 2888.60,  -26.99, 47.0, 0.00, 5.25, 5.28
6, 13997, 13,   131.59, 6,  drogue,   -1.50,  62800.00, 3856.71, 2886.52,  -27.22, 47.0, 0.00, 5.25, 5.28
6, 13997, 13,   131.69, 6,  drogue,   -0.78,  62818.00, 3854.50, 2884.31,  -27.40, 47.0, 0.00, 5.25, 5.28
6, 13997, 13,   131.79, 6,  drogue,    0.10,  62829.00, 3853.15, 2882.96,  -27.52, 47.0, 0.00, 5.25, 5.28
6, 13997, 13,   131.89, 6,  drogue,    1.05,  62860.00, 3849.36, 2879.16,  -27.57, 47.0, 0.00, 5.25, 5.28
6, 13997, 13,   131.99, 6,  drogue,    1.96,  62813.00, 3855.12, 2884.92,  -27.43, 47.0, 0.00, 5.25, 5.28
6, 13997, 13,   132.09, 6,  drogue,    2.73,  62863.00, 3848.99, 2878.80,  -27.17, 47.0, 0.00, 5.25, 5.28
6, 13997, 13,   132.19, 6,  drogue,    3.31,  62949.00, 3838.46, 2868.27,  -26.86, 47.0, 0.00, 5.25, 5.28
6, 13997, 13,   132.29, 6,  drogue,    3.71,  63013.00, 3830.63, 2860.44,  -26.52, 47.0, 0.00, 5.25, 5.28
6, 13997, 13,   132.39, 6,  drogue,    3.93,  63045.00, 3826.71, 2856.52,  -26.13, 46.9, 0.00, 5.25, 5.28
6, 13997, 13,   132.49, 6,  drogue,    4.01,  63058.00, 3825.13, 2854.93,  -25.72, 46.9, 0.00, 5.25, 5.28
6, 13997, 13,   132.59, 6,  drogue,    3.95,  63068.00, 3823.90, 2853.71,  -25.27, 46.9, 0.00, 5.25, 5.28
6, 13997, 13,   132.69, 6,  drogue,    3.73,  63074.00, 3823.17, 2852.98,  -24.85, 46.9, 0.00, 5.25, 5.28
6, 13997, 13,   132.79, 6,  drogue,    3.29,  63062.00, 3824.64, 2854.45,  -24.49, 46.9, 0.00, 5.25, 5.28
6, 13997, 13,   132.89, 6,  drogue,    2.62,  63063.00, 3824.51, 2854.32,  -24.13, 46.9, 0.00, 5.25, 5.28
6, 13997, 13,   132.99, 6,  drogue,    1.70,  63069.00, 3823.78, 2853.59,  -23.76, 46.9, 0.00, 5.25, 5.28
6, 13997, 13,   133.09, 6,  drogue,    0.61,  63135.00, 3815.72, 2845.53,  -23.54, 46.9, 0.00, 5.25, 5.28
6, 13997, 13,   133.19, 6,  drogue,   -0.54,  63176.00, 3810.72, 2840.52,  -23.50, 46.9, 0.00, 5.25, 5.28
6, 13997, 13,   133.29, 6,  drogue,   -1.63,  63192.00, 3808.76, 2838.57,  -23.57, 46.9, 0.00, 5.25, 5.28
6, 13997, 13,   133.39, 6,  drogue,   -2.55,  63184.00, 3809.74, 2839.55,  -23.78, 46.9, 0.00, 5.25, 5.28
6, 13997, 13,   133.49, 6,  drogue,   -3.27,  63212.00, 3806.32, 2836.13,  -24.06, 46.9, 0.00, 5.25, 5.28
6, 13997, 13,   133.59, 6,  drogue,   -3.81,  63222.00, 3805.10, 2834.91,  -24.42, 46.9, 0.00, 5.25, 5.28
6, 13997, 13,   133.69, 6,  drogue,   -4.19,  63245.00, 3802.30, 2832.11,  -24.84, 46.9, 0.00, 5.25, 5.28
6, 13997, 13,   133.79, 6,  drogue,   -4.44,  63242.00, 3802.66, 2832.47,  -25.26, 46.9, 0.00, 5.25, 5.28
6, 13997, 13,   133.89, 6,  drogue,   -4.55,  63257.00, 3800.84, 2830.64,  -25.73, 46.9, 0.00, 5.25, 5.28
6, 13997, 13,   133.99, 6,  drogue,   -4.51,  63197.00, 3808.15, 2837.96,  -26.19, 46.9, 0.00, 5.25, 5.28
6, 13997, 13,   134.09, 6,  drogue,   -4.28,  63225.00, 3804.74, 2834.55,  -26.67, 46.9, 0.00, 5.25, 5.28
6, 13997, 13,   134.19, 6,  drogue,   -3.83,  63268.00, 3799.49, 2829.30,  -27.16, 46.9, 0.00, 5.25, 5.28
6, 13997, 13,   134.29, 6,  drogue,   -3.17,  63364.00, 3787.80, 2817.61,  -27.59, 46.9, 0.00, 5.25, 5.28
6, 13997, 13,   134.39, 6,  drogue,   -2.36,  63398.00, 3783.66, 2813.47,  -27.93, 46.9, 0.00, 5.25, 5.28
6, 13997, 13,   134.49, 6,  drogue,   -1.48,  63437.00, 3778.92, 2808.73,  -28.17, 46.9, 0.00, 5.25, 5.28
6, 13997, 13,   134.59, 6,  drogue,   -0.62,  63448.00, 3777.58, 2807.39,  -28.31, 46.9, 0.00, 5.25, 5.28
6, 13997, 13,   134.69, 6,  drogue,    0.17,  63457.00, 3776.49, 2806.29,  -28.36, 46.9, 0.00, 5.25, 5.28
6, 13997, 13,   134.79, 6,  drogue,    0.88,  63473.00, 3774.54, 2804.35,  -28.32, 46.9, 0.00, 5.25, 5.28
6, 13997, 13,   134.89, 6,  drogue,    1.52,  63508.00, 3770.29, 2800.09,  -28.21, 46.9, 0.00, 5.25, 5.28
6, 13997, 13,   134.99, 6,  drogue,    2.12,  63546.00, 3765.67, 2795.48,  -28.04, 46.9, 0.00, 5.25, 5.28
6, 13997, 13,   135.09, 6,  drogue,    2.69,  63602.00, 3758.87, 2788.68,  -27.87, 46.9, 0.00, 5.25, 5.28
6, 13997, 13,   135.19, 6,  drogue,    3.18,  63637.00, 3754.62, 2784.43,  -27.60, 46.9, 0.00, 5.25, 5.28
6, 13997, 13,   135.29, 6,  drogue,    3.50,  63656.00, 3752.32, 2782.13,  -27.25, 46.9, 0.00, 5.25, 5.28
6, 13997, 13,   135.39, 6,  drogue,    3.62,  63675.00, 3750.02, 2779.82,  -26.83, 46.9, 0.00, 5.25, 5.28
6, 13997, 13,   135.49, 6,  drogue,    3.53,  63675.00, 3750.02, 2779.82,  -26.43, 46.9, 0.00, 5.25, 5.28
6, 13997, 13,   135.59, 6,  drogue,    3.28,  63664.00, 3751.35, 2781.16,  -26.05, 46.9, 0.00, 5.25, 5.28
6, 13997, 13,   135.69, 6,  drogue,    2.94,  63654.00, 3752.56, 2782.37,  -25.71, 46.9, 0.00, 5.25, 5.28
6, 13997, 13,   135.79, 6,  drogue,    2.55,  63636.00, 3754.75, 2784.55,  -25.42, 46.9, 0.00, 5.25, 5.28
6, 13997, 13,   135.89, 6,  drogue,    2.11,  63684.00, 3748.92, 2778.73,  -25.19, 46.9, 0.00, 5.25, 5.28
6, 13997, 13,   135.99, 6,  drogue,    1.61,  63738.00, 3742.38, 2772.19,  -24.94, 46.9, 0.00, 5.25, 5.28
6, 13997, 13,   136.09, 6,  drogue,    1.11,  63764.00, 3739.23, 2769.04,  -24.74, 46.9, 0.00, 5.25, 5.28
6, 13997, 13,   136.19, 6,  drogue,    0.64,  63784.00, 3736.81, 2766.62,  -24.64, 46.9, 0.00, 5.25, 5.28
6, 13997, 13,   136.29, 6,  drogue,    0.28,  63796.00, 3735.35, 2765.16,  -24.64, 46.9, 0.00, 5.25, 5.28
6, 13997, 13,   136.39, 6,  drogue,    0.03,  63828.00, 3731.48, 2761.29,  -24.63, 46.9, 0.00, 5.25, 5.28
6, 13997, 13,   136.49, 6,  drogue,   -0.11,  63860.00, 3727.61, 2757.42,  -24.64, 46.9, 0.00, 5.25, 5.28
6, 13997, 13,   136.59, 6,  drogue,   -0.16,  63890.00, 3723.98, 2753.79,  -24.65, 46.9, 0.00, 5.25, 5.28
6, 13997, 13,   136.69, 6,  drogue,   -0.13,  63930.00, 3719.14, 2748.95,  -24.67, 46.9, 0.00, 5.25, 5.28
6, 13997, 13,   136.79, 6,  drogue,   -0.02,  63962.00, 3715.28, 2745.09,  -24.70, 46.9, 0.00, 5.25, 5.28
6, 13997, 13,   136.89, 6,  drogue,    0.17,  63966.00, 3714.79, 2744.60,  -24.73, 46.9, 0.00, 5.25, 5.28
6, 13997, 13,   136.99, 6,  drogue,    0.40,  63990.00, 3711.90, 2741.70,  -24.73, 46.9, 0.00, 5.25, 5.28
6, 13997, 13,   137.09, 6,  drogue,    0.64,  63997.00, 3711.05, 2740.86,  -24.68, 46.9, 0.00, 5.25, 5.28
6, 13997, 13,   137.19, 6,  drogue,    0.85,  63942.00, 3717.69, 2747.50,  -24.59, 46.9, 0.00, 5.25, 5.28
6, 13997, 13,   137.29, 6,  drogue,    1.05,  63916.00, 3720.84, 2750.65,  -24.51, 46.9, 0.00, 5.25, 5.28
6, 13997, 13,   137.39, 6,  drogue,    1.26,  63945.00, 3717.33, 2747.14,  -24.42, 46.9, 0.00, 5.25, 5.28
6, 13997, 13,   137.49, 6,  drogue,    1.49,  64028.00, 3707.31, 2737.12,  -24.29, 46.9, 0.00, 5.25, 5.28
6, 13997, 13,   137.59, 6,  drogue,    1.74,  64077.00, 3701.39, 2731.20,  -24.15, 46.9, 0.00, 5.25, 5.28
6, 13997, 13,   137.69, 6,  drogue,    1.99,  64132.00, 3694.76, 2724.57,  -23.99, 46.8, 0.00, 5.25, 5.28
6, 13997, 13,   137.79, 6,  drogue,    2.23,  64177.00, 3689.34, 2719.15,  -23.76, 46.8, 0.00, 5.25, 5.28
6, 13997, 13,   137.89, 6,  drogue,    2.46,  64189.00, 3687.89, 2717.70,  -23.53, 46.8, 0.00, 5.25, 5.28
6, 13997, 13,   137.99, 6,  drogue,    2.72,  64172.00, 3689.94, 2719.75,  -23.31, 46.8, 0.00, 5.25, 5.28
6, 13997, 13,   138.09, 6,  drogue,    2.98,  64165.00, 3690.78, 2720.59,  -23.04, 46.8, 0.00, 5.25, 5.28
6, 13997, 13,   138.19, 6,  drogue,    3.22,  64206.00, 3685.84, 2715.65,  -22.74, 46.8, 0.00, 5.25, 5.28
6, 13997, 13,   138.29, 6,  drogue,    3.38,  64236.00, 3682.23, 2712.04,  -22.41, 46.8, 0.00, 5.25, 5.28
6, 13997, 13,   138.39, 6,  drogue,    3.39,  64207.00, 3685.72, 2715.53,  -22.05, 46.8, 0.00, 5.25, 5.28
6, 13997, 13,   138.49, 6,  drogue,    3.21,  64244.00, 3681.27, 2711.08,  -21.67, 46.8, 0.00, 5.25, 5.28
6, 13997, 13,   138.59, 6,  drogue,    2.82,  64266.00, 3678.62, 2708.43,  -21.30, 46.8, 0.00, 5.25, 5.28
6, 13997, 13,   138.69, 6,  drogue,    2.26,  64311.00, 3673.21, 2703.01,  -20.99, 46.8, 0.00, 5.25, 5.28
6, 13997, 13,   138.79, 6,  drogue,    1.60,  64339.00, 3669.84, 2699.65,  -20.75, 46.8, 0.00, 5.25, 5.28
6, 13997, 13,   138.89, 6,  drogue,    0.90,  64336.00, 3670.20, 2700.01,  -20.58, 46.8, 0.00, 5.25, 5.28
6, 13997, 13,   138.99, 6,  drogue,    0.17,  64321.00, 3672.00, 2701.81,  -20.50, 46.8, 0.00, 5.25, 5.28
6, 13997, 13,   139.09, 6,  drogue,   -0.60,  64287.00, 3676.09, 2705.90,  -20.51, 46.8, 0.00, 5.25, 5.28
6, 13997, 13,   139.19, 6,  drogue,   -1.49,  64315.00, 3672.72, 2702.53,  -20.55, 46.8, 0.00, 5.25, 5.28
6, 13997, 13,   139.29, 6,  drogue,   -2.52,  64411.00, 3661.18, 2690.99,  -20.63, 46.8, 0.00, 5.25, 5.28
6, 13997, 13,   139.39, 6,  drogue,   -3.66,  64462.00, 3655.06, 2684.87,  -20.83, 46.8, 0.00, 5.25, 5.28
6, 13997, 13,   139.49, 6,  drogue,   -4.78,  64463.00, 3654.94, 2684.75,  -21.21, 46.8, 0.00, 5.25, 5.28
6, 13997, 13,   139.59, 6,  drogue,   -5.75,  64496.00, 3650.98, 2680.79,  -21.73, 46.8, 0.00, 5.25, 5.28
6, 13997, 13,   139.69, 6,  drogue,   -6.43,  64491.00, 3651.58, 2681.39,  -22.36, 46.8, 0.00, 5.25, 5.28
6, 13997, 13,   139.79, 6,  drogue,   -6.82,  64450.00, 3656.50, 2686.31,  -23.07, 46.8, 0.00, 5.25, 5.28
6, 13997, 13,   139.89, 6,  drogue,   -6.96,  64437.00, 3658.06, 2687.87,  -23.83, 46.8, 0.00, 5.25, 5.28
6, 13997, 13,   139.99, 6,  drogue,   -6.94,  64463.00, 3654.94, 2684.75,  -24.53, 46.8, 0.00, 5.25, 5.28
6, 13997, 13,   140.09, 6,  drogue,   -6.83,  64467.00, 3654.46, 2684.27,  -25.19, 46.8, 0.00, 5.25, 5.28
6, 13997, 13,   140.19, 6,  drogue,   -6.64,  64491.00, 3651.58, 2681.39,  -25.89, 46.8, 0.00, 5.25, 5.28
6, 13997, 13,   140.29, 6,  drogue,   -6.34,  64519.00, 3648.22, 2678.03,  -26.59, 46.8, 0.00, 5.25, 5.28
6, 13997, 13,   140.39, 6,  drogue,   -5.88,  64519.00, 3648.22, 2678.03,  -27.24, 46.8, 0.00, 5.25, 5.28
6, 13997, 13,   140.49, 6,  drogue,   -5.23,  64550.00, 3644.50, 2674.31,  -27.87, 46.8, 0.00, 5.25, 5.28
6, 13997, 13,   140.59, 6,  drogue,   -4.42,  64613.00, 3636.95, 2666.76,  -28.42, 46.8, 0.00, 5.25, 5.28
6, 13997, 13,   140.69, 6,  drogue,   -3.51,  64678.00, 3629.16, 2658.97,  -28.89, 46.8, 0.00, 5.25, 5.28
6, 13997, 13,   140.79, 6,  drogue,   -2.57,  64743.00, 3621.38, 2651.19,  -29.25, 46.8, 0.00, 5.25, 5.28
6, 13997, 13,   140.89, 6,  drogue,   -1.66,  64799.00, 3614.69, 2644.49,  -29.49, 46.8, 0.00, 5.25, 5.28
6, 13997, 13,   140.99, 6,  drogue,   -0.84,  64825.00, 3611.58, 2641.39,  -29.64, 46.8, 0.00, 5.25, 5.28
6, 13997, 13,   141.09, 6,  drogue,   -0.08,  64814.00, 3612.89, 2642.70,  -29.69, 46.8, 0.00, 5.25, 5.28
6, 13997, 13,   141.19, 6,  drogue,    0.66,  64799.00, 3614.69, 2644.49,  -29.69, 46.8, 0.00, 5.25, 5.28
6, 13997, 13,   141.29, 6,  drogue,    1.43,  64756.00, 3619.83, 2649.64,  -29.65, 46.8, 0.00, 5.25, 5.28
6, 13997, 13,   141.39, 6,  drogue,    2.23,  64771.00, 3618.03, 2647.84,  -29.53, 46.8, 0.00, 5.25, 5.28
6, 13997, 13,   141.49, 6,  drogue,    3.03,  64855.00, 3607.99, 2637.80,  -29.30, 46.8, 0.00, 5.25, 5.28
6, 13997, 13,   141.59, 6,  drogue,    3.77,  64915.00, 3600.83, 2630.64,  -28.99, 46.8, 0.00, 5.25, 5.28
6, 13997, 13,   141.69, 6,  drogue,    4.41,  64967.00, 3594.62, 2624.43,  -28.59, 46.8, 0.00, 5.25, 5.28
6, 13997, 13,   141.79, 6,  drogue,    4.91,  64989.00, 3592.00, 2621.81,  -28.11, 46.8, 0.00, 5.25, 5.28
6, 13997, 13,   141.89, 6,  drogue,    5.31,  65007.00, 3589.85, 2619.66,  -27.60, 46.8, 0.00, 5.25, 5.28
6, 13997, 13,   141.99, 6,  drogue,    5.62,  64954.00, 3596.17, 2625.98,  -27.07, 46.8, 0.00, 5.25, 5.28
6, 13997, 13,   142.09, 6,  drogue,    5.88,  64933.00, 3598.68, 2628.49,  -26.49, 46.8, 0.00, 5.25, 5.28
6, 13997, 13,   142.19, 6,  drogue,    6.06,  65018.00, 3588.54, 2618.35,  -25.90, 46.8, 0.00, 5.25, 5.28
6, 13997, 13,   142.29, 6,  drogue,    6.13,  65074.00, 3581.87, 2611.67,  -25.29, 46.8, 0.00, 5.25, 5.28
6, 13997, 13,   142.39, 6,  drogue,    6.04,  65117.00, 3576.74, 2606.55,  -24.65, 46.8, 0.00, 5.25, 5.28
6, 13997, 13,   142.49, 6,  drogue,    5.79,  65143.00, 3573.65, 2603.46,  -23.99, 46.8, 0.00, 5.25, 5.28
6, 13997, 13,   142.59, 6,  drogue,    5.38,  65144.00, 3573.53, 2603.34,  -23.38, 46.8, 0.00, 5.25, 5.28
6, 13997, 13,   142.69, 6,  drogue,    4.89,  65126.00, 3575.67, 2605.48,  -22.83, 46.7, 0.00, 5.25, 5.28
6, 13997, 13,   142.79, 6,  drogue,    4.37,  65145.00, 3573.41, 2603.22,  -22.35, 46.8, 0.00, 5.25, 5.28
6, 13997, 13,   142.89, 6,  drogue,    3.85,  65170.00, 3570.44, 2600.24,  -21.92, 46.8, 0.00, 5.25, 5.28
6, 13997, 13,   142.99, 6,  drogue,    3.33,  65224.00, 3564.01, 2593.82,  -21.55, 46.7, 0.00, 5.25, 5.28
6, 13997, 13,   143.09, 6,  drogue,    2.74,  65260.00, 3559.73, 2589.54,  -21.21, 46.7, 0.00, 5.24, 5.28
6, 13997, 13,   143.19, 6,  drogue,    2.01,  65290.00, 3556.17, 2585.97,  -20.92, 46.7, 0.00, 5.25, 5.28
6, 13997, 13,   143.29, 6,  drogue,    1.10,  65287.00, 3556.52, 2586.33,  -20.65, 46.7, 0.00, 5.25, 5.28
6, 13997, 13,   143.39, 6,  drogue,    0.04,  65266.00, 3559.02, 2588.83,  -20.50, 46.7, 0.00, 5.25, 5.28
6, 13997, 13,   143.49, 6,  drogue,   -1.08,  65271.00, 3558.42, 2588.23,  -20.49, 46.7, 0.00, 5.25, 5.28
6, 13997, 13,   143.59, 6,  drogue,   -2.14,  65268.00, 3558.78, 2588.59,  -20.61, 46.7, 0.00, 5.25, 5.28
6, 13997, 13,   143.69, 6,  drogue,   -3.07,  65293.00, 3555.81, 2585.62,  -20.87, 46.7, 0.00, 5.25, 5.28
6, 13997, 13,   143.79, 6,  drogue,   -3.87,  65317.00, 3552.96, 2582.77,  -21.22, 46.7, 0.00, 5.25, 5.28
6, 13997, 13,   143.89, 6,  drogue,   -4.55,  65347.00, 3549.40, 2579.20,  -21.63, 46.7, 0.00, 5.25, 5.28
6, 13997, 13,   143.99, 6,  drogue,   -5.14,  65353.00, 3548.68, 2578.49,  -22.06, 46.7, 0.00, 5.25, 5.28
6, 13997, 13,   144.09, 6,  drogue,   -5.59,  65344.00, 3549.75, 2579.56,  -22.57, 46.7, 0.00, 5.25, 5.28
6, 13997, 13,   144.19, 6,  drogue,   -5.80,  65353.00, 3548.68, 2578.49,  -23.17, 46.7, 0.00, 5.25, 5.28
6, 13997, 13,   144.29, 6,  drogue,   -5.71,  65375.00, 3546.07, 2575.88,  -23.83, 46.7, 0.00, 5.25, 5.28
6, 13997, 13,   144.39, 6,  drogue,   -5.29,  65381.00, 3545.36, 2575.17,  -24.49, 46.7, 0.00, 5.25, 5.28
6, 13997, 13,   144.49, 6,  drogue,   -4.65,  65404.00, 3542.63, 2572.44,  -25.06, 46.7, 0.00, 5.25, 5.28
6, 13997, 13,   144.59, 6,  drogue,   -3.91,  65458.00, 3536.22, 2566.03,  -25.53, 46.7, 0.00, 5.25, 5.28
6, 13997, 13,   144.69, 6,  drogue,   -3.21,  65530.00, 3527.69, 2557.50,  -25.88, 46.7, 0.00, 5.25, 5.28
6, 13997, 13,   144.79, 6,  drogue,   -2.58,  65582.00, 3521.53, 2551.34,  -26.18, 46.7, 0.00, 5.25, 5.28
6, 13997, 13,   144.89, 6,  drogue,   -2.00,  65604.00, 3518.93, 2548.74,  -26.43, 46.7, 0.00, 5.25, 5.28
6, 13997, 13,   144.99, 6,  drogue,   -1.43,  65623.00, 3516.68, 2546.49,  -26.64, 46.7, 0.00, 5.25, 5.28
6, 13997, 13,   145.09, 6,  drogue,   -0.87,  65630.00, 3515.85, 2545.66,  -26.79, 46.7, 0.00, 5.25, 5.28
6, 13997, 13,   145.19, 6,  drogue,   -0.35,  65615.00, 3517.63, 2547.43,  -26.89, 46.7, 0.00, 5.25, 5.28
6, 13997, 13,   145.29, 6,  drogue,    0.05,  65590.00, 3520.59, 2550.39,  -26.90, 46.7, 0.00, 5.25, 5.28
6, 13997, 13,   145.39, 6,  drogue,    0.28,  65618.00, 3517.27, 2547.08,  -26.85, 46.7, 0.00, 5.25, 5.28
6, 13997, 13,   145.49, 6,  drogue,    0.31,  65625.00, 3516.44, 2546.25,  -26.78, 46.7, 0.00, 5.25, 5.28
6, 13997, 13,   145.59, 6,  drogue,    0.15,  65694.00, 3508.28, 2538.09,  -26.71, 46.7, 0.00, 5.25, 5.28
6, 13997, 13,   145.69, 6,  drogue,   -0.14,  65767.00, 3499.65, 2529.46,  -26.68, 46.7, 0.00, 5.25, 5.28
6, 13997, 13,   145.79, 6,  drogue,   -0.51,  65796.00, 3496.23, 2526.04,  -26.68, 46.7, 0.00, 5.25, 5.28
6, 13997, 13,   145.89, 6,  drogue,   -0.91,  65800.00, 3495.76, 2525.57,  -26.74, 46.7, 0.00, 5.25, 5.28
6, 13997, 13,   145.99, 6,  drogue,   -1.33,  65832.00, 3491.98, 2521.79,  -26.83, 46.7, 0.00, 5.25, 5.28
6, 13997, 13,   146.09, 6,  drogue,   -1.73,  65867.00, 3487.85, 2517.66,  -26.95, 46.7, 0.00, 5.25, 5.28
6, 13997, 13,   146.19, 6,  drogue,   -2.08,  65885.00, 3485.73, 2515.53,  -27.13, 46.7, 0.00, 5.25, 5.28
6, 13997, 13,   146.29, 6,  drogue,   -2.34,  65907.00, 3483.13, 2512.94,  -27.36, 46.7, 0.00, 5.25, 5.28
6, 13997, 13,   146.39, 6,  drogue,   -2.48,  65910.00, 3482.78, 2512.59,  -27.62, 46.7, 0.00, 5.25, 5.28
6, 13997, 13,   146.49, 6,  drogue,   -2.47,  65853.00, 3489.50, 2519.31,  -27.89, 46.7, 0.00, 5.25, 5.28
6, 13997, 13,   146.59, 6,  drogue,   -2.29,  65837.00, 3491.39, 2521.20,  -28.16, 46.7, 0.00, 5.25, 5.28
6, 13997, 13,   146.69, 6,  drogue,   -1.94,  65854.00, 3489.38, 2519.19,  -28.42, 46.7, 0.00, 5.25, 5.28
6, 13997, 13,   146.79, 6,  drogue,   -1.44,  65920.00, 3481.60, 2511.41,  -28.66, 46.7, 0.00, 5.25, 5.28
6, 13997, 13,   146.89, 6,  drogue,   -0.84,  65996.00, 3472.64, 2502.45,  -28.81, 46.7, 0.00, 5.25, 5.28
6, 13997, 13,   146.99, 6,  drogue,   -0.19,  66049.00, 3466.40, 2496.21,  -28.90, 46.7, 0.00, 5.25, 5.28
6, 13997, 13,   147.09, 6,  drogue,    0.45,  66084.00, 3462.28, 2492.09,  -28.92, 46.7, 0.00, 5.25, 5.28
6, 13997, 13,   147.19, 6,  drogue,    1.04,  66114.00, 3458.75, 2488.56,  -28.86, 46.7, 0.00, 5.25, 5.28
6, 13997, 13,   147.29, 6,  drogue,    1.58,  66126.00, 3457.34, 2487.15,  -28.74, 46.7, 0.00, 5.25, 5.28
6, 13997, 13,   147.39, 6,  drogue,    2.12,  66143.00, 3455.34, 2485.15,  -28.58, 46.7, 0.00, 5.25, 5.28
6, 13997, 13,   147.49, 6,  drogue,    2.69,  66176.00, 3451.46, 2481.27,  -28.36, 46.7, 0.00, 5.25, 5.28
6, 13997, 13,   147.59, 6,  drogue,    3.34,  66202.00, 3448.41, 2478.22,  -28.12, 46.7, 0.00, 5.25, 5.28
6, 13997, 13,   147.69, 6,  drogue,    4.04,  66241.00, 3443.83, 2473.64,  -27.83, 46.7, 0.00, 5.25, 5.28
6, 13997, 13,   147.79, 6,  drogue,    4.69,  66257.00, 3441.95, 2471.76,  -27.43, 46.7, 0.00, 5.25, 5.28
6, 13997, 13,   147.89, 6,  drogue,    5.21,  66281.00, 3439.13, 2468.94,  -26.90, 46.7, 0.00, 5.25, 5.28
6, 13997, 13,   147.99, 6,  drogue,    5.52,  66299.00, 3437.02, 2466.83,  -26.34, 46.6, 0.00, 5.25, 5.28
6, 13997, 13,   148.09, 6,  drogue,    5.62,  66325.00, 3433.97, 2463.78,  -25.74, 46.6, 0.00, 5.25, 5.28
6, 13997, 13,   148.19, 6,  drogue,    5.54,  66346.00, 3431.50, 2461.31,  -25.15, 46.6, 0.00, 5.25, 5.28
6, 13997, 13,   148.29, 6,  drogue,    5.30,  66364.00, 3429.39, 2459.20,  -24.59, 46.6, 0.00, 5.25, 5.28
6, 13997, 13,   148.39, 6,  drogue,    4.91,  66373.00, 3428.34, 2458.15,  -24.05, 46.6, 0.00, 5.25, 5.28
6, 13997, 13,   148.49, 6,  drogue,    4.32,  66378.00, 3427.75, 2457.56,  -23.52, 46.6, 0.00, 5.25, 5.28
6, 13997, 13,   148.59, 6,  drogue,    3.54,  66370.00, 3428.69, 2458.50,  -23.04, 46.6, 0.00, 5.25, 5.28
6, 13997, 13,   148.69, 6,  drogue,    2.60,  66388.00, 3426.58, 2456.39,  -22.65, 46.6, 0.00, 5.25, 5.28
6, 13997, 13,   148.79, 6,  drogue,    1.60,  66422.00, 3422.59, 2452.40,  -22.37, 46.6, 0.00, 5.25, 5.28
6, 13997, 13,   148.89, 6,  drogue,    0.63,  66442.00, 3420.25, 2450.06,  -22.23, 46.6, 0.00, 5.25, 5.28
6, 13997, 13,   148.99, 6,  drogue,   -0.26,  66485.00, 3415.21, 2445.02,  -22.20, 46.6, 0.00, 5.25, 5.28
6, 13997, 13,   149.09, 6,  drogue,   -1.08,  66528.00, 3410.18, 2439.99,  -22.26, 46.6, 0.00, 5.25, 5.28
6, 13997, 13,   149.19, 6,  drogue,   -1.86,  66573.00, 3404.92, 2434.72,  -22.36, 46.6, 0.00, 5.25, 5.28
6, 13997, 13,   149.29, 6,  drogue,   -2.66,  66597.00, 3402.11, 2431.92,  -22.52, 46.6, 0.00, 5.25, 5.28
6, 13997, 13,   149.39, 6,  drogue,   -3.45,  66612.00, 3400.36, 2430.16,  -22.77, 46.6, 0.00, 5.25, 5.28
6, 13997, 13,   149.49, 6,  drogue,   -4.21,  66619.00, 3399.54, 2429.35,  -23.13, 46.6, 0.00, 5.25, 5.28
6, 13997, 13,   149.59, 6,  drogue,   -4.85,  66610.00, 3400.59, 2430.40,  -23.58, 46.6, 0.00, 5.25, 5.28
6, 13997, 13,   149.69, 6,  drogue,   -5.33,  66600.00, 3401.76, 2431.57,  -24.09, 46.6, 0.00, 5.25, 5.28
6, 13997, 13,   149.79, 6,  drogue,   -5.60,  66552.00, 3407.37, 2437.18,  -24.66, 46.6, 0.00, 5.25, 5.28
6, 13997, 13,   149.89, 6,  drogue,   -5.66,  66526.00, 3410.41, 2440.22,  -25.26, 46.6, 0.00, 5.25, 5.28
6, 13997, 13,   149.99, 6,  drogue,   -5.52,  66588.00, 3403.16, 2432.97,  -25.86, 46.6, 0.00, 5.25, 5.28
6, 13997, 13,   150.09, 6,  drogue,   -5.20,  66619.00, 3399.54, 2429.35,  -26.44, 46.6, 0.00, 5.25, 5.28
6, 13997, 13,   150.19, 6,  drogue,   -4.70,  66717.00, 3388.09, 2417.90,  -26.97, 46.6, 0.00, 5.25, 5.28
6, 13997, 13,   150.29, 6,  drogue,   -4.06,  66770.00, 3381.90, 2411.71,  -27.48, 46.6, 0.00, 5.25, 5.28
6, 13997, 13,   150.39, 6,  drogue,   -3.30,  66797.00, 3378.75, 2408.56,  -27.92, 46.6, 0.00, 5.25, 5.28
6, 13997, 13,   150.49, 6,  drogue,   -2.48,  66814.00, 3376.77, 2406.58,  -28.25, 46.6, 0.00, 5.25, 5.28
6, 13997, 13,   150.59, 6,  drogue,   -1.62,  66824.00, 3375.60, 2405.41,  -28.50, 46.6, 0.00, 5.25, 5.28
6, 13997, 13,   150.69, 6,  drogue,   -0.76,  66845.00, 3373.15, 2402.96,  -28.65, 46.6, 0.00, 5.25, 5.28
6, 13997, 13,   150.79, 6,  drogue,    0.07,  66852.00, 3372.34, 2402.15,  -28.73, 46.6, 0.00, 5.25, 5.28
6, 13997, 13,   150.89, 6,  drogue,    0.86,  66897.00, 3367.09, 2396.90,  -28.72, 46.6, 0.00, 5.25, 5.28
6, 13997, 13,   150.99, 6,  drogue,    1.62,  66946.00, 3361.39, 2391.20,  -28.63, 46.6, 0.00, 5.25, 5.28
6, 13997, 13,   151.09, 6,  drogue,    2.31,  66968.00, 3358.83, 2388.63,  -28.45, 46.6, 0.00, 5.25, 5.28
6, 13997, 13,   151.19, 6,  drogue,    2.91,  66931.00, 3363.13, 2392.94,  -28.21, 46.6, 0.00, 5.25, 5.28
6, 13997, 13,   151.29, 6,  drogue,    3.40,  66964.00, 3359.29, 2389.10,  -27.90, 46.6, 0.00, 5.25, 5.28
6, 13997, 13,   151.39, 6,  drogue,    3.75,  67026.00, 3352.08, 2381.88,  -27.54, 46.6, 0.00, 5.25, 5.28
6, 13997, 13,   151.49, 6,  drogue,    3.95,  67082.00, 3345.56, 2375.37,  -27.14, 46.6, 0.00, 5.25, 5.28
6, 13997, 13,   151.59, 6,  drogue,    3.95,  67118.00, 3341.38, 2371.19,  -26.71, 46.6, 0.00, 5.25, 5.28
6, 13997, 13,   151.69, 6,  drogue,    3.76,  67126.00, 3340.45, 2370.26,  -26.29, 46.6, 0.00, 5.25, 5.28
6, 13997, 13,   151.79, 6,  drogue,    3.38,  67155.00, 3337.08, 2366.89,  -25.87, 46.6, 0.00, 5.25, 5.28
6, 13997, 13,   151.89, 6,  drogue,    2.85,  67169.00, 3335.46, 2365.26,  -25.49, 46.6, 0.00, 5.25, 5.28
6, 13997, 13,   151.99, 6,  drogue,    2.25,  67165.00, 3335.92, 2365.73,  -25.20, 46.6, 0.00, 5.25, 5.28
6, 13997, 13,   152.09, 6,  drogue,    1.66,  67145.00, 3338.24, 2368.05,  -24.97, 46.6, 0.00, 5.25, 5.28
6, 13997, 13,   152.19, 6,  drogue,    1.15,  67152.00, 3337.43, 2367.24,  -24.83, 46.6, 0.00, 5.25, 5.28
6, 13997, 13,   152.29, 6,  drogue,    0.73,  67206.00, 3331.16, 2360.97,  -24.76, 46.6, 0.00, 5.25, 5.28
6, 13997, 13,   152.39, 6,  drogue,    0.39,  67232.00, 3328.14, 2357.95,  -24.69, 46.6, 0.00, 5.25, 5.28
6, 13997, 13,   152.49, 6,  drogue,    0.07,  67228.00, 3328.61, 2358.42,  -24.65, 46.6, 0.00, 5.25, 5.28
6, 13997, 13,   152.59, 6,  drogue,   -0.25,  67260.00, 3324.89, 2354.70,  -24.64, 46.6, 0.00, 5.25, 5.28
6, 13997, 13,   152.69, 6,  drogue,   -0.57,  67288.00, 3321.65, 2351.46,  -24.66, 46.6, 0.00, 5.25, 5.28
6, 13997, 13,   152.79, 6,  drogue,   -0.86,  67319.00, 3318.05, 2347.86,  -24.71, 46.6, 0.00, 5.25, 5.28
6, 13997, 13,   152.89, 6,  drogue,   -1.07,  67357.00, 3313.65, 2343.46,  -24.81, 46.6, 0.00, 5.25, 5.28
6, 13997, 13,   152.99, 6,  drogue,   -1.17,  67375.00, 3311.56, 2341.37,  -24.95, 46.6, 0.00, 5.25, 5.28
6, 13997, 13,   153.09, 6,  drogue,   -1.13,  67389.00, 3309.94, 2339.75,  -25.10, 46.6, 0.00, 5.25, 5.28
6, 13997, 13,   153.19, 6,  drogue,   -0.95,  67414.00, 3307.05, 2336.86,  -25.21, 46.6, 0.00, 5.25, 5.28
6, 13997, 13,   153.29, 6,  drogue,   -0.61,  67440.00, 3304.04, 2333.85,  -25.33, 46.5, 0.00, 5.25, 5.28
6, 13997, 13,   153.39, 6,  drogue,   -0.14,  67467.00, 3300.91, 2330.72,  -25.44, 46.5, 0.00, 5.25, 5.28
6, 13997, 13,   153.49, 6,  drogue,    0.42,  67481.00, 3299.29, 2329.10,  -25.48, 46.5, 0.00, 5.25, 5.28
6, 13997, 13,   153.59, 6,  drogue,    1.00,  67498.00, 3297.33, 2327.14,  -25.42, 46.5, 0.00, 5.25, 5.28
6, 13997, 13,   153.69, 6,  drogue,    1.54,  67528.00, 3293.86, 2323.67,  -25.31, 46.5, 0.00, 5.25, 5.28
6, 13997, 13,   153.79, 6,  drogue,    1.97,  67542.00, 3292.24, 2322.05,  -25.14, 46.5, 0.00, 5.25, 5.28
6, 13997, 13,   153.89, 6,  drogue,    2.27,  67553.00, 3290.97, 2320.78,  -24.91, 46.5, 0.00, 5.25, 5.28
6, 13997, 13,   153.99, 6,  drogue,    2.42,  67570.00, 3289.00, 2318.81,  -24.67, 46.5, 0.00, 5.25, 5.28
6, 13997, 13,   154.09, 6,  drogue,    2.45,  67588.00, 3286.92, 2316.73,  -24.39, 46.5, 0.00, 5.25, 5.28
6, 13997, 13,   154.19, 6,  drogue,    2.37,  67599.00, 3285.65, 2315.46,  -24.13, 46.5, 0.00, 5.25, 5.28
6, 13997, 13,   154.29, 6,  drogue,    2.21,  67643.00, 3280.57, 2310.38,  -23.89, 46.5, 0.00, 5.25, 5.28
6, 13997, 13,   154.39, 6,  drogue,    1.97,  67648.00, 3279.99, 2309.80,  -23.67, 46.5, 0.00, 5.25, 5.28
6, 13997, 13,   154.49, 6,  drogue,    1.64,  67692.00, 3274.91, 2304.72,  -23.45, 46.5, 0.00, 5.25, 5.28
6, 13997, 13,   154.59, 6,  drogue,    1.21,  67730.00, 3270.53, 2300.34,  -23.26, 46.5, 0.00, 5.25, 5.28
6, 13997, 13,   154.69, 6,  drogue,    0.72,  67762.00, 3266.84, 2296.65,  -23.12, 46.5, 0.00, 5.25, 5.28
6, 13997, 13,   154.79, 6,  drogue,    0.19,  67798.00, 3262.69, 2292.50,  -23.04, 46.5, 0.00, 5.25, 5.28
6, 13997, 13,   154.89, 6,  drogue,   -0.32,  67824.00, 3259.69, 2289.50,  -23.04, 46.5, 0.00, 5.25, 5.28
6, 13997, 13,   154.99, 6,  drogue,   -0.81,  67845.00, 3257.27, 2287.08,  -23.09, 46.5, 0.00, 5.25, 5.28
6, 13997, 13,   155.09, 6,  drogue,   -1.29,  67859.00, 3255.66, 2285.47,  -23.17, 46.5, 0.00, 5.25, 5.28
6, 13997, 13,   155.19, 6,  drogue,   -1.78,  67867.00, 3254.74, 2284.55,  -23.29, 46.5, 0.00, 5.25, 5.28
6, 13997, 13,   155.29, 6,  drogue,   -2.27,  67853.00, 3256.35, 2286.16,  -23.45, 46.5, 0.00, 5.25, 5.28
6, 13997, 13,   155.39, 6,  drogue,   -2.75,  67841.00, 3257.74, 2287.54,  -23.68, 46.5, 0.00, 5.25, 5.28
6, 13997, 13,   155.49, 6,  drogue,   -3.18,  67798.00, 3262.69, 2292.50,  -23.97, 46.5, 0.00, 5.25, 5.28
6, 13997, 13,   155.59, 6,  drogue,   -3.54,  67774.00, 3265.46, 2295.26,  -24.31, 46.5, 0.00, 5.25, 5.28
6, 13997, 13,   155.69, 6,  drogue,   -3.80,  67851.00, 3256.58, 2286.39,  -24.68, 46.5, 0.00, 5.25, 5.28
6, 13997, 13,   155.79, 6,  drogue,   -3.97,  67878.00, 3253.47, 2283.28,  -25.07, 46.5, 0.00, 5.25, 5.28
6, 13997, 13,   155.89, 6,  drogue,   -4.00,  67939.00, 3246.45, 2276.26,  -25.48, 46.5, 0.00, 5.25, 5.28
6, 13997, 13,   155.99, 6,  drogue,   -3.87,  68017.00, 3237.48, 2267.29,  -25.90, 46.5, 0.00, 5.25, 5.28
6, 13997, 13,   156.09, 6,  drogue,   -3.53,  68062.00, 3232.31, 2262.12,  -26.33, 46.5, 0.00, 5.25, 5.28
6, 13997, 13,   156.19, 6,  drogue,   -2.96,  68094.00, 3228.64, 2258.44,  -26.73, 46.5, 0.00, 5.25, 5.28
6, 13997, 13,   156.29, 6,  drogue,   -2.21,  68111.00, 3226.68, 2256.49,  -27.08, 46.5, 0.00, 5.25, 5.28
6, 13997, 13,   156.39, 6,  drogue,   -1.34,  68121.00, 3225.54, 2255.34,  -27.31, 46.5, 0.00, 5.25, 5.28
6, 13997, 13,   156.49, 6,  drogue,   -0.44,  68112.00, 3226.57, 2256.38,  -27.44, 46.5, 0.00, 5.25, 5.28
6, 13997, 13,   156.59, 6,  drogue,    0.42,  68134.00, 3224.04, 2253.85,  -27.48, 46.5, 0.00, 5.25, 5.28
6, 13997, 13,   156.69, 6,  drogue,    1.17,  68158.00, 3221.29, 2251.10,  -27.41, 46.5, 0.00, 5.25, 5.28
6, 13997, 13,   156.79, 6,  drogue,    1.80,  68180.00, 3218.76, 2248.57,  -27.28, 46.5, 0.00, 5.25, 5.28
6, 13997, 13,   156.89, 6,  drogue,    2.31,  68228.00, 3213.26, 2243.07,  -27.07, 46.5, 0.00, 5.25, 5.28
6, 13997, 13,   156.99, 6,  drogue,    2.70,  68239.00, 3212.00, 2241.81,  -26.82, 46.5, 0.00, 5.25, 5.28
6, 13997, 13,   157.09, 6,  drogue,    2.98,  68230.00, 3213.03, 2242.84,  -26.53, 46.5, 0.00, 5.25, 5.28
6, 13997, 13,   157.19, 6,  drogue,    3.15,  68230.00, 3213.03, 2242.84,  -26.22, 46.5, 0.00, 5.25, 5.28
6, 13997, 13,   157.29, 6,  drogue,    3.18,  68255.00, 3210.16, 2239.97,  -25.89, 46.5, 0.00, 5.25, 5.28
6, 13997, 13,   157.39, 6,  drogue,    3.04,  68319.00, 3202.83, 2232.64,  -25.55, 46.5, 0.00, 5.25, 5.28
6, 13997, 13,   157.49, 6,  drogue,    2.72,  68370.00, 3196.99, 2226.80,  -25.20, 46.5, 0.00, 5.25, 5.28
6, 13997, 13,   157.59, 6,  drogue,    2.22,  68413.00, 3192.07, 2221.88,  -24.88, 46.5, 0.00, 5.25, 5.28
6, 13997, 13,   157.69, 6,  drogue,    1.60,  68432.00, 3189.90, 2219.70,  -24.65, 46.5, 0.00, 5.25, 5.28
6, 13997, 13,   157.79, 6,  drogue,    0.94,  68448.00, 3188.07, 2217.87,  -24.48, 46.5, 0.00, 5.25, 5.28
6, 13997, 13,   157.89, 6,  drogue,    0.32,  68486.00, 3183.72, 2213.53,  -24.40, 46.5, 0.00, 5.25, 5.28
6, 13997, 13,   157.99, 6,  drogue,   -0.19,  68517.00, 3180.18, 2209.99,  -24.39, 46.5, 0.00, 5.25, 5.28
6, 13997, 13,   158.09, 6,  drogue,   -0.53,  68543.00, 3177.21, 2207.02,  -24.43, 46.5, 0.00, 5.25, 5.28
6, 13997, 13,   158.19, 6,  drogue,   -0.71,  68549.00, 3176.52, 2206.33,  -24.52, 46.5, 0.00, 5.25, 5.28
6, 13997, 13,   158.29, 6,  drogue,   -0.73,  68506.00, 3181.44, 2211.24,  -24.63, 46.5, 0.00, 5.25, 5.28
6, 13997, 13,   158.39, 6,  drogue,   -0.65,  68468.00, 3185.78, 2215.59,  -24.73, 46.5, 0.00, 5.25, 5.28
6, 13997, 13,   158.49, 6,  drogue,   -0.50,  68443.00, 3188.64, 2218.45,  -24.77, 46.5, 0.00, 5.25, 5.28
6, 13997, 13,   158.59, 6,  drogue,   -0.29,  68481.00, 3184.29, 2214.10,  -24.83, 46.5, 0.00, 5.25, 5.28
6, 13997, 13,   158.69, 6,  drogue,   -0.05,  68508.00, 3181.21, 2211.02,  -24.88, 46.5, 0.00, 5.25, 5.28
6, 13997, 13,   158.79, 6,  drogue,    0.23,  68596.00, 3171.16, 2200.96,  -24.89, 46.5, 0.00, 5.25, 5.28
6, 13997, 13,   158.89, 6,  drogue,    0.51,  68641.00, 3166.02, 2195.83,  -24.88, 46.4, 0.00, 5.25, 5.28
6, 13997, 13,   158.99, 6,  drogue,    0.74,  68709.00, 3158.26, 2188.07,  -24.82, 46.4, 0.00, 5.25, 5.28
6, 13997, 13,   159.09, 6,  drogue,    0.84,  68760.00, 3152.45, 2182.26,  -24.73, 46.4, 0.00, 5.25, 5.28
6, 13997, 13,   159.19, 6,  drogue,    0.80,  68780.00, 3150.17, 2179.98,  -24.60, 46.4, 0.00, 5.25, 5.28
6, 13997, 13,   159.29, 6,  drogue,    0.60,  68793.00, 3148.69, 2178.50,  -24.48, 46.4, 0.00, 5.25, 5.28
6, 13997, 13,   159.39, 6,  drogue,    0.29,  68796.00, 3148.35, 2178.16,  -24.41, 46.4, 0.00, 5.25, 5.28
6, 13997, 13,   159.49, 6,  drogue,   -0.09,  68786.00, 3149.49, 2179.30,  -24.38, 46.4, 0.00, 5.25, 5.28
6, 13997, 13,   159.59, 6,  drogue,   -0.52,  68796.00, 3148.35, 2178.16,  -24.39, 46.4, 0.00, 5.25, 5.28
6, 13997, 13,   159.69, 6,  drogue,   -0.99,  68805.00, 3147.32, 2177.13,  -24.43, 46.4, 0.00, 5.25, 5.28
6, 13997, 13,   159.79, 6,  drogue,   -1.51,  68834.00, 3144.02, 2173.83,  -24.51, 46.4, 0.00, 5.25, 5.28
6, 13997, 13,   159.89, 6,  drogue,   -2.05,  68876.00, 3139.24, 2169.05,  -24.65, 46.4, 0.00, 5.25, 5.28
6, 13997, 13,   159.99, 6,  drogue,   -2.57,  68899.00, 3136.63, 2166.43,  -24.86, 46.4, 0.00, 5.25, 5.28
6, 13997, 13,   160.09, 6,  drogue,   -3.04,  68927.00, 3133.44, 2163.25,  -25.14, 46.4, 0.00, 5.25, 5.28
6, 13997, 13,   160.19, 6,  drogue,   -3.43,  68965.00, 3129.12, 2158.93,  -25.47, 46.4, 0.00, 5.25, 5.28
6, 13997, 13,   160.29, 6,  drogue,   -3.75,  68984.00, 3126.96, 2156.77,  -25.82, 46.4, 0.00, 5.25, 5.28
6, 13997, 13,   160.39, 6,  drogue,   -4.01,  68951.00, 3130.71, 2160.52,  -26.19, 46.4, 0.00, 5.25, 5.28
6, 13997, 13,   160.49, 6,  drogue,   -4.16,  68927.00, 3133.44, 2163.25,  -26.59, 46.4, 0.00, 5.25, 5.28
6, 13997, 13,   160.59, 6,  drogue,   -4.17,  68971.00, 3128.44, 2158.25,  -27.04, 46.4, 0.00, 5.25, 5.28
6, 13997, 13,   160.69, 6,  drogue,   -3.98,  68982.00, 3127.19, 2157.00,  -27.49, 46.4, 0.00, 5.25, 5.28
6, 13997, 13,   160.79, 6,  drogue,   -3.55,  68998.00, 3125.37, 2155.18,  -27.95, 46.4, 0.00, 5.25, 5.28
6, 13997, 13,   160.89, 6,  drogue,   -2.89,  69030.00, 3121.73, 2151.54,  -28.34, 46.4, 0.00, 5.25, 5.28
6, 13997, 13,   160.99, 6,  drogue,   -2.02,  69067.00, 3117.53, 2147.34,  -28.65, 46.4, 0.00, 5.25, 5.28
6, 13997, 13,   161.09, 6,  drogue,   -1.01,  69117.00, 3111.86, 2141.67,  -28.89, 46.4, 0.00, 5.25, 5.28
6, 13997, 13,   161.19, 6,  drogue,    0.05,  69159.00, 3107.09, 2136.90,  -29.01, 46.4, 0.00, 5.25, 5.28
6, 13997, 13,   161.29, 6,  drogue,    1.09,  69210.00, 3101.31, 2131.12,  -29.00, 46.4, 0.00, 5.25, 5.28
6, 13997, 13,   161.39, 6,  drogue,    1.99,  69268.00, 3094.74, 2124.55,  -28.87, 46.4, 0.00, 5.25, 5.28
6, 13997, 13,   161.49, 6,  drogue,    2.68,  69318.00, 3089.08, 2118.89,  -28.61, 46.4, 0.00, 5.25, 5.28
6, 13997, 13,   161.59, 6,  drogue,    3.13,  69348.00, 3085.68, 2115.49,  -28.30, 46.4, 0.00, 5.25, 5.28
6, 13997, 13,   161.69, 6,  drogue,    3.35,  69365.00, 3083.76, 2113.57,  -27.95, 46.4, 0.00, 5.25, 5.28
6, 13997, 13,   161.79, 6,  drogue,    3.37,  69366.00, 3083.65, 2113.45,  -27.58, 46.4, 0.00, 5.25, 5.28
6, 13997, 13,   161.89, 6,  drogue,    3.26,  69374.00, 3082.74, 2112.55,  -27.22, 46.4, 0.00, 5.25, 5.28
6, 13997, 13,   161.99, 6,  drogue,    3.08,  69391.00, 3080.82, 2110.63,  -26.89, 46.4, 0.00, 5.25, 5.28
6, 13997, 13,   162.09, 6,  drogue,    2.86,  69411.00, 3078.56, 2108.36,  -26.57, 46.4, 0.00, 5.25, 5.28
6, 13997, 13,   162.19, 6,  drogue,    2.61,  69423.00, 3077.20, 2107.01,  -26.29, 46.4, 0.00, 5.25, 5.28
6, 13997, 13,   162.29, 6,  drogue,    2.33,  69436.00, 3075.73, 2105.54,  -26.04, 46.4, 0.00, 5.25, 5.28
6, 13997, 13,   162.39, 6,  drogue,    2.01,  69449.00, 3074.26, 2104.07,  -25.78, 46.4, 0.00, 5.25, 5.28
6, 13997, 13,   162.49, 6,  drogue,    1.65,  69455.00, 3073.58, 2103.39,  -25.55, 46.4, 0.00, 5.25, 5.28
6, 13997, 13,   162.59, 6,  drogue,    1.31,  69489.00, 3069.74, 2099.55,  -25.40, 46.4, 0.00, 5.25, 5.28
6, 13997, 13,   162.69, 6,  drogue,    1.04,  69497.00, 3068.84, 2098.65,  -25.29, 46.4, 0.00, 5.25, 5.28
6, 13997, 13,   162.79, 6,  drogue,    0.86,  69532.00, 3064.88, 2094.69,  -25.20, 46.4, 0.00, 5.25, 5.28
6, 13997, 13,   162.89, 6,  drogue,    0.77,  69554.00, 3062.40, 2092.21,  -25.14, 46.4, 0.00, 5.25, 5.28
6, 13997, 13,   162.99, 6,  drogue,    0.76,  69553.00, 3062.51, 2092.32,  -25.09, 46.4, 0.00, 5.25, 5.28
6, 13997, 13,   163.09, 6,  drogue,    0.82,  69631.00, 3053.71, 2083.52,  -25.00, 46.3, 0.00, 5.25, 5.28
6, 13997, 13,   163.19, 6,  drogue,    0.99,  69664.00, 3049.99, 2079.80,  -24.90, 46.3, 0.00, 5.25, 5.28
6, 13997, 13,   163.29, 6,  drogue,    1.31,  69680.00, 3048.19, 2077.99,  -24.84, 46.3, 0.00, 5.25, 5.28
6, 13997, 13,   163.39, 6,  drogue,    1.77,  69701.00, 3045.82, 2075.63,  -24.78, 46.3, 0.00, 5.25, 5.28
6, 13997, 13,   163.49, 6,  drogue,    2.30,  69699.00, 3046.04, 2075.85,  -24.65, 46.3, 0.00, 5.25, 5.28
6, 13997, 13,   163.59, 6,  drogue,    2.76,  69754.00, 3039.85, 2069.66,  -24.38, 46.3, 0.00, 5.25, 5.28
6, 13997, 13,   163.69, 6,  drogue,    3.05,  69779.00, 3037.03, 2066.84,  -24.05, 46.3, 0.00, 5.25, 5.28
6, 13997, 13,   163.79, 6,  drogue,    3.12,  69813.00, 3033.21, 2063.01,  -23.67, 46.3, 0.00, 5.25, 5.28
6, 13997, 13,   163.89, 6,  drogue,    2.98,  69840.00, 3030.17, 2059.98,  -23.35, 46.3, 0.00, 5.25, 5.28
6, 13997, 13,   163.99, 6,  drogue,    2.69,  69865.00, 3027.35, 2057.16,  -23.04, 46.3, 0.00, 5.25, 5.28
6, 13997, 13,   164.09, 6,  drogue,    2.26,  69868.00, 3027.02, 2056.83,  -22.76, 46.3, 0.00, 5.25, 5.28
6, 13997, 13,   164.19, 6,  drogue,    1.69,  69865.00, 3027.35, 2057.16,  -22.50, 46.3, 0.00, 5.25, 5.28
6, 13997, 13,   164.29, 6,  drogue,    0.97,  69871.00, 3026.68, 2056.49,  -22.31, 46.3, 0.00, 5.25, 5.28
6, 13997, 13,   164.39, 6,  drogue,    0.12,  69869.00, 3026.91, 2056.71,  -22.16, 46.3, 0.00, 5.25, 5.28
6, 13997, 13,   164.49, 6,  drogue,   -0.80,  69889.00, 3024.66, 2054.46,  -22.14, 46.3, 0.00, 5.25, 5.28
6, 13997, 13,   164.59, 6,  drogue,   -1.71,  69919.00, 3021.28, 2051.09,  -22.24, 46.3, 0.00, 5.25, 5.28
6, 13997, 13,   164.69, 6,  drogue,   -2.56,  69944.00, 3018.47, 2048.28,  -22.43, 46.3, 0.00, 5.25, 5.28
6, 13997, 13,   164.79, 6,  drogue,   -3.33,  69967.00, 3015.89, 2045.70,  -22.70, 46.3, 0.00, 5.25, 5.28
6, 13997, 13,   164.89, 6,  drogue,   -3.98,  69984.00, 3013.98, 2043.79,  -23.04, 46.3, 0.00, 5.25, 5.28
6, 13997, 13,   164.99, 6,  drogue,   -4.47,  70004.00, 3011.73, 2041.54,  -23.45, 46.3, 0.00, 5.25, 5.28
6, 13997, 13,   165.09, 6,  drogue,   -4.78,  69985.00, 3013.87, 2043.67,  -23.94, 46.3, 0.00, 5.25, 5.28
6, 13997, 13,   165.19, 6,  drogue,   -4.88,  70044.00, 3007.24, 2037.05,  -24.47, 46.3, 0.00, 5.25, 5.28
6, 13997, 13,   165.29, 6,  drogue,   -4.78,  70141.00, 2996.36, 2026.17,  -24.98, 46.3, 0.00, 5.25, 5.28
6, 13997, 13,   165.39, 6,  drogue,   -4.49,  70183.00, 2991.65, 2021.46,  -25.49, 46.3, 0.00, 5.25, 5.28
6, 13997, 13,   165.49, 6,  drogue,   -4.01,  70126.00, 2998.04, 2027.85,  -25.96, 46.3, 0.00, 5.25, 5.28
6, 13997, 13,   165.59, 6,  drogue,   -3.40,  70026.00, 3009.26, 2039.07,  -26.39, 46.3, 0.00, 5.25, 5.28
6, 13997, 13,   165.69, 6,  drogue,   -2.68,  70072.00, 3004.10, 2033.91,  -26.77, 46.3, 0.00, 5.25, 5.28
6, 13997, 13,   165.79, 6,  drogue,   -1.91,  70125.00, 2998.15, 2027.96,  -27.05, 46.3, 0.00, 5.25, 5.28
6, 13997, 13,   165.89, 6,  drogue,   -1.15,  70255.00, 2983.59, 2013.39,  -27.21, 46.3, 0.00, 5.25, 5.28
6, 13997, 13,   165.99, 6,  drogue,   -0.40,  70265.00, 2982.47, 2012.27,  -27.31, 46.3, 0.00, 5.25, 5.28
6, 13997, 13,   166.09, 6,  drogue,    0.35,  70283.00, 2980.45, 2010.26,  -27.35, 46.3, 0.00, 5.25, 5.28
6, 13997, 13,   166.19, 6,  drogue,    1.11,  70279.00, 2980.90, 2010.71,  -27.33, 46.3, 0.00, 5.25, 5.28
6, 13997, 13,   166.29, 6,  drogue,    1.88,  70320.00, 2976.31, 2006.12,  -27.24, 46.3, 0.00, 5.25, 5.28
6, 13997, 13,   166.39, 6,  drogue,    2.57,  70311.00, 2977.32, 2007.13,  -27.05, 46.3, 0.00, 5.25, 5.28
6, 13997, 13,   166.49, 6,  drogue,    3.13,  70409.00, 2966.36, 1996.17,  -26.75, 46.3, 0.00, 5.25, 5.28
6, 13997, 13,   166.59, 6,  drogue,    3.50,  70464.00, 2960.21, 1990.02,  -26.40, 46.3, 0.00, 5.25, 5.28
6, 13997, 13,   166.69, 6,  drogue,    3.68,  70467.00, 2959.88, 1989.68,  -26.00, 46.3, 0.00, 5.25, 5.28
6, 13997, 13,   166.79, 6,  drogue,    3.68,  70452.00, 2961.55, 1991.36,  -25.62, 46.3, 0.00, 5.25, 5.28
6, 13997, 13,   166.89, 6,  drogue,    3.54,  70473.00, 2959.21, 1989.01,  -25.24, 46.3, 0.00, 5.25, 5.28
6, 13997, 13,   166.99, 6,  drogue,    3.28,  70505.00, 2955.63, 1985.44,  -24.87, 46.3, 0.00, 5.25, 5.28
6, 13997, 13,   167.09, 6,  drogue,    2.93,  70527.00, 2953.18, 1982.98,  -24.49, 46.3, 0.00, 5.25, 5.28
6, 13997, 13,   167.19, 6,  drogue,    2.52,  70540.00, 2951.73, 1981.53,  -24.19, 46.3, 0.00, 5.25, 5.28
6, 13997, 13,   167.29, 6,  drogue,    2.05,  70540.00, 2951.73, 1981.53,  -23.97, 46.3, 0.00, 5.25, 5.28
6, 13997, 13,   167.39, 6,  drogue,    1.48,  70571.00, 2948.27, 1978.07,  -23.77, 46.3, 0.00, 5.25, 5.28
6, 13997, 13,   167.49, 6,  drogue,    0.77,  70586.00, 2946.59, 1976.40,  -23.59, 46.3, 0.00, 5.25, 5.28
6, 13997, 13,   167.59, 6,  drogue,   -0.06,  70590.00, 2946.15, 1975.95,  -23.42, 46.3, 0.00, 5.25, 5.28
6, 13997, 13,   167.69, 6,  drogue,   -0.90,  70634.00, 2941.24, 1971.05,  -23.41, 46.3, 0.00, 5.25, 5.28
6, 13997, 13,   167.79, 6,  drogue,   -1.62,  70605.00, 2944.47, 1974.28,  -23.54, 46.3, 0.00, 5.25, 5.28
6, 13997, 13,   167.89, 6,  drogue,   -2.12,  70608.00, 2944.14, 1973.95,  -23.81, 46.3, 0.00, 5.25, 5.28
6, 13997, 13,   167.99, 6,  drogue,   -2.39,  70698.00, 2934.11, 1963.92,  -24.06, 46.3, 0.00, 5.25, 5.28
6, 13997, 13,   168.09, 6,  drogue,   -2.50,  70776.00, 2925.42, 1955.23,  -24.31, 46.3, 0.00, 5.25, 5.28
6, 13997, 13,   168.19, 6,  drogue,   -2.55,  70822.00, 2920.30, 1950.11,  -24.54, 46.2, 0.00, 5.25, 5.28
6, 13997, 13,   168.29, 6,  drogue,   -2.55,  70818.00, 2920.75, 1950.56,  -24.80, 46.2, 0.00, 5.25, 5.28
6, 13997, 13,   168.39, 6,  drogue,   -2.48,  70774.00, 2925.64, 1955.45,  -25.05, 46.2, 0.00, 5.25, 5.28
6, 13997, 13,   168.49, 6,  drogue,   -2.29,  70726.00, 2930.99, 1960.80,  -25.35, 46.2, 0.00, 5.25, 5.28
6, 13997, 13,   168.59, 6,  drogue,   -1.96,  70743.00, 2929.09, 1958.90,  -25.61, 46.2, 0.00, 5.25, 5.28
6, 13997, 13,   168.69, 6,  drogue,   -1.52,  70786.00, 2924.31, 1954.12,  -25.83, 46.2, 0.00, 5.25, 5.28
6, 13997, 13,   168.79, 6,  drogue,   -1.02,  70871.00, 2914.85, 1944.66,  -25.98, 46.2, 0.00, 5.25, 5.28
6, 13997, 13,   168.89, 6,  drogue,   -0.53,  70917.00, 2909.74, 1939.55,  -26.07, 46.2, 0.00, 5.25, 5.28
6, 13997, 13,   168.99, 6,  drogue,   -0.11,  70942.00, 2906.96, 1936.77,  -26.13, 46.2, 0.00, 5.25, 5.28
6, 13997, 13,   169.09, 6,  drogue,    0.22,  70948.00, 2906.29, 1936.10,  -26.12, 46.2, 0.00, 5.25, 5.28
6, 13997, 13,   169.19, 6,  drogue,    0.50,  70984.00, 2902.30, 1932.11,  -26.06, 46.2, 0.00, 5.25, 5.28
6, 13997, 13,   169.29, 6,  drogue,    0.76,  70992.00, 2901.41, 1931.22,  -26.00, 46.2, 0.00, 5.25, 5.28
6, 13997, 13,   169.39, 6,  drogue,    1.01,  70993.00, 2901.30, 1931.11,  -25.96, 46.2, 0.00, 5.25, 5.28
6, 13997, 13,   169.49, 6,  drogue,    1.22,  71043.00, 2895.75, 1925.56,  -25.89, 46.2, 0.00, 5.25, 5.28
6, 13997, 13,   169.59, 6,  drogue,    1.32,  71091.00, 2890.42, 1920.23,  -25.73, 46.2, 0.00, 5.25, 5.28
6, 13997, 13,   169.69, 6,  drogue,    1.25,  71147.00, 2884.21, 1914.02,  -25.53, 46.2, 0.00, 5.25, 5.28
6, 13997, 13,   169.79, 6,  drogue,    1.00,  71196.00, 2878.78, 1908.59,  -25.37, 46.2, 0.00, 5.25, 5.28
6, 13997, 13,   169.89, 6,  drogue,    0.62,  71197.00, 2878.67, 1908.48,  -25.25, 46.2, 0.00, 5.25, 5.28
6, 13997, 13,   169.99, 6,  drogue,    0.21,  71143.00, 2884.66, 1914.47,  -25.19, 46.2, 0.00, 5.25, 5.28
6, 13997, 13,   170.09, 6,  drogue,   -0.16,  71122.00, 2886.98, 1916.79,  -25.19, 46.2, 0.00, 5.25, 5.28
6, 13997, 13,   170.19, 6,  drogue,   -0.47,  71130.00, 2886.10, 1915.91,  -25.22, 46.2, 0.00, 5.25, 5.28
6, 13997, 13,   170.29, 6,  drogue,   -0.78,  71185.00, 2880.00, 1909.81,  -25.28, 46.2, 0.00, 5.25, 5.28
6, 13997, 13,   170.39, 6,  drogue,   -1.12,  71233.00, 2874.69, 1904.49,  -25.36, 46.2, 0.00, 5.25, 5.28
6, 13997, 13,   170.49, 6,  drogue,   -1.51,  71286.00, 2868.82, 1898.63,  -25.42, 46.2, 0.00, 5.25, 5.28
6, 13997, 13,   170.59, 6,  drogue,   -1.89,  71291.00, 2868.27, 1898.07,  -25.56, 46.2, 0.00, 5.25, 5.28
6, 13997, 13,   170.69, 6,  drogue,   -2.22,  71333.00, 2863.62, 1893.43,  -25.77, 46.2, 0.00, 5.25, 5.28
6, 13997, 13,   170.79, 6,  drogue,   -2.43,  71341.00, 2862.73, 1892.54,  -26.05, 46.2, 0.00, 5.25, 5.28
6, 13997, 13,   170.89, 6,  drogue,   -2.47,  71352.00, 2861.52, 1891.33,  -26.32, 46.2, 0.00, 5.25, 5.28
6, 13997, 13,   170.99, 6,  drogue,   -2.34,  71382.00, 2858.20, 1888.01,  -26.55, 46.2, 0.00, 5.25, 5.28
6, 13997, 13,   171.09, 6,  drogue,   -2.08,  71366.00, 2859.97, 1889.78,  -26.83, 46.2, 0.00, 5.25, 5.28
6, 13997, 13,   171.19, 6,  drogue,   -1.72,  71401.00, 2856.10, 1885.91,  -27.09, 46.2, 0.00, 5.25, 5.28
6, 13997, 13,   171.29, 6,  drogue,   -1.34,  71500.00, 2845.17, 1874.97,  -27.25, 46.2, 0.00, 5.25, 5.28
6, 13997, 13,   171.39, 6,  drogue,   -0.94,  71554.00, 2839.21, 1869.01,  -27.35, 46.2, 0.00, 5.25, 5.28
6, 13997, 13,   171.49, 6,  drogue,   -0.53,  71533.00, 2841.52, 1871.33,  -27.44, 46.2, 0.00, 5.25, 5.28
6, 13997, 13,   171.59, 6,  drogue,   -0.06,  71453.00, 2850.36, 1880.16,  -27.51, 46.2, 0.00, 5.25, 5.28
6, 13997, 13,   171.69, 6,  drogue,    0.48,  71438.00, 2852.01, 1881.82,  -27.54, 46.2, 0.00, 5.25, 5.28
6, 13997, 13,   171.79, 6,  drogue,    1.05,  71581.00, 2836.23, 1866.04,  -27.53, 46.2, 0.00, 5.25, 5.28
6, 13997, 13,   171.89, 6,  drogue,    1.57,  71635.00, 2830.27, 1860.08,  -27.43, 46.2, 0.00, 5.25, 5.28
6, 13997, 13,   171.99, 6,  drogue,    1.96,  71651.00, 2828.51, 1858.32,  -27.20, 46.2, 0.00, 5.25, 5.28
6, 13997, 13,   172.09, 6,  drogue,    2.22,  71691.00, 2824.10, 1853.91,  -26.96, 46.2, 0.00, 5.25, 5.28
6, 13997, 13,   172.19, 6,  drogue,    2.39,  71695.00, 2823.66, 1853.47,  -26.73, 46.2, 0.00, 5.25, 5.28
6, 13997, 13,   172.29, 6,  drogue,    2.51,  71760.00, 2816.51, 1846.31,  -26.52, 46.2, 0.00, 5.25, 5.28
6, 13997, 13,   172.39, 6,  drogue,    2.60,  71779.00, 2814.41, 1844.22,  -26.27, 46.2, 0.00, 5.25, 5.28
6, 13997, 13,   172.49, 6,  drogue,    2.69,  71757.00, 2816.84, 1846.64,  -25.99, 46.2, 0.00, 5.25, 5.28
6, 13997, 13,   172.59, 6,  drogue,    2.75,  71791.00, 2813.09, 1842.90,  -25.71, 46.2, 0.00, 5.25, 5.28
6, 13997, 13,   172.69, 6,  drogue,    2.81,  71824.00, 2809.46, 1839.27,  -25.44, 46.2, 0.00, 5.25, 5.28
6, 13997, 13,   172.79, 6,  drogue,    2.83,  71829.00, 2808.91, 1838.72,  -25.16, 46.2, 0.00, 5.25, 5.28
6, 13997, 13,   172.89, 6,  drogue,    2.78,  71821.00, 2809.79, 1839.60,  -24.88, 46.2, 0.00, 5.25, 5.28
6, 13997, 13,   172.99, 6,  drogue,    2.64,  71818.00, 2810.12, 1839.93,  -24.60, 46.2, 0.00, 5.25, 5.28
6, 13997, 13,   173.09, 6,  drogue,    2.42,  71941.00, 2796.60, 1826.41,  -24.26, 46.1, 0.00, 5.25, 5.28
6, 13997, 13,   173.19, 6,  drogue,    2.21,  71953.00, 2795.29, 1825.09,  -23.99, 46.1, 0.00, 5.25, 5.28
6, 13997, 13,   173.29, 6,  drogue,    2.03,  71896.00, 2801.55, 1831.36,  -23.84, 46.1, 0.00, 5.25, 5.28
6, 13997, 13,   173.39, 6,  drogue,    1.87,  71904.00, 2800.67, 1830.48,  -23.70, 46.1, 0.00, 5.25, 5.28
6, 13997, 13,   173.49, 6,  drogue,    1.67,  71988.00, 2791.44, 1821.25,  -23.49, 46.1, 0.00, 5.25, 5.28
6, 13997, 13,   173.59, 6,  drogue,    1.38,  72025.00, 2787.38, 1817.19,  -23.24, 46.1, 0.00, 5.25, 5.28
6, 13997, 13,   173.69, 6,  drogue,    1.00,  72053.00, 2784.31, 1814.12,  -23.05, 46.1, 0.00, 5.25, 5.28
6, 13997, 13,   173.79, 6,  drogue,    0.59,  72068.00, 2782.66, 1812.47,  -23.00, 46.1, 0.00, 5.25, 5.28
6, 13997, 13,   173.89, 6,  drogue,    0.23,  72072.00, 2782.22, 1812.03,  -22.97, 46.1, 0.00, 5.25, 5.28
6, 13997, 13,   173.99, 6,  drogue,   -0.07,  72043.00, 2785.41, 1815.21,  -22.96, 46.1, 0.00, 5.25, 5.28
6, 13997, 13,   174.09, 6,  drogue,   -0.35,  72128.00, 2776.08, 1805.89,  -22.97, 46.1, 0.00, 5.25, 5.28
6, 13997, 13,   174.19, 6,  drogue,   -0.66,  72195.00, 2768.74, 1798.55,  -22.98, 46.1, 0.00, 5.25, 5.28
6, 13997, 13,   174.29, 6,  drogue,   -1.05,  72181.00, 2770.28, 1800.08,  -23.03, 46.1, 0.00, 5.25, 5.28
6, 13997, 13,   174.39, 6,  drogue,   -1.50,  72136.00, 2775.21, 1805.02,  -23.13, 46.1, 0.00, 5.25, 5.28
6, 13997, 13,   174.49, 6,  drogue,   -1.98,  72131.00, 2775.75, 1805.56,  -23.26, 46.1, 0.00, 5.25, 5.28
6, 13997, 13,   174.59, 6,  drogue,   -2.45,  72205.00, 2767.65, 1797.46,  -23.46, 46.1, 0.00, 5.25, 5.28
6, 13997, 13,   174.69, 6,  drogue,   -2.88,  72236.00, 2764.25, 1794.06,  -23.72, 46.1, 0.00, 5.25, 5.28
6, 13997, 13,   174.79, 6,  drogue,   -3.24,  72260.00, 2761.63, 1791.43,  -24.03, 46.1, 0.00, 5.25, 5.28
6, 13997, 13,   174.89, 6,  drogue,   -3.50,  72271.00, 2760.42, 1790.23,  -24.36, 46.1, 0.00, 5.25, 5.28
6, 13997, 13,   174.99, 6,  drogue,   -3.63,  72275.00, 2759.98, 1789.79,  -24.71, 46.1, 0.00, 5.25, 5.28
6, 13997, 13,   175.09, 6,  drogue,   -3.63,  72240.00, 2763.81, 1793.62,  -25.13, 46.1, 0.00, 5.25, 5.28
6, 13997, 13,   175.19, 6,  drogue,   -3.51,  72333.00, 2753.64, 1783.45,  -25.53, 46.1, 0.00, 5.25, 5.28
6, 13997, 13,   175.29, 6,  drogue,   -3.28,  72432.00, 2742.82, 1772.63,  -25.87, 46.1, 0.00, 5.25, 5.28
6, 13997, 13,   175.39, 6,  drogue,   -2.96,  72426.00, 2743.47, 1773.28,  -26.19, 46.1, 0.00, 5.25, 5.28
6, 13997, 13,   175.49, 6,  drogue,   -2.53,  72348.00, 2752.00, 1781.81,  -26.52, 46.1, 0.00, 5.25, 5.28
6, 13997, 13,   175.59, 6,  drogue,   -2.00,  72384.00, 2748.06, 1777.87,  -26.81, 46.1, 0.00, 5.25, 5.28
6, 13997, 13,   175.69, 6,  drogue,   -1.41,  72471.00, 2738.56, 1768.37,  -27.02, 46.1, 0.00, 5.25, 5.28
6, 13997, 13,   175.79, 6,  drogue,   -0.80,  72511.00, 2734.19, 1764.00,  -27.16, 46.1, 0.00, 5.25, 5.28
6, 13997, 13,   175.89, 6,  drogue,   -0.21,  72510.00, 2734.30, 1764.11,  -27.23, 46.1, 0.00, 5.25, 5.28
6, 13997, 13,   175.99, 6,  drogue,    0.36,  72528.00, 2732.34, 1762.14,  -27.22, 46.1, 0.00, 5.25, 5.28
6, 13997, 13,   176.09, 6,  drogue,    0.91,  72546.00, 2730.37, 1760.18,  -27.19, 46.1, 0.00, 5.25, 5.28
6, 13997, 13,   176.19, 6,  drogue,    1.44,  72559.00, 2728.95, 1758.76,  -27.13, 46.1, 0.00, 5.25, 5.28
6, 13997, 13,   176.29, 6,  drogue,    1.92,  72573.00, 2727.43, 1757.23,  -26.98, 46.1, 0.00, 5.25, 5.28
6, 13997, 13,   176.39, 6,  drogue,    2.32,  72645.00, 2719.58, 1749.38,  -26.76, 46.1, 0.00, 5.25, 5.28
6, 13997, 13,   176.49, 6,  drogue,    2.62,  72717.00, 2711.73, 1741.54,  -26.48, 46.1, 0.00, 5.25, 5.28
6, 13997, 13,   176.59, 6,  drogue,    2.83,  72738.00, 2709.45, 1739.25,  -26.22, 46.1, 0.00, 5.25, 5.28
6, 13997, 13,   176.69, 6,  drogue,    2.95,  72769.00, 2706.07, 1735.88,  -25.94, 46.1, 0.00, 5.24, 5.28
6, 13997, 13,   176.79, 6,  drogue,    2.99,  72789.00, 2703.90, 1733.70,  -25.63, 46.1, 0.00, 5.25, 5.28
6, 13997, 13,   176.89, 6,  drogue,    2.92,  72793.00, 2703.46, 1733.27,  -25.32, 46.1, 0.00, 5.25, 5.28
6, 13997, 13,   176.99, 6,  drogue,    2.75,  72800.00, 2702.70, 1732.51,  -25.00, 46.1, 0.00, 5.25, 5.28
6, 13997, 13,   177.09, 6,  drogue,    2.50,  72799.00, 2702.81, 1732.62,  -24.68, 46.1, 0.00, 5.25, 5.28
6, 13997, 13,   177.19, 6,  drogue,    2.21,  72805.00, 2702.15, 1731.96,  -24.43, 46.1, 0.00, 5.25, 5.28
6, 13997, 13,   177.29, 6,  drogue,    1.92,  72824.00, 2700.09, 1729.90,  -24.25, 46.1, 0.00, 5.25, 5.28
6, 13997, 13,   177.39, 6,  drogue,    1.62,  72858.00, 2696.39, 1726.20,  -24.07, 46.1, 0.00, 5.25, 5.28
6, 13997, 13,   177.49, 6,  drogue,    1.31,  72878.00, 2694.22, 1724.02,  -23.87, 46.1, 0.00, 5.25, 5.28
6, 13997, 13,   177.59, 6,  drogue,    0.99,  72899.00, 2691.93, 1721.74,  -23.72, 46.0, 0.00, 5.25, 5.28
6, 13997, 13,   177.69, 6,  drogue,    0.67,  72913.00, 2690.41, 1720.22,  -23.64, 46.0, 0.00, 5.25, 5.28
6, 13997, 13,   177.79, 6,  drogue,    0.38,  72949.00, 2686.50, 1716.31,  -23.59, 46.0, 0.00, 5.25, 5.28
6, 13997, 13,   177.89, 6,  drogue,    0.12,  72991.00, 2681.94, 1711.75,  -23.55, 46.0, 0.00, 5.25, 5.28
6, 13997, 13,   177.99, 6,  drogue,   -0.12,  73022.00, 2678.58, 1708.38,  -23.55, 46.0, 0.00, 5.25, 5.28
6, 13997, 13,   178.09, 6,  drogue,   -0.37,  73046.00, 2675.97, 1705.78,  -23.56, 46.0, 0.00, 5.25, 5.28
6, 13997, 13,   178.19, 6,  drogue,   -0.62,  73077.00, 2672.61, 1702.42,  -23.59, 46.0, 0.00, 5.25, 5.28
6, 13997, 13,   178.29, 6,  drogue,   -0.85,  73092.00, 2670.98, 1700.79,  -23.64, 46.0, 0.00, 5.25, 5.28
6, 13997, 13,   178.39, 6,  drogue,   -1.04,  73114.00, 2668.60, 1698.40,  -23.73, 46.0, 0.00, 5.25, 5.28
6, 13997, 13,   178.49, 6,  drogue,   -1.15,  73107.00, 2669.36, 1699.16,  -23.87, 46.0, 0.00, 5.25, 5.28
6, 13997, 13,   178.59, 6,  drogue,   -1.19,  73123.00, 2667.62, 1697.43,  -23.99, 46.0, 0.00, 5.25, 5.28
6, 13997, 13,   178.69, 6,  drogue,   -1.18,  73138.00, 2665.99, 1695.80,  -24.13, 46.0, 0.00, 5.25, 5.28
6, 13997, 13,   178.79, 6,  drogue,   -1.17,  73146.00, 2665.13, 1694.94,  -24.24, 46.0, 0.00, 5.25, 5.28
6, 13997, 13,   178.89, 6,  drogue,   -1.21,  73187.00, 2660.69, 1690.49,  -24.35, 46.0, 0.00, 5.25, 5.28
6, 13997, 13,   178.99, 6,  drogue,   -1.30,  73197.00, 2659.60, 1689.41,  -24.45, 46.0, 0.00, 5.25, 5.28
6, 13997, 13,   179.09, 6,  drogue,   -1.43,  73241.00, 2654.84, 1684.65,  -24.56, 46.0, 0.00, 5.25, 5.28
6, 13997, 13,   179.19, 6,  drogue,   -1.57,  73268.00, 2651.91, 1681.72,  -24.71, 46.0, 0.00, 5.25, 5.28
6, 13997, 13,   179.29, 6,  drogue,   -1.67,  73294.00, 2649.10, 1678.91,  -24.87, 46.0, 0.00, 5.25, 5.28
6, 13997, 13,   179.39, 6,  drogue,   -1.67,  73328.00, 2645.42, 1675.23,  -25.07, 46.0, 0.00, 5.25, 5.28
6, 13997, 13,   179.49, 6,  drogue,   -1.58,  73341.00, 2644.02, 1673.83,  -25.25, 46.0, 0.00, 5.25, 5.28
6, 13997, 13,   179.59, 6,  drogue,   -1.39,  73369.00, 2640.99, 1670.80,  -25.42, 46.0, 0.00, 5.25, 5.28
6, 13997, 13,   179.69, 6,  drogue,   -1.15,  73378.00, 2640.02, 1669.82,  -25.58, 46.0, 0.00, 5.25, 5.28
6, 13997, 13,   179.79, 6,  drogue,   -0.86,  73386.00, 2639.15, 1668.96,  -25.69, 46.0, 0.00, 5.25, 5.28
6, 13997, 13,   179.89, 6,  drogue,   -0.54,  73422.00, 2635.26, 1665.07,  -25.78, 46.0, 0.00, 5.25, 5.28
6, 13997, 13,   179.99, 6,  drogue,   -0.20,  73465.00, 2630.62, 1660.42,  -25.85, 46.0, 0.00, 5.25, 5.28
6, 13997, 13,   180.09, 6,  drogue,    0.16,  73476.00, 2629.43, 1659.24,  -25.86, 46.0, 0.00, 5.25, 5.28
6, 13997, 13,   180.19, 6,  drogue,    0.52,  73497.00, 2627.16, 1656.97,  -25.85, 46.0, 0.00, 5.25, 5.28
6, 13997, 13,   180.29, 6,  drogue,    0.88,  73529.00, 2623.71, 1653.51,  -25.80, 46.0, 0.00, 5.25, 5.28
6, 13997, 13,   180.39, 6,  drogue,    1.23,  73548.00, 2621.66, 1651.46,  -25.71, 46.0, 0.00, 5.25, 5.28
6, 13997, 13,   180.49, 6,  drogue,    1.56,  73582.00, 2617.99, 1647.80,  -25.58, 46.0, 0.00, 5.25, 5.28
6, 13997, 13,   180.59, 6,  drogue,    1.85,  73602.00, 2615.83, 1645.64,  -25.42, 46.0, 0.00, 5.25, 5.28
6, 13997, 13,   180.69, 6,  drogue,    2.11,  73630.00, 2612.81, 1642.62,  -25.22, 46.0, 0.00, 5.25, 5.28
6, 13997, 13,   180.79, 6,  drogue,    2.32,  73634.00, 2612.38, 1642.19,  -25.00, 46.0, 0.00, 5.25, 5.28
6, 13997, 13,   180.89, 6,  drogue,    2.48,  73670.00, 2608.50, 1638.31,  -24.77, 46.0, 0.00, 5.25, 5.28
6, 13997, 13,   180.99, 6,  drogue,    2.61,  73685.00, 2606.89, 1636.69,  -24.51, 46.0, 0.00, 5.25, 5.28
6, 13997, 13,   181.09, 6,  drogue,    2.71,  73730.00, 2602.04, 1631.85,  -24.25, 46.0, 0.00, 5.24, 5.28
6, 13997, 13,   181.19, 6,  drogue,    2.79,  73782.00, 2596.44, 1626.25,  -23.97, 46.0, 0.00, 5.25, 5.28
6, 13997, 13,   181.29, 6,  drogue,    2.88,  73807.00, 2593.75, 1623.56,  -23.69, 46.0, 0.00, 5.25, 5.28
6, 13997, 13,   181.39, 6,  drogue,    2.98,  73829.00, 2591.38, 1621.19,  -23.41, 46.0, 0.00, 5.25, 5.28
6, 13997, 13,   181.49, 6,  drogue,    3.06,  73817.00, 2592.67, 1622.48,  -23.12, 46.0, 0.00, 5.25, 5.28
6, 13997, 13,   181.59, 6,  drogue,    3.10,  73825.00, 2591.81, 1621.62,  -22.81, 46.0, 0.00, 5.25, 5.28
6, 13997, 13,   181.69, 6,  drogue,    3.06,  73840.00, 2590.20, 1620.01,  -22.47, 46.0, 0.00, 5.25, 5.28
6, 13997, 13,   181.79, 6,  drogue,    2.93,  73818.00, 2592.57, 1622.38,  -22.14, 46.0, 0.00, 5.25, 5.28
6, 13997, 13,   181.89, 6,  drogue,    2.70,  73858.00, 2588.26, 1618.07,  -21.84, 46.0, 0.00, 5.25, 5.28
6, 13997, 13,   181.99, 6,  drogue,    2.37,  73909.00, 2582.78, 1612.59,  -21.56, 46.0, 0.00, 5.25, 5.28
6, 13997, 13,   182.09, 6,  drogue,    1.96,  73915.00, 2582.14, 1611.95,  -21.31, 45.9, 0.00, 5.25, 5.28
6, 13997, 13,   182.19, 6,  drogue,    1.46,  73958.00, 2577.52, 1607.33,  -21.09, 45.9, 0.00, 5.25, 5.28
6, 13997, 13,   182.29, 6,  drogue,    0.88,  74000.00, 2573.01, 1602.82,  -20.94, 45.9, 0.00, 5.25, 5.28
6, 13997, 13,   182.39, 6,  drogue,    0.20,  74011.00, 2571.83, 1601.63,  -20.83, 45.9, 0.00, 5.25, 5.28
6, 13997, 13,   182.49, 6,  drogue,   -0.58,  74047.00, 2567.96, 1597.77,  -20.80, 45.9, 0.00, 5.25, 5.28
6, 13997, 13,   182.59, 6,  drogue,   -1.42,  74051.00, 2567.53, 1597.34,  -20.84, 45.9, 0.00, 5.25, 5.28
6, 13997, 13,   182.69, 6,  drogue,   -2.30,  74048.00, 2567.85, 1597.66,  -20.97, 45.9, 0.00, 5.25, 5.28
6, 13997, 13,   182.79, 6,  drogue,   -3.15,  74069.00, 2565.60, 1595.41,  -21.20, 45.9, 0.00, 5.25, 5.28
6, 13997, 13,   182.89, 6,  drogue,   -3.87,  74077.00, 2564.74, 1594.55,  -21.54, 45.9, 0.00, 5.25, 5.28
6, 13997, 13,   182.99, 6,  drogue,   -4.39,  74091.00, 2563.24, 1593.05,  -21.96, 45.9, 0.00, 5.25, 5.28
6, 13997, 13,   183.09, 6,  drogue,   -4.68,  74107.00, 2561.53, 1591.33,  -22.45, 45.9, 0.00, 5.25, 5.28
6, 13997, 13,   183.19, 6,  drogue,   -4.75,  74135.00, 2558.52, 1588.33,  -22.98, 45.9, 0.00, 5.25, 5.28
6, 13997, 13,   183.29, 6,  drogue,   -4.66,  74161.00, 2555.74, 1585.55,  -23.47, 45.9, 0.00, 5.25, 5.28
6, 13997, 13,   183.39, 6,  drogue,   -4.46,  74183.00, 2553.38, 1583.19,  -23.94, 45.9, 0.00, 5.25, 5.28
6, 13997, 13,   183.49, 6,  drogue,   -4.18,  74199.00, 2551.66, 1581.47,  -24.38, 45.9, 0.00, 5.25, 5.28
6, 13997, 13,   183.59, 6,  drogue,   -3.84,  74181.00, 2553.59, 1583.40,  -24.81, 45.9, 0.00, 5.25, 5.28
6, 13997, 13,   183.69, 6,  drogue,   -3.40,  74194.00, 2552.20, 1582.01,  -25.23, 45.9, 0.00, 5.25, 5.28
6, 13997, 13,   183.79, 6,  drogue,   -2.86,  74230.00, 2548.34, 1578.15,  -25.58, 45.9, 0.00, 5.25, 5.28
6, 13997, 13,   183.89, 6,  drogue,   -2.23,  74269.00, 2544.17, 1573.98,  -25.88, 45.9, 0.00, 5.25, 5.28
6, 13997, 13,   183.99, 6,  drogue,   -1.53,  74290.00, 2541.92, 1571.73,  -26.13, 45.9, 0.00, 5.25, 5.28
6, 13997, 13,   184.09, 6,  drogue,   -0.83,  74337.00, 2536.89, 1566.70,  -26.27, 45.9, 0.00, 5.25, 5.28
6, 13997, 13,   184.19, 6,  drogue,   -0.17,  74379.00, 2532.40, 1562.21,  -26.35, 45.9, 0.00, 5.25, 5.28
6, 13997, 13,   184.29, 6,  drogue,    0.40,  74420.00, 2528.02, 1557.83,  -26.36, 45.9, 0.00, 5.25, 5.28
6, 13997, 13,   184.39, 6,  drogue,    0.86,  74438.00, 2526.09, 1555.90,  -26.28, 45.9, 0.00, 5.25, 5.28
6, 13997, 13,   184.49, 6,  drogue,    1.21,  74473.00, 2522.35, 1552.16,  -26.17, 45.9, 0.00, 5.25, 5.28
6, 13997, 13,   184.59, 6,  drogue,    1.48,  74515.00, 2517.87, 1547.68,  -26.04, 45.9, 0.00, 5.25, 5.28
6, 13997, 13,   184.69, 6,  drogue,    1.66,  74559.00, 2513.17, 1542.98,  -25.89, 45.9, 0.00, 5.25, 5.28
6, 13997, 13,   184.79, 6,  drogue,    1.73,  74608.00, 2507.95, 1537.75,  -25.73, 45.9, 0.00, 5.25, 5.28
6, 13997, 13,   184.89, 6,  drogue,    1.67,  74635.00, 2505.07, 1534.87,  -25.53, 45.9, 0.00, 5.25, 5.28
6, 13997, 13,   184.99, 6,  drogue,    1.45,  74648.00, 2503.68, 1533.49,  -25.30, 45.9, 0.00, 5.25, 5.28
6, 13997, 13,   185.09, 6,  drogue,    1.11,  74641.00, 2504.43, 1534.24,  -25.13, 45.9, 0.00, 5.25, 5.28
6, 13997, 13,   185.19, 6,  drogue,    0.70,  74595.00, 2509.33, 1539.14,  -25.02, 45.9, 0.00, 5.25, 5.28
6, 13997, 13,   185.29, 6,  drogue,    0.27,  74539.00, 2515.31, 1545.12,  -24.96, 45.9, 0.00, 5.25, 5.28
6, 13997, 13,   185.39, 6,  drogue,   -0.12,  74553.00, 2513.81, 1543.62,  -24.94, 45.9, 0.00, 5.25, 5.28
6, 13997, 13,   185.49, 6,  drogue,   -0.50,  74619.00, 2506.77, 1536.58,  -24.96, 45.9, 0.00, 5.25, 5.28
6, 13997, 13,   185.59, 6,  drogue,   -0.87,  74690.00, 2499.20, 1529.01,  -25.01, 45.9, 0.00, 5.25, 5.28
6, 13997, 13,   185.69, 6,  drogue,   -1.19,  74748.00, 2493.03, 1522.83,  -25.08, 45.9, 0.00, 5.25, 5.28
6, 13997, 13,   185.79, 6,  drogue,   -1.41,  74777.00, 2489.94, 1519.75,  -25.21, 45.9, 0.00, 5.25, 5.28
6, 13997, 13,   185.89, 6,  drogue,   -1.46,  74797.00, 2487.81, 1517.62,  -25.38, 45.9, 0.00, 5.25, 5.28
6, 13997, 13,   185.99, 6,  drogue,   -1.31,  74802.00, 2487.28, 1517.08,  -25.58, 45.9, 0.00, 5.25, 5.28
6, 13997, 13,   186.09, 6,  drogue,   -0.99,  74822.00, 2485.15, 1514.96,  -25.78, 45.9, 0.00, 5.25, 5.28
6, 13997, 13,   186.19, 6,  drogue,   -0.58,  74848.00, 2482.38, 1512.19,  -25.87, 45.9, 0.00, 5.25, 5.28
6, 13997, 13,   186.29, 6,  drogue,   -0.13,  74879.00, 2479.08, 1508.89,  -25.90, 45.9, 0.00, 5.25, 5.28
6, 13997, 13,   186.39, 6,  drogue,    0.31,  74912.00, 2475.58, 1505.38,  -25.92, 45.9, 0.00, 5.25, 5.28
6, 13997, 13,   186.49, 6,  drogue,    0.76,  74962.00, 2470.26, 1500.07,  -25.89, 45.9, 0.00, 5.25, 5.28
6, 13997, 13,   186.59, 6,  drogue,    1.24,  75021.00, 2464.00, 1493.80,  -25.82, 45.9, 0.00, 5.25, 5.28
6, 13997, 13,   186.69, 6,  drogue,    1.75,  75047.00, 2461.24, 1491.04,  -25.71, 45.9, 0.00, 5.25, 5.28
6, 13997, 13,   186.79, 6,  drogue,    2.28,  75036.00, 2462.40, 1492.21,  -25.54, 45.9, 0.00, 5.25, 5.28
6, 13997, 13,   186.89, 6,  drogue,    2.76,  74993.00, 2466.97, 1496.78,  -25.31, 45.9, 0.00, 5.25, 5.28
6, 13997, 13,   186.99, 6,  drogue,    3.10,  74948.00, 2471.75, 1501.56,  -25.02, 45.9, 0.00, 5.25, 5.28
6, 13997, 13,   187.09, 6,  drogue,    3.21,  75053.00, 2460.60, 1490.41,  -24.67, 45.9, 0.00, 5.25, 5.28
6, 13997, 13,   187.19, 6,  drogue,    3.08,  75101.00, 2455.50, 1485.31,  -24.29, 45.9, 0.00, 5.25, 5.28
6, 13997, 13,   187.29, 6,  drogue,    2.73,  75137.00, 2451.69, 1481.49,  -23.91, 45.9, 0.00, 5.25, 5.28
6, 13997, 13,   187.39, 6,  drogue,    2.29,  75152.00, 2450.10, 1479.90,  -23.62, 45.9, 0.00, 5.25, 5.28
6, 13997, 13,   187.49, 6,  drogue,    1.86,  75181.00, 2447.02, 1476.83,  -23.42, 45.9, 0.00, 5.25, 5.28
6, 13997, 13,   187.59, 6,  drogue,    1.50,  75213.00, 2443.63, 1473.44,  -23.27, 45.9, 0.00, 5.25, 5.28
6, 13997, 13,   187.69, 6,  drogue,    1.18,  75215.00, 2443.42, 1473.23,  -23.14, 45.9, 0.00, 5.25, 5.28
6, 13997, 13,   187.79, 6,  drogue,    0.87,  75261.00, 2438.55, 1468.35,  -23.01, 45.9, 0.00, 5.25, 5.28
6, 13997, 13,   187.89, 6,  drogue,    0.53,  75312.00, 2433.15, 1462.95,  -22.89, 45.9, 0.00, 5.25, 5.28
6, 13997, 13,   187.99, 6,  drogue,    0.13,  75349.00, 2429.23, 1459.04,  -22.84, 45.9, 0.00, 5.25, 5.28
6, 13997, 13,   188.09, 6,  drogue,   -0.29,  75327.00, 2431.56, 1461.37,  -22.82, 45.9, 0.00, 5.25, 5.28
6, 13997, 13,   188.19, 6,  drogue,   -0.69,  75234.00, 2441.40, 1471.21,  -22.86, 45.9, 0.00, 5.25, 5.28
6, 13997, 13,   188.29, 6,  drogue,   -1.06,  75239.00, 2440.88, 1470.68,  -22.93, 45.9, 0.00, 5.25, 5.28
6, 13997, 13,   188.39, 6,  drogue,   -1.34,  75363.00, 2427.75, 1457.56,  -23.04, 45.9, 0.00, 5.25, 5.28
6, 13997, 13,   188.49, 6,  drogue,   -1.53,  75383.00, 2425.63, 1455.44,  -23.20, 45.9, 0.00, 5.25, 5.28
6, 13997, 13,   188.59, 6,  drogue,   -1.62,  75420.00, 2421.72, 1451.53,  -23.37, 45.9, 0.00, 5.25, 5.28
6, 13997, 13,   188.69, 6,  drogue,   -1.63,  75438.00, 2419.82, 1449.63,  -23.56, 45.8, 0.00, 5.25, 5.28
6, 13997, 13,   188.79, 6,  drogue,   -1.62,  75434.00, 2420.24, 1450.05,  -23.74, 45.8, 0.00, 5.25, 5.28
6, 13997, 13,   188.89, 6,  drogue,   -1.65,  75453.00, 2418.23, 1448.04,  -23.88, 45.8, 0.00, 5.25, 5.28
6, 13997, 13,   188.99, 6,  drogue,   -1.72,  75455.00, 2418.02, 1447.83,  -24.00, 45.8, 0.00, 5.25, 5.28
6, 13997, 13,   189.09, 6,  drogue,   -1.78,  75460.00, 2417.49, 1447.30,  -24.18, 45.8, 0.00, 5.25, 5.28
6, 13997, 13,   189.19, 6,  drogue,   -1.75,  75520.00, 2411.15, 1440.96,  -24.38, 45.8, 0.00, 5.25, 5.28
6, 13997, 13,   189.29, 6,  drogue,   -1.56,  75591.00, 2403.66, 1433.47,  -24.58, 45.8, 0.00, 5.25, 5.28
6, 13997, 13,   189.39, 6,  drogue,   -1.17,  75665.00, 2395.85, 1425.66,  -24.78, 45.8, 0.00, 5.25, 5.28
6, 13997, 13,   189.49, 6,  drogue,   -0.65,  75680.00, 2394.27, 1424.08,  -24.95, 45.8, 0.00, 5.25, 5.28
6, 13997, 13,   189.59, 6,  drogue,   -0.08,  75649.00, 2397.54, 1427.35,  -25.03, 45.8, 0.00, 5.25, 5.28
6, 13997, 13,   189.69, 6,  drogue,    0.48,  75624.00, 2400.18, 1429.98,  -24.99, 45.8, 0.00, 5.25, 5.28
6, 13997, 13,   189.79, 6,  drogue,    1.00,  75610.00, 2401.65, 1431.46,  -24.91, 45.8, 0.00, 5.25, 5.28
6, 13997, 13,   189.89, 6,  drogue,    1.49,  75650.00, 2397.43, 1427.24,  -24.83, 45.8, 0.00, 5.25, 5.28
6, 13997, 13,   189.99, 6,  drogue,    1.94,  75740.00, 2387.95, 1417.76,  -24.71, 45.8, 0.00, 5.25, 5.28
6, 13997, 13,   190.09, 6,  drogue,    2.29,  75768.00, 2385.00, 1414.81,  -24.52, 45.8, 0.00, 5.25, 5.28
6, 13997, 13,   190.19, 6,  drogue,    2.51,  75807.00, 2380.89, 1410.70,  -24.23, 45.8, 0.00, 5.25, 5.28
6, 13997, 13,   190.29, 6,  drogue,    2.58,  75809.00, 2380.68, 1410.49,  -23.91, 45.8, 0.00, 5.25, 5.28
6, 13997, 13,   190.39, 6,  drogue,    2.60,  75839.00, 2377.52, 1407.33,  -23.65, 45.8, 0.00, 5.25, 5.28
6, 13997, 13,   190.49, 6,  drogue,    2.65,  75853.00, 2376.05, 1405.86,  -23.41, 45.8, 0.00, 5.25, 5.28
6, 13997, 13,   190.59, 6,  drogue,    2.76,  75855.00, 2375.84, 1405.65,  -23.20, 45.8, 0.00, 5.25, 5.28
6, 13997, 13,   190.69, 6,  drogue,    2.86,  75907.00, 2370.37, 1400.18,  -22.95, 45.8, 0.00, 5.25, 5.28
6, 13997, 13,   190.79, 6,  drogue,    2.87,  75913.00, 2369.74, 1399.54,  -22.61, 45.8, 0.00, 5.25, 5.28
6, 13997, 13,   190.89, 6,  drogue,    2.69,  75939.00, 2367.00, 1396.81,  -22.25, 45.8, 0.00, 5.25, 5.28
6, 13997, 13,   190.99, 6,  drogue,    2.35,  75952.00, 2365.64, 1395.44,  -21.97, 45.8, 0.00, 5.25, 5.28
6, 13997, 13,   191.09, 6,  drogue,    1.91,  75978.00, 2362.90, 1392.71,  -21.71, 45.8, 0.00, 5.25, 5.28
6, 13997, 13,   191.19, 6,  drogue,    1.45,  76022.00, 2358.28, 1388.09,  -21.53, 45.8, 0.00, 5.25, 5.28
6, 13997, 13,   191.29, 6,  drogue,    1.02,  76074.00, 2352.82, 1382.63,  -21.40, 45.8, 0.00, 5.25, 5.28
6, 13997, 13,   191.39, 6,  drogue,    0.60,  76113.00, 2348.72, 1378.53,  -21.32, 45.8, 0.00, 5.25, 5.28
6, 13997, 13,   191.49, 6,  drogue,    0.13,  76099.00, 2350.19, 1380.00,  -21.25, 45.8, 0.00, 5.25, 5.28
6, 13997, 13,   191.59, 6,  drogue,   -0.39,  76035.00, 2356.91, 1386.72,  -21.20, 45.8, 0.00, 5.25, 5.28
6, 13997, 13,   191.69, 6,  drogue,   -0.97,  75978.00, 2362.90, 1392.71,  -21.22, 45.8, 0.00, 5.25, 5.28
6, 13997, 13,   191.79, 6,  drogue,   -1.54,  76020.00, 2358.49, 1388.30,  -21.31, 45.8, 0.00, 5.25, 5.28
6, 13997, 13,   191.89, 6,  drogue,   -2.06,  76141.00, 2345.79, 1375.59,  -21.49, 45.8, 0.00, 5.25, 5.28
6, 13997, 13,   191.99, 6,  drogue,   -2.47,  76182.00, 2341.49, 1371.29,  -21.74, 45.8, 0.00, 5.25, 5.28
6, 13997, 13,   192.09, 6,  drogue,   -2.77,  76182.00, 2341.49, 1371.29,  -21.98, 45.8, 0.00, 5.25, 5.28
6, 13997, 13,   192.19, 6,  drogue,   -2.97,  76206.00, 2338.97, 1368.78,  -22.28, 45.8, 0.00, 5.25, 5.28
6, 13997, 13,   192.29, 6,  drogue,   -3.07,  76197.00, 2339.91, 1369.72,  -22.59, 45.8, 0.00, 5.25, 5.28
6, 13997, 13,   192.39, 6,  drogue,   -3.08,  76230.00, 2336.45, 1366.26,  -22.92, 45.8, 0.00, 5.25, 5.28
6, 13997, 13,   192.49, 6,  drogue,   -2.98,  76319.00, 2327.13, 1356.94,  -23.24, 45.8, 0.00, 5.25, 5.28
6, 13997, 13,   192.59, 6,  drogue,   -2.80,  76366.00, 2322.21, 1352.02,  -23.55, 45.8, 0.00, 5.25, 5.28
6, 13997, 13,   192.69, 6,  drogue,   -2.56,  76304.00, 2328.70, 1358.51,  -23.85, 45.8, 0.00, 5.25, 5.28
6, 13997, 13,   192.79, 6,  drogue,   -2.29,  76204.00, 2339.18, 1368.99,  -24.11, 45.8, 0.00, 5.25, 5.28
6, 13997, 13,   192.89, 6,  drogue,   -2.04,  76240.00, 2335.41, 1365.21,  -24.34, 45.8, 0.00, 5.25, 5.28
6, 13997, 13,   192.99, 6,  drogue,   -1.81,  76378.00, 2320.95, 1350.76,  -24.52, 45.8, 0.00, 5.25, 5.28
6, 13997, 13,   193.09, 6,  drogue,   -1.54,  76415.00, 2317.08, 1346.89,  -24.69, 45.8, 0.00, 5.25, 5.28
6, 13997, 13,   193.19, 6,  drogue,   -1.18,  76444.00, 2314.05, 1343.86,  -24.86, 45.8, 0.00, 5.25, 5.28
6, 13997, 13,   193.29, 6,  drogue,   -0.70,  76447.00, 2313.74, 1343.54,  -25.02, 45.7, 0.00, 5.25, 5.28
6, 13997, 13,   193.39, 6,  drogue,   -0.16,  76468.00, 2311.54, 1341.35,  -25.15, 45.7, 0.00, 5.25, 5.28
6, 13997, 13,   193.49, 6,  drogue,    0.33,  76476.00, 2310.70, 1340.51,  -25.16, 45.7, 0.00, 5.25, 5.28
6, 13997, 13,   193.59, 6,  drogue,    0.67,  76513.00, 2306.84, 1336.64,  -25.06, 45.7, 0.00, 5.25, 5.28
6, 13997, 13,   193.69, 6,  drogue,    0.84,  76595.00, 2298.27, 1328.08,  -24.92, 45.7, 0.00, 5.25, 5.28
6, 13997, 13,   193.79, 6,  drogue,    0.91,  76636.00, 2293.99, 1323.80,  -24.81, 45.7, 0.00, 5.25, 5.28
6, 13997, 13,   193.89, 6,  drogue,    0.98,  76643.00, 2293.26, 1323.07,  -24.76, 45.7, 0.00, 5.25, 5.28
6, 13997, 13,   193.99, 6,  drogue,    1.12,  76606.00, 2297.12, 1326.93,  -24.70, 45.7, 0.00, 5.25, 5.28
6, 13997, 13,   194.09, 6,  drogue,    1.30,  76574.00, 2300.46, 1330.27,  -24.60, 45.7, 0.00, 5.25, 5.28
6, 13997, 13,   194.19, 6,  drogue,    1.42,  76640.00, 2293.57, 1323.38,  -24.46, 45.7, 0.00, 5.25, 5.28
6, 13997, 13,   194.29, 6,  drogue,    1.45,  76694.00, 2287.94, 1317.75,  -24.28, 45.7, 0.00, 5.25, 5.28
6, 13997, 13,   194.39, 6,  drogue,    1.39,  76724.00, 2284.81, 1314.62,  -24.07, 45.7, 0.00, 5.25, 5.28
6, 13997, 13,   194.49, 6,  drogue,    1.30,  76728.00, 2284.39, 1314.20,  -23.95, 45.7, 0.00, 5.25, 5.28
6, 13997, 13,   194.59, 6,  drogue,    1.22,  76755.00, 2281.58, 1311.39,  -23.87, 45.7, 0.00, 5.25, 5.28
6, 13997, 13,   194.69, 6,  drogue,    1.15,  76766.00, 2280.43, 1310.24,  -23.76, 45.7, 0.00, 5.25, 5.28
6, 13997, 13,   194.79, 6,  drogue,    1.05,  76798.00, 2277.10, 1306.91,  -23.61, 45.7, 0.00, 5.25, 5.28
6, 13997, 13,   194.89, 6,  drogue,    0.91,  76803.00, 2276.58, 1306.39,  -23.47, 45.7, 0.00, 5.25, 5.28
6, 13997, 13,   194.99, 6,  drogue,    0.73,  76829.00, 2273.87, 1303.68,  -23.39, 45.7, 0.00, 5.25, 5.28
6, 13997, 13,   195.09, 6,  drogue,    0.54,  76890.00, 2267.52, 1297.33,  -23.31, 45.7, 0.00, 5.25, 5.28
6, 13997, 13,   195.19, 6,  drogue,    0.36,  76950.00, 2261.27, 1291.08,  -23.28, 45.7, 0.00, 5.25, 5.28
6, 13997, 13,   195.29, 6,  drogue,    0.18,  76986.00, 2257.53, 1287.34,  -23.24, 45.7, 0.00, 5.25, 5.28
6, 13997, 13,   195.39, 6,  drogue,    0.00,  76973.00, 2258.88, 1288.69,  -23.22, 45.7, 0.00, 5.25, 5.28
6, 13997, 13,   195.49, 6,  drogue,   -0.15,  76913.00, 2265.12, 1294.93,  -23.20, 45.7, 0.00, 5.25, 5.28
6, 13997, 13,   195.59, 6,  drogue,   -0.26,  76900.00, 2266.48, 1296.29,  -23.22, 45.7, 0.00, 5.25, 5.28
6, 13997, 13,   195.69, 6,  drogue,   -0.34,  76973.00, 2258.88, 1288.69,  -23.29, 45.7, 0.00, 5.25, 5.28
6, 13997, 13,   195.79, 6,  drogue,   -0.41,  77023.00, 2253.68, 1283.49,  -23.34, 45.7, 0.00, 5.25, 5.28
6, 13997, 13,   195.89, 6,  drogue,   -0.54,  77061.00, 2249.74, 1279.54,  -23.36, 45.7, 0.00, 5.25, 5.28
6, 13997, 13,   195.99, 6,  drogue,   -0.76,  77102.00, 2245.48, 1275.28,  -23.36, 45.7, 0.00, 5.25, 5.28
6, 13997, 13,   196.09, 6,  drogue,   -1.03,  77093.00, 2246.41, 1276.22,  -23.41, 45.7, 0.00, 5.25, 5.28
6, 13997, 13,   196.19, 6,  drogue,   -1.29,  77085.00, 2247.24, 1277.05,  -23.53, 45.7, 0.00, 5.25, 5.28
6, 13997, 13,   196.29, 6,  drogue,   -1.48,  77109.00, 2244.75, 1274.56,  -23.70, 45.7, 0.00, 5.25, 5.28
6, 13997, 13,   196.39, 6,  drogue,   -1.59,  77090.00, 2246.72, 1276.53,  -23.87, 45.7, 0.00, 5.25, 5.28
6, 13997, 13,   196.49, 6,  drogue,   -1.63,  77205.00, 2234.79, 1264.59,  -24.02, 45.7, 0.00, 5.25, 5.28
6, 13997, 13,   196.59, 6,  drogue,   -1.64,  77283.00, 2226.70, 1256.51,  -24.19, 45.7, 0.00, 5.25, 5.28
6, 13997, 13,   196.69, 6,  drogue,   -1.63,  77309.00, 2224.00, 1253.81,  -24.35, 45.7, 0.00, 5.25, 5.28
6, 13997, 13,   196.79, 6,  drogue,   -1.61,  77284.00, 2226.59, 1256.40,  -24.53, 45.7, 0.00, 5.25, 5.28
6, 13997, 13,   196.89, 6,  drogue,   -1.57,  77243.00, 2230.84, 1260.65,  -24.69, 45.7, 0.00, 5.25, 5.28
6, 13997, 13,   196.99, 6,  drogue,   -1.48,  77204.00, 2234.89, 1264.70,  -24.84, 45.7, 0.00, 5.25, 5.28
6, 13997, 13,   197.09, 6,  drogue,   -1.33,  77254.00, 2229.70, 1259.51,  -25.00, 45.7, 0.00, 5.25, 5.28
6, 13997, 13,   197.19, 6,  drogue,   -1.11,  77348.00, 2219.96, 1249.77,  -25.15, 45.7, 0.00, 5.25, 5.28
6, 13997, 13,   197.29, 6,  drogue,   -0.84,  77380.00, 2216.65, 1246.46,  -25.29, 45.7, 0.00, 5.25, 5.28
6, 13997, 13,   197.39, 6,  drogue,   -0.58,  77403.00, 2214.27, 1244.07,  -25.38, 45.7, 0.00, 5.25, 5.28
6, 13997, 13,   197.49, 6,  drogue,   -0.37,  77430.00, 2211.47, 1241.28,  -25.41, 45.7, 0.00, 5.25, 5.28
6, 13997, 13,   197.59, 6,  drogue,   -0.22,  77458.00, 2208.57, 1238.38,  -25.41, 45.6, 0.00, 5.25, 5.28
6, 13997, 13,   197.69, 6,  drogue,   -0.09,  77501.00, 2204.13, 1233.93,  -25.44, 45.6, 0.00, 5.25, 5.28
6, 13997, 13,   197.79, 6,  drogue,    0.03,  77465.00, 2207.85, 1237.66,  -25.46, 45.6, 0.00, 5.25, 5.28
6, 13997, 13,   197.89, 6,  drogue,    0.18,  77467.00, 2207.64, 1237.45,  -25.47, 45.6, 0.00, 5.25, 5.28
6, 13997, 13,   197.99, 6,  drogue,    0.33,  77526.00, 2201.54, 1231.35,  -25.46, 45.6, 0.00, 5.25, 5.28
6, 13997, 13,   198.09, 6,  drogue,    0.44,  77614.00, 2192.45, 1222.25,  -25.41, 45.6, 0.00, 5.25, 5.28
6, 13997, 13,   198.19, 6,  drogue,    0.49,  77659.00, 2187.80, 1217.61,  -25.34, 45.6, 0.00, 5.25, 5.28
6, 13997, 13,   198.29, 6,  drogue,    0.52,  77666.00, 2187.08, 1216.88,  -25.29, 45.6, 0.00, 5.25, 5.28
6, 13997, 13,   198.39, 6,  drogue,    0.58,  77640.00, 2189.76, 1219.57,  -25.22, 45.6, 0.00, 5.25, 5.28
6, 13997, 13,   198.49, 6,  drogue,    0.72,  77654.00, 2188.31, 1218.12,  -25.20, 45.6, 0.00, 5.25, 5.28
6, 13997, 13,   198.59, 6,  drogue,    0.96,  77672.00, 2186.46, 1216.26,  -25.17, 45.6, 0.00, 5.25, 5.28
6, 13997, 13,   198.69, 6,  drogue,    1.25,  77709.00, 2182.64, 1212.45,  -25.09, 45.6, 0.00, 5.25, 5.28
6, 13997, 13,   198.79, 6,  drogue,    1.49,  77732.00, 2180.26, 1210.07,  -24.95, 45.6, 0.00, 5.25, 5.28
6, 13997, 13,   198.89, 6,  drogue,    1.62,  77764.00, 2176.96, 1206.77,  -24.76, 45.6, 0.00, 5.25, 5.28
6, 13997, 13,   198.99, 6,  drogue,    1.62,  77775.00, 2175.83, 1205.64,  -24.56, 45.6, 0.00, 5.25, 5.28
6, 13997, 13,   199.09, 6,  drogue,    1.53,  77800.00, 2173.25, 1203.06,  -24.37, 45.6, 0.00, 5.25, 5.28
6, 13997, 13,   199.19, 6,  drogue,    1.42,  77830.00, 2170.16, 1199.97,  -24.25, 45.6, 0.00, 5.25, 5.28
6, 13997, 13,   199.29, 6,  drogue,    1.35,  77874.00, 2165.62, 1195.43,  -24.12, 45.6, 0.00, 5.25, 5.28
6, 13997, 13,   199.39, 6,  drogue,    1.33,  77906.00, 2162.33, 1192.14,  -23.99, 45.6, 0.00, 5.25, 5.28
6, 13997, 13,   199.49, 6,  drogue,    1.39,  77909.00, 2162.02, 1191.83,  -23.86, 45.6, 0.00, 5.25, 5.28
6, 13997, 13,   199.59, 6,  drogue,    1.47,  77939.00, 2158.93, 1188.74,  -23.73, 45.6, 0.00, 5.25, 5.28
6, 13997, 13,   199.69, 6,  drogue,    1.54,  77958.00, 2156.97, 1186.78,  -23.61, 45.6, 0.00, 5.25, 5.28
6, 13997, 13,   199.79, 6,  drogue,    1.56,  77971.00, 2155.64, 1185.45,  -23.43, 45.6, 0.00, 5.25, 5.28
6, 13997, 13,   199.89, 6,  drogue,    1.51,  78007.00, 2151.93, 1181.74,  -23.24, 45.6, 0.00, 5.25, 5.28
6, 13997, 13,   199.99, 6,  drogue,    1.37,  78026.00, 2149.98, 1179.79,  -23.07, 45.6, 0.00, 5.25, 5.28
6, 13997, 13,   200.09, 6,  drogue,    1.19,  78037.00, 2148.85, 1178.66,  -22.93, 45.6, 0.00, 5.25, 5.28
6, 13997, 13,   200.19, 6,  drogue,    0.97,  78097.00, 2142.68, 1172.49,  -22.82, 45.6, 0.00, 5.25, 5.28
6, 13997, 13,   200.29, 6,  drogue,    0.73,  78129.00, 2139.39, 1169.20,  -22.73, 45.6, 0.00, 5.25, 5.28
6, 13997, 13,   200.39, 6,  drogue,    0.43,  78144.00, 2137.85, 1167.66,  -22.64, 45.6, 0.00, 5.25, 5.28
6, 13997, 13,   200.49, 6,  drogue,    0.08,  78153.00, 2136.92, 1166.73,  -22.58, 45.6, 0.00, 5.25, 5.28
6, 13997, 13,   200.59, 6,  drogue,   -0.31,  78138.00, 2138.46, 1168.27,  -22.55, 45.6, 0.00, 5.25, 5.28
6, 13997, 13,   200.69, 6,  drogue,   -0.73,  78141.00, 2138.16, 1167.97,  -22.59, 45.6, 0.00, 5.25, 5.28
6, 13997, 13,   200.79, 6,  drogue,   -1.15,  78140.00, 2138.26, 1168.07,  -22.67, 45.6, 0.00, 5.25, 5.28
6, 13997, 13,   200.89, 6,  drogue,   -1.55,  78184.00, 2133.74, 1163.55,  -22.79, 45.6, 0.00, 5.25, 5.28
6, 13997, 13,   200.99, 6,  drogue,   -1.93,  78233.00, 2128.71, 1158.52,  -22.94, 45.6, 0.00, 5.25, 5.28
6, 13997, 13,   201.09, 6,  drogue,   -2.27,  78235.00, 2128.50, 1158.31,  -23.13, 45.6, 0.00, 5.25, 5.28
6, 13997, 13,   201.19, 6,  drogue,   -2.55,  78309.00, 2120.91, 1150.72,  -23.37, 45.6, 0.00, 5.25, 5.28
6, 13997, 13,   201.29, 6,  drogue,   -2.71,  78326.00, 2119.17, 1148.98,  -23.65, 45.6, 0.00, 5.25, 5.28
6, 13997, 13,   201.39, 6,  drogue,   -2.71,  78365.00, 2115.17, 1144.98,  -23.94, 45.6, 0.00, 5.25, 5.28
6, 13997, 13,   201.49, 6,  drogue,   -2.51,  78379.00, 2113.74, 1143.54,  -24.24, 45.6, 0.00, 5.25, 5.28
6, 13997, 13,   201.59, 6,  drogue,   -2.11,  78408.00, 2110.76, 1140.57,  -24.54, 45.6, 0.00, 5.25, 5.28
6, 13997, 13,   201.69, 6,  drogue,   -1.53,  78406.00, 2110.97, 1140.78,  -24.80, 45.6, 0.00, 5.24, 5.28
6, 13997, 13,   201.79, 6,  drogue,   -0.85,  78397.00, 2111.89, 1141.70,  -24.96, 45.6, 0.00, 5.25, 5.28
6, 13997, 13,   201.89, 6,  drogue,   -0.13,  78396.00, 2111.99, 1141.80,  -25.04, 45.6, 0.00, 5.25, 5.28
6, 13997, 13,   201.99, 6,  drogue,    0.58,  78417.00, 2109.84, 1139.65,  -25.05, 45.6, 0.00, 5.25, 5.28
6, 13997, 13,   202.09, 6,  drogue,    1.23,  78449.00, 2106.57, 1136.37,  -24.98, 45.6, 0.00, 5.25, 5.28
6, 13997, 13,   202.19, 6,  drogue,    1.80,  78505.00, 2100.83, 1130.64,  -24.85, 45.6, 0.00, 5.25, 5.28
6, 13997, 13,   202.29, 6,  drogue,    2.25,  78576.00, 2093.57, 1123.38,  -24.66, 45.5, 0.00, 5.25, 5.28
6, 13997, 13,   202.39, 6,  drogue,    2.56,  78597.00, 2091.42, 1121.23,  -24.41, 45.5, 0.00, 5.25, 5.28
6, 13997, 13,   202.49, 6,  drogue,    2.67,  78622.00, 2088.86, 1118.67,  -24.12, 45.5, 0.00, 5.25, 5.28
6, 13997, 13,   202.59, 6,  drogue,    2.58,  78629.00, 2088.15, 1117.96,  -23.81, 45.5, 0.00, 5.25, 5.28
6, 13997, 13,   202.69, 6,  drogue,    2.30,  78677.00, 2083.24, 1113.05,  -23.52, 45.5, 0.00, 5.25, 5.28
6, 13997, 13,   202.79, 6,  drogue,    1.90,  78694.00, 2081.51, 1111.32,  -23.25, 45.5, 0.00, 5.25, 5.28
6, 13997, 13,   202.89, 6,  drogue,    1.44,  78715.00, 2079.36, 1109.17,  -23.06, 45.5, 0.00, 5.25, 5.28
6, 13997, 13,   202.99, 6,  drogue,    0.96,  78722.00, 2078.65, 1108.46,  -22.94, 45.5, 0.00, 5.25, 5.28
6, 13997, 13,   203.09, 6,  drogue,    0.48,  78765.00, 2074.26, 1104.07,  -22.84, 45.5, 0.00, 5.25, 5.28
6, 13997, 13,   203.19, 6,  drogue,   -0.03,  78804.00, 2070.28, 1100.09,  -22.80, 45.5, 0.00, 5.25, 5.28
6, 13997, 13,   203.29, 6,  drogue,   -0.60,  78828.00, 2067.83, 1097.64,  -22.77, 45.5, 0.00, 5.25, 5.28
6, 13997, 13,   203.39, 6,  drogue,   -1.23,  78843.00, 2066.30, 1096.11,  -22.81, 45.5, 0.00, 5.25, 5.28
6, 13997, 13,   203.49, 6,  drogue,   -1.87,  78872.00, 2063.34, 1093.15,  -22.93, 45.5, 0.00, 5.25, 5.28
6, 13997, 13,   203.59, 6,  drogue,   -2.49,  78875.00, 2063.04, 1092.84,  -23.13, 45.5, 0.00, 5.25, 5.28
6, 13997, 13,   203.69, 6,  drogue,   -3.04,  78854.00, 2065.18, 1094.99,  -23.40, 45.5, 0.00, 5.25, 5.28
6, 13997, 13,   203.79, 6,  drogue,   -3.49,  78804.00, 2070.28, 1100.09,  -23.72, 45.5, 0.00, 5.25, 5.28
6, 13997, 13,   203.89, 6,  drogue,   -3.82,  78780.00, 2072.73, 1102.53,  -24.08, 45.5, 0.00, 5.25, 5.28
6, 13997, 13,   203.99, 6,  drogue,   -3.99,  78835.00, 2067.11, 1096.92,  -24.48, 45.5, 0.00, 5.25, 5.28
6, 13997, 13,   204.09, 6,  drogue,   -3.95,  78873.00, 2063.24, 1093.05,  -24.92, 45.5, 0.00, 5.25, 5.28
6, 13997, 13,   204.19, 6,  drogue,   -3.69,  78913.00, 2059.16, 1088.97,  -25.35, 45.5, 0.00, 5.25, 5.28
6, 13997, 13,   204.29, 6,  drogue,   -3.23,  78986.00, 2051.72, 1081.53,  -25.77, 45.5, 0.00, 5.25, 5.28
6, 13997, 13,   204.39, 6,  drogue,   -2.60,  79033.00, 2046.94, 1076.75,  -26.12, 45.5, 0.00, 5.25, 5.28
6, 13997, 13,   204.49, 6,  drogue,   -1.87,  79097.00, 2040.43, 1070.23,  -26.40, 45.5, 0.00, 5.25, 5.28
6, 13997, 13,   204.59, 6,  drogue,   -1.11,  79154.00, 2034.63, 1064.44,  -26.58, 45.5, 0.00, 5.25, 5.28
6, 13997, 13,   204.69, 6,  drogue,   -0.35,  79208.00, 2029.14, 1058.95,  -26.69, 45.5, 0.00, 5.25, 5.28
6, 13997, 13,   204.79, 6,  drogue,    0.38,  79228.00, 2027.11, 1056.92,  -26.72, 45.5, 0.00, 5.25, 5.28
6, 13997, 13,   204.89, 6,  drogue,    1.07,  79246.00, 2025.28, 1055.09,  -26.67, 45.5, 0.00, 5.25, 5.28
6, 13997, 13,   204.99, 6,  drogue,    1.68,  79255.00, 2024.37, 1054.17,  -26.56, 45.5, 0.00, 5.25, 5.28
6, 13997, 13,   205.09, 6,  drogue,    2.18,  79225.00, 2027.41, 1057.22,  -26.38, 45.5, 0.00, 5.25, 5.28
6, 13997, 13,   205.19, 6,  drogue,    2.54,  79174.00, 2032.60, 1062.40,  -26.13, 45.5, 0.00, 5.25, 5.28
6, 13997, 13,   205.29, 6,  drogue,    2.74,  79171.00, 2032.90, 1062.71,  -25.84, 45.5, 0.00, 5.25, 5.28
6, 13997, 13,   205.39, 6,  drogue,    2.82,  79210.00, 2028.94, 1058.75,  -25.53, 45.5, 0.00, 5.25, 5.28
6, 13997, 13,   205.49, 6,  drogue,    2.83,  79314.00, 2018.38, 1048.18,  -25.25, 45.5, 0.00, 5.25, 5.28
6, 13997, 13,   205.59, 6,  drogue,    2.76,  79361.00, 2013.61, 1043.42,  -24.98, 45.5, 0.00, 5.25, 5.28
6, 13997, 13,   205.69, 6,  drogue,    2.61,  79417.00, 2007.93, 1037.74,  -24.70, 45.5, 0.00, 5.25, 5.28
6, 13997, 13,   205.79, 6,  drogue,    2.33,  79450.00, 2004.58, 1034.39,  -24.40, 45.5, 0.00, 5.25, 5.28
6, 13997, 13,   205.89, 6,  drogue,    1.93,  79471.00, 2002.45, 1032.26,  -24.12, 45.5, 0.00, 5.25, 5.28
6, 13997, 13,   205.99, 6,  drogue,    1.44,  79493.00, 2000.22, 1030.03,  -23.91, 45.5, 0.00, 5.25, 5.28
6, 13997, 13,   206.09, 6,  drogue,    0.95,  79514.00, 1998.10, 1027.90,  -23.78, 45.5, 0.00, 5.25, 5.28
6, 13997, 13,   206.19, 6,  drogue,    0.53,  79492.00, 2000.33, 1030.13,  -23.69, 45.5, 0.00, 5.25, 5.28
6, 13997, 13,   206.29, 6,  drogue,    0.26,  79510.00, 1998.50, 1028.31,  -23.67, 45.5, 0.00, 5.25, 5.28
6, 13997, 13,   206.39, 6,  drogue,    0.14,  79520.00, 1997.49, 1027.30,  -23.68, 45.5, 0.00, 5.25, 5.28
6, 13997, 13,   206.49, 6,  drogue,    0.12,  79531.00, 1996.37, 1026.18,  -23.70, 45.5, 0.00, 5.25, 5.28
6, 13997, 13,   206.59, 6,  drogue,    0.16,  79551.00, 1994.35, 1024.16,  -23.69, 45.5, 0.00, 5.25, 5.28
6, 13997, 13,   206.69, 6,  drogue,    0.22,  79582.00, 1991.21, 1021.02,  -23.65, 45.5, 0.00, 5.25, 5.28
6, 13997, 13,   206.79, 6,  drogue,    0.27,  79628.00, 1986.56, 1016.36,  -23.62, 45.5, 0.00, 5.25, 5.28
6, 13997, 13,   206.89, 6,  drogue,    0.31,  79666.00, 1982.71, 1012.52,  -23.62, 45.5, 0.00, 5.25, 5.28
6, 13997, 13,   206.99, 6,  drogue,    0.30,  79701.00, 1979.17, 1008.98,  -23.58, 45.5, 0.00, 5.25, 5.28
6, 13997, 13,   207.09, 6,  drogue,    0.21,  79687.00, 1980.59, 1010.40,  -23.54, 45.5, 0.00, 5.25, 5.28
6, 13997, 13,   207.19, 6,  drogue,    0.04,  79695.00, 1979.78, 1009.59,  -23.49, 45.5, 0.00, 5.25, 5.28
6, 13997, 13,   207.29, 6,  drogue,   -0.16,  79717.00, 1977.55, 1007.36,  -23.46, 45.5, 0.00, 5.25, 5.28
6, 13997, 13,   207.39, 6,  drogue,   -0.32,  79791.00, 1970.08,  999.89,  -23.47, 45.5, 0.00, 5.25, 5.28
6, 13997, 13,   207.49, 6,  drogue,   -0.33,  79855.00, 1963.61,  993.42,  -23.55, 45.5, 0.00, 5.25, 5.28
6, 13997, 13,   207.59, 6,  drogue,   -0.16,  79887.00, 1960.39,  990.19,  -23.63, 45.4, 0.00, 5.25, 5.28
6, 13997, 13,   207.69, 6,  drogue,    0.17,  79876.00, 1961.50,  991.30,  -23.70, 45.4, 0.00, 5.25, 5.28
6, 13997, 13,   207.79, 6,  drogue,    0.55,  79852.00, 1963.92,  993.73,  -23.68, 45.4, 0.00, 5.25, 5.28
6, 13997, 13,   207.89, 6,  drogue,    0.90,  79848.00, 1964.32,  994.13,  -23.60, 45.4, 0.00, 5.25, 5.28
6, 13997, 13,   207.99, 6,  drogue,    1.14,  79875.00, 1961.60,  991.40,  -23.49, 45.4, 0.00, 5.25, 5.28
6, 13997, 13,   208.09, 6,  drogue,    1.25,  79939.00, 1955.14,  984.95,  -23.36, 45.4, 0.00, 5.25, 5.28
6, 13997, 13,   208.19, 6,  drogue,    1.24,  79965.00, 1952.52,  982.33,  -23.20, 45.4, 0.00, 5.25, 5.28
6, 13997, 13,   208.29, 6,  drogue,    1.15,  80000.00, 1948.99,  978.80,  -23.06, 45.4, 0.00, 5.25, 5.28
6, 13997, 13,   208.39, 6,  drogue,    1.01,  80014.00, 1947.58,  977.39,  -22.94, 45.4, 0.00, 5.25, 5.28
6, 13997, 13,   208.49, 6,  drogue,    0.88,  80024.00, 1946.57,  976.38,  -22.84, 45.4, 0.00, 5.25, 5.28
6, 13997, 13,   208.59, 6,  drogue,    0.79,  79994.00, 1949.59,  979.40,  -22.76, 45.4, 0.00, 5.25, 5.28
6, 13997, 13,   208.69, 6,  drogue,    0.78,  79998.00, 1949.19,  979.00,  -22.70, 45.4, 0.00, 5.25, 5.28
6, 13997, 13,   208.79, 6,  drogue,    0.83,  80099.00, 1939.01,  968.82,  -22.64, 45.4, 0.00, 5.25, 5.28
6, 13997, 13,   208.89, 6,  drogue,    0.91,  80185.00, 1930.36,  960.17,  -22.57, 45.4, 0.00, 5.25, 5.28
6, 13997, 13,   208.99, 6,  drogue,    0.94,  80170.00, 1931.87,  961.68,  -22.48, 45.4, 0.00, 5.25, 5.28
6, 13997, 13,   209.09, 6,  drogue,    0.88,  80201.00, 1928.75,  958.56,  -22.34, 45.4, 0.00, 5.25, 5.28
6, 13997, 13,   209.19, 6,  drogue,    0.71,  80237.00, 1925.13,  954.94,  -22.23, 45.4, 0.00, 5.25, 5.28
6, 13997, 13,   209.29, 6,  drogue,    0.47,  80251.00, 1923.72,  953.53,  -22.14, 45.4, 0.00, 5.25, 5.28
6, 13997, 13,   209.39, 6,  drogue,    0.21,  80257.00, 1923.12,  952.93,  -22.10, 45.4, 0.00, 5.25, 5.28
6, 13997, 13,   209.49, 6,  drogue,   -0.02,  80278.00, 1921.01,  950.82,  -22.09, 45.4, 0.00, 5.25, 5.28
6, 13997, 13,   209.59, 6,  drogue,   -0.24,  80288.00, 1920.00,  949.81,  -22.11, 45.4, 0.00, 5.25, 5.28
6, 13997, 13,   209.69, 6,  drogue,   -0.47,  80274.00, 1921.41,  951.22,  -22.13, 45.4, 0.00, 5.25, 5.28
6, 13997, 13,   209.79, 6,  drogue,   -0.74,  80212.00, 1927.64,  957.45,  -22.16, 45.4, 0.00, 5.25, 5.28
6, 13997, 13,   209.89, 6,  drogue,   -1.06,  80214.00, 1927.44,  957.25,  -22.21, 45.4, 0.00, 5.25, 5.28
6, 13997, 13,   209.99, 6,  drogue,   -1.40,  80290.00, 1919.80,  949.61,  -22.31, 45.4, 0.00, 5.25, 5.28
6, 13997, 13,   210.09, 6,  drogue,   -1.70,  80359.00, 1912.87,  942.68,  -22.47, 45.4, 0.00, 5.25, 5.28
6, 13997, 13,   210.19, 6,  drogue,   -1.94,  80421.00, 1906.64,  936.45,  -22.65, 45.4, 0.00, 5.25, 5.28
6, 13997, 13,   210.29, 6,  drogue,   -2.11,  80485.00, 1900.22,  930.03,  -22.87, 45.4, 0.00, 5.25, 5.28
6, 13997, 13,   210.39, 6,  drogue,   -2.24,  80535.00, 1895.21,  925.02,  -23.08, 45.4, 0.00, 5.25, 5.28
6, 13997, 13,   210.49, 6,  drogue,   -2.36,  80548.00, 1893.90,  923.71,  -23.32, 45.4, 0.00, 5.25, 5.28
6, 13997, 13,   210.59, 6,  drogue,   -2.46,  80562.00, 1892.50,  922.31,  -23.54, 45.4, 0.00, 5.25, 5.28
6, 13997, 13,   210.69, 6,  drogue,   -2.52,  80555.00, 1893.20,  923.01,  -23.77, 45.4, 0.00, 5.25, 5.28
6, 13997, 13,   210.79, 6,  drogue,   -2.49,  80530.00, 1895.71,  925.52,  -24.05, 45.4, 0.00, 5.25, 5.28
6, 13997, 13,   210.89, 6,  drogue,   -2.34,  80522.00, 1896.51,  926.32,  -24.35, 45.4, 0.00, 5.25, 5.28
6, 13997, 13,   210.99, 6,  drogue,   -2.06,  80498.00, 1898.92,  928.73,  -24.59, 45.4, 0.00, 5.25, 5.28
6, 13997, 13,   211.09, 6,  drogue,   -1.70,  80510.00, 1897.71,  927.52,  -24.81, 45.4, 0.00, 5.25, 5.28
6, 13997, 13,   211.19, 6,  drogue,   -1.27,  80596.00, 1889.09,  918.90,  -24.99, 45.4, 0.00, 5.25, 5.28
6, 13997, 13,   211.29, 6,  drogue,   -0.83,  80649.00, 1883.79,  913.59,  -25.12, 45.4, 0.00, 5.25, 5.28
6, 13997, 13,   211.39, 6,  drogue,   -0.38,  80684.00, 1880.28,  910.09,  -25.20, 45.4, 0.00, 5.25, 5.28
6, 13997, 13,   211.49, 6,  drogue,    0.05,  80738.00, 1874.88,  904.69,  -25.23, 45.4, 0.00, 5.25, 5.28
6, 13997, 13,   211.59, 6,  drogue,    0.42,  80771.00, 1871.58,  901.38,  -25.23, 45.4, 0.00, 5.25, 5.28
6, 13997, 13,   211.69, 6,  drogue,    0.69,  80803.00, 1868.38,  898.18,  -25.18, 45.4, 0.00, 5.25, 5.28
6, 13997, 13,   211.79, 6,  drogue,    0.87,  80826.00, 1866.08,  895.89,  -25.06, 45.4, 0.00, 5.25, 5.28
6, 13997, 13,   211.89, 6,  drogue,    1.00,  80831.00, 1865.58,  895.39,  -24.95, 45.4, 0.00, 5.25, 5.28
6, 13997, 13,   211.99, 6,  drogue,    1.12,  80863.00, 1862.38,  892.19,  -24.87, 45.4, 0.00, 5.25, 5.28
6, 13997, 13,   212.09, 6,  drogue,    1.29,  80883.00, 1860.38,  890.19,  -24.78, 45.4, 0.00, 5.25, 5.28
6, 13997, 13,   212.19, 6,  drogue,    1.47,  80894.00, 1859.28,  889.09,  -24.67, 45.4, 0.00, 5.25, 5.28
6, 13997, 13,   212.29, 6,  drogue,    1.64,  80919.00, 1856.78,  886.59,  -24.52, 45.4, 0.00, 5.25, 5.28
6, 13997, 13,   212.39, 6,  drogue,    1.74,  80934.00, 1855.29,  885.10,  -24.33, 45.4, 0.00, 5.25, 5.28
6, 13997, 13,   212.49, 6,  drogue,    1.75,  80975.00, 1851.19,  881.00,  -24.12, 45.4, 0.00, 5.25, 5.28
6, 13997, 13,   212.59, 6,  drogue,    1.67,  80997.00, 1849.00,  878.81,  -23.94, 45.4, 0.00, 5.25, 5.28
6, 13997, 13,   212.69, 6,  drogue,    1.52,  81026.00, 1846.10,  875.91,  -23.77, 45.4, 0.00, 5.25, 5.28
6, 13997, 13,   212.79, 6,  drogue,    1.32,  81047.00, 1844.01,  873.82,  -23.61, 45.4, 0.00, 5.25, 5.28
6, 13997, 13,   212.89, 6,  drogue,    1.07,  81076.00, 1841.12,  870.93,  -23.47, 45.4, 0.00, 5.25, 5.28
6, 13997, 13,   212.99, 6,  drogue,    0.77,  81091.00, 1839.62,  869.43,  -23.35, 45.4, 0.00, 5.25, 5.28
6, 13997, 13,   213.09, 6,  drogue,    0.48,  81112.00, 1837.53,  867.34,  -23.25, 45.4, 0.00, 5.25, 5.28
6, 13997, 13,   213.19, 6,  drogue,    0.24,  81119.00, 1836.83,  866.64,  -23.23, 45.4, 0.00, 5.25, 5.28
6, 13997, 13,   213.29, 6,  drogue,    0.10,  81141.00, 1834.64,  864.45,  -23.23, 45.4, 0.00, 5.25, 5.28
6, 13997, 13,   213.39, 6,  drogue,    0.09,  81160.00, 1832.75,  862.55,  -23.25, 45.4, 0.00, 5.25, 5.28
6, 13997, 13,   213.49, 6,  drogue,    0.21,  81187.00, 1830.06,  859.86,  -23.26, 45.3, 0.00, 5.25, 5.28
6, 13997, 13,   213.59, 6,  drogue,    0.45,  81231.00, 1825.67,  855.48,  -23.25, 45.3, 0.00, 5.25, 5.28
6, 13997, 13,   213.69, 6,  drogue,    0.78,  81243.00, 1824.48,  854.29,  -23.22, 45.3, 0.00, 5.25, 5.28
6, 13997, 13,   213.79, 6,  drogue,    1.18,  81279.00, 1820.90,  850.71,  -23.16, 45.3, 0.00, 5.25, 5.28
6, 13997, 13,   213.89, 6,  drogue,    1.64,  81323.00, 1816.52,  846.33,  -23.05, 45.3, 0.00, 5.25, 5.28
6, 13997, 13,   213.99, 6,  drogue,    2.12,  81351.00, 1813.73,  843.54,  -22.89, 45.3, 0.00, 5.25, 5.28
6, 13997, 13,   214.09, 6,  drogue,    2.57,  81358.00, 1813.04,  842.85,  -22.68, 45.3, 0.00, 5.25, 5.28
6, 13997, 13,   214.19, 6,  drogue,    2.93,  81345.00, 1814.33,  844.14,  -22.40, 45.3, 0.00, 5.25, 5.28
6, 13997, 13,   214.29, 6,  drogue,    3.20,  81329.00, 1815.92,  845.73,  -22.09, 45.3, 0.00, 5.25, 5.28
6, 13997, 13,   214.39, 6,  drogue,    3.37,  81354.00, 1813.44,  843.24,  -21.74, 45.3, 0.00, 5.25, 5.28
6, 13997, 13,   214.49, 6,  drogue,    3.43,  81423.00, 1806.58,  836.39,  -21.39, 45.3, 0.00, 5.25, 5.28
6, 13997, 13,   214.59, 6,  drogue,    3.36,  81509.00, 1798.04,  827.84,  -21.05, 45.3, 0.00, 5.25, 5.28
6, 13997, 13,   214.69, 6,  drogue,    3.14,  81557.00, 1793.27,  823.08,  -20.70, 45.3, 0.00, 5.25, 5.28
6, 13997, 13,   214.79, 6,  drogue,    2.70,  81572.00, 1791.78,  821.59,  -20.33, 45.3, 0.00, 5.25, 5.28
6, 13997, 13,   214.89, 6,  drogue,    2.05,  81556.00, 1793.37,  823.18,  -20.01, 45.3, 0.00, 5.25, 5.28
6, 13997, 13,   214.99, 6,  drogue,    1.21,  81550.00, 1793.97,  823.77,  -19.76, 45.3, 0.00, 5.25, 5.28
6, 13997, 13,   215.09, 6,  drogue,    0.25,  81551.00, 1793.87,  823.68,  -19.63, 45.3, 0.00, 5.25, 5.28
6, 13997, 13,   215.19, 6,  drogue,   -0.76,  81572.00, 1791.78,  821.59,  -19.61, 45.3, 0.00, 5.25, 5.28
6, 13997, 13,   215.29, 6,  drogue,   -1.78,  81587.00, 1790.29,  820.10,  -19.70, 45.3, 0.00, 5.25, 5.28
6, 13997, 13,   215.39, 6,  drogue,   -2.80,  81618.00, 1787.22,  817.03,  -19.86, 45.3, 0.00, 5.25, 5.28
6, 13997, 13,   215.49, 6,  drogue,   -3.80,  81619.00, 1787.12,  816.93,  -20.15, 45.3, 0.00, 5.25, 5.28
6, 13997, 13,   215.59, 6,  drogue,   -4.75,  81643.00, 1784.74,  814.55,  -20.53, 45.3, 0.00, 5.25, 5.28
6, 13997, 13,   215.69, 6,  drogue,   -5.62,  81682.00, 1780.87,  810.68,  -21.01, 45.3, 0.00, 5.25, 5.28
6, 13997, 13,   215.79, 6,  drogue,   -6.34,  81699.00, 1779.19,  809.00,  -21.60, 45.3, 0.00, 5.25, 5.28
6, 13997, 13,   215.89, 6,  drogue,   -6.88,  81704.00, 1778.69,  808.50,  -22.27, 45.3, 0.00, 5.25, 5.28
6, 13997, 13,   215.99, 6,  drogue,   -7.23,  81711.00, 1778.00,  807.81,  -22.99, 45.3, 0.00, 5.25, 5.28
6, 13997, 13,   216.09, 6,  drogue,   -7.41,  81713.00, 1777.80,  807.61,  -23.75, 45.3, 0.00, 5.25, 5.28
6, 13997, 13,   216.19, 6,  drogue,   -7.42,  81716.00, 1777.51,  807.31,  -24.52, 45.3, 0.00, 5.25, 5.28
6, 13997, 13,   216.29, 6,  drogue,   -7.26,  81749.00, 1774.24,  804.04,  -25.26, 45.3, 0.00, 5.25, 5.28
6, 13997, 13,   216.39, 6,  drogue,   -6.85,  81778.00, 1771.36,  801.17,  -26.01, 45.3, 0.00, 5.25, 5.28
6, 13997, 13,   216.49, 6,  drogue,   -6.16,  81844.00, 1764.83,  794.64,  -26.76, 45.3, 0.00, 5.25, 5.28
6, 13997, 13,   216.59, 6,  drogue,   -5.16,  81879.00, 1761.37,  791.18,  -27.46, 45.3, 0.00, 5.25, 5.28
6, 13997, 13,   216.69, 6,  drogue,   -3.94,  81898.00, 1759.49,  789.30,  -28.03, 45.3, 0.00, 5.25, 5.28
6, 13997, 13,   216.79, 6,  drogue,   -2.60,  81874.00, 1761.86,  791.67,  -28.44, 45.3, 0.00, 5.25, 5.28
6, 13997, 13,   216.89, 6,  drogue,   -1.28,  81933.00, 1756.03,  785.84,  -28.66, 45.3, 0.00, 5.25, 5.28
6, 13997, 13,   216.99, 6,  drogue,   -0.05,  82022.00, 1747.23,  777.04,  -28.77, 45.3, 0.00, 5.25, 5.28
6, 13997, 13,   217.09, 6,  drogue,    1.07,  82124.00, 1737.16,  766.97,  -28.76, 45.3, 0.00, 5.25, 5.28
6, 13997, 13,   217.19, 6,  drogue,    2.06,  82154.00, 1734.20,  764.01,  -28.64, 45.3, 0.00, 5.25, 5.28
6, 13997, 13,   217.29, 6,  drogue,    2.93,  82155.00, 1734.10,  763.91,  -28.43, 45.3, 0.00, 5.25, 5.28
6, 13997, 13,   217.39, 6,  drogue,    3.68,  82121.00, 1737.46,  767.27,  -28.10, 45.3, 0.00, 5.25, 5.28
6, 13997, 13,   217.49, 6,  drogue,    4.30,  82152.00, 1734.40,  764.21,  -27.68, 45.3, 0.00, 5.25, 5.28
6, 13997, 13,   217.59, 6,  drogue,    4.78,  82153.00, 1734.30,  764.11,  -27.26, 45.3, 0.00, 5.25, 5.28
6, 13997, 13,   217.69, 6,  drogue,    5.08,  82194.00, 1730.26,  760.07,  -26.78, 45.3, 0.00, 5.25, 5.28
6, 13997, 13,   217.79, 6,  drogue,    5.19,  82251.00, 1724.64,  754.45,  -26.21, 45.3, 0.00, 5.25, 5.28
6, 13997, 13,   217.89, 6,  drogue,    5.10,  82272.00, 1722.57,  752.38,  -25.64, 45.3, 0.00, 5.25, 5.28
6, 13997, 13,   217.99, 6,  drogue,    4.81,  82294.00, 1720.40,  750.21,  -25.11, 45.3, 0.00, 5.25, 5.28
6, 13997, 13,   218.09, 6,  drogue,    4.33,  82348.00, 1715.08,  744.89,  -24.61, 45.2, 0.00, 5.25, 5.28
6, 13997, 13,   218.19, 6,  drogue,    3.71,  82375.00, 1712.42,  742.23,  -24.16, 45.2, 0.00, 5.25, 5.28
6, 13997, 13,   218.29, 6,  drogue,    3.02,  82391.00, 1710.85,  740.66,  -23.75, 45.2, 0.00, 5.25, 5.28
6, 13997, 13,   218.39, 6,  drogue,    2.33,  82432.00, 1706.82,  736.62,  -23.43, 45.2, 0.00, 5.25, 5.28
6, 13997, 13,   218.49, 6,  drogue,    1.69,  82478.00, 1702.29,  732.10,  -23.23, 45.2, 0.00, 5.25, 5.28
6, 13997, 13,   218.59, 6,  drogue,    1.14,  82466.00, 1703.47,  733.28,  -23.11, 45.2, 0.00, 5.25, 5.28
6, 13997, 13,   218.69, 6,  drogue,    0.66,  82423.00, 1707.70,  737.51,  -23.02, 45.2, 0.00, 5.25, 5.28
6, 13997, 13,   218.79, 6,  drogue,    0.22,  82411.00, 1708.88,  738.69,  -22.93, 45.2, 0.00, 5.25, 5.28
6, 13997, 13,   218.89, 6,  drogue,   -0.13,  82407.00, 1709.28,  739.08,  -22.87, 45.2, 0.00, 5.25, 5.28
6, 13997, 13,   218.99, 6,  drogue,   -0.35,  82501.00, 1700.03,  729.84,  -22.92, 45.2, 0.00, 5.25, 5.28
6, 13997, 13,   219.09, 6,  drogue,   -0.40,  82551.00, 1695.11,  724.92,  -23.02, 45.2, 0.00, 5.25, 5.28
6, 13997, 13,   219.19, 6,  drogue,   -0.27,  82585.00, 1691.77,  721.58,  -23.13, 45.2, 0.00, 5.25, 5.28
6, 13997, 13,   219.29, 6,  drogue,   -0.03,  82630.00, 1687.35,  717.16,  -23.16, 45.2, 0.00, 5.25, 5.28
6, 13997, 13,   219.39, 6,  drogue,    0.23,  82600.00, 1690.30,  720.11,  -23.10, 45.2, 0.00, 5.25, 5.28
6, 13997, 13,   219.49, 6,  drogue,    0.47,  82637.00, 1686.67,  716.48,  -23.11, 45.2, 0.00, 5.25, 5.28
6, 13997, 13,   219.59, 6,  drogue,    0.65,  82736.00, 1676.95,  706.76,  -23.08, 45.2, 0.00, 5.25, 5.28
6, 13997, 13,   219.69, 6,  drogue,    0.77,  82693.00, 1681.17,  710.98,  -22.96, 45.2, 0.00, 5.25, 5.28
6, 13997, 13,   219.79, 6,  drogue,    0.85,  82628.00, 1687.55,  717.36,  -22.88, 45.2, 0.00, 5.25, 5.28
6, 13997, 13,   219.89, 6,  drogue,    0.90,  82712.00, 1679.31,  709.11,  -22.79, 45.2, 0.00, 5.25, 5.28
6, 13997, 13,   219.99, 6,  drogue,    0.95,  82784.00, 1672.24,  702.05,  -22.70, 45.2, 0.00, 5.25, 5.28
6, 13997, 13,   220.09, 6,  drogue,    1.01,  82826.00, 1668.13,  697.94,  -22.62, 45.2, 0.00, 5.25, 5.28
6, 13997, 13,   220.19, 6,  drogue,    1.06,  82834.00, 1667.34,  697.15,  -22.55, 45.2, 0.00, 5.25, 5.28
6, 13997, 13,   220.29, 6,  drogue,    1.04,  82822.00, 1668.52,  698.33,  -22.39, 45.2, 0.00, 5.25, 5.28
6, 13997, 13,   220.39, 6,  drogue,    0.93,  82870.00, 1663.82,  693.63,  -22.27, 45.2, 0.00, 5.25, 5.28
6, 13997, 13,   220.49, 6,  drogue,    0.71,  82946.00, 1656.37,  686.18,  -22.17, 45.2, 0.00, 5.25, 5.28
6, 13997, 13,   220.59, 6,  drogue,    0.35,  82953.00, 1655.69,  685.50,  -22.09, 45.2, 0.00, 5.25, 5.28
6, 13997, 13,   220.69, 6,  drogue,   -0.12,  82925.00, 1658.43,  688.24,  -22.02, 45.2, 0.00, 5.24, 5.28
6, 13997, 13,   220.79, 6,  drogue,   -0.64,  82902.00, 1660.68,  690.49,  -22.00, 45.2, 0.00, 5.25, 5.28
6, 13997, 13,   220.89, 6,  drogue,   -1.15,  82889.00, 1661.96,  691.76,  -22.06, 45.2, 0.00, 5.25, 5.28
6, 13997, 13,   220.99, 6,  drogue,   -1.57,  83002.00, 1650.89,  680.70,  -22.22, 45.2, 0.00, 5.25, 5.28
6, 13997, 13,   221.09, 6,  drogue,   -1.86,  83031.00, 1648.06,  677.87,  -22.41, 45.2, 0.00, 5.25, 5.28
6, 13997, 13,   221.19, 6,  drogue,   -2.02,  83059.00, 1645.32,  675.13,  -22.61, 45.2, 0.00, 5.25, 5.28
6, 13997, 13,   221.29, 6,  drogue,   -2.04,  83004.00, 1650.70,  680.51,  -22.83, 45.2, 0.00, 5.25, 5.28
6, 13997, 13,   221.39, 6,  drogue,   -1.94,  82985.00, 1652.56,  682.37,  -23.04, 45.2, 0.00, 5.25, 5.28
6, 13997, 13,   221.49, 6,  drogue,   -1.75,  83159.00, 1635.55,  665.35,  -23.25, 45.2, 0.00, 5.25, 5.28
6, 13997, 13,   221.59, 6,  drogue,   -1.51,  83139.00, 1637.50,  667.31,  -23.49, 45.2, 0.00, 5.25, 5.28
6, 13997, 13,   221.69, 6,  drogue,   -1.27,  83027.00, 1648.45,  678.26,  -23.62, 45.2, 0.00, 5.25, 5.28
6, 13997, 13,   221.79, 6,  drogue,   -1.05,  83169.00, 1634.57,  664.38,  -23.69, 45.2, 0.00, 5.25, 5.28
6, 13997, 13,   221.89, 6,  drogue,   -0.82,  83236.00, 1628.03,  657.84,  -23.79, 45.2, 0.00, 5.25, 5.28
6, 13997, 13,   221.99, 6,  drogue,   -0.53,  83268.00, 1624.90,  654.71,  -23.91, 45.2, 0.00, 5.25, 5.28
6, 13997, 13,   222.09, 6,  drogue,   -0.13,  83288.00, 1622.95,  652.76,  -24.00, 45.2, 0.00, 5.25, 5.28
6, 13997, 13,   222.19, 6,  drogue,    0.39,  83327.00, 1619.15,  648.96,  -24.04, 45.2, 0.00, 5.25, 5.28
6, 13997, 13,   222.29, 6,  drogue,    0.98,  83217.00, 1629.88,  659.69,  -24.00, 45.2, 0.00, 5.25, 5.28
6, 13997, 13,   222.39, 6,  drogue,    1.58,  83297.00, 1622.07,  651.88,  -23.90, 45.2, 0.00, 5.25, 5.28
6, 13997, 13,   222.49, 6,  drogue,    2.12,  83321.00, 1619.73,  649.54,  -23.75, 45.2, 0.00, 5.25, 5.28
6, 13997, 13,   222.59, 6,  drogue,    2.54,  83389.00, 1613.10,  642.91,  -23.50, 45.2, 0.00, 5.25, 5.28
6, 13997, 13,   222.69, 6,  drogue,    2.84,  83419.00, 1610.18,  639.99,  -23.23, 45.2, 0.00, 5.25, 5.28
6, 13997, 13,   222.79, 6,  drogue,    3.01,  83466.00, 1605.60,  635.41,  -22.90, 45.1, 0.00, 5.25, 5.28
6, 13997, 13,   222.89, 6,  drogue,    3.10,  83505.00, 1601.80,  631.61,  -22.57, 45.2, 0.00, 5.25, 5.28
6, 13997, 13,   222.99, 6,  drogue,    3.08,  83523.00, 1600.05,  629.86,  -22.30, 45.1, 0.00, 5.25, 5.28
6, 13997, 13,   223.09, 6,  drogue,    2.97,  83485.00, 1603.75,  633.56,  -21.98, 45.1, 0.00, 5.25, 5.28
6, 13997, 13,   223.19, 6,  drogue,    2.74,  83491.00, 1603.17,  632.98,  -21.64, 45.1, 0.00, 5.25, 5.28
6, 13997, 13,   223.29, 6,  drogue,    2.41,  83508.00, 1601.51,  631.32,  -21.32, 45.1, 0.00, 5.25, 5.28
6, 13997, 13,   223.39, 6,  drogue,    2.00,  83559.00, 1596.55,  626.36,  -21.06, 45.1, 0.00, 5.25, 5.28
6, 13997, 13,   223.49, 6,  drogue,    1.54,  83562.00, 1596.26,  626.06,  -20.92, 45.1, 0.00, 5.25, 5.28
6, 13997, 13,   223.59, 6,  drogue,    1.03,  83611.00, 1591.49,  621.30,  -20.76, 45.1, 0.00, 5.25, 5.28
6, 13997, 13,   223.69, 6,  drogue,    0.48,  83562.00, 1596.26,  626.06,  -20.58, 45.1, 0.00, 5.25, 5.28
6, 13997, 13,   223.79, 6,  drogue,   -0.07,  83628.00, 1589.84,  619.64,  -20.54, 45.1, 0.00, 5.25, 5.28
6, 13997, 13,   223.89, 6,  drogue,   -0.57,  83691.00, 1583.71,  613.52,  -20.58, 45.1, 0.00, 5.25, 5.28
6, 13997, 13,   223.99, 6,  drogue,   -0.96,  83752.00, 1577.79,  607.59,  -20.66, 45.1, 0.00, 5.25, 5.28
6, 13997, 13,   224.09, 6,  drogue,   -1.24,  83772.00, 1575.84,  605.65,  -20.78, 45.1, 0.00, 5.25, 5.28
6, 13997, 13,   224.19, 6,  drogue,   -1.44,  83791.00, 1574.00,  603.81,  -20.95, 45.1, 0.00, 5.25, 5.28
6, 13997, 13,   224.29, 6,  drogue,   -1.64,  83761.00, 1576.91,  606.72,  -21.05, 45.1, 0.00, 5.25, 5.28
6, 13997, 13,   224.39, 6,  drogue,   -1.89,  83734.00, 1579.53,  609.34,  -21.21, 45.1, 0.00, 5.25, 5.28
6, 13997, 13,   224.49, 6,  drogue,   -2.17,  83713.00, 1581.57,  611.38,  -21.37, 45.1, 0.00, 5.24, 5.28
6, 13997, 13,   224.59, 6,  drogue,   -2.40,  83710.00, 1581.87,  611.67,  -21.60, 45.1, 0.00, 5.25, 5.28
6, 13997, 13,   224.69, 6,  drogue,   -2.52,  83822.00, 1570.99,  600.80,  -21.86, 45.1, 0.00, 5.25, 5.28
6, 13997, 13,   224.79, 6,  drogue,   -2.47,  83828.00, 1570.41,  600.22,  -22.16, 45.1, 0.00, 5.25, 5.28
6, 13997, 13,   224.89, 6,  drogue,   -2.25,  83891.00, 1564.29,  594.10,  -22.44, 45.1, 0.00, 5.25, 5.28
6, 13997, 13,   224.99, 6,  drogue,   -1.92,  83925.00, 1561.00,  590.81,  -22.69, 45.1, 0.00, 5.25, 5.28
6, 13997, 13,   225.09, 6,  drogue,   -1.54,  83868.00, 1566.53,  596.33,  -22.88, 45.1, 0.00, 5.25, 5.28
6, 13997, 13,   225.19, 6,  drogue,   -1.14,  83880.00, 1565.36,  595.17,  -23.03, 45.1, 0.00, 5.25, 5.28
6, 13997, 13,   225.29, 6,  drogue,   -0.74,  84000.00, 1553.73,  583.54,  -23.13, 45.1, 0.00, 5.25, 5.28
6, 13997, 13,   225.39, 6,  drogue,   -0.36,  84073.00, 1546.66,  576.47,  -23.21, 45.1, 0.00, 5.25, 5.28
6, 13997, 13,   225.49, 6,  drogue,   -0.01,  84080.00, 1545.98,  575.79,  -23.25, 45.1, 0.00, 5.25, 5.28
6, 13997, 13,   225.59, 6,  drogue,    0.31,  84051.00, 1548.79,  578.60,  -23.26, 45.1, 0.00, 5.25, 5.28
6, 13997, 13,   225.69, 6,  drogue,    0.55,  84055.00, 1548.40,  578.21,  -23.20, 45.1, 0.00, 5.25, 5.28
6, 13997, 13,   225.79, 6,  drogue,    0.74,  84110.00, 1543.08,  572.88,  -23.12, 45.1, 0.00, 5.25, 5.28
6, 13997, 13,   225.89, 6,  drogue,    0.88,  84147.00, 1539.50,  569.30,  -23.04, 45.1, 0.00, 5.25, 5.28
6, 13997, 13,   225.99, 6,  drogue,    1.01,  84160.00, 1538.24,  568.05,  -22.96, 45.1, 0.00, 5.25, 5.28
6, 13997, 13,   226.09, 6,  drogue,    1.11,  84174.00, 1536.88,  566.69,  -22.87, 45.1, 0.00, 5.25, 5.28
6, 13997, 13,   226.19, 6,  drogue,    1.15,  84208.00, 1533.59,  563.40,  -22.75, 45.1, 0.00, 5.25, 5.28
6, 13997, 13,   226.29, 6,  drogue,    1.07,  84173.00, 1536.98,  566.79,  -22.61, 45.1, 0.00, 5.25, 5.28
6, 13997, 13,   226.39, 6,  drogue,    0.85,  84165.00, 1537.75,  567.56,  -22.47, 45.1, 0.00, 5.25, 5.28
6, 13997, 13,   226.49, 6,  drogue,    0.49,  84190.00, 1535.34,  565.14,  -22.35, 45.1, 0.00, 5.25, 5.28
6, 13997, 13,   226.59, 6,  drogue,    0.05,  84280.00, 1526.63,  556.44,  -22.27, 45.1, 0.00, 5.25, 5.28
6, 13997, 13,   226.69, 6,  drogue,   -0.39,  84368.00, 1518.14,  547.94,  -22.29, 45.1, 0.00, 5.25, 5.28
6, 13997, 13,   226.79, 6,  drogue,   -0.79,  84413.00, 1513.79,  543.60,  -22.34, 45.1, 0.00, 5.25, 5.28
6, 13997, 13,   226.89, 6,  drogue,   -1.13,  84409.00, 1514.18,  543.99,  -22.44, 45.1, 0.00, 5.25, 5.28
6, 13997, 13,   226.99, 6,  drogue,   -1.43,  84406.00, 1514.47,  544.28,  -22.58, 45.1, 0.00, 5.25, 5.28
6, 13997, 13,   227.09, 6,  drogue,   -1.69,  84398.00, 1515.24,  545.05,  -22.70, 45.1, 0.00, 5.25, 5.28
6, 13997, 13,   227.19, 6,  drogue,   -1.90,  84410.00, 1514.08,  543.89,  -22.84, 45.1, 0.00, 5.25, 5.28
6, 13997, 13,   227.29, 6,  drogue,   -2.03,  84392.00, 1515.82,  545.63,  -23.06, 45.0, 0.00, 5.25, 5.28
6, 13997, 13,   227.39, 6,  drogue,   -2.07,  84424.00, 1512.73,  542.54,  -23.31, 45.1, 0.00, 5.25, 5.28
6, 13997, 13,   227.49, 6,  drogue,   -2.02,  84473.00, 1508.00,  537.81,  -23.54, 45.0, 0.00, 5.25, 5.28
6, 13997, 13,   227.59, 6,  drogue,   -1.93,  84479.00, 1507.42,  537.23,  -23.74, 45.0, 0.00, 5.25, 5.28
6, 13997, 13,   227.69, 6,  drogue,   -1.81,  84525.00, 1502.99,  532.80,  -23.91, 45.0, 0.00, 5.25, 5.28
6, 13997, 13,   227.79, 6,  drogue,   -1.67,  84533.00, 1502.22,  532.03,  -24.10, 45.0, 0.00, 5.25, 5.28
6, 13997, 13,   227.89, 6,  drogue,   -1.48,  84586.00, 1497.11,  526.92,  -24.28, 45.0, 0.00, 5.25, 5.28
6, 13997, 13,   227.99, 6,  drogue,   -1.22,  84633.00, 1492.58,  522.39,  -24.44, 45.0, 0.00, 5.25, 5.28
6, 13997, 13,   228.09, 6,  drogue,   -0.88,  84671.00, 1488.92,  518.73,  -24.58, 45.0, 0.00, 5.25, 5.28
6, 13997, 13,   228.19, 6,  drogue,   -0.52,  84678.00, 1488.25,  518.06,  -24.69, 45.0, 0.00, 5.25, 5.28
6, 13997, 13,   228.29, 6,  drogue,   -0.16,  84703.00, 1485.84,  515.65,  -24.73, 45.0, 0.00, 5.25, 5.28
6, 13997, 13,   228.39, 6,  drogue,    0.19,  84731.00, 1483.15,  512.96,  -24.73, 45.0, 0.00, 5.25, 5.28
6, 13997, 13,   228.49, 6,  drogue,    0.55,  84746.00, 1481.71,  511.51,  -24.69, 45.0, 0.00, 5.25, 5.28
6, 13997, 13,   228.59, 6,  drogue,    0.98,  84773.00, 1479.11,  508.92,  -24.66, 45.0, 0.00, 5.25, 5.28
6, 13997, 13,   228.69, 6,  drogue,    1.51,  84801.00, 1476.42,  506.22,  -24.60, 45.0, 0.00, 5.25, 5.28
6, 13997, 13,   228.79, 6,  drogue,    2.14,  84834.00, 1473.24,  503.05,  -24.47, 45.0, 0.00, 5.25, 5.28
6, 13997, 13,   228.89, 6,  drogue,    2.84,  84856.00, 1471.13,  500.94,  -24.27, 45.0, 0.00, 5.25, 5.28
6, 13997, 13,   228.99, 6,  drogue,    3.51,  84885.00, 1468.34,  498.15,  -23.99, 45.0, 0.00, 5.25, 5.28
6, 13997, 13,   229.09, 6,  drogue,    4.06,  84894.00, 1467.48,  497.29,  -23.61, 45.0, 0.00, 5.25, 5.28
6, 13997, 13,   229.19, 6,  drogue,    4.44,  84923.00, 1464.69,  494.50,  -23.16, 45.0, 0.00, 5.25, 5.28
6, 13997, 13,   229.29, 6,  drogue,    4.65,  84945.00, 1462.58,  492.39,  -22.68, 45.0, 0.00, 5.25, 5.28
6, 13997, 13,   229.39, 6,  drogue,    4.69,  84983.00, 1458.93,  488.74,  -22.19, 45.0, 0.00, 5.25, 5.28
6, 13997, 13,   229.49, 6,  drogue,    4.60,  85005.00, 1456.82,  486.63,  -21.71, 45.0, 0.00, 5.24, 5.28
6, 13997, 13,   229.59, 6,  drogue,    4.41,  85028.00, 1454.61,  484.42,  -21.23, 45.0, 0.00, 5.24, 5.28
6, 13997, 13,   229.69, 6,  drogue,    4.16,  85038.00, 1453.65,  483.46,  -20.78, 45.0, 0.00, 5.25, 5.28
6, 13997, 13,   229.79, 6,  drogue,    3.85,  85087.00, 1448.95,  478.76,  -20.35, 45.0, 0.00, 5.25, 5.28
6, 13997, 13,   229.89, 6,  drogue,    3.50,  85117.00, 1446.08,  475.89,  -19.96, 45.0, 0.00, 5.25, 5.28
6, 13997, 13,   229.99, 6,  drogue,    3.14,  85141.00, 1443.78,  473.59,  -19.61, 45.0, 0.00, 5.25, 5.28
6, 13997, 13,   230.09, 6,  drogue,    2.76,  85164.00, 1441.57,  471.38,  -19.30, 45.0, 0.00, 5.25, 5.28
6, 13997, 13,   230.19, 6,  drogue,    2.34,  85172.00, 1440.81,  470.62,  -19.02, 45.0, 0.00, 5.25, 5.28
6, 13997, 13,   230.29, 6,  drogue,    1.81,  85191.00, 1438.99,  468.80,  -18.78, 45.0, 0.00, 5.25, 5.28
6, 13997, 13,   230.39, 6,  drogue,    1.12,  85185.00, 1439.56,  469.37,  -18.59, 45.0, 0.00, 5.25, 5.28
6, 13997, 13,   230.49, 6,  drogue,    0.25,  85205.00, 1437.65,  467.45,  -18.39, 45.0, 0.00, 5.25, 5.28
6, 13997, 13,   230.59, 6,  drogue,   -0.75,  85232.00, 1435.06,  464.87,  -18.34, 45.0, 0.00, 5.25, 5.28
6, 13997, 13,   230.69, 6,  drogue,   -1.83,  85246.00, 1433.72,  463.53,  -18.42, 45.0, 0.00, 5.25, 5.28
6, 13997, 13,   230.79, 6,  drogue,   -2.92,  85253.00, 1433.05,  462.86,  -18.62, 45.0, 0.00, 5.25, 5.28
6, 13997, 13,   230.89, 6,  drogue,   -3.97,  85271.00, 1431.33,  461.13,  -18.92, 45.0, 0.00, 5.25, 5.28
6, 13997, 13,   230.99, 6,  drogue,   -4.97,  85281.00, 1430.37,  460.18,  -19.32, 45.0, 0.00, 5.25, 5.28
6, 13997, 13,   231.09, 6,  drogue,   -5.90,  85246.00, 1433.72,  463.53,  -19.81, 45.0, 0.00, 5.25, 5.28
6, 13997, 13,   231.19, 6,  drogue,   -6.75,  85254.00, 1432.95,  462.76,  -20.42, 45.0, 0.00, 5.25, 5.28
6, 13997, 13,   231.29, 6,  drogue,   -7.49,  85312.00, 1427.40,  457.21,  -21.11, 45.0, 0.00, 5.25, 5.28
6, 13997, 13,   231.39, 6,  drogue,   -8.08,  85360.00, 1422.81,  452.62,  -21.90, 45.0, 0.00, 5.25, 5.28
6, 13997, 13,   231.49, 6,  drogue,   -8.53,  85408.00, 1418.22,  448.03,  -22.73, 45.0, 0.00, 5.25, 5.28
6, 13997, 13,   231.59, 6,  drogue,   -8.81,  85455.00, 1413.73,  443.54,  -23.60, 45.0, 0.00, 5.25, 5.28
6, 13997, 13,   231.67, 7,    main,   -8.81,  85455.00, 1413.73,  443.54,  -23.60, 45.0, 0.00, 5.25, 5.28
6, 13997, 13,   231.69, 7,    main,   -8.92,  85475.00, 1411.82,  441.63,  -24.50, 45.0, 0.00, 4.47, 5.27
6, 13997, 13,   231.79, 7,    main,   -8.83,  85513.00, 1408.19,  438.00,  -25.43, 45.0, 0.00, 4.21, 5.27
6, 13997, 13,   231.89, 7,    main,   -8.53,  85510.00, 1408.48,  438.28,  -26.36, 45.0, 0.01, 4.01, 5.29
6, 13997, 13,   231.99, 7,    main,   -8.00,  85514.00, 1408.09,  437.90,  -27.24, 45.0, 0.00, 3.92, 5.27
6, 13997, 13,   232.09, 7,    main,   -7.27,  85531.00, 1406.47,  436.28,  -28.08, 45.0, 0.00, 3.95, 5.27
6, 13997, 13,   232.19, 7,    main,   -6.36,  85533.00, 1406.28,  436.09,  -28.84, 45.0, 0.00, 3.88, 5.27
6, 13997, 13,   232.29, 7,    main,   -5.30,  85551.00, 1404.56,  434.37,  -29.50, 45.0, 0.00, 3.83, 5.27
6, 13997, 13,   232.39, 7,    main,   -4.11,  85545.00, 1405.13,  434.94,  -30.04, 45.0, 0.00, 3.78, 5.27
6, 13997, 13,   232.49, 7,    main,   -2.81,  85494.00, 1410.00,  439.81,  -30.47, 45.0, 0.00, 3.76, 5.27
6, 13997, 13,   232.59, 7,    main,   -1.40,  85691.00, 1391.20,  421.01,  -30.77, 45.0, 0.00, 3.75, 5.28
6, 13997, 13,   232.69, 7,    main,    0.09,  85797.00, 1381.10,  410.91,  -30.93, 45.0, 0.00, 3.72, 5.28
6, 13997, 13,   232.79, 7,    main,    1.63,  85847.00, 1376.34,  406.15,  -30.93, 45.0, 0.00, 3.70, 5.28
6, 13997, 13,   232.89, 7,    main,    3.18,  85863.00, 1374.82,  404.63,  -30.77, 45.0, 0.00, 3.70, 5.28
6, 13997, 13,   232.99, 7,    main,    4.68,  85898.00, 1371.49,  401.30,  -30.45, 45.0, 0.01, 3.67, 5.29
6, 13997, 13,   233.09, 7,    main,    6.08,  85906.00, 1370.73,  400.53,  -29.95, 45.0, 0.00, 3.66, 5.28
6, 13997, 13,   233.19, 7,    main,    7.38,  85970.00, 1364.64,  394.45,  -29.31, 45.0, 0.00, 3.66, 5.28
6, 13997, 13,   233.29, 7,    main,    8.55,  85979.00, 1363.78,  393.59,  -28.56, 45.0, 0.00, 3.65, 5.28
6, 13997, 13,   233.39, 7,    main,    9.63,  86010.00, 1360.84,  390.64,  -27.70, 45.0, 0.00, 3.64, 5.28
6, 13997, 13,   233.49, 7,    main,   10.59,  86023.00, 1359.60,  389.41,  -26.72, 45.0, 0.00, 3.64, 5.28
6, 13997, 13,   233.59, 7,    main,   11.44,  86040.00, 1357.98,  387.79,  -25.64, 45.0, 0.00, 3.64, 5.28
6, 13997, 13,   233.69, 7,    main,   12.14,  86082.00, 1353.99,  383.80,  -24.47, 45.0, 0.00, 3.64, 5.28
6, 13997, 13,   233.79, 7,    main,   12.66,  86124.00, 1350.01,  379.81,  -23.24, 45.0, 0.00, 3.64, 5.28
6, 13997, 13,   233.89, 7,    main,   12.98,  86148.00, 1347.73,  377.54,  -21.93, 44.9, 0.00, 3.63, 5.28
6, 13997, 13,   233.99, 7,    main,   13.10,  86157.00, 1346.87,  376.68,  -20.60, 44.9, 0.00, 3.62, 5.28
6, 13997, 13,   234.09, 7,    main,   13.01,  86199.00, 1342.89,  372.70,  -19.25, 44.9, 0.00, 3.62, 5.28
6, 13997, 13,   234.19, 7,    main,   12.70,  86211.00, 1341.75,  371.56,  -17.92, 44.9, 0.00, 3.62, 5.28
6, 13997, 13,   234.29, 7,    main,   12.19,  86226.00, 1340.33,  370.13,  -16.63, 44.9, 0.00, 3.62, 5.28
6, 13997, 13,   234.39, 7,    main,   11.50,  86231.00, 1339.85,  369.66,  -15.37, 44.9, 0.00, 3.62, 5.28
6, 13997, 13,   234.49, 7,    main,   10.71,  86268.00, 1336.34,  366.15,  -14.15, 44.9, 0.00, 3.61, 5.28
6, 13997, 13,   234.59, 7,    main,    9.88,  86291.00, 1334.16,  363.97,  -13.11, 44.9, 0.00, 3.61, 5.28
6, 13997, 13,   234.69, 7,    main,    9.09,  86282.00, 1335.01,  364.82,  -12.15, 44.9, 0.00, 3.61, 5.28
6, 13997, 13,   234.79, 7,    main,    8.35,  86306.00, 1332.74,  362.55,  -11.26, 44.9, 0.00, 3.61, 5.28
6, 13997, 13,   234.89, 7,    main,    7.63,  86303.00, 1333.02,  362.83,  -10.42, 44.9, 0.00, 3.61, 5.28
6, 13997, 13,   234.99, 7,    main,    6.91,  86309.00, 1332.45,  362.26,   -9.65, 44.9, 0.00, 3.61, 5.28
6, 13997, 13,   235.09, 7,    main,    6.16,  86320.00, 1331.41,  361.22,   -8.94, 44.9, 0.00, 3.60, 5.28
6, 13997, 13,   235.19, 7,    main,    5.38,  86320.00, 1331.41,  361.22,   -8.33, 44.9, 0.00, 3.60, 5.28
6, 13997, 13,   235.29, 7,    main,    4.61,  86329.00, 1330.56,  360.37,   -7.79, 44.9, 0.00, 3.60, 5.28
6, 13997, 13,   235.39, 7,    main,    3.84,  86334.00, 1330.09,  359.89,   -7.33, 44.9, 0.00, 3.60, 5.28
6, 13997, 13,   235.49, 7,    main,    3.11,  86336.00, 1329.90,  359.70,   -6.95, 44.9, 0.00, 3.59, 5.28
6, 13997, 13,   235.59, 7,    main,    2.43,  86343.00, 1329.23,  359.04,   -6.64, 44.9, 0.00, 3.59, 5.28
6, 13997, 13,   235.69, 7,    main,    1.81,  86347.00, 1328.85,  358.66,   -6.41, 44.9, 0.00, 3.59, 5.28
6, 13997, 13,   235.79, 7,    main,    1.27,  86352.00, 1328.38,  358.19,   -6.25, 44.9, 0.00, 3.59, 5.28
6, 13997, 13,   235.89, 7,    main,    0.83,  86347.00, 1328.85,  358.66,   -6.14, 44.9, 0.00, 3.59, 5.28
6, 13997, 13,   235.99, 7,    main,    0.48,  86366.00, 1327.05,  356.86,   -6.07, 44.9, 0.00, 3.59, 5.28
6, 13997, 13,   236.09, 7,    main,    0.21,  86362.00, 1327.43,  357.24,   -6.04, 44.9, 0.00, 3.59, 5.28
6, 13997, 13,   236.19, 7,    main,    0.02,  86375.00, 1326.20,  356.01,   -6.03, 44.9, 0.00, 3.59, 5.28
6, 13997, 13,   236.29, 7,    main,   -0.09,  86384.00, 1325.35,  355.16,   -6.04, 44.9, 0.00, 3.59, 5.28
6, 13997, 13,   236.39, 7,    main,   -0.14,  86392.00, 1324.59,  354.40,   -6.05, 44.9, 0.00, 3.59, 5.28
6, 13997, 13,   236.49, 7,    main,   -0.13,  86398.00, 1324.02,  353.83,   -6.08, 44.9, 0.00, 3.59, 5.28
6, 13997, 13,   236.59, 7,    main,   -0.08,  86408.00, 1323.08,  352.88,   -6.11, 44.9, 0.00, 3.58, 5.28
6, 13997, 13,   236.69, 7,    main,   -0.00,  86414.00, 1322.51,  352.32,   -6.11, 44.9, 0.00, 3.58, 5.28
6, 13997, 13,   236.79, 7,    main,    0.10,  86420.00, 1321.94,  351.75,   -6.12, 44.9, 0.00, 3.57, 5.28
6, 13997, 13,   236.89, 7,    main,    0.20,  86426.00, 1321.37,  351.18,   -6.11, 44.9, 0.00, 3.58, 5.28
6, 13997, 13,   236.99, 7,    main,    0.29,  86429.00, 1321.09,  350.89,   -6.09, 44.9, 0.00, 3.59, 5.28
6, 13997, 13,   237.09, 7,    main,    0.37,  86433.00, 1320.71,  350.52,   -6.06, 44.9, 0.00, 3.58, 5.28
6, 13997, 13,   237.19, 7,    main,    0.43,  86447.00, 1319.38,  349.19,   -6.02, 44.9, 0.00, 3.58, 5.28
6, 13997, 13,   237.29, 7,    main,    0.47,  86451.00, 1319.00,  348.81,   -5.97, 44.9, 0.00, 3.58, 5.28
6, 13997, 13,   237.39, 7,    main,    0.48,  86462.00, 1317.96,  347.77,   -5.92, 44.9, 0.00, 3.58, 5.28
6, 13997, 13,   237.49, 7,    main,    0.47,  86470.00, 1317.21,  347.01,   -5.86, 44.9, 0.00, 3.58, 5.28
6, 13997, 13,   237.59, 7,    main,    0.44,  86468.00, 1317.39,  347.20,   -5.81, 44.9, 0.00, 3.58, 5.28
6, 13997, 13,   237.69, 7,    main,    0.39,  86480.00, 1316.26,  346.07,   -5.77, 44.9, 0.00, 3.57, 5.28
6, 13997, 13,   237.79, 7,    main,    0.32,  86484.00, 1315.88,  345.69,   -5.73, 44.9, 0.00, 3.57, 5.28
6, 13997, 13,   237.89, 7,    main,    0.24,  86486.00, 1315.69,  345.50,   -5.69, 44.9, 0.00, 3.57, 5.28
6, 13997, 13,   237.99, 7,    main,    0.15,  86494.00, 1314.93,  344.74,   -5.67, 44.9, 0.00, 3.57, 5.28
6, 13997, 13,   238.09, 7,    main,    0.06,  86503.00, 1314.08,  343.89,   -5.65, 44.9, 0.00, 3.57, 5.28
6, 13997, 13,   238.19, 7,    main,   -0.03,  86507.00, 1313.70,  343.51,   -5.65, 44.9, 0.00, 3.57, 5.28
6, 13997, 13,   238.29, 7,    main,   -0.11,  86514.00, 1313.04,  342.85,   -5.65, 44.9, 0.00, 3.58, 5.28
6, 13997, 13,   238.39, 7,    main,   -0.18,  86516.00, 1312.85,  342.66,   -5.66, 44.9, 0.00, 3.57, 5.28
6, 13997, 13,   238.49, 7,    main,   -0.24,  86522.00, 1312.29,  342.09,   -5.69, 44.9, 0.00, 3.57, 5.28
6, 13997, 13,   238.59, 7,    main,   -0.27,  86520.00, 1312.47,  342.28,   -5.71, 44.9, 0.00, 3.57, 5.28
6, 13997, 13,   238.69, 7,    main,   -0.30,  86525.00, 1312.00,  341.81,   -5.74, 44.9, 0.00, 3.57, 5.28
6, 13997, 13,   238.79, 7,    main,   -0.30,  86539.00, 1310.68,  340.49,   -5.77, 44.9, 0.00, 3.56, 5.28
6, 13997, 13,   238.89, 7,    main,   -0.29,  86547.00, 1309.92,  339.73,   -5.81, 44.9, 0.00, 3.57, 5.28
6, 13997, 13,   238.99, 7,    main,   -0.28,  86552.00, 1309.45,  339.26,   -5.84, 44.9, 0.00, 3.57, 5.28
6, 13997, 13,   239.09, 7,    main,   -0.24,  86556.00, 1309.07,  338.88,   -5.87, 44.9, 0.00, 3.57, 5.28
6, 13997, 13,   239.19, 7,    main,   -0.20,  86566.00, 1308.12,  337.93,   -5.89, 44.9, 0.00, 3.57, 5.28
6, 13997, 13,   239.29, 7,    main,   -0.14,  86571.00, 1307.65,  337.46,   -5.91, 44.9, 0.00, 3.57, 5.28
6, 13997, 13,   239.39, 7,    main,   -0.08,  86573.00, 1307.46,  337.27,   -5.93, 44.9, 0.00, 3.57, 5.28
6, 13997, 13,   239.49, 7,    main,   -0.01,  86586.00, 1306.23,  336.04,   -5.94, 44.9, 0.00, 3.56, 5.28
6, 13997, 13,   239.59, 7,    main,    0.05,  86594.00, 1305.48,  335.28,   -5.94, 44.9, 0.00, 3.56, 5.28
6, 13997, 13,   239.69, 7,    main,    0.09,  86601.00, 1304.81,  334.62,   -5.93, 44.9, 0.00, 3.57, 5.28
6, 13997, 13,   239.79, 7,    main,    0.13,  86608.00, 1304.15,  333.96,   -5.92, 44.9, 0.00, 3.57, 5.28
6, 13997, 13,   239.89, 7,    main,    0.15,  86614.00, 1303.59,  333.39,   -5.90, 44.9, 0.00, 3.57, 5.28
6, 13997, 13,   239.99, 7,    main,    0.16,  86613.00, 1303.68,  333.49,   -5.89, 44.9, 0.00, 3.57, 5.28
6, 13997, 13,   240.09, 7,    main,    0.15,  86621.00, 1302.92,  332.73,   -5.87, 44.9, 0.00, 3.57, 5.28
6, 13997, 13,   240.19, 7,    main,    0.14,  86630.00, 1302.07,  331.88,   -5.85, 44.9, 0.00, 3.57, 5.28
6, 13997, 13,   240.29, 7,    main,    0.11,  86635.00, 1301.60,  331.41,   -5.84, 44.9, 0.00, 3.57, 5.28
6, 13997, 13,   240.39, 7,    main,    0.07,  86638.00, 1301.32,  331.13,   -5.83, 44.9, 0.00, 3.56, 5.28
6, 13997, 13,   240.49, 7,    main,    0.01,  86652.00, 1299.99,  329.80,   -5.82, 44.9, 0.00, 3.56, 5.28
6, 13997, 13,   240.59, 7,    main,   -0.05,  86649.00, 1300.28,  330.09,   -5.81, 44.9, 0.00, 3.56, 5.28
6, 13997, 13,   240.69, 7,    main,   -0.12,  86663.00, 1298.96,  328.76,   -5.81, 44.9, 0.00, 3.56, 5.28
6, 13997, 13,   240.79, 7,    main,   -0.20,  86665.00, 1298.77,  328.57,   -5.83, 44.9, 0.00, 3.56, 5.28
6, 13997, 13,   240.89, 7,    main,   -0.27,  86672.00, 1298.11,  327.91,   -5.85, 44.9, 0.00, 3.56, 5.28
6, 13997, 13,   240.99, 7,    main,   -0.32,  86679.00, 1297.44,  327.25,   -5.88, 44.9, 0.00, 3.56, 5.28
6, 13997, 13,   241.09, 7,    main,   -0.38,  86683.00, 1297.07,  326.87,   -5.91, 44.9, 0.00, 3.56, 5.28
6, 13997, 13,   241.19, 7,    main,   -0.42,  86686.00, 1296.78,  326.59,   -5.95, 44.9, 0.00, 3.56, 5.28
6, 13997, 13,   241.29, 7,    main,   -0.46,  86695.00, 1295.93,  325.74,   -5.99, 44.9, 0.00, 3.56, 5.28
6, 13997, 13,   241.39, 7,    main,   -0.49,  86699.00, 1295.56,  325.36,   -6.04, 44.9, 0.00, 3.56, 5.28
6, 13997, 13,   241.49, 7,    main,   -0.51,  86704.00, 1295.08,  324.89,   -6.09, 44.8, 0.00, 3.56, 5.28
6, 13997, 13,   241.59, 7,    main,   -0.52,  86711.00, 1294.42,  324.23,   -6.14, 44.9, 0.00, 3.56, 5.28
6, 13997, 13,   241.69, 7,    main,   -0.51,  86719.00, 1293.67,  323.47,   -6.20, 44.8, 0.00, 3.56, 5.28
6, 13997, 13,   241.79, 7,    main,   -0.48,  86725.00, 1293.10,  322.91,   -6.25, 44.8, 0.00, 3.56, 5.28
6, 13997, 13,   241.89, 7,    main,   -0.43,  86732.00, 1292.44,  322.25,   -6.30, 44.8, 0.00, 3.54, 5.28
6, 13997, 13,   241.99, 7,    main,   -0.38,  86748.00, 1290.93,  320.74,   -6.35, 44.8, 0.00, 3.56, 5.28
6, 13997, 13,   242.09, 7,    main,   -0.31,  86746.00, 1291.12,  320.93,   -6.38, 44.8, 0.00, 3.56, 5.28
6, 13997, 13,   242.19, 7,    main,   -0.24,  86757.00, 1290.08,  319.89,   -6.42, 44.8, 0.00, 3.56, 5.28
6, 13997, 13,   242.29, 7,    main,   -0.17,  86760.00, 1289.80,  319.60,   -6.45, 44.8, 0.00, 3.56, 5.28
6, 13997, 13,   242.39, 7,    main,   -0.09,  86773.00, 1288.57,  318.38,   -6.46, 44.8, 0.00, 3.56, 5.28
6, 13997, 13,   242.49, 7,    main,   -0.01,  86773.00, 1288.57,  318.38,   -6.47, 44.8, 0.00, 3.56, 5.28
6, 13997, 13,   242.59, 7,    main,    0.06,  86779.00, 1288.00,  317.81,   -6.47, 44.8, 0.00, 3.54, 5.28
6, 13997, 13,   242.69, 7,    main,    0.13,  86792.00, 1286.78,  316.58,   -6.46, 44.8, 0.00, 3.54, 5.28
6, 13997, 13,   242.79, 7,    main,    0.20,  86795.00, 1286.49,  316.30,   -6.45, 44.8, 0.00, 3.53, 5.28
6, 13997, 13,   242.89, 7,    main,    0.26,  86805.00, 1285.55,  315.36,   -6.43, 44.8, 0.00, 3.54, 5.28
6, 13997, 13,   242.99, 7,    main,    0.31,  86810.00, 1285.08,  314.89,   -6.40, 44.8, 0.00, 3.53, 5.28
6, 13997, 13,   243.09, 7,    main,    0.34,  86817.00, 1284.42,  314.23,   -6.37, 44.8, 0.00, 3.53, 5.28
6, 13997, 13,   243.19, 7,    main,    0.36,  86820.00, 1284.13,  313.94,   -6.33, 44.8, 0.00, 3.53, 5.28
6, 13997, 13,   243.29, 7,    main,    0.37,  86836.00, 1282.62,  312.43,   -6.30, 44.8, 0.00, 3.53, 5.28
6, 13997, 13,   243.39, 7,    main,    0.37,  86837.00, 1282.53,  312.34,   -6.26, 44.8, 0.00, 3.53, 5.28
6, 13997, 13,   243.49, 7,    main,    0.36,  86845.00, 1281.78,  311.58,   -6.22, 44.8, 0.00, 3.53, 5.28
6, 13997, 13,   243.59, 7,    main,    0.33,  86854.00, 1280.93,  310.74,   -6.18, 44.8, 0.00, 3.53, 5.28
6, 13997, 13,   243.69, 7,    main,    0.30,  86867.00, 1279.70,  309.51,   -6.14, 44.8, 0.00, 3.53, 5.28
6, 13997, 13,   243.79, 7,    main,    0.26,  86867.00, 1279.70,  309.51,   -6.11, 44.8, 0.00, 3.53, 5.28
6, 13997, 13,   243.89, 7,    main,    0.22,  86873.00, 1279.14,  308.94,   -6.09, 44.8, 0.00, 3.53, 5.28
6, 13997, 13,   243.99, 7,    main,    0.19,  86877.00, 1278.76,  308.57,   -6.07, 44.8, 0.00, 3.53, 5.28
6, 13997, 13,   244.09, 7,    main,    0.16,  86880.00, 1278.48,  308.28,   -6.04, 44.8, 0.00, 3.53, 5.28
6, 13997, 13,   244.19, 7,    main,    0.13,  86892.00, 1277.34,  307.15,   -6.03, 44.8, 0.00, 3.53, 5.28
6, 13997, 13,   244.29, 7,    main,    0.10,  86891.00, 1277.44,  307.25,   -6.02, 44.8, 0.00, 3.53, 5.28
6, 13997, 13,   244.39, 7,    main,    0.08,  86892.00, 1277.34,  307.15,   -6.01, 44.8, 0.00, 3.53, 5.28
6, 13997, 13,   244.49, 7,    main,    0.06,  86908.00, 1275.84,  305.64,   -6.00, 44.8, 0.00, 3.53, 5.28
6, 13997, 13,   244.59, 7,    main,    0.05,  86914.00, 1275.27,  305.08,   -6.00, 44.8, 0.00, 3.53, 5.28
6, 13997, 13,   244.69, 7,    main,    0.04,  86919.00, 1274.80,  304.61,   -5.99, 44.8, 0.00, 3.53, 5.28
6, 13997, 13,   244.79, 7,    main,    0.04,  86930.00, 1273.76,  303.57,   -5.99, 44.8, 0.00, 3.53, 5.28
6, 13997, 13,   244.89, 7,    main,    0.06,  86935.00, 1273.29,  303.10,   -5.99, 44.8, 0.00, 3.53, 5.28
6, 13997, 13,   244.99, 7,    main,    0.08,  86937.00, 1273.10,  302.91,   -5.99, 44.8, 0.00, 3.53, 5.28
6, 13997, 13,   245.09, 7,    main,    0.11,  86945.00, 1272.35,  302.16,   -5.98, 44.8, 0.00, 3.53, 5.28
6, 13997, 13,   245.19, 7,    main,    0.14,  86955.00, 1271.41,  301.22,   -5.97, 44.8, 0.00, 3.53, 5.28
6, 13997, 13,   245.29, 7,    main,    0.17,  86967.00, 1270.28,  300.08,   -5.95, 44.8, 0.00, 3.53, 5.28
6, 13997, 13,   245.39, 7,    main,    0.19,  86964.00, 1270.56,  300.37,   -5.94, 44.8, 0.00, 3.53, 5.28
6, 13997, 13,   245.49, 7,    main,    0.21,  86974.00, 1269.62,  299.43,   -5.92, 44.8, 0.00, 3.53, 5.28
6, 13997, 13,   245.59, 7,    main,    0.24,  86974.00, 1269.62,  299.43,   -5.90, 44.8, 0.00, 3.53, 5.28
6, 13997, 13,   245.69, 7,    main,    0.26,  86985.00, 1268.58,  298.39,   -5.88, 44.8, 0.00, 3.53, 5.28
6, 13997, 13,   245.79, 7,    main,    0.27,  86994.00, 1267.73,  297.54,   -5.85, 44.8, 0.00, 3.53, 5.28
6, 13997, 13,   245.89, 7,    main,    0.29,  87002.00, 1266.98,  296.79,   -5.82, 44.8, 0.00, 3.53, 5.28
6, 13997, 13,   245.99, 7,    main,    0.29,  87003.00, 1266.89,  296.69,   -5.79, 44.8, 0.00, 3.53, 5.28
6, 13997, 13,   246.09, 7,    main,    0.29,  87004.00, 1266.79,  296.60,   -5.76, 44.8, 0.00, 3.53, 5.28
6, 13997, 13,   246.19, 7,    main,    0.28,  87019.00, 1265.38,  295.19,   -5.73, 44.8, 0.00, 3.53, 5.28
6, 13997, 13,   246.29, 7,    main,    0.27,  87021.00, 1265.19,  295.00,   -5.70, 44.8, 0.00, 3.53, 5.28
6, 13997, 13,   246.39, 7,    main,    0.26,  87028.00, 1264.53,  294.34,   -5.67, 44.8, 0.00, 3.53, 5.28
6, 13997, 13,   246.49, 7,    main,    0.25,  87035.00, 1263.87,  293.68,   -5.64, 44.8, 0.00, 3.53, 5.28
6, 13997, 13,   246.59, 7,    main,    0.23,  87038.00, 1263.59,  293.40,   -5.62, 44.8, 0.00, 3.53, 5.28
6, 13997, 13,   246.69, 7,    main,    0.22,  87044.00, 1263.02,  292.83,   -5.60, 44.8, 0.00, 3.53, 5.28
6, 13997, 13,   246.79, 7,    main,    0.22,  87054.00, 1262.08,  291.89,   -5.58, 44.8, 0.00, 3.53, 5.28
6, 13997, 13,   246.89, 7,    main,    0.21,  87062.00, 1261.33,  291.14,   -5.55, 44.8, 0.00, 3.53, 5.28
6, 13997, 13,   246.99, 7,    main,    0.21,  87066.00, 1260.95,  290.76,   -5.53, 44.8, 0.00, 3.53, 5.28
6, 13997, 13,   247.09, 7,    main,    0.21,  87064.00, 1261.14,  290.95,   -5.51, 44.8, 0.00, 3.53, 5.28
6, 13997, 13,   247.19, 7,    main,    0.21,  87077.00, 1259.92,  289.73,   -5.49, 44.8, 0.00, 3.53, 5.28
6, 13997, 13,   247.29, 7,    main,    0.22,  87072.00, 1260.39,  290.20,   -5.47, 44.8, 0.00, 3.53, 5.28
6, 13997, 13,   247.39, 7,    main,    0.22,  87085.00, 1259.17,  288.97,   -5.45, 44.8, 0.00, 3.53, 5.28
6, 13997, 13,   247.49, 7,    main,    0.22,  87096.00, 1258.13,  287.94,   -5.43, 44.8, 0.00, 3.52, 5.28
6, 13997, 13,   247.59, 7,    main,    0.21,  87102.00, 1257.57,  287.37,   -5.40, 44.8, 0.00, 3.52, 5.28
6, 13997, 13,   247.69, 7,    main,    0.21,  87107.00, 1257.10,  286.90,   -5.38, 44.8, 0.00, 3.52, 5.28
6, 13997, 13,   247.79, 7,    main,    0.20,  87109.00, 1256.91,  286.72,   -5.36, 44.8, 0.00, 3.52, 5.28
6, 13997, 13,   247.89, 7,    main,    0.19,  87116.00, 1256.25,  286.06,   -5.34, 44.7, 0.00, 3.52, 5.28
6, 13997, 13,   247.99, 7,    main,    0.18,  87123.00, 1255.59,  285.40,   -5.32, 44.7, 0.00, 3.52, 5.28
6, 13997, 13,   248.09, 7,    main,    0.15,  87130.00, 1254.93,  284.74,   -5.30, 44.7, 0.00, 3.52, 5.28
6, 13997, 13,   248.19, 7,    main,    0.12,  87134.00, 1254.56,  284.36,   -5.29, 44.7, 0.00, 3.52, 5.28
6, 13997, 13,   248.29, 7,    main,    0.09,  87137.00, 1254.27,  284.08,   -5.27, 44.7, 0.00, 3.52, 5.28
6, 13997, 13,   248.39, 7,    main,    0.06,  87140.00, 1253.99,  283.80,   -5.26, 44.7, 0.00, 3.52, 5.28
6, 13997, 13,   248.49, 7,    main,    0.02,  87148.00, 1253.24,  283.05,   -5.26, 44.7, 0.00, 3.52, 5.28
6, 13997, 13,   248.59, 7,    main,   -0.01,  87154.00, 1252.67,  282.48,   -5.26, 44.7, 0.00, 3.52, 5.28
6, 13997, 13,   248.69, 7,    main,   -0.05,  87158.00, 1252.30,  282.11,   -5.25, 44.7, 0.00, 3.52, 5.28
6, 13997, 13,   248.79, 7,    main,   -0.08,  87168.00, 1251.36,  281.17,   -5.26, 44.7, 0.00, 3.52, 5.28
6, 13997, 13,   248.89, 7,    main,   -0.12,  87171.00, 1251.08,  280.88,   -5.27, 44.7, 0.00, 3.52, 5.28
6, 13997, 13,   248.99, 7,    main,   -0.16,  87180.00, 1250.23,  280.04,   -5.28, 44.7, 0.00, 3.52, 5.28
6, 13997, 13,   249.09, 7,    main,   -0.20,  87182.00, 1250.04,  279.85,   -5.29, 44.7, 0.00, 3.52, 5.28
6, 13997, 13,   249.19, 7,    main,   -0.23,  87188.00, 1249.48,  279.29,   -5.32, 44.7, 0.00, 3.52, 5.28
6, 13997, 13,   249.29, 7,    main,   -0.27,  87189.00, 1249.38,  279.19,   -5.34, 44.7, 0.00, 3.51, 5.28
6, 13997, 13,   249.39, 7,    main,   -0.30,  87202.00, 1248.16,  277.97,   -5.37, 44.7, 0.00, 3.52, 5.28
6, 13997, 13,   249.49, 7,    main,   -0.33,  87201.00, 1248.26,  278.06,   -5.40, 44.7, 0.00, 3.52, 5.28
6, 13997, 13,   249.59, 7,    main,   -0.35,  87212.00, 1247.22,  277.03,   -5.43, 44.7, 0.00, 3.52, 5.28
6, 13997, 13,   249.69, 7,    main,   -0.36,  87216.00, 1246.85,  276.65,   -5.47, 44.7, 0.00, 3.51, 5.28
6, 13997, 13,   249.79, 7,    main,   -0.36,  87222.00, 1246.28,  276.09,   -5.51, 44.7, 0.00, 3.51, 5.28
6, 13997, 13,   249.89, 7,    main,   -0.36,  87224.00, 1246.09,  275.90,   -5.54, 44.7, 0.00, 3.51, 5.28
6, 13997, 13,   249.99, 7,    main,   -0.35,  87229.00, 1245.62,  275.43,   -5.58, 44.7, 0.00, 3.52, 5.28
6, 13997, 13,   250.09, 7,    main,   -0.34,  87243.00, 1244.31,  274.12,   -5.62, 44.7, 0.00, 3.51, 5.28
6, 13997, 13,   250.19, 7,    main,   -0.32,  87243.00, 1244.31,  274.12,   -5.65, 44.7, 0.00, 3.51, 5.28
6, 13997, 13,   250.29, 7,    main,   -0.31,  87250.00, 1243.65,  273.46,   -5.68, 44.7, 0.00, 3.51, 5.28
6, 13997, 13,   250.39, 7,    main,   -0.29,  87262.00, 1242.52,  272.33,   -5.71, 44.7, 0.00, 3.51, 5.28
6, 13997, 13,   250.49, 7,    main,   -0.27,  87268.00, 1241.96,  271.77,   -5.74, 44.7, 0.00, 3.51, 5.28
6, 13997, 13,   250.59, 7,    main,   -0.24,  87268.00, 1241.96,  271.77,   -5.77, 44.7, 0.00, 3.51, 5.28
6, 13997, 13,   250.69, 7,    main,   -0.21,  87271.00, 1241.68,  271.49,   -5.79, 44.7, 0.00, 3.51, 5.28
6, 13997, 13,   250.79, 7,    main,   -0.18,  87281.00, 1240.74,  270.55,   -5.82, 44.7, 0.00, 3.52, 5.28
6, 13997, 13,   250.89, 7,    main,   -0.14,  87289.00, 1239.99,  269.80,   -5.84, 44.7, 0.00, 3.51, 5.28
6, 13997, 13,   250.99, 7,    main,   -0.10,  87291.00, 1239.80,  269.61,   -5.85, 44.7, 0.00, 3.51, 5.28
6, 13997, 13,   251.09, 7,    main,   -0.07,  87303.00, 1238.67,  268.48,   -5.86, 44.7, 0.00, 3.51, 5.28
6, 13997, 13,   251.19, 7,    main,   -0.04,  87312.00, 1237.83,  267.64,   -5.86, 44.7, 0.00, 3.51, 5.28
6, 13997, 13,   251.29, 7,    main,   -0.01,  87312.00, 1237.83,  267.64,   -5.87, 44.7, 0.00, 3.51, 5.28
6, 13997, 13,   251.39, 7,    main,    0.01,  87320.00, 1237.08,  266.88,   -5.87, 44.7, 0.00, 3.51, 5.28
6, 13997, 13,   251.49, 7,    main,    0.03,  87327.00, 1236.42,  266.23,   -5.87, 44.7, 0.00, 3.51, 5.28
6, 13997, 13,   251.59, 7,    main,    0.06,  87330.00, 1236.14,  265.95,   -5.87, 44.7, 0.00, 3.51, 5.28
6, 13997, 13,   251.69, 7,    main,    0.08,  87344.00, 1234.82,  264.63,   -5.86, 44.7, 0.00, 3.51, 5.28
6, 13997, 13,   251.79, 7,    main,    0.09,  87348.00, 1234.45,  264.26,   -5.85, 44.7, 0.00, 3.51, 5.28
6, 13997, 13,   251.89, 7,    main,    0.10,  87348.00, 1234.45,  264.26,   -5.84, 44.7, 0.00, 3.51, 5.28
6, 13997, 13,   251.99, 7,    main,    0.10,  87357.00, 1233.60,  263.41,   -5.83, 44.7, 0.00, 3.51, 5.28
6, 13997, 13,   252.09, 7,    main,    0.10,  87367.00, 1232.66,  262.47,   -5.82, 44.7, 0.00, 3.51, 5.28
6, 13997, 13,   252.19, 7,    main,    0.11,  87370.00, 1232.38,  262.19,   -5.81, 44.7, 0.00, 3.51, 5.28
6, 13997, 13,   252.29, 7,    main,    0.11,  87373.00, 1232.10,  261.91,   -5.80, 44.7, 0.00, 3.51, 5.28
6, 13997, 13,   252.39, 7,    main,    0.12,  87384.00, 1231.07,  260.88,   -5.79, 44.7, 0.00, 3.51, 5.28
6, 13997, 13,   252.49, 7,    main,    0.13,  87387.00, 1230.79,  260.60,   -5.78, 44.7, 0.00, 3.51, 5.28
6, 13997, 13,   252.59, 7,    main,    0.14,  87395.00, 1230.04,  259.84,   -5.76, 44.7, 0.00, 3.51, 5.28
6, 13997, 13,   252.69, 7,    main,    0.15,  87405.00, 1229.10,  258.91,   -5.75, 44.7, 0.00, 3.51, 5.28
6, 13997, 13,   252.79, 7,    main,    0.16,  87406.00, 1229.00,  258.81,   -5.73, 44.7, 0.00, 3.51, 5.28
6, 13997, 13,   252.89, 7,    main,    0.16,  87414.00, 1228.25,  258.06,   -5.72, 44.7, 0.00, 3.51, 5.28
6, 13997, 13,   252.99, 7,    main,    0.17,  87420.00, 1227.69,  257.50,   -5.70, 44.7, 0.00, 3.51, 5.28
6, 13997, 13,   253.09, 7,    main,    0.18,  87420.00, 1227.69,  257.50,   -5.69, 44.7, 0.00, 3.51, 5.28
6, 13997, 13,   253.19, 7,    main,    0.19,  87433.00, 1226.47,  256.28,   -5.67, 44.7, 0.00, 3.51, 5.28
6, 13997, 13,   253.29, 7,    main,    0.20,  87438.00, 1226.00,  255.81,   -5.65, 44.7, 0.00, 3.51, 5.28
6, 13997, 13,   253.39, 7,    main,    0.21,  87445.00, 1225.35,  255.15,   -5.63, 44.7, 0.00, 3.51, 5.28
6, 13997, 13,   253.49, 7,    main,    0.21,  87454.00, 1224.50,  254.31,   -5.61, 44.6, 0.00, 3.51, 5.28
6, 13997, 13,   253.59, 7,    main,    0.21,  87455.00, 1224.41,  254.22,   -5.58, 44.6, 0.00, 3.51, 5.28
6, 13997, 13,   253.69, 7,    main,    0.20,  87461.00, 1223.85,  253.65,   -5.56, 44.6, 0.00, 3.51, 5.28
6, 13997, 13,   253.79, 7,    main,    0.19,  87464.00, 1223.56,  253.37,   -5.54, 44.6, 0.00, 3.51, 5.28
6, 13997, 13,   253.89, 7,    main,    0.18,  87472.00, 1222.81,  252.62,   -5.52, 44.6, 0.00, 3.51, 5.28
6, 13997, 13,   253.99, 7,    main,    0.17,  87483.00, 1221.78,  251.59,   -5.50, 44.6, 0.00, 3.51, 5.28
6, 13997, 13,   254.09, 7,    main,    0.15,  87487.00, 1221.41,  251.22,   -5.49, 44.6, 0.00, 3.51, 5.28
6, 13997, 13,   254.19, 7,    main,    0.13,  87494.00, 1220.75,  250.56,   -5.47, 44.6, 0.00, 3.51, 5.28
6, 13997, 13,   254.29, 7,    main,    0.10,  87499.00, 1220.28,  250.09,   -5.46, 44.6, 0.00, 3.51, 5.28
6, 13997, 13,   254.39, 7,    main,    0.07,  87500.00, 1220.19,  250.00,   -5.44, 44.6, 0.00, 3.51, 5.28
6, 13997, 13,   254.49, 7,    main,    0.03,  87506.00, 1219.63,  249.43,   -5.44, 44.6, 0.00, 3.51, 5.28
6, 13997, 13,   254.59, 7,    main,    0.00,  87519.00, 1218.41,  248.22,   -5.43, 44.6, 0.00, 3.51, 5.28
6, 13997, 13,   254.69, 7,    main,   -0.02,  87520.00, 1218.31,  248.12,   -5.44, 44.6, 0.00, 3.51, 5.28
6, 13997, 13,   254.79, 7,    main,   -0.05,  87525.00, 1217.85,  247.65,   -5.44, 44.6, 0.00, 3.51, 5.28
6, 13997, 13,   254.89, 7,    main,   -0.07,  87524.00, 1217.94,  247.75,   -5.45, 44.6, 0.00, 3.51, 5.28
6, 13997, 13,   254.99, 7,    main,   -0.09,  87540.00, 1216.44,  246.25,   -5.45, 44.6, 0.00, 3.51, 5.28
6, 13997, 13,   255.09, 7,    main,   -0.11,  87544.00, 1216.06,  245.87,   -5.46, 44.6, 0.00, 3.51, 5.28
6, 13997, 13,   255.19, 7,    main,   -0.13,  87546.00, 1215.88,  245.69,   -5.47, 44.6, 0.00, 3.51, 5.28
6, 13997, 13,   255.29, 7,    main,   -0.14,  87555.00, 1215.03,  244.84,   -5.49, 44.6, 0.00, 3.51, 5.28
6, 13997, 13,   255.39, 7,    main,   -0.15,  87558.00, 1214.75,  244.56,   -5.50, 44.6, 0.00, 3.51, 5.28
6, 13997, 13,   255.49, 7,    main,   -0.15,  87565.00, 1214.10,  243.91,   -5.52, 44.6, 0.00, 3.51, 5.28
6, 13997, 13,   255.59, 7,    main,   -0.15,  87569.00, 1213.72,  243.53,   -5.53, 44.6, 0.00, 3.51, 5.28
6, 13997, 13,   255.69, 7,    main,   -0.15,  87580.00, 1212.69,  242.50,   -5.54, 44.6, 0.00, 3.51, 5.28
6, 13997, 13,   255.79, 7,    main,   -0.16,  87588.00, 1211.94,  241.75,   -5.56, 44.6, 0.00, 3.51, 5.28
6, 13997, 13,   255.89, 7,    main,   -0.16,  87593.00, 1211.47,  241.28,   -5.57, 44.6, 0.00, 3.51, 5.28
6, 13997, 13,   255.99, 7,    main,   -0.15,  87595.00, 1211.29,  241.10,   -5.59, 44.6, 0.00, 3.51, 5.28
6, 13997, 13,   256.09, 7,    main,   -0.14,  87599.00, 1210.91,  240.72,   -5.61, 44.6, 0.00, 3.51, 5.28
6, 13997, 13,   256.19, 7,    main,   -0.12,  87607.00, 1210.16,  239.97,   -5.63, 44.6, 0.00, 3.51, 5.28
6, 13997, 13,   256.29, 7,    main,   -0.09,  87611.00, 1209.79,  239.60,   -5.64, 44.6, 0.00, 3.51, 5.28
6, 13997, 13,   256.39, 7,    main,   -0.06,  87616.00, 1209.32,  239.13,   -5.65, 44.6, 0.00, 3.51, 5.28
6, 13997, 13,   256.49, 7,    main,   -0.04,  87631.00, 1207.92,  237.72,   -5.65, 44.6, 0.00, 3.50, 5.28
6, 13997, 13,   256.59, 7,    main,   -0.01,  87630.00, 1208.01,  237.82,   -5.66, 44.6, 0.00, 3.51, 5.28
6, 13997, 13,   256.69, 7,    main,    0.02,  87641.00, 1206.98,  236.79,   -5.66, 44.6, 0.00, 3.51, 5.28
6, 13997, 13,   256.79, 7,    main,    0.04,  87648.00, 1206.32,  236.13,   -5.66, 44.6, 0.00, 3.50, 5.28
6, 13997, 13,   256.89, 7,    main,    0.07,  87649.00, 1206.23,  236.04,   -5.65, 44.6, 0.00, 3.50, 5.28
6, 13997, 13,   256.99, 7,    main,    0.11,  87653.00, 1205.86,  235.66,   -5.65, 44.6, 0.00, 3.49, 5.28
6, 13997, 13,   257.09, 7,    main,    0.14,  87656.00, 1205.58,  235.38,   -5.64, 44.6, 0.00, 3.50, 5.28
6, 13997, 13,   257.19, 7,    main,    0.17,  87672.00, 1204.08,  233.89,   -5.62, 44.6, 0.00, 3.49, 5.28
6, 13997, 13,   257.29, 7,    main,    0.19,  87676.00, 1203.70,  233.51,   -5.60, 44.6, 0.00, 3.49, 5.28
6, 13997, 13,   257.39, 7,    main,    0.21,  87680.00, 1203.33,  233.14,   -5.58, 44.6, 0.00, 3.49, 5.28
6, 13997, 13,   257.49, 7,    main,    0.21,  87688.00, 1202.58,  232.39,   -5.56, 44.6, 0.00, 3.50, 5.28
6, 13997, 13,   257.59, 7,    main,    0.21,  87689.00, 1202.49,  232.30,   -5.54, 44.6, 0.00, 3.50, 5.28
6, 13997, 13,   257.69, 7,    main,    0.20,  87698.00, 1201.64,  231.45,   -5.52, 44.6, 0.00, 3.49, 5.28
6, 13997, 13,   257.79, 7,    main,    0.18,  87708.00, 1200.71,  230.52,   -5.50, 44.6, 0.00, 3.50, 5.28
6, 13997, 13,   257.89, 7,    main,    0.16,  87712.00, 1200.33,  230.14,   -5.48, 44.6, 0.00, 3.50, 5.28
6, 13997, 13,   257.99, 7,    main,    0.13,  87723.00, 1199.31,  229.11,   -5.46, 44.6, 0.00, 3.50, 5.28
6, 13997, 13,   258.09, 7,    main,    0.09,  87724.00, 1199.21,  229.02,   -5.44, 44.6, 0.00, 3.50, 5.28
6, 13997, 13,   258.19, 7,    main,    0.04,  87728.00, 1198.84,  228.65,   -5.43, 44.6, 0.00, 3.50, 5.28
6, 13997, 13,   258.29, 7,    main,   -0.01,  87736.00, 1198.09,  227.90,   -5.43, 44.6, 0.00, 3.50, 5.28
6, 13997, 13,   258.39, 7,    main,   -0.06,  87738.00, 1197.90,  227.71,   -5.43, 44.6, 0.00, 3.50, 5.28
6, 13997, 13,   258.49, 7,    main,   -0.10,  87740.00, 1197.72,  227.52,   -5.44, 44.6, 0.00, 3.50, 5.28
6, 13997, 13,   258.59, 7,    main,   -0.13,  87748.00, 1196.97,  226.78,   -5.45, 44.6, 0.00, 3.50, 5.28
6, 13997, 13,   258.69, 7,    main,   -0.16,  87754.00, 1196.41,  226.21,   -5.46, 44.5, 0.00, 3.50, 5.28
6, 13997, 13,   258.79, 7,    main,   -0.18,  87764.00, 1195.47,  225.28,   -5.48, 44.6, 0.00, 3.50, 5.28
6, 13997, 13,   258.89, 7,    main,   -0.19,  87767.00, 1195.19,  225.00,   -5.50, 44.5, 0.00, 3.50, 5.28
6, 13997, 13,   258.99, 7,    main,   -0.20,  87775.00, 1194.44,  224.25,   -5.52, 44.5, 0.00, 3.50, 5.28
6, 13997, 13,   259.09, 7,    main,   -0.21,  87781.00, 1193.88,  223.69,   -5.54, 44.5, 0.00, 3.50, 5.28
6, 13997, 13,   259.19, 7,    main,   -0.20,  87778.00, 1194.16,  223.97,   -5.56, 44.5, 0.00, 3.50, 5.28
6, 13997, 13,   259.29, 7,    main,   -0.19,  87785.00, 1193.51,  223.32,   -5.59, 44.5, 0.00, 3.50, 5.28
6, 13997, 13,   259.39, 7,    main,   -0.18,  87802.00, 1191.92,  221.73,   -5.60, 44.5, 0.00, 3.50, 5.28
6, 13997, 13,   259.49, 7,    main,   -0.16,  87801.00, 1192.01,  221.82,   -5.62, 44.5, 0.00, 3.50, 5.28
6, 13997, 13,   259.59, 7,    main,   -0.14,  87808.00, 1191.36,  221.17,   -5.64, 44.5, 0.00, 3.50, 5.28
6, 13997, 13,   259.69, 7,    main,   -0.13,  87815.00, 1190.70,  220.51,   -5.65, 44.5, 0.00, 3.50, 5.28
6, 13997, 13,   259.79, 7,    main,   -0.11,  87822.00, 1190.05,  219.86,   -5.66, 44.5, 0.00, 3.50, 5.28
6, 13997, 13,   259.89, 7,    main,   -0.10,  87831.00, 1189.21,  219.02,   -5.67, 44.5, 0.00, 3.50, 5.28
6, 13997, 13,   259.99, 7,    main,   -0.09,  87837.00, 1188.65,  218.46,   -5.68, 44.5, 0.00, 3.50, 5.28
6, 13997, 13,   260.09, 7,    main,   -0.09,  87843.00, 1188.09,  217.89,   -5.69, 44.5, 0.00, 3.50, 5.28
6, 13997, 13,   260.19, 7,    main,   -0.10,  87847.00, 1187.71,  217.52,   -5.70, 44.5, 0.00, 3.50, 5.28
6, 13997, 13,   260.29, 7,    main,   -0.12,  87851.00, 1187.34,  217.15,   -5.71, 44.5, 0.00, 3.50, 5.28
6, 13997, 13,   260.39, 7,    main,   -0.14,  87864.00, 1186.12,  215.93,   -5.72, 44.5, 0.00, 3.50, 5.28
6, 13997, 13,   260.49, 7,    main,   -0.17,  87863.00, 1186.22,  216.03,   -5.73, 44.5, 0.00, 3.50, 5.28
6, 13997, 13,   260.59, 7,    main,   -0.19,  87870.00, 1185.56,  215.37,   -5.75, 44.5, 0.00, 3.50, 5.28
6, 13997, 13,   260.69, 7,    main,   -0.21,  87876.00, 1185.00,  214.81,   -5.77, 44.5, 0.00, 3.50, 5.28
6, 13997, 13,   260.79, 7,    main,   -0.22,  87883.00, 1184.35,  214.16,   -5.79, 44.5, 0.00, 3.50, 5.28
6, 13997, 13,   260.89, 7,    main,   -0.23,  87882.00, 1184.44,  214.25,   -5.81, 44.5, 0.00, 3.50, 5.28
6, 13997, 13,   260.99, 7,    main,   -0.23,  87891.00, 1183.60,  213.41,   -5.84, 44.5, 0.00, 3.50, 5.28
6, 13997, 13,   261.09, 7,    main,   -0.22,  87902.00, 1182.57,  212.38,   -5.86, 44.5, 0.00, 3.50, 5.28
6, 13997, 13,   261.19, 7,    main,   -0.22,  87910.00, 1181.83,  211.64,   -5.88, 44.5, 0.00, 3.50, 5.28
6, 13997, 13,   261.29, 7,    main,   -0.20,  87910.00, 1181.83,  211.64,   -5.91, 44.5, 0.00, 3.49, 5.28
6, 13997, 13,   261.39, 7,    main,   -0.18,  87914.00, 1181.45,  211.26,   -5.93, 44.5, 0.00, 3.50, 5.28
6, 13997, 13,   261.49, 7,    main,   -0.15,  87931.00, 1179.87,  209.67,   -5.95, 44.5, 0.00, 3.51, 5.28
6, 13997, 13,   261.59, 7,    main,   -0.12,  87934.00, 1179.59,  209.39,   -5.97, 44.5, 0.00, 3.51, 5.28
6, 13997, 13,   261.69, 7,    main,   -0.09,  87936.00, 1179.40,  209.21,   -5.98, 44.5, 0.00, 3.51, 5.28
6, 13997, 13,   261.79, 7,    main,   -0.06,  87947.00, 1178.37,  208.18,   -5.99, 44.5, 0.00, 3.51, 5.28
6, 13997, 13,   261.89, 7,    main,   -0.04,  87953.00, 1177.81,  207.62,   -5.99, 44.5, 0.00, 3.51, 5.28
6, 13997, 13,   261.99, 7,    main,   -0.02,  87956.00, 1177.53,  207.34,   -5.99, 44.5, 0.00, 3.51, 5.28
6, 13997, 13,   262.09, 7,    main,   -0.01,  87970.00, 1176.23,  206.03,   -5.99, 44.5, 0.00, 3.51, 5.28
6, 13997, 13,   262.19, 7,    main,   -0.01,  87972.00, 1176.04,  205.85,   -5.99, 44.5, 0.00, 3.51, 5.28
6, 13997, 13,   262.29, 7,    main,   -0.01,  87977.00, 1175.57,  205.38,   -6.00, 44.5, 0.00, 3.51, 5.28
6, 13997, 13,   262.39, 7,    main,   -0.02,  87990.00, 1174.36,  204.17,   -6.00, 44.5, 0.00, 3.51, 5.28
6, 13997, 13,   262.49, 7,    main,   -0.05,  87999.00, 1173.52,  203.33,   -5.99, 44.5, 0.00, 3.51, 5.28
6, 13997, 13,   262.59, 7,    main,   -0.08,  87996.00, 1173.80,  203.61,   -6.00, 44.5, 0.00, 3.51, 5.28
6, 13997, 13,   262.69, 7,    main,   -0.11,  88004.00, 1173.05,  202.86,   -6.00, 44.5, 0.00, 3.51, 5.28
6, 13997, 13,   262.79, 7,    main,   -0.15,  88009.00, 1172.59,  202.39,   -6.02, 44.5, 0.00, 3.51, 5.28
6, 13997, 13,   262.89, 7,    main,   -0.17,  88012.00, 1172.31,  202.11,   -6.03, 44.5, 0.00, 3.51, 5.28
6, 13997, 13,   262.99, 7,    main,   -0.19,  88023.00, 1171.28,  201.09,   -6.05, 44.5, 0.00, 3.51, 5.28
6, 13997, 13,   263.09, 7,    main,   -0.20,  88027.00, 1170.91,  200.72,   -6.07, 44.5, 0.00, 3.51, 5.28
6, 13997, 13,   263.19, 7,    main,   -0.20,  88034.00, 1170.25,  200.06,   -6.09, 44.5, 0.00, 3.51, 5.28
6, 13997, 13,   263.29, 7,    main,   -0.19,  88041.00, 1169.60,  199.41,   -6.12, 44.5, 0.00, 3.51, 5.28
6, 13997, 13,   263.39, 7,    main,   -0.17,  88048.00, 1168.95,  198.76,   -6.13, 44.5, 0.00, 3.51, 5.28
6, 13997, 13,   263.49, 7,    main,   -0.14,  88056.00, 1168.20,  198.01,   -6.15, 44.5, 0.00, 3.51, 5.28
6, 13997, 13,   263.59, 7,    main,   -0.10,  88064.00, 1167.46,  197.26,   -6.17, 44.5, 0.00, 3.51, 5.28
6, 13997, 13,   263.69, 7,    main,   -0.05,  88061.00, 1167.74,  197.54,   -6.18, 44.5, 0.00, 3.50, 5.28
6, 13997, 13,   263.79, 7,    main,   -0.00,  88074.00, 1166.52,  196.33,   -6.19, 44.5, 0.00, 3.50, 5.28
6, 13997, 13,   263.89, 7,    main,    0.04,  88082.00, 1165.78,  195.59,   -6.19, 44.5, 0.00, 3.50, 5.28
6, 13997, 13,   263.99, 7,    main,    0.09,  88087.00, 1165.31,  195.12,   -6.18, 44.5, 0.00, 3.50, 5.28
6, 13997, 13,   264.09, 7,    main,    0.13,  88098.00, 1164.29,  194.09,   -6.17, 44.5, 0.00, 3.51, 5.28
6, 13997, 13,   264.19, 7,    main,    0.16,  88105.00, 1163.63,  193.44,   -6.16, 44.5, 0.00, 3.51, 5.28
6, 13997, 13,   264.29, 7,    main,    0.19,  88116.00, 1162.61,  192.42,   -6.14, 44.5, 0.00, 3.50, 5.28
6, 13997, 13,   264.39, 7,    main,    0.21,  88113.00, 1162.89,  192.70,   -6.12, 44.5, 0.00, 3.51, 5.28
6, 13997, 13,   264.49, 7,    main,    0.21,  88122.00, 1162.05,  191.86,   -6.10, 44.5, 0.00, 3.51, 5.28
6, 13997, 13,   264.59, 7,    main,    0.21,  88130.00, 1161.30,  191.11,   -6.07, 44.5, 0.00, 3.50, 5.28
6, 13997, 13,   264.69, 7,    main,    0.20,  88139.00, 1160.46,  190.27,   -6.05, 44.5, 0.00, 3.50, 5.28
6, 13997, 13,   264.79, 7,    main,    0.17,  88146.00, 1159.81,  189.62,   -6.03, 44.5, 0.00, 3.50, 5.28
6, 13997, 13,   264.89, 7,    main,    0.14,  88157.00, 1158.79,  188.60,   -6.01, 44.5, 0.00, 3.50, 5.28
6, 13997, 13,   264.99, 7,    main,    0.10,  88155.00, 1158.97,  188.78,   -6.00, 44.5, 0.00, 3.51, 5.28
6, 13997, 13,   265.09, 7,    main,    0.07,  88159.00, 1158.60,  188.41,   -5.99, 44.5, 0.00, 3.50, 5.28
6, 13997, 13,   265.19, 7,    main,    0.03,  88163.00, 1158.23,  188.04,   -5.98, 44.5, 0.00, 3.50, 5.28
6, 13997, 13,   265.29, 7,    main,   -0.00,  88175.00, 1157.11,  186.92,   -5.98, 44.5, 0.00, 3.50, 5.28
6, 13997, 13,   265.39, 7,    main,   -0.03,  88174.00, 1157.20,  187.01,   -5.98, 44.5, 0.00, 3.50, 5.28
6, 13997, 13,   265.49, 7,    main,   -0.05,  88183.00, 1156.36,  186.17,   -5.98, 44.5, 0.00, 3.50, 5.28
6, 13997, 13,   265.59, 7,    main,   -0.06,  88194.00, 1155.34,  185.15,   -5.99, 44.5, 0.00, 3.50, 5.28
6, 13997, 13,   265.69, 7,    main,   -0.07,  88197.00, 1155.06,  184.87,   -6.00, 44.5, 0.00, 3.51, 5.28
6, 13997, 13,   265.79, 7,    main,   -0.06,  88204.00, 1154.41,  184.22,   -6.01, 44.5, 0.00, 3.50, 5.28
6, 13997, 13,   265.89, 7,    main,   -0.05,  88209.00, 1153.94,  183.75,   -6.01, 44.5, 0.00, 3.50, 5.28
6, 13997, 13,   265.99, 7,    main,   -0.02,  88221.00, 1152.83,  182.63,   -6.02, 44.5, 0.00, 3.50, 5.28
6, 13997, 13,   266.09, 7,    main,    0.01,  88225.00, 1152.45,  182.26,   -6.02, 44.5, 0.00, 3.50, 5.28
6, 13997, 13,   266.19, 7,    main,    0.05,  88229.00, 1152.08,  181.89,   -6.02, 44.5, 0.00, 3.50, 5.28
6, 13997, 13,   266.29, 7,    main,    0.08,  88240.00, 1151.06,  180.86,   -6.02, 44.4, 0.00, 3.49, 5.28
6, 13997, 13,   266.39, 7,    main,    0.11,  88249.00, 1150.22,  180.03,   -6.00, 44.5, 0.00, 3.50, 5.28
6, 13997, 13,   266.49, 7,    main,    0.13,  88252.00, 1149.94,  179.75,   -5.99, 44.4, 0.00, 3.50, 5.28
6, 13997, 13,   266.59, 7,    main,    0.15,  88258.00, 1149.38,  179.19,   -5.98, 44.4, 0.00, 3.50, 5.28
6, 13997, 13,   266.69, 7,    main,    0.16,  88268.00, 1148.45,  178.26,   -5.96, 44.4, 0.00, 3.50, 5.28
6, 13997, 13,   266.79, 7,    main,    0.17,  88272.00, 1148.08,  177.89,   -5.95, 44.4, 0.00, 3.50, 5.28
6, 13997, 13,   266.89, 7,    main,    0.16,  88278.00, 1147.52,  177.33,   -5.93, 44.4, 0.00, 3.50, 5.28
6, 13997, 13,   266.99, 7,    main,    0.15,  88282.00, 1147.15,  176.96,   -5.91, 44.4, 0.00, 3.51, 5.28
6, 13997, 13,   267.09, 7,    main,    0.12,  88293.00, 1146.12,  175.93,   -5.89, 44.4, 0.00, 3.50, 5.28
6, 13997, 13,   267.19, 7,    main,    0.09,  88292.00, 1146.22,  176.02,   -5.88, 44.4, 0.00, 3.50, 5.28
6, 13997, 13,   267.29, 7,    main,    0.06,  88304.00, 1145.10,  174.91,   -5.87, 44.4, 0.00, 3.50, 5.28
6, 13997, 13,   267.39, 7,    main,    0.03,  88307.00, 1144.82,  174.63,   -5.87, 44.4, 0.00, 3.50, 5.28
6, 13997, 13,   267.49, 7,    main,    0.01,  88315.00, 1144.08,  173.88,   -5.86, 44.4, 0.00, 3.50, 5.28
6, 13997, 13,   267.59, 7,    main,   -0.01,  88319.00, 1143.70,  173.51,   -5.87, 44.4, 0.00, 3.50, 5.28
6, 13997, 13,   267.69, 7,    main,   -0.01,  88334.00, 1142.31,  172.12,   -5.87, 44.4, 0.00, 3.50, 5.28
6, 13997, 13,   267.79, 7,    main,   -0.01,  88334.00, 1142.31,  172.12,   -5.87, 44.4, 0.00, 3.50, 5.28
6, 13997, 13,   267.89, 7,    main,    0.01,  88335.00, 1142.22,  172.02,   -5.87, 44.4, 0.00, 3.50, 5.28
6, 13997, 13,   267.99, 7,    main,    0.03,  88347.00, 1141.10,  170.91,   -5.88, 44.4, 0.00, 3.50, 5.28
6, 13997, 13,   268.09, 7,    main,    0.07,  88352.00, 1140.63,  170.44,   -5.87, 44.4, 0.00, 3.50, 5.28
6, 13997, 13,   268.19, 7,    main,    0.11,  88357.00, 1140.17,  169.98,   -5.87, 44.4, 0.00, 3.51, 5.28
6, 13997, 13,   268.29, 7,    main,    0.17,  88358.00, 1140.08,  169.88,   -5.86, 44.4, 0.00, 3.51, 5.28
6, 13997, 13,   268.39, 7,    main,    0.22,  88367.00, 1139.24,  169.05,   -5.84, 44.4, 0.00, 3.51, 5.28
6, 13997, 13,   268.49, 7,    main,    0.28,  88382.00, 1137.84,  167.65,   -5.82, 44.4, 0.00, 3.50, 5.28
6, 13997, 13,   268.59, 7,    main,    0.33,  88389.00, 1137.19,  167.00,   -5.79, 44.4, 0.00, 3.50, 5.28
6, 13997, 13,   268.69, 7,    main,    0.38,  88388.00, 1137.29,  167.09,   -5.76, 44.4, 0.00, 3.51, 5.28
6, 13997, 13,   268.79, 7,    main,    0.42,  88399.00, 1136.26,  166.07,   -5.72, 44.4, 0.00, 3.50, 5.28
6, 13997, 13,   268.89, 7,    main,    0.45,  88400.00, 1136.17,  165.98,   -5.68, 44.4, 0.00, 3.51, 5.28
6, 13997, 13,   268.99, 7,    main,    0.46,  88415.00, 1134.78,  164.58,   -5.63, 44.4, 0.00, 3.50, 5.28
6, 13997, 13,   269.09, 7,    main,    0.45,  88420.00, 1134.31,  164.12,   -5.58, 44.4, 0.00, 3.50, 5.28
6, 13997, 13,   269.19, 7,    main,    0.43,  88426.00, 1133.75,  163.56,   -5.53, 44.4, 0.00, 3.50, 5.28
6, 13997, 13,   269.29, 7,    main,    0.39,  88433.00, 1133.10,  162.91,   -5.49, 44.4, 0.00, 3.50, 5.28
6, 13997, 13,   269.39, 7,    main,    0.33,  88436.00, 1132.82,  162.63,   -5.44, 44.4, 0.00, 3.50, 5.28
6, 13997, 13,   269.49, 7,    main,    0.26,  88439.00, 1132.55,  162.35,   -5.41, 44.4, 0.00, 3.50, 5.28
6, 13997, 13,   269.59, 7,    main,    0.18,  88448.00, 1131.71,  161.52,   -5.38, 44.4, 0.00, 3.50, 5.28
6, 13997, 13,   269.69, 7,    main,    0.10,  88449.00, 1131.62,  161.42,   -5.37, 44.4, 0.00, 3.50, 5.28
6, 13997, 13,   269.79, 7,    main,    0.02,  88451.00, 1131.43,  161.24,   -5.35, 44.4, 0.00, 3.50, 5.28
6, 13997, 13,   269.89, 7,    main,   -0.07,  88466.00, 1130.04,  159.84,   -5.35, 44.4, 0.00, 3.50, 5.28
6, 13997, 13,   269.99, 7,    main,   -0.14,  88466.00, 1130.04,  159.84,   -5.36, 44.4, 0.00, 3.50, 5.28
6, 13997, 13,   270.09, 7,    main,   -0.22,  88471.00, 1129.57,  159.38,   -5.37, 44.4, 0.00, 3.50, 5.28
6, 13997, 13,   270.19, 7,    main,   -0.28,  88478.00, 1128.92,  158.73,   -5.40, 44.4, 0.00, 3.50, 5.28
6, 13997, 13,   270.29, 7,    main,   -0.34,  88481.00, 1128.64,  158.45,   -5.43, 44.4, 0.00, 3.50, 5.28
6, 13997, 13,   270.39, 7,    main,   -0.37,  88488.00, 1127.99,  157.80,   -5.46, 44.4, 0.00, 3.50, 5.28
6, 13997, 13,   270.49, 7,    main,   -0.38,  88493.00, 1127.53,  157.34,   -5.51, 44.4, 0.00, 3.50, 5.28
6, 13997, 13,   270.59, 7,    main,   -0.38,  88504.00, 1126.51,  156.31,   -5.55, 44.4, 0.00, 3.50, 5.28
6, 13997, 13,   270.69, 7,    main,   -0.36,  88504.00, 1126.51,  156.31,   -5.59, 44.4, 0.00, 3.50, 5.28
6, 13997, 13,   270.79, 7,    main,   -0.33,  88512.00, 1125.76,  155.57,   -5.63, 44.4, 0.00, 3.50, 5.28
6, 13997, 13,   270.89, 7,    main,   -0.28,  88518.00, 1125.21,  155.01,   -5.66, 44.4, 0.00, 3.50, 5.28
6, 13997, 13,   270.99, 7,    main,   -0.23,  88522.00, 1124.83,  154.64,   -5.69, 44.4, 0.00, 3.50, 5.28
6, 13997, 13,   271.09, 7,    main,   -0.16,  88532.00, 1123.91,  153.71,   -5.71, 44.4, 0.00, 3.50, 5.28
6, 13997, 13,   271.19, 7,    main,   -0.09,  88540.00, 1123.16,  152.97,   -5.73, 44.4, 0.00, 3.50, 5.28
6, 13997, 13,   271.29, 7,    main,   -0.02,  88544.00, 1122.79,  152.60,   -5.74, 44.4, 0.00, 3.50, 5.28
6, 13997, 13,   271.39, 7,    main,    0.05,  88549.00, 1122.33,  152.14,   -5.74, 44.4, 0.00, 3.49, 5.28
6, 13997, 13,   271.49, 7,    main,    0.11,  88560.00, 1121.31,  151.12,   -5.73, 44.4, 0.00, 3.50, 5.28
6, 13997, 13,   271.59, 7,    main,    0.16,  88568.00, 1120.56,  150.37,   -5.73, 44.4, 0.00, 3.50, 5.28
6, 13997, 13,   271.69, 7,    main,    0.20,  88575.00, 1119.91,  149.72,   -5.71, 44.4, 0.00, 3.50, 5.28
6, 13997, 13,   271.79, 7,    main,    0.23,  88576.00, 1119.82,  149.63,   -5.68, 44.4, 0.00, 3.50, 5.28
6, 13997, 13,   271.89, 7,    main,    0.26,  88585.00, 1118.99,  148.79,   -5.66, 44.4, 0.00, 3.50, 5.28
6, 13997, 13,   271.99, 7,    main,    0.28,  88592.00, 1118.34,  148.14,   -5.63, 44.4, 0.00, 3.50, 5.28
6, 13997, 13,   272.09, 7,    main,    0.29,  88588.00, 1118.71,  148.52,   -5.60, 44.3, 0.00, 3.50, 5.28
6, 13997, 13,   272.19, 7,    main,    0.29,  88607.00, 1116.94,  146.75,   -5.57, 44.4, 0.00, 3.50, 5.28
6, 13997, 13,   272.29, 7,    main,    0.29,  88606.00, 1117.04,  146.85,   -5.54, 44.4, 0.00, 3.50, 5.28
6, 13997, 13,   272.39, 7,    main,    0.28,  88611.00, 1116.57,  146.38,   -5.51, 44.3, 0.00, 3.50, 5.28
6, 13997, 13,   272.49, 7,    main,    0.26,  88621.00, 1115.65,  145.45,   -5.48, 44.3, 0.00, 3.50, 5.28
6, 13997, 13,   272.59, 7,    main,    0.25,  88620.00, 1115.74,  145.55,   -5.46, 44.3, 0.00, 3.50, 5.28
6, 13997, 13,   272.69, 7,    main,    0.24,  88630.00, 1114.81,  144.62,   -5.43, 44.3, 0.00, 3.50, 5.28
6, 13997, 13,   272.79, 7,    main,    0.23,  88638.00, 1114.07,  143.88,   -5.41, 44.3, 0.00, 3.50, 5.28
6, 13997, 13,   272.89, 7,    main,    0.23,  88639.00, 1113.98,  143.78,   -5.39, 44.3, 0.00, 3.50, 5.28
6, 13997, 13,   272.99, 7,    main,    0.23,  88648.00, 1113.14,  142.95,   -5.36, 44.3, 0.00, 3.50, 5.28
6, 13997, 13,   273.09, 7,    main,    0.22,  88655.00, 1112.49,  142.30,   -5.34, 44.3, 0.00, 3.49, 5.28
6, 13997, 13,   273.19, 7,    main,    0.22,  88661.00, 1111.93,  141.74,   -5.32, 44.3, 0.00, 3.50, 5.28
6, 13997, 13,   273.29, 7,    main,    0.21,  88666.00, 1111.47,  141.28,   -5.30, 44.3, 0.00, 3.50, 5.28
6, 13997, 13,   273.39, 7,    main,    0.20,  88669.00, 1111.19,  141.00,   -5.28, 44.3, 0.00, 3.49, 5.28
6, 13997, 13,   273.49, 7,    main,    0.19,  88677.00, 1110.45,  140.26,   -5.26, 44.3, 0.00, 3.50, 5.28
6, 13997, 13,   273.59, 7,    main,    0.18,  88685.00, 1109.71,  139.52,   -5.24, 44.3, 0.00, 3.50, 5.28
6, 13997, 13,   273.69, 7,    main,    0.17,  88687.00, 1109.52,  139.33,   -5.22, 44.3, 0.00, 3.49, 5.28
6, 13997, 13,   273.79, 7,    main,    0.16,  88693.00, 1108.97,  138.78,   -5.20, 44.3, 0.00, 3.50, 5.28
6, 13997, 13,   273.89, 7,    main,    0.15,  88704.00, 1107.95,  137.76,   -5.19, 44.3, 0.00, 3.50, 5.28
6, 13997, 13,   273.99, 7,    main,    0.14,  88700.00, 1108.32,  138.13,   -5.17, 44.3, 0.00, 3.49, 5.28
6, 13997, 13,   274.09, 7,    main,    0.12,  88711.00, 1107.30,  137.11,   -5.15, 44.3, 0.00, 3.50, 5.28
6, 13997, 13,   274.19, 7,    main,    0.10,  88716.00, 1106.84,  136.64,   -5.14, 44.3, 0.00, 3.49, 5.28
6, 13997, 13,   274.29, 7,    main,    0.08,  88721.00, 1106.37,  136.18,   -5.13, 44.3, 0.00, 3.49, 5.28
6, 13997, 13,   274.39, 7,    main,    0.06,  88729.00, 1105.63,  135.44,   -5.13, 44.3, 0.00, 3.50, 5.28
6, 13997, 13,   274.49, 7,    main,    0.06,  88730.00, 1105.54,  135.35,   -5.12, 44.3, 0.00, 3.49, 5.28
6, 13997, 13,   274.59, 7,    main,    0.05,  88741.00, 1104.52,  134.33,   -5.12, 44.3, 0.00, 3.50, 5.28
6, 13997, 13,   274.69, 7,    main,    0.06,  88742.00, 1104.43,  134.23,   -5.11, 44.3, 0.00, 3.50, 5.28
6, 13997, 13,   274.79, 7,    main,    0.08,  88753.00, 1103.41,  133.21,   -5.11, 44.3, 0.00, 3.50, 5.28
6, 13997, 13,   274.89, 7,    main,    0.10,  88754.00, 1103.31,  133.12,   -5.10, 44.3, 0.00, 3.49, 5.28
6, 13997, 13,   274.99, 7,    main,    0.13,  88753.00, 1103.41,  133.21,   -5.09, 44.3, 0.00, 3.50, 5.28
6, 13997, 13,   275.09, 7,    main,    0.16,  88761.00, 1102.66,  132.47,   -5.08, 44.3, 0.00, 3.50, 5.28
6, 13997, 13,   275.19, 7,    main,    0.19,  88771.00, 1101.74,  131.55,   -5.07, 44.3, 0.00, 3.50, 5.28
6, 13997, 13,   275.29, 7,    main,    0.22,  88771.00, 1101.74,  131.55,   -5.05, 44.3, 0.00, 3.50, 5.28
6, 13997, 13,   275.39, 7,    main,    0.25,  88782.00, 1100.72,  130.53,   -5.02, 44.3, 0.00, 3.50, 5.28
6, 13997, 13,   275.49, 7,    main,    0.28,  88789.00, 1100.07,  129.88,   -5.00, 44.3, 0.00, 3.50, 5.28
6, 13997, 13,   275.59, 7,    main,    0.29,  88796.00, 1099.42,  129.23,   -4.97, 44.3, 0.00, 3.50, 5.28
6, 13997, 13,   275.69, 7,    main,    0.30,  88803.00, 1098.77,  128.58,   -4.94, 44.3, 0.00, 3.50, 5.28
6, 13997, 13,   275.79, 7,    main,    0.29,  88804.00, 1098.68,  128.49,   -4.91, 44.3, 0.00, 3.50, 5.28
6, 13997, 13,   275.89, 7,    main,    0.28,  88814.00, 1097.75,  127.56,   -4.88, 44.3, 0.00, 3.49, 5.28
6, 13997, 13,   275.99, 7,    main,    0.25,  88815.00, 1097.66,  127.47,   -4.85, 44.3, 0.00, 3.50, 5.28
6, 13997, 13,   276.09, 7,    main,    0.21,  88817.00, 1097.48,  127.29,   -4.82, 44.3, 0.00, 3.50, 5.28
6, 13997, 13,   276.19, 7,    main,    0.16,  88824.00, 1096.83,  126.64,   -4.80, 44.3, 0.00, 3.50, 5.28
6, 13997, 13,   276.29, 7,    main,    0.10,  88832.00, 1096.09,  125.90,   -4.78, 44.3, 0.00, 3.50, 5.28
6, 13997, 13,   276.39, 7,    main,    0.04,  88839.00, 1095.44,  125.25,   -4.77, 44.3, 0.00, 3.49, 5.28
6, 13997, 13,   276.49, 7,    main,   -0.02,  88842.00, 1095.16,  124.97,   -4.77, 44.3, 0.00, 3.49, 5.28
6, 13997, 13,   276.59, 7,    main,   -0.07,  88848.00, 1094.61,  124.41,   -4.77, 44.3, 0.00, 3.50, 5.28
6, 13997, 13,   276.69, 7,    main,   -0.13,  88846.00, 1094.79,  124.60,   -4.77, 44.3, 0.00, 3.49, 5.28
6, 13997, 13,   276.79, 7,    main,   -0.18,  88854.00, 1094.05,  123.86,   -4.79, 44.3, 0.00, 3.49, 5.28
6, 13997, 13,   276.89, 7,    main,   -0.22,  88862.00, 1093.31,  123.12,   -4.81, 44.3, 0.00, 3.49, 5.28
6, 13997, 13,   276.99, 7,    main,   -0.25,  88858.00, 1093.68,  123.49,   -4.83, 44.3, 0.00, 3.49, 5.28
6, 13997, 13,   277.09, 7,    main,   -0.28,  88867.00, 1092.85,  122.66,   -4.85, 44.3, 0.00, 3.49, 5.28
6, 13997, 13,   277.19, 7,    main,   -0.29,  88872.00, 1092.38,  122.19,   -4.89, 44.3, 0.00, 3.49, 5.28
6, 13997, 13,   277.29, 7,    main,   -0.30,  88876.00, 1092.01,  121.82,   -4.92, 44.3, 0.00, 3.49, 5.28
6, 13997, 13,   277.39, 7,    main,   -0.29,  88886.00, 1091.09,  120.90,   -4.95, 44.3, 0.00, 3.49, 5.28
6, 13997, 13,   277.49, 7,    main,   -0.26,  88891.00, 1090.63,  120.43,   -4.98, 44.3, 0.00, 3.49, 5.28
6, 13997, 13,   277.59, 7,    main,   -0.23,  88889.00, 1090.81,  120.62,   -5.01, 44.3, 0.00, 3.49, 5.28
6, 13997, 13,   277.69, 7,    main,   -0.19,  88909.00, 1088.96,  118.77,   -5.03, 44.3, 0.00, 3.49, 5.28
6, 13997, 13,   277.79, 7,    main,   -0.15,  88906.00, 1089.24,  119.05,   -5.05, 44.3, 0.00, 3.49, 5.28
6, 13997, 13,   277.89, 7,    main,   -0.10,  88913.00, 1088.59,  118.40,   -5.07, 44.3, 0.00, 3.49, 5.28
6, 13997, 13,   277.99, 7,    main,   -0.06,  88922.00, 1087.76,  117.57,   -5.08, 44.3, 0.00, 3.49, 5.28
6, 13997, 13,   278.09, 7,    main,   -0.03,  88926.00, 1087.39,  117.20,   -5.08, 44.2, 0.00, 3.49, 5.28
6, 13997, 13,   278.19, 7,    main,    0.00,  88929.00, 1087.11,  116.92,   -5.08, 44.2, 0.00, 3.49, 5.28
6, 13997, 13,   278.29, 7,    main,    0.02,  88938.00, 1086.28,  116.09,   -5.08, 44.2, 0.00, 3.49, 5.28
6, 13997, 13,   278.39, 7,    main,    0.04,  88943.00, 1085.81,  115.62,   -5.08, 44.2, 0.00, 3.49, 5.28
6, 13997, 13,   278.49, 7,    main,    0.05,  88953.00, 1084.89,  114.70,   -5.07, 44.2, 0.00, 3.49, 5.28
6, 13997, 13,   278.59, 7,    main,    0.05,  88949.00, 1085.26,  115.07,   -5.07, 44.2, 0.00, 3.49, 5.28
6, 13997, 13,   278.69, 7,    main,    0.05,  88954.00, 1084.80,  114.61,   -5.06, 44.2, 0.00, 3.49, 5.28
6, 13997, 13,   278.79, 7,    main,    0.04,  88964.00, 1083.87,  113.68,   -5.06, 44.2, 0.00, 3.49, 5.28
6, 13997, 13,   278.89, 7,    main,    0.02,  88972.00, 1083.13,  112.94,   -5.05, 44.2, 0.00, 3.49, 5.28
6, 13997, 13,   278.99, 7,    main,   -0.00,  88969.00, 1083.41,  113.22,   -5.05, 44.2, 0.00, 3.49, 5.28
6, 13997, 13,   279.09, 7,    main,   -0.03,  88978.00, 1082.58,  112.39,   -5.04, 44.2, 0.00, 3.49, 5.28
6, 13997, 13,   279.19, 7,    main,   -0.06,  88986.00, 1081.84,  111.65,   -5.05, 44.2, 0.00, 3.49, 5.28
6, 13997, 13,   279.29, 7,    main,   -0.09,  88990.00, 1081.47,  111.28,   -5.05, 44.2, 0.00, 3.49, 5.28
6, 13997, 13,   279.39, 7,    main,   -0.12,  88991.00, 1081.37,  111.18,   -5.07, 44.2, 0.00, 3.49, 5.28
6, 13997, 13,   279.49, 7,    main,   -0.14,  89000.00, 1080.54,  110.35,   -5.08, 44.2, 0.00, 3.49, 5.28
6, 13997, 13,   279.59, 7,    main,   -0.16,  89005.00, 1080.08,  109.89,   -5.09, 44.2, 0.00, 3.49, 5.28
6, 13997, 13,   279.69, 7,    main,   -0.18,  89016.00, 1079.06,  108.87,   -5.11, 44.2, 0.00, 3.49, 5.28
6, 13997, 13,   279.79, 7,    main,   -0.18,  89018.00, 1078.88,  108.69,   -5.13, 44.2, 0.00, 3.49, 5.28
6, 13997, 13,   279.89, 7,    main,   -0.18,  89024.00, 1078.32,  108.13,   -5.15, 44.2, 0.00, 3.49, 5.28
6, 13997, 13,   279.99, 7,    main,   -0.18,  89026.00, 1078.14,  107.95,   -5.16, 44.2, 0.00, 3.49, 5.28
6, 13997, 13,   280.09, 7,    main,   -0.17,  89033.00, 1077.49,  107.30,   -5.18, 44.2, 0.00, 3.49, 5.28
6, 13997, 13,   280.19, 7,    main,   -0.15,  89039.00, 1076.94,  106.75,   -5.20, 44.2, 0.00, 3.49, 5.28
6, 13997, 13,   280.29, 7,    main,   -0.13,  89049.00, 1076.01,  105.82,   -5.22, 44.2, 0.00, 3.49, 5.28
6, 13997, 13,   280.39, 7,    main,   -0.11,  89049.00, 1076.01,  105.82,   -5.23, 44.2, 0.00, 3.49, 5.28
6, 13997, 13,   280.49, 7,    main,   -0.08,  89054.00, 1075.55,  105.36,   -5.25, 44.2, 0.00, 3.49, 5.28
6, 13997, 13,   280.59, 7,    main,   -0.05,  89062.00, 1074.81,  104.62,   -5.25, 44.2, 0.00, 3.49, 5.28
6, 13997, 13,   280.69, 7,    main,   -0.02,  89073.00, 1073.80,  103.60,   -5.26, 44.2, 0.00, 3.49, 5.28
6, 13997, 13,   280.79, 7,    main,    0.02,  89071.00, 1073.98,  103.79,   -5.26, 44.2, 0.00, 3.49, 5.28
6, 13997, 13,   280.89, 7,    main,    0.05,  89075.00, 1073.61,  103.42,   -5.26, 44.2, 0.00, 3.49, 5.28
6, 13997, 13,   280.99, 7,    main,    0.08,  89085.00, 1072.69,  102.49,   -5.25, 44.2, 0.00, 3.49, 5.28
6, 13997, 13,   281.09, 7,    main,    0.11,  89088.00, 1072.41,  102.22,   -5.24, 44.2, 0.00, 3.49, 5.28
6, 13997, 13,   281.19, 7,    main,    0.13,  89099.00, 1071.39,  101.20,   -5.23, 44.2, 0.00, 3.49, 5.28
6, 13997, 13,   281.29, 7,    main,    0.15,  89104.00, 1070.93,  100.74,   -5.22, 44.2, 0.00, 3.49, 5.28
6, 13997, 13,   281.39, 7,    main,    0.17,  89110.00, 1070.38,  100.19,   -5.20, 44.2, 0.00, 3.49, 5.28
6, 13997, 13,   281.49, 7,    main,    0.19,  89112.00, 1070.19,  100.00,   -5.18, 44.2, 0.00, 3.49, 5.28
6, 13997, 13,   281.59, 7,    main,    0.20,  89121.00, 1069.36,   99.17,   -5.16, 44.2, 0.00, 3.49, 5.28
6, 13997, 13,   281.69, 7,    main,    0.21,  89126.00, 1068.90,   98.71,   -5.14, 44.2, 0.00, 3.49, 5.28
6, 13997, 13,   281.79, 7,    main,    0.22,  89137.00, 1067.88,   97.69,   -5.12, 44.2, 0.00, 3.49, 5.28
6, 13997, 13,   281.89, 7,    main,    0.21,  89138.00, 1067.79,   97.60,   -5.10, 44.2, 0.00, 3.49, 5.28
6, 13997, 13,   281.99, 7,    main,    0.20,  89139.00, 1067.70,   97.51,   -5.07, 44.2, 0.00, 3.49, 5.28
6, 13997, 13,   282.09, 7,    main,    0.18,  89150.00, 1066.68,   96.49,   -5.05, 44.2, 0.00, 3.49, 5.28
6, 13997, 13,   282.19, 7,    main,    0.15,  89151.00, 1066.59,   96.40,   -5.03, 44.2, 0.00, 3.49, 5.28
6, 13997, 13,   282.29, 7,    main,    0.12,  89158.00, 1065.94,   95.75,   -5.02, 44.2, 0.00, 3.49, 5.28
6, 13997, 13,   282.39, 7,    main,    0.09,  89161.00, 1065.67,   95.48,   -5.01, 44.2, 0.00, 3.49, 5.28
6, 13997, 13,   282.49, 7,    main,    0.07,  89174.00, 1064.47,   94.28,   -5.00, 44.2, 0.00, 3.49, 5.28
6, 13997, 13,   282.59, 7,    main,    0.04,  89174.00, 1064.47,   94.28,   -4.99, 44.2, 0.00, 3.49, 5.28
6, 13997, 13,   282.69, 7,    main,    0.02,  89179.00, 1064.01,   93.81,   -4.99, 44.2, 0.00, 3.49, 5.28
6, 13997, 13,   282.79, 7,    main,   -0.00,  89179.00, 1064.01,   93.81,   -4.99, 44.2, 0.00, 3.49, 5.28
6, 13997, 13,   282.89, 7,    main,   -0.03,  89190.00, 1062.99,   92.80,   -4.98, 44.2, 0.00, 3.49, 5.28
6, 13997, 13,   282.99, 7,    main,   -0.05,  89196.00, 1062.44,   92.25,   -4.99, 44.2, 0.00, 3.49, 5.28
6, 13997, 13,   283.09, 7,    main,   -0.08,  89196.00, 1062.44,   92.25,   -4.99, 44.2, 0.00, 3.49, 5.28
6, 13997, 13,   283.19, 7,    main,   -0.10,  89212.00, 1060.96,   90.77,   -5.00, 44.2, 0.00, 3.49, 5.28
6, 13997, 13,   283.29, 7,    main,   -0.11,  89214.00, 1060.78,   90.58,   -5.01, 44.2, 0.00, 3.49, 5.28
6, 13997, 13,   283.39, 7,    main,   -0.12,  89217.00, 1060.50,   90.31,   -5.02, 44.2, 0.00, 3.49, 5.28
6, 13997, 13,   283.49, 7,    main,   -0.13,  89223.00, 1059.94,   89.75,   -5.04, 44.2, 0.00, 3.49, 5.28
6, 13997, 13,   283.59, 7,    main,   -0.13,  89229.00, 1059.39,   89.20,   -5.05, 44.2, 0.00, 3.49, 5.28
6, 13997, 13,   283.69, 7,    main,   -0.12,  89230.00, 1059.30,   89.11,   -5.06, 44.2, 0.00, 3.49, 5.28
6, 13997, 13,   283.79, 7,    main,   -0.11,  89240.00, 1058.38,   88.18,   -5.08, 44.2, 0.00, 3.49, 5.28
6, 13997, 13,   283.89, 7,    main,   -0.10,  89244.00, 1058.01,   87.82,   -5.09, 44.2, 0.00, 3.49, 5.28
6, 13997, 13,   283.99, 7,    main,   -0.08,  89245.00, 1057.92,   87.72,   -5.10, 44.2, 0.00, 3.49, 5.28
6, 13997, 13,   284.09, 7,    main,   -0.06,  89256.00, 1056.90,   86.71,   -5.11, 44.2, 0.00, 3.49, 5.28
6, 13997, 13,   284.19, 7,    main,   -0.04,  89263.00, 1056.25,   86.06,   -5.11, 44.2, 0.00, 3.49, 5.28
6, 13997, 13,   284.29, 7,    main,   -0.02,  89267.00, 1055.89,   85.69,   -5.12, 44.2, 0.00, 3.49, 5.28
6, 13997, 13,   284.39, 7,    main,   -0.00,  89275.00, 1055.15,   84.96,   -5.12, 44.2, 0.00, 3.49, 5.28
6, 13997, 13,   284.49, 7,    main,    0.02,  89282.00, 1054.50,   84.31,   -5.12, 44.2, 0.00, 3.49, 5.28
6, 13997, 13,   284.59, 7,    main,    0.05,  89282.00, 1054.50,   84.31,   -5.12, 44.2, 0.00, 3.49, 5.28
6, 13997, 13,   284.69, 7,    main,    0.08,  89285.00, 1054.23,   84.03,   -5.12, 44.2, 0.00, 3.48, 5.28
6, 13997, 13,   284.79, 7,    main,    0.10,  89293.00, 1053.49,   83.30,   -5.11, 44.2, 0.00, 3.49, 5.28
6, 13997, 13,   284.89, 7,    main,    0.12,  89298.00, 1053.03,   82.84,   -5.10, 44.2, 0.00, 3.49, 5.28
6, 13997, 13,   284.99, 7,    main,    0.13,  89306.00, 1052.29,   82.10,   -5.08, 44.2, 0.00, 3.49, 5.28
6, 13997, 13,   285.09, 7,    main,    0.13,  89308.00, 1052.10,   81.91,   -5.07, 44.2, 0.00, 3.49, 5.28
6, 13997, 13,   285.19, 7,    main,    0.14,  89318.00, 1051.18,   80.99,   -5.06, 44.2, 0.00, 3.49, 5.28
6, 13997, 13,   285.29, 7,    main,    0.14,  89325.00, 1050.54,   80.35,   -5.04, 44.2, 0.00, 3.48, 5.28
6, 13997, 13,   285.39, 7,    main,    0.13,  89334.00, 1049.71,   79.52,   -5.03, 44.2, 0.00, 3.48, 5.28
6, 13997, 13,   285.49, 7,    main,    0.11,  89335.00, 1049.62,   79.42,   -5.01, 44.2, 0.00, 3.48, 5.28
6, 13997, 13,   285.59, 7,    main,    0.08,  89339.00, 1049.25,   79.06,   -5.00, 44.2, 0.00, 3.49, 5.28
6, 13997, 13,   285.69, 7,    main,    0.04,  89349.00, 1048.33,   78.13,   -4.99, 44.1, 0.00, 3.48, 5.28
6, 13997, 13,   285.79, 7,    main,    0.00,  89348.00, 1048.42,   78.23,   -4.99, 44.2, 0.00, 3.48, 5.28
6, 13997, 13,   285.89, 7,    main,   -0.04,  89354.00, 1047.86,   77.67,   -4.99, 44.1, 0.00, 3.49, 5.28
6, 13997, 13,   285.99, 7,    main,   -0.09,  89359.00, 1047.40,   77.21,   -4.99, 44.1, 0.00, 3.49, 5.28
6, 13997, 13,   286.09, 7,    main,   -0.13,  89369.00, 1046.48,   76.29,   -5.00, 44.1, 0.00, 3.48, 5.28
6, 13997, 13,   286.19, 7,    main,   -0.18,  89368.00, 1046.57,   76.38,   -5.01, 44.1, 0.00, 3.48, 5.28
6, 13997, 13,   286.29, 7,    main,   -0.21,  89372.00, 1046.21,   76.01,   -5.03, 44.1, 0.00, 3.48, 5.28
6, 13997, 13,   286.39, 7,    main,   -0.23,  89381.00, 1045.38,   75.18,   -5.05, 44.1, 0.00, 3.48, 5.28
6, 13997, 13,   286.49, 7,    main,   -0.24,  89386.00, 1044.92,   74.72,   -5.08, 44.1, 0.00, 3.48, 5.28
6, 13997, 13,   286.59, 7,    main,   -0.25,  89393.00, 1044.27,   74.08,   -5.11, 44.1, 0.00, 3.48, 5.28
6, 13997, 13,   286.69, 7,    main,   -0.25,  89402.00, 1043.44,   73.25,   -5.13, 44.1, 0.00, 3.48, 5.28
6, 13997, 13,   286.79, 7,    main,   -0.24,  89398.00, 1043.81,   73.62,   -5.16, 44.1, 0.00, 3.48, 5.28
6, 13997, 13,   286.89, 7,    main,   -0.23,  89408.00, 1042.89,   72.70,   -5.18, 44.1, 0.00, 3.48, 5.28
6, 13997, 13,   286.99, 7,    main,   -0.21,  89409.00, 1042.80,   72.61,   -5.20, 44.1, 0.00, 3.48, 5.28
6, 13997, 13,   287.09, 7,    main,   -0.19,  89419.00, 1041.88,   71.68,   -5.23, 44.1, 0.00, 3.48, 5.28
6, 13997, 13,   287.19, 7,    main,   -0.16,  89432.00, 1040.68,   70.49,   -5.25, 44.1, 0.00, 3.48, 5.28
6, 13997, 13,   287.29, 7,    main,   -0.12,  89432.00, 1040.68,   70.49,   -5.26, 44.1, 0.00, 3.48, 5.28
6, 13997, 13,   287.39, 7,    main,   -0.09,  89431.00, 1040.77,   70.58,   -5.28, 44.1, 0.00, 3.48, 5.28
6, 13997, 13,   287.49, 7,    main,   -0.06,  89442.00, 1039.76,   69.57,   -5.28, 44.1, 0.00, 3.48, 5.28
6, 13997, 13,   287.59, 7,    main,   -0.03,  89455.00, 1038.56,   68.37,   -5.29, 44.1, 0.00, 3.48, 5.28
6, 13997, 13,   287.69, 7,    main,   -0.01,  89456.00, 1038.47,   68.28,   -5.29, 44.1, 0.00, 3.48, 5.28
6, 13997, 13,   287.79, 7,    main,   -0.00,  89466.00, 1037.55,   67.36,   -5.29, 44.1, 0.00, 3.48, 5.28
6, 13997, 13,   287.89, 7,    main,   -0.01,  89467.00, 1037.46,   67.26,   -5.29, 44.1, 0.00, 3.48, 5.28
6, 13997, 13,   287.99, 7,    main,   -0.02,  89469.00, 1037.27,   67.08,   -5.29, 44.1, 0.00, 3.48, 5.28
6, 13997, 13,   288.09, 7,    main,   -0.04,  89481.00, 1036.17,   65.97,   -5.29, 44.1, 0.00, 3.48, 5.28
6, 13997, 13,   288.19, 7,    main,   -0.07,  89486.00, 1035.71,   65.51,   -5.29, 44.1, 0.00, 3.48, 5.28
6, 13997, 13,   288.29, 7,    main,   -0.11,  89490.00, 1035.34,   65.15,   -5.29, 44.1, 0.00, 3.48, 5.28
6, 13997, 13,   288.39, 7,    main,   -0.15,  89496.00, 1034.79,   64.59,   -5.30, 44.1, 0.00, 3.48, 5.28
6, 13997, 13,   288.49, 7,    main,   -0.20,  89507.00, 1033.77,   63.58,   -5.32, 44.1, 0.00, 3.48, 5.28
6, 13997, 13,   288.59, 7,    main,   -0.25,  89503.00, 1034.14,   63.95,   -5.34, 44.1, 0.00, 3.48, 5.28
6, 13997, 13,   288.69, 7,    main,   -0.29,  89507.00, 1033.77,   63.58,   -5.37, 44.1, 0.00, 3.48, 5.28
6, 13997, 13,   288.79, 7,    main,   -0.34,  89518.00, 1032.76,   62.57,   -5.39, 44.1, 0.00, 3.48, 5.28
6, 13997, 13,   288.89, 7,    main,   -0.38,  89523.00, 1032.30,   62.11,   -5.43, 44.1, 0.00, 3.48, 5.28
6, 13997, 13,   288.99, 7,    main,   -0.42,  89524.00, 1032.21,   62.02,   -5.47, 44.1, 0.00, 3.48, 5.28
6, 13997, 13,   289.09, 7,    main,   -0.44,  89536.00, 1031.10,   60.91,   -5.51, 44.1, 0.00, 3.48, 5.28
6, 13997, 13,   289.19, 7,    main,   -0.46,  89540.00, 1030.74,   60.54,   -5.56, 44.1, 0.00, 3.48, 5.28
6, 13997, 13,   289.29, 7,    main,   -0.46,  89552.00, 1029.63,   59.44,   -5.61, 44.1, 0.00, 3.48, 5.28
6, 13997, 13,   289.39, 7,    main,   -0.45,  89550.00, 1029.82,   59.62,   -5.65, 44.1, 0.00, 3.48, 5.28
6, 13997, 13,   289.49, 7,    main,   -0.43,  89558.00, 1029.08,   58.89,   -5.70, 44.1, 0.00, 3.48, 5.28
6, 13997, 13,   289.59, 7,    main,   -0.41,  89564.00, 1028.53,   58.34,   -5.75, 44.1, 0.00, 3.48, 5.28
6, 13997, 13,   289.69, 7,    main,   -0.36,  89571.00, 1027.88,   57.69,   -5.79, 44.1, 0.00, 3.48, 5.28
6, 13997, 13,   289.79, 7,    main,   -0.31,  89584.00, 1026.69,   56.50,   -5.83, 44.1, 0.00, 3.48, 5.28
6, 13997, 13,   289.89, 7,    main,   -0.25,  89583.00, 1026.78,   56.59,   -5.86, 44.1, 0.00, 3.48, 5.28
6, 13997, 13,   289.99, 7,    main,   -0.19,  89587.00, 1026.41,   56.22,   -5.88, 44.1, 0.00, 3.48, 5.28
6, 13997, 13,   290.09, 7,    main,   -0.12,  89599.00, 1025.31,   55.12,   -5.90, 44.1, 0.00, 3.48, 5.28
6, 13997, 13,   290.19, 7,    main,   -0.05,  89605.00, 1024.76,   54.57,   -5.92, 44.1, 0.00, 3.48, 5.28
6, 13997, 13,   290.29, 7,    main,    0.02,  89607.00, 1024.57,   54.38,   -5.92, 44.1, 0.00, 3.48, 5.28
6, 13997, 13,   290.39, 7,    main,    0.09,  89619.00, 1023.47,   53.28,   -5.92, 44.1, 0.00, 3.48, 5.28
6, 13997, 13,   290.49, 7,    main,    0.15,  89626.00, 1022.83,   52.64,   -5.91, 44.1, 0.00, 3.48, 5.28
6, 13997, 13,   290.59, 7,    main,    0.21,  89632.00, 1022.28,   52.08,   -5.90, 44.1, 0.00, 3.48, 5.28
6, 13997, 13,   290.69, 7,    main,    0.26,  89634.00, 1022.09,   51.90,   -5.87, 44.1, 0.00, 3.48, 5.28
6, 13997, 13,   290.79, 7,    main,    0.31,  89645.00, 1021.08,   50.89,   -5.84, 44.1, 0.00, 3.48, 5.28
6, 13997, 13,   290.89, 7,    main,    0.35,  89654.00, 1020.25,   50.06,   -5.82, 44.1, 0.00, 3.48, 5.28
6, 13997, 13,   290.99, 7,    main,    0.39,  89656.00, 1020.07,   49.88,   -5.78, 44.1, 0.00, 3.48, 5.28
6, 13997, 13,   291.09, 7,    main,    0.42,  89668.00, 1018.97,   48.77,   -5.74, 44.1, 0.00, 3.48, 5.28
6, 13997, 13,   291.19, 7,    main,    0.44,  89673.00, 1018.51,   48.32,   -5.69, 44.1, 0.00, 3.48, 5.28
6, 13997, 13,   291.29, 7,    main,    0.46,  89674.00, 1018.41,   48.22,   -5.65, 44.1, 0.00, 3.48, 5.28
6, 13997, 13,   291.39, 7,    main,    0.47,  89680.00, 1017.86,   47.67,   -5.60, 44.1, 0.00, 3.48, 5.28
6, 13997, 13,   291.49, 7,    main,    0.47,  89687.00, 1017.22,   47.03,   -5.56, 44.1, 0.00, 3.48, 5.28
6, 13997, 13,   291.59, 7,    main,    0.47,  89698.00, 1016.21,   46.02,   -5.50, 44.1, 0.00, 3.48, 5.28
6, 13997, 13,   291.69, 7,    main,    0.46,  89698.00, 1016.21,   46.02,   -5.46, 44.1, 0.00, 3.48, 5.28
6, 13997, 13,   291.79, 7,    main,    0.44,  89709.00, 1015.20,   45.01,   -5.41, 44.1, 0.00, 3.48, 5.28
6, 13997, 13,   291.89, 7,    main,    0.42,  89714.00, 1014.74,   44.55,   -5.37, 44.1, 0.00, 3.48, 5.28
6, 13997, 13,   291.99, 7,    main,    0.39,  89712.00, 1014.92,   44.73,   -5.32, 44.1, 0.00, 3.48, 5.28
6, 13997, 13,   292.09, 7,    main,    0.36,  89725.00, 1013.73,   43.54,   -5.28, 44.1, 0.00, 3.48, 5.28
6, 13997, 13,   292.19, 7,    main,    0.33,  89731.00, 1013.18,   42.99,   -5.25, 44.1, 0.00, 3.47, 5.28
6, 13997, 13,   292.29, 7,    main,    0.29,  89734.00, 1012.90,   42.71,   -5.21, 44.1, 0.00, 3.48, 5.28
6, 13997, 13,   292.39, 7,    main,    0.25,  89739.00, 1012.44,   42.25,   -5.19, 44.1, 0.00, 3.47, 5.28
6, 13997, 13,   292.49, 7,    main,    0.21,  89748.00, 1011.62,   41.43,   -5.16, 44.1, 0.00, 3.48, 5.28
6, 13997, 13,   292.59, 7,    main,    0.17,  89751.00, 1011.34,   41.15,   -5.14, 44.1, 0.00, 3.47, 5.28
6, 13997, 13,   292.69, 7,    main,    0.13,  89757.00, 1010.79,   40.60,   -5.12, 44.1, 0.00, 3.48, 5.28
6, 13997, 13,   292.79, 7,    main,    0.10,  89764.00, 1010.15,   39.96,   -5.11, 44.1, 0.00, 3.47, 5.28
6, 13997, 13,   292.89, 7,    main,    0.08,  89773.00, 1009.32,   39.13,   -5.10, 44.1, 0.00, 3.48, 5.28
6, 13997, 13,   292.99, 7,    main,    0.07,  89776.00, 1009.05,   38.85,   -5.10, 44.1, 0.00, 3.48, 5.28
6, 13997, 13,   293.09, 7,    main,    0.07,  89769.00, 1009.69,   39.50,   -5.09, 44.1, 0.00, 3.47, 5.28
6, 13997, 13,   293.19, 7,    main,    0.06,  89783.00, 1008.40,   38.21,   -5.08, 44.1, 0.00, 3.47, 5.28
6, 13997, 13,   293.29, 7,    main,    0.06,  89793.00, 1007.49,   37.29,   -5.08, 44.1, 0.00, 3.47, 5.28
6, 13997, 13,   293.39, 7,    main,    0.07,  89797.00, 1007.12,   36.93,   -5.07, 44.1, 0.00, 3.48, 5.28
6, 13997, 13,   293.49, 7,    main,    0.08,  89800.00, 1006.84,   36.65,   -5.07, 44.1, 0.00, 3.47, 5.28
6, 13997, 13,   293.59, 7,    main,    0.11,  89802.00, 1006.66,   36.47,   -5.06, 44.1, 0.00, 3.48, 5.28
6, 13997, 13,   293.69, 7,    main,    0.14,  89813.00, 1005.65,   35.46,   -5.05, 44.1, 0.00, 3.47, 5.28
6, 13997, 13,   293.79, 7,    main,    0.18,  89815.00, 1005.47,   35.27,   -5.04, 44.1, 0.00, 3.48, 5.28
6, 13997, 13,   293.89, 7,    main,    0.22,  89825.00, 1004.55,   34.36,   -5.02, 44.1, 0.00, 3.47, 5.28
6, 13997, 13,   293.99, 7,    main,    0.25,  89827.00, 1004.36,   34.17,   -5.00, 44.1, 0.00, 3.47, 5.28
6, 13997, 13,   294.09, 7,    main,    0.28,  89836.00, 1003.54,   33.35,   -4.97, 44.1, 0.00, 3.48, 5.28
6, 13997, 13,   294.19, 7,    main,    0.31,  89841.00, 1003.08,   32.89,   -4.94, 44.1, 0.00, 3.48, 5.28
6, 13997, 13,   294.29, 7,    main,    0.32,  89846.00, 1002.62,   32.43,   -4.91, 44.1, 0.00, 3.48, 5.28
6, 13997, 13,   294.39, 7,    main,    0.32,  89848.00, 1002.44,   32.25,   -4.87, 44.1, 0.00, 3.48, 5.28
6, 13997, 13,   294.49, 7,    main,    0.31,  89855.00, 1001.80,   31.60,   -4.84, 44.1, 0.00, 3.48, 5.28
6, 13997, 13,   294.59, 7,    main,    0.28,  89869.00, 1000.51,   30.32,   -4.81, 44.1, 0.00, 3.48, 5.28
6, 13997, 13,   294.69, 7,    main,    0.25,  89869.00, 1000.51,   30.32,   -4.78, 44.1, 0.00, 3.48, 5.28
6, 13997, 13,   294.79, 7,    main,    0.20,  89873.00, 1000.14,   29.95,   -4.75, 44.1, 0.00, 3.48, 5.28
6, 13997, 13,   294.89, 7,    main,    0.14,  89881.00,  999.41,   29.22,   -4.73, 44.1, 0.00, 3.48, 5.28
6, 13997, 13,   294.99, 7,    main,    0.06,  89882.00,  999.32,   29.13,   -4.71, 44.1, 0.00, 3.48, 5.28
6, 13997, 13,   295.09, 7,    main,   -0.02,  89885.00,  999.04,   28.85,   -4.70, 44.1, 0.00, 3.48, 5.28
6, 13997, 13,   295.19, 7,    main,   -0.10,  89891.00,  998.49,   28.30,   -4.71, 44.1, 0.00, 3.48, 5.28
6, 13997, 13,   295.29, 7,    main,   -0.18,  89895.00,  998.13,   27.93,   -4.72, 44.1, 0.00, 3.48, 5.28
6, 13997, 13,   295.39, 7,    main,   -0.26,  89902.00,  997.48,   27.29,   -4.74, 44.1, 0.00, 3.48, 5.28
6, 13997, 13,   295.49, 7,    main,   -0.32,  89913.00,  996.48,   26.28,   -4.76, 44.1, 0.00, 3.48, 5.28
6, 13997, 13,   295.59, 7,    main,   -0.37,  89911.00,  996.66,   26.47,   -4.80, 44.1, 0.00, 3.48, 5.28
6, 13997, 13,   295.69, 7,    main,   -0.42,  89916.00,  996.20,   26.01,   -4.84, 44.1, 0.00, 3.48, 5.28
6, 13997, 13,   295.79, 7,    main,   -0.44,  89917.00,  996.11,   25.92,   -4.88, 44.1, 0.00, 3.48, 5.28
6, 13997, 13,   295.89, 7,    main,   -0.45,  89924.00,  995.47,   25.27,   -4.93, 44.1, 0.00, 3.48, 5.28
6, 13997, 13,   295.99, 7,    main,   -0.43,  89929.00,  995.01,   24.82,   -4.98, 44.0, 0.00, 3.48, 5.28
6, 13997, 13,   296.09, 7,    main,   -0.40,  89936.00,  994.37,   24.17,   -5.02, 44.0, 0.00, 3.48, 5.28
6, 13997, 13,   296.19, 7,    main,   -0.35,  89938.00,  994.18,   23.99,   -5.07, 44.0, 0.00, 3.48, 5.28
6, 13997, 13,   296.29, 7,    main,   -0.29,  89941.00,  993.91,   23.72,   -5.11, 44.0, 0.00, 3.48, 5.28
6, 13997, 13,   296.39, 7,    main,   -0.21,  89958.00,  992.35,   22.16,   -5.13, 44.0, 0.00, 3.48, 5.28
6, 13997, 13,   296.49, 7,    main,   -0.12,  89962.00,  991.98,   21.79,   -5.16, 44.0, 0.00, 3.48, 5.28
6, 13997, 13,   296.59, 7,    main,   -0.04,  89969.00,  991.34,   21.15,   -5.17, 44.0, 0.00, 3.48, 5.28
6, 13997, 13,   296.69, 7,    main,    0.05,  89969.00,  991.34,   21.15,   -5.17, 44.0, 0.00, 3.48, 5.28
6, 13997, 13,   296.79, 7,    main,    0.14,  89978.00,  990.52,   20.32,   -5.17, 44.0, 0.00, 3.48, 5.28
6, 13997, 13,   296.89, 7,    main,    0.22,  89986.00,  989.78,   19.59,   -5.15, 44.0, 0.00, 3.48, 5.28
6, 13997, 13,   296.99, 7,    main,    0.29,  89990.00,  989.42,   19.23,   -5.13, 44.0, 0.00, 3.48, 5.28
6, 13997, 13,   297.09, 7,    main,    0.36,  90002.00,  988.32,   18.13,   -5.10, 44.0, 0.00, 3.48, 5.28
6, 13997, 13,   297.19, 7,    main,    0.41,  90008.00,  987.77,   17.58,   -5.06, 44.0, 0.00, 3.48, 5.28
6, 13997, 13,   297.29, 7,    main,    0.45,  90008.00,  987.77,   17.58,   -5.02, 44.0, 0.00, 3.48, 5.28
6, 13997, 13,   297.39, 7,    main,    0.48,  90013.00,  987.31,   17.12,   -4.97, 44.0, 0.00, 3.48, 5.28
6, 13997, 13,   297.49, 7,    main,    0.51,  90017.00,  986.94,   16.75,   -4.93, 44.0, 0.00, 3.48, 5.28
6, 13997, 13,   297.59, 7,    main,    0.53,  90027.00,  986.03,   15.84,   -4.87, 44.0, 0.00, 3.48, 5.28
6, 13997, 13,   297.69, 7,    main,    0.55,  90027.00,  986.03,   15.84,   -4.82, 44.0, 0.00, 3.48, 5.28
6, 13997, 13,   297.79, 7,    main,    0.57,  90032.00,  985.57,   15.38,   -4.76, 44.0, 0.00, 3.48, 5.28
6, 13997, 13,   297.89, 7,    main,    0.58,  90039.00,  984.93,   14.74,   -4.71, 44.0, 0.00, 3.48, 5.28
6, 13997, 13,   297.99, 7,    main,    0.59,  90044.00,  984.47,   14.28,   -4.65, 44.0, 0.00, 3.48, 5.28
6, 13997, 13,   298.09, 7,    main,    0.59,  90050.00,  983.92,   13.73,   -4.59, 44.0, 0.00, 3.48, 5.28
6, 13997, 13,   298.19, 7,    main,    0.60,  90055.00,  983.46,   13.27,   -4.53, 44.0, 0.00, 3.48, 5.28
6, 13997, 13,   298.29, 7,    main,    0.61,  90058.00,  983.19,   13.00,   -4.47, 44.0, 0.00, 3.48, 5.28
6, 13997, 13,   298.39, 7,    main,    0.63,  90062.00,  982.82,   12.63,   -4.41, 44.0, 0.00, 3.48, 5.28
6, 13997, 13,   298.49, 7,    main,    0.65,  90070.00,  982.09,   11.90,   -4.35, 44.0, 0.00, 3.48, 5.28
6, 13997, 13,   298.59, 7,    main,    0.68,  90073.00,  981.81,   11.62,   -4.29, 44.0, 0.00, 3.48, 5.28
6, 13997, 13,   298.69, 7,    main,    0.70,  90073.00,  981.81,   11.62,   -4.21, 44.0, 0.00, 3.48, 5.28
6, 13997, 13,   298.79, 7,    main,    0.72,  90088.00,  980.44,   10.25,   -4.14, 44.0, 0.00, 3.48, 5.28
6, 13997, 13,   298.89, 7,    main,    0.72,  90088.00,  980.44,   10.25,   -4.07, 44.0, 0.00, 3.48, 5.28
6, 13997, 13,   298.99, 7,    main,    0.72,  90098.00,  979.53,    9.33,   -3.99, 44.0, 0.00, 3.48, 5.28
6, 13997, 13,   299.09, 7,    main,    0.70,  90103.00,  979.07,    8.88,   -3.92, 44.0, 0.00, 3.48, 5.28
6, 13997, 13,   299.19, 7,    main,    0.67,  90102.00,  979.16,    8.97,   -3.85, 44.0, 0.00, 3.48, 5.28
6, 13997, 13,   299.29, 7,    main,    0.64,  90102.00,  979.16,    8.97,   -3.78, 44.0, 0.00, 3.48, 5.28
6, 13997, 13,   299.39, 7,    main,    0.58,  90114.00,  978.06,    7.87,   -3.72, 44.0, 0.00, 3.48, 5.28
6, 13997, 13,   299.49, 7,    main,    0.52,  90116.00,  977.88,    7.69,   -3.65, 44.0, 0.00, 3.48, 5.28
6, 13997, 13,   299.59, 7,    main,    0.44,  90121.00,  977.42,    7.23,   -3.60, 44.0, 0.00, 3.48, 5.28
6, 13997, 13,   299.69, 7,    main,    0.35,  90121.00,  977.42,    7.23,   -3.55, 44.0, 0.00, 3.48, 5.28
6, 13997, 13,   299.79, 7,    main,    0.26,  90125.00,  977.05,    6.86,   -3.52, 44.0, 0.00, 3.48, 5.28
6, 13997, 13,   299.89, 7,    main,    0.17,  90130.00,  976.60,    6.40,   -3.49, 44.0, 0.00, 3.48, 5.28
6, 13997, 13,   299.99, 7,    main,    0.08,  90127.00,  976.87,    6.68,   -3.48, 44.0, 0.00, 3.48, 5.28
6, 13997, 13,   300.09, 7,    main,   -0.01,  90133.00,  976.32,    6.13,   -3.47, 44.0, 0.00, 3.48, 5.28
6, 13997, 13,   300.19, 7,    main,   -0.09,  90137.00,  975.96,    5.76,   -3.47, 44.0, 0.00, 3.48, 5.28
6, 13997, 13,   300.29, 7,    main,   -0.15,  90143.00,  975.41,    5.21,   -3.48, 44.0, 0.00, 3.48, 5.28
6, 13997, 13,   300.39, 7,    main,   -0.21,  90147.00,  975.04,    4.85,   -3.50, 44.0, 0.00, 3.48, 5.28
6, 13997, 13,   300.49, 7,    main,   -0.24,  90153.00,  974.49,    4.30,   -3.52, 44.0, 0.00, 3.48, 5.28
6, 13997, 13,   300.59, 7,    main,   -0.25,  90155.00,  974.31,    4.12,   -3.55, 44.0, 0.00, 3.48, 5.28
6, 13997, 13,   300.69, 7,    main,   -0.23,  90150.00,  974.77,    4.57,   -3.58, 44.0, 0.00, 3.48, 5.28
6, 13997, 13,   300.79, 7,    main,   -0.18,  90157.00,  974.13,    3.93,   -3.61, 44.0, 0.00, 3.48, 5.28
6, 13997, 13,   300.89, 7,    main,   -0.11,  90164.00,  973.48,    3.29,   -3.63, 44.0, 0.00, 3.48, 5.28
6, 13997, 13,   300.99, 7,    main,   -0.00,  90166.00,  973.30,    3.11,   -3.64, 44.0, 0.00, 3.47, 5.28
6, 13997, 13,   301.09, 7,    main,    0.12,  90172.00,  972.75,    2.56,   -3.65, 44.0, 0.00, 3.48, 5.28
6, 13997, 13,   301.19, 7,    main,    0.27,  90177.00,  972.30,    2.10,   -3.64, 44.0, 0.00, 3.47, 5.28
6, 13997, 13,   301.29, 7,    main,    0.44,  90185.00,  971.56,    1.37,   -3.61, 44.0, 0.00, 3.48, 5.28
6, 13997, 13,   301.39, 7,    main,    0.62,  90192.00,  970.92,    0.73,   -3.57, 44.0, 0.00, 3.48, 5.28
6, 13997, 13,   301.49, 7,    main,    0.82,  90187.00,  971.38,    1.19,   -3.52, 44.0, 0.00, 3.48, 5.28
6, 13997, 13,   301.59, 7,    main,    1.02,  90195.00,  970.65,    0.46,   -3.43, 44.0, 0.00, 3.48, 5.28
6, 13997, 13,   301.69, 7,    main,    1.22,  90200.00,  970.19,    0.00,   -3.33, 44.0, 0.00, 3.48, 5.28
6, 13997, 13,   301.79, 7,    main,    1.42,  90201.00,  970.10,   -0.09,   -3.21, 44.0, 0.00, 3.48, 5.28
6, 13997, 13,   301.89, 7,    main,    1.59,  90210.00,  969.28,   -0.91,   -3.06, 44.0, 0.00, 3.47, 5.28
6, 13997, 13,   301.99, 7,    main,    1.74,  90213.00,  969.00,   -1.19,   -2.90, 44.0, 0.00, 3.48, 5.28
6, 13997, 13,   302.09, 7,    main,    1.87,  90212.00,  969.09,   -1.10,   -2.72, 44.0, 0.00, 3.48, 5.28
6, 13997, 13,   302.19, 7,    main,    1.96,  90219.00,  968.45,   -1.74,   -2.53, 44.0, 0.00, 3.48, 5.28
6, 13997, 13,   302.29, 7,    main,    2.03,  90225.00,  967.91,   -2.29,   -2.33, 44.0, 0.00, 3.47, 5.28
6, 13997, 13,   302.39, 7,    main,    2.07,  90235.00,  966.99,   -3.20,   -2.12, 44.0, 0.00, 3.48, 5.28
6, 13997, 13,   302.49, 7,    main,    2.07,  90225.00,  967.91,   -2.29,   -1.91, 44.0, 0.00, 3.48, 5.28
6, 13997, 13,   302.59, 7,    main,    2.03,  90240.00,  966.53,   -3.66,   -1.70, 44.0, 0.00, 3.48, 5.28
6, 13997, 13,   302.69, 7,    main,    1.96,  90235.00,  966.99,   -3.20,   -1.48, 44.0, 0.00, 3.47, 5.28
6, 13997, 13,   302.79, 7,    main,    1.85,  90236.00,  966.90,   -3.29,   -1.28, 44.0, 0.00, 3.47, 5.28
6, 13997, 13,   302.89, 7,    main,    1.71,  90234.00,  967.08,   -3.11,   -1.10, 44.0, 0.00, 3.47, 5.28
6, 13997, 13,   302.99, 7,    main,    1.55,  90238.00,  966.72,   -3.47,   -0.92, 44.0, 0.00, 3.47, 5.28
6, 13997, 13,   303.09, 7,    main,    1.38,  90240.00,  966.53,   -3.66,   -0.76, 44.0, 0.00, 3.47, 5.28
6, 13997, 13,   303.19, 7,    main,    1.19,  90233.00,  967.17,   -3.02,   -0.62, 44.0, 0.00, 3.47, 5.28
6, 13997, 13,   303.29, 7,    main,    1.01,  90234.00,  967.08,   -3.11,   -0.50, 44.0, 0.00, 3.47, 5.28
6, 13997, 13,   303.39, 7,    main,    0.82,  90239.00,  966.63,   -3.57,   -0.41, 44.0, 0.00, 3.47, 5.28
6, 13997, 13,   303.49, 7,    main,    0.64,  90238.00,  966.72,   -3.47,   -0.32, 44.0, 0.00, 3.47, 5.28
6, 13997, 13,   303.59, 7,    main,    0.48,  90228.00,  967.63,   -2.56,   -0.26, 44.0, 0.00, 3.47, 5.28
6, 13997, 13,   303.69, 7,    main,    0.33,  90236.00,  966.90,   -3.29,   -0.22, 44.0, 0.00, 3.47, 5.28
6, 13997, 13,   303.79, 7,    main,    0.21,  90229.00,  967.54,   -2.65,   -0.19, 43.9, 0.00, 3.47, 5.28
6, 13997, 13,   303.89, 7,    main,    0.10,  90226.00,  967.81,   -2.38,   -0.17, 43.9, 0.00, 3.48, 5.28
6, 13997, 13,   303.99, 7,    main,    0.02,  90230.00,  967.45,   -2.74,   -0.16, 43.9, 0.00, 3.47, 5.28
6, 13997, 13,   304.09, 7,    main,   -0.04,  90238.00,  966.72,   -3.47,   -0.16, 43.9, 0.00, 3.47, 5.28
6, 13997, 13,   304.19, 7,    main,   -0.08,  90237.00,  966.81,   -3.38,   -0.17, 44.0, 0.00, 3.47, 5.28
6, 13997, 13,   304.29, 7,    main,   -0.09,  90229.00,  967.54,   -2.65,   -0.18, 43.9, 0.00, 3.48, 5.28
6, 13997, 13,   304.39, 7,    main,   -0.08,  90235.00,  966.99,   -3.20,   -0.20, 43.9, 0.00, 3.47, 5.28
6, 13997, 13,   304.49, 7,    main,   -0.05,  90234.00,  967.08,   -3.11,   -0.21, 43.9, 0.00, 3.47, 5.28
6, 13997, 13,   304.59, 7,    main,   -0.01,  90234.00,  967.08,   -3.11,   -0.22, 43.9, 0.00, 3.47, 5.28
6, 13997, 13,   304.69, 7,    main,    0.03,  90238.00,  966.72,   -3.47,   -0.22, 43.9, 0.00, 3.47, 5.28
6, 13997, 13,   304.79, 7,    main,    0.08,  90243.00,  966.26,   -3.93,   -0.21, 43.9, 0.00, 3.48, 5.28
6, 13997, 13,   304.89, 7,    main,    0.12,  90237.00,  966.81,   -3.38,   -0.20, 43.9, 0.00, 3.47, 5.28
6, 13997, 13,   304.99, 7,    main,    0.16,  90238.00,  966.72,   -3.47,   -0.19, 43.9, 0.00, 3.47, 5.28
6, 13997, 13,   305.09, 7,    main,    0.19,  90236.00,  966.90,   -3.29,   -0.18, 43.9, 0.00, 3.47, 5.28
6, 13997, 13,   305.19, 7,    main,    0.21,  90238.00,  966.72,   -3.47,   -0.15, 43.9, 0.00, 3.47, 5.28
6, 13997, 13,   305.29, 7,    main,    0.22,  90238.00,  966.72,   -3.47,   -0.13, 43.9, 0.00, 3.48, 5.28
6, 13997, 13,   305.39, 7,    main,    0.22,  90241.00,  966.44,   -3.75,   -0.11, 43.9, 0.00, 3.47, 5.28
6, 13997, 13,   305.49, 7,    main,    0.21,  90239.00,  966.63,   -3.57,   -0.09, 43.9, 0.00, 3.47, 5.28
6, 13997, 13,   305.59, 7,    main,    0.19,  90239.00,  966.63,   -3.57,   -0.06, 43.9, 0.00, 3.47, 5.28
6, 13997, 13,   305.69, 7,    main,    0.16,  90239.00,  966.63,   -3.57,   -0.04, 43.9, 0.00, 3.48, 5.28
6, 13997, 13,   305.79, 7,    main,    0.13,  90239.00,  966.63,   -3.57,   -0.03, 43.9, 0.00, 3.47, 5.28
6, 13997, 13,   305.89, 7,    main,    0.09,  90237.00,  966.81,   -3.38,   -0.01, 43.9, 0.00, 3.47, 5.28
6, 13997, 13,   305.99, 7,    main,    0.06,  90232.00,  967.27,   -2.93,   -0.00, 43.9, 0.00, 3.48, 5.28
6, 13997, 13,   306.09, 7,    main,    0.03,  90238.00,  966.72,   -3.47,   -0.00, 43.9, 0.00, 3.47, 5.28
6, 13997, 13,   306.19, 7,    main,    0.00,  90240.00,  966.53,   -3.66,    0.00, 43.9, 0.00, 3.47, 5.28
6, 13997, 13,   306.29, 7,    main,   -0.03,  90240.00,  966.53,   -3.66,    0.01, 43.9, 0.00, 3.47, 5.28
6, 13997, 13,   306.39, 7,    main,   -0.05,  90240.00,  966.53,   -3.66,    0.00, 43.9, 0.00, 3.47, 5.28
6, 13997, 13,   306.49, 7,    main,   -0.06,  90237.00,  966.81,   -3.38,   -0.01, 43.9, 0.00, 3.47, 5.28
6, 13997, 13,   306.59, 7,    main,   -0.07,  90238.00,  966.72,   -3.47,   -0.01, 43.9, 0.00, 3.47, 5.28
6, 13997, 13,   306.69, 7,    main,   -0.06,  90231.00,  967.36,   -2.83,   -0.02, 43.9, 0.00, 3.47, 5.28
6, 13997, 13,   306.79, 7,    main,   -0.05,  90239.00,  966.63,   -3.57,   -0.03, 43.9, 0.00, 3.47, 5.28
6, 13997, 13,   306.89, 7,    main,   -0.04,  90234.00,  967.08,   -3.11,   -0.03, 43.9, 0.00, 3.47, 5.28
6, 13997, 13,   306.99, 7,    main,   -0.02,  90241.00,  966.44,   -3.75,   -0.04, 43.9, 0.00, 3.47, 5.28
6, 13997, 13,   307.09, 7,    main,   -0.01,  90234.00,  967.08,   -3.11,   -0.04, 43.9, 0.00, 3.47, 5.28
6, 13997, 13,   307.19, 7,    main,   -0.00,  90240.00,  966.53,   -3.66,   -0.04, 43.9, 0.00, 3.47, 5.28
6, 13997, 13,   307.29, 7,    main,    0.01,  90238.00,  966.72,   -3.47,   -0.04, 43.9, 0.00, 3.47, 5.28
6, 13997, 13,   307.39, 7,    main,    0.02,  90240.00,  966.53,   -3.66,   -0.04, 43.9, 0.00, 3.47, 5.28
6, 13997, 13,   307.49, 7,    main,    0.04,  90238.00,  966.72,   -3.47,   -0.04, 43.9, 0.00, 3.47, 5.28
6, 13997, 13,   307.59, 7,    main,    0.06,  90237.00,  966.81,   -3.38,   -0.03, 43.9, 0.00, 3.47, 5.28
6, 13997, 13,   307.69, 7,    main,    0.08,  90241.00,  966.44,   -3.75,   -0.03, 43.9, 0.00, 3.47, 5.28
6, 13997, 13,   307.79, 7,    main,    0.09,  90240.00,  966.53,   -3.66,   -0.02, 43.9, 0.00, 3.48, 5.28
6, 13997, 13,   307.89, 7,    main,    0.09,  90238.00,  966.72,   -3.47,   -0.01, 43.9, 0.00, 3.48, 5.28
6, 13997, 13,   307.99, 7,    main,    0.08,  90242.00,  966.35,   -3.84,    0.01, 43.9, 0.00, 3.48, 5.28
6, 13997, 13,   308.09, 7,    main,    0.07,  90238.00,  966.72,   -3.47,    0.01, 43.9, 0.00, 3.48, 5.28
6, 13997, 13,   308.19, 7,    main,    0.06,  90232.00,  967.27,   -2.93,    0.02, 43.9, 0.00, 3.48, 5.28
6, 13997, 13,   308.29, 7,    main,    0.05,  90236.00,  966.90,   -3.29,    0.02, 43.9, 0.00, 3.48, 5.28
6, 13997, 13,   308.39, 7,    main,    0.04,  90243.00,  966.26,   -3.93,    0.03, 43.9, 0.00, 3.48, 5.28
6, 13997, 13,   308.49, 7,    main,    0.03,  90244.00,  966.17,   -4.02,    0.03, 43.9, 0.00, 3.47, 5.28
6, 13997, 13,   308.59, 7,    main,    0.02,  90239.00,  966.63,   -3.57,    0.04, 43.9, 0.00, 3.48, 5.28
6, 13997, 13,   308.69, 7,    main,    0.00,  90236.00,  966.90,   -3.29,    0.04, 43.9, 0.00, 3.48, 5.28
6, 13997, 13,   308.79, 7,    main,   -0.02,  90235.00,  966.99,   -3.20,    0.04, 43.9, 0.00, 3.48, 5.28
6, 13997, 13,   308.89, 7,    main,   -0.04,  90233.00,  967.17,   -3.02,    0.04, 43.9, 0.00, 3.47, 5.28
6, 13997, 13,   308.99, 7,    main,   -0.05,  90239.00,  966.63,   -3.57,    0.03, 43.9, 0.00, 3.47, 5.28
6, 13997, 13,   309.09, 7,    main,   -0.05,  90236.00,  966.90,   -3.29,    0.03, 43.9, 0.00, 3.48, 5.28
6, 13997, 13,   309.19, 7,    main,   -0.05,  90241.00,  966.44,   -3.75,    0.02, 43.9, 0.00, 3.48, 5.28
6, 13997, 13,   309.29, 7,    main,   -0.04,  90237.00,  966.81,   -3.38,    0.02, 43.9, 0.00, 3.47, 5.28
6, 13997, 13,   309.39, 7,    main,   -0.03,  90243.00,  966.26,   -3.93,    0.01, 43.9, 0.00, 3.48, 5.28
6, 13997, 13,   309.49, 7,    main,   -0.03,  90239.00,  966.63,   -3.57,    0.01, 43.9, 0.00, 3.48, 5.28
6, 13997, 13,   309.59, 7,    main,   -0.02,  90238.00,  966.72,   -3.47,    0.01, 43.9, 0.00, 3.48, 5.28
6, 13997, 13,   309.69, 7,    main,   -0.02,  90233.00,  967.17,   -3.02,    0.01, 43.9, 0.00, 3.48, 5.28
6, 13997, 13,   309.79, 7,    main,   -0.02,  90237.00,  966.81,   -3.38,    0.00, 43.9, 0.00, 3.47, 5.28
6, 13997, 13,   309.89, 7,    main,   -0.01,  90234.00,  967.08,   -3.11,    0.00, 43.9, 0.00, 3.48, 5.28
6, 13997, 13,   309.99, 7,    main,   -0.01,  90235.00,  966.99,   -3.20,    0.00, 43.9, 0.00, 3.48, 5.28
6, 13997, 13,   310.09, 7,    main,   -0.01,  90239.00,  966.63,   -3.57,    0.00, 43.9, 0.00, 3.48, 5.28
6, 13997, 13,   310.19, 7,    main,   -0.02,  90240.00,  966.53,   -3.66,    0.00, 43.9, 0.00, 3.47, 5.28
6, 13997, 13,   310.29, 7,    main,   -0.03,  90242.00,  966.35,   -3.84,    0.00, 43.9, 0.00, 3.47, 5.28
6, 13997, 13,   310.39, 7,    main,   -0.03,  90237.00,  966.81,   -3.38,   -0.00, 43.9, 0.00, 3.47, 5.28
6, 13997, 13,   310.49, 7,    main,   -0.04,  90242.00,  966.35,   -3.84,   -0.01, 43.9, 0.00, 3.48, 5.28
6, 13997, 13,   310.59, 7,    main,   -0.04,  90235.00,  966.99,   -3.20,   -0.01, 43.9, 0.00, 3.47, 5.28
6, 13997, 13,   310.69, 7,    main,   -0.05,  90236.00,  966.90,   -3.29,   -0.01, 43.9, 0.00, 3.47, 5.28
6, 13997, 13,   310.79, 7,    main,   -0.06,  90236.00,  966.90,   -3.29,   -0.02, 43.9, 0.00, 3.48, 5.28
6, 13997, 13,   310.89, 7,    main,   -0.07,  90241.00,  966.44,   -3.75,   -0.02, 43.9, 0.00, 3.48, 5.28
6, 13997, 13,   310.99, 7,    main,   -0.07,  90240.00,  966.53,   -3.66,   -0.04, 43.9, 0.00, 3.48, 5.28
6, 13997, 13,   311.09, 7,    main,   -0.07,  90240.00,  966.53,   -3.66,   -0.04, 43.9, 0.00, 3.48, 5.28
6, 13997, 13,   311.19, 7,    main,   -0.07,  90239.00,  966.63,   -3.57,   -0.05, 43.9, 0.00, 3.48, 5.28
6, 13997, 13,   311.29, 7,    main,   -0.06,  90232.00,  967.27,   -2.93,   -0.06, 43.9, 0.00, 3.48, 5.28
6, 13997, 13,   311.39, 7,    main,   -0.04,  90236.00,  966.90,   -3.29,   -0.06, 43.9, 0.00, 3.48, 5.28
6, 13997, 13,   311.49, 7,    main,   -0.02,  90233.00,  967.17,   -3.02,   -0.07, 43.9, 0.00, 3.48, 5.28
6, 13997, 13,   311.59, 7,    main,    0.00,  90234.00,  967.08,   -3.11,   -0.07, 43.9, 0.00, 3.48, 5.28
6, 13997, 13,   311.69, 7,    main,    0.02,  90241.00,  966.44,   -3.75,   -0.07, 43.9, 0.00, 3.48, 5.28
6, 13997, 13,   311.79, 7,    main,    0.04,  90238.00,  966.72,   -3.47,   -0.07, 43.9, 0.00, 3.48, 5.28
6, 13997, 13,   311.89, 7,    main,    0.07,  90241.00,  966.44,   -3.75,   -0.06, 43.9, 0.00, 3.48, 5.28
6, 13997, 13,   311.99, 7,    main,    0.09,  90239.00,  966.63,   -3.57,   -0.06, 43.9, 0.00, 3.48, 5.28
6, 13997, 13,   312.09, 7,    main,    0.11,  90241.00,  966.44,   -3.75,   -0.05, 43.9, 0.00, 3.48, 5.28
6, 13997, 13,   312.19, 7,    main,    0.12,  90240.00,  966.53,   -3.66,   -0.04, 43.9, 0.00, 3.48, 5.28
6, 13997, 13,   312.29, 7,    main,    0.14,  90238.00,  966.72,   -3.47,   -0.03, 43.9, 0.00, 3.47, 5.28
6, 13997, 13,   312.39, 7,    main,    0.14,  90239.00,  966.63,   -3.57,   -0.01, 43.9, 0.00, 3.48, 5.28
6, 13997, 13,   312.49, 7,    main,    0.14,  90240.00,  966.53,   -3.66,    0.00, 43.9, 0.00, 3.48, 5.28
6, 13997, 13,   312.59, 7,    main,    0.13,  90244.00,  966.17,   -4.02,    0.02, 43.9, 0.00, 3.48, 5.28
6, 13997, 13,   312.69, 7,    main,    0.12,  90236.00,  966.90,   -3.29,    0.04, 43.9, 0.00, 3.48, 5.28
6, 13997, 13,   312.79, 7,    main,    0.10,  90237.00,  966.81,   -3.38,    0.05, 43.9, 0.00, 3.48, 5.28
6, 13997, 13,   312.89, 7,    main,    0.08,  90244.00,  966.17,   -4.02,    0.06, 43.9, 0.00, 3.48, 5.28
6, 13997, 13,   312.99, 7,    main,    0.05,  90243.00,  966.26,   -3.93,    0.06, 43.9, 0.00, 3.48, 5.28
6, 13997, 13,   313.09, 7,    main,    0.03,  90234.00,  967.08,   -3.11,    0.07, 43.9, 0.00, 3.48, 5.28
6, 13997, 13,   313.19, 7,    main,    0.00,  90235.00,  966.99,   -3.20,    0.07, 43.9, 0.00, 3.47, 5.28
6, 13997, 13,   313.29, 7,    main,   -0.02,  90237.00,  966.81,   -3.38,    0.07, 43.9, 0.00, 3.48, 5.28
6, 13997, 13,   313.39, 7,    main,   -0.05,  90238.00,  966.72,   -3.47,    0.07, 43.9, 0.00, 3.48, 5.28
6, 13997, 13,   313.49, 7,    main,   -0.08,  90245.00,  966.08,   -4.11,    0.07, 43.9, 0.00, 3.47, 5.28
6, 13997, 13,   313.59, 7,    main,   -0.10,  90232.00,  967.27,   -2.93,    0.06, 43.9, 0.00, 3.48, 5.28
6, 13997, 13,   313.69, 7,    main,   -0.12,  90238.00,  966.72,   -3.47,    0.05, 43.9, 0.00, 3.48, 5.28
6, 13997, 13,   313.79, 7,    main,   -0.14,  90238.00,  966.72,   -3.47,    0.03, 43.9, 0.00, 3.48, 5.28
6, 13997, 13,   313.89, 7,    main,   -0.14,  90239.00,  966.63,   -3.57,    0.02, 43.9, 0.00, 3.48, 5.28
6, 13997, 13,   313.99, 7,    main,   -0.14,  90234.00,  967.08,   -3.11,    0.01, 43.9, 0.00, 3.48, 5.28
6, 13997, 13,   314.09, 7,    main,   -0.14,  90237.00,  966.81,   -3.38,   -0.01, 43.8, 0.00, 3.48, 5.28
6, 13997, 13,   314.19, 7,    main,   -0.13,  90233.00,  967.17,   -3.02,   -0.03, 43.8, 0.00, 3.48, 5.28
6, 13997, 13,   314.29, 7,    main,   -0.12,  90237.00,  966.81,   -3.38,   -0.04, 43.8, 0.00, 3.48, 5.28
6, 13997, 13,   314.39, 7,    main,   -0.10,  90237.00,  966.81,   -3.38,   -0.05, 43.8, 0.00, 3.48, 5.28
6, 13997, 13,   314.49, 7,    main,   -0.09,  90246.00,  965.99,   -4.21,   -0.06, 43.8, 0.00, 3.48, 5.28
6, 13997, 13,   314.59, 7,    main,   -0.08,  90236.00,  966.90,   -3.29,   -0.07, 43.8, 0.00, 3.47, 5.28
6, 13997, 13,   314.69, 7,    main,   -0.06,  90237.00,  966.81,   -3.38,   -0.08, 43.8, 0.00, 3.48, 5.28
6, 13997, 13,   314.79, 7,    main,   -0.04,  90240.00,  966.53,   -3.66,   -0.08, 43.8, 0.00, 3.48, 5.28
6, 13997, 13,   314.89, 7,    main,   -0.02,  90241.00,  966.44,   -3.75,   -0.09, 43.8, 0.00, 3.48, 5.28
6, 13997, 13,   314.99, 7,    main,    0.00,  90237.00,  966.81,   -3.38,   -0.09, 43.8, 0.00, 3.48, 5.28
6, 13997, 13,   315.09, 7,    main,    0.02,  90238.00,  966.72,   -3.47,   -0.09, 43.8, 0.00, 3.48, 5.28
6, 13997, 13,   315.19, 7,    main,    0.04,  90236.00,  966.90,   -3.29,   -0.09, 43.8, 0.00, 3.48, 5.28
6, 13997, 13,   315.29, 7,    main,    0.06,  90243.00,  966.26,   -3.93,   -0.08, 43.8, 0.00, 3.48, 5.28
6, 13997, 13,   315.39, 7,    main,    0.08,  90236.00,  966.90,   -3.29,   -0.08, 43.8, 0.00, 3.48, 5.28
6, 13997, 13,   315.49, 7,    main,    0.09,  90237.00,  966.81,   -3.38,   -0.07, 43.8, 0.00, 3.48, 5.28
6, 13997, 13,   315.59, 7,    main,    0.11,  90236.00,  966.90,   -3.29,   -0.06, 43.8, 0.00, 3.48, 5.28
6, 13997, 13,   315.69, 7,    main,    0.12,  90240.00,  966.53,   -3.66,   -0.05, 43.8, 0.00, 3.48, 5.28
6, 13997, 13,   315.79, 7,    main,    0.12,  90241.00,  966.44,   -3.75,   -0.03, 43.8, 0.00, 3.48, 5.28
6, 13997, 13,   315.89, 7,    main,    0.11,  90237.00,  966.81,   -3.38,   -0.02, 43.8, 0.00, 3.48, 5.28
6, 13997, 13,   315.99, 7,    main,    0.10,  90241.00,  966.44,   -3.75,   -0.01, 43.8, 0.00, 3.48, 5.28
6, 13997, 13,   316.09, 7,    main,    0.09,  90246.00,  965.99,   -4.21,    0.00, 43.8, 0.00, 3.48, 5.28
6, 13997, 13,   316.19, 7,    main,    0.08,  90241.00,  966.44,   -3.75,    0.01, 43.8, 0.00, 3.47, 5.28
6, 13997, 13,   316.29, 7,    main,    0.07,  90237.00,  966.81,   -3.38,    0.02, 43.8, 0.00, 3.47, 5.28
6, 13997, 13,   316.39, 7,    main,    0.06,  90237.00,  966.81,   -3.38,    0.03, 43.8, 0.00, 3.48, 5.28
6, 13997, 13,   316.49, 7,    main,    0.04,  90244.00,  966.17,   -4.02,    0.03, 43.8, 0.00, 3.48, 5.28
6, 13997, 13,   316.59, 7,    main,    0.03,  90236.00,  966.90,   -3.29,    0.04, 43.8, 0.00, 3.47, 5.28
6, 13997, 13,   316.69, 7,    main,    0.01,  90240.00,  966.53,   -3.66,    0.04, 43.8, 0.00, 3.48, 5.28
6, 13997, 13,   316.79, 7,    main,   -0.00,  90240.00,  966.53,   -3.66,    0.04, 43.8, 0.00, 3.47, 5.28
6, 13997, 13,   316.89, 7,    main,   -0.01,  90242.00,  966.35,   -3.84,    0.04, 43.8, 0.00, 3.47, 5.28
6, 13997, 13,   316.99, 7,    main,   -0.02,  90232.00,  967.27,   -2.93,    0.04, 43.8, 0.00, 3.47, 5.28
6, 13997, 13,   317.09, 7,    main,   -0.02,  90241.00,  966.44,   -3.75,    0.03, 43.8, 0.00, 3.47, 5.28
6, 13997, 13,   317.19, 7,    main,   -0.03,  90241.00,  966.44,   -3.75,    0.03, 43.8, 0.00, 3.48, 5.28
6, 13997, 13,   317.29, 7,    main,   -0.03,  90238.00,  966.72,   -3.47,    0.03, 43.8, 0.00, 3.47, 5.28
6, 13997, 13,   317.39, 7,    main,   -0.03,  90237.00,  966.81,   -3.38,    0.03, 43.8, 0.00, 3.47, 5.28
6, 13997, 13,   317.49, 7,    main,   -0.03,  90235.00,  966.99,   -3.20,    0.02, 43.8, 0.00, 3.48, 5.28
6, 13997, 13,   317.59, 7,    main,   -0.03,  90236.00,  966.90,   -3.29,    0.02, 43.8, 0.00, 3.47, 5.28
6, 13997, 13,   317.69, 7,    main,   -0.02,  90238.00,  966.72,   -3.47,    0.02, 43.8, 0.00, 3.47, 5.28
6, 13997, 13,   317.79, 7,    main,   -0.01,  90235.00,  966.99,   -3.20,    0.01, 43.8, 0.00, 3.47, 5.28
6, 13997, 13,   317.89, 7,    main,    0.00,  90240.00,  966.53,   -3.66,    0.01, 43.8, 0.00, 3.48, 5.28
6, 13997, 13,   317.99, 7,    main,    0.01,  90242.00,  966.35,   -3.84,    0.01, 43.8, 0.00, 3.47, 5.28
6, 13997, 13,   318.09, 7,    main,    0.02,  90241.00,  966.44,   -3.75,    0.01, 43.8, 0.00, 3.47, 5.28
6, 13997, 13,   318.19, 7,    main,    0.03,  90247.00,  965.89,   -4.30,    0.02, 43.8, 0.00, 3.47, 5.28
6, 13997, 13,   318.29, 7,    main,    0.04,  90238.00,  966.72,   -3.47,    0.02, 43.8, 0.00, 3.47, 5.28
6, 13997, 13,   318.39, 7,    main,    0.04,  90236.00,  966.90,   -3.29,    0.03, 43.8, 0.00, 3.47, 5.28
6, 13997, 13,   318.49, 7,    main,    0.03,  90236.00,  966.90,   -3.29,    0.03, 43.8, 0.00, 3.47, 5.28
6, 13997, 13,   318.59, 7,    main,    0.03,  90240.00,  966.53,   -3.66,    0.03, 43.8, 0.00, 3.47, 5.28
6, 13997, 13,   318.69, 7,    main,    0.03,  90237.00,  966.81,   -3.38,    0.04, 43.8, 0.00, 3.47, 5.28
6, 13997, 13,   318.79, 7,    main,    0.03,  90242.00,  966.35,   -3.84,    0.04, 43.8, 0.00, 3.47, 5.28
6, 13997, 13,   318.89, 7,    main,    0.03,  90238.00,  966.72,   -3.47,    0.04, 43.8, 0.00, 3.47, 5.28
6, 13997, 13,   318.99, 7,    main,    0.03,  90235.00,  966.99,   -3.20,    0.04, 43.8, 0.00, 3.47, 5.28
6, 13997, 13,   319.09, 7,    main,    0.03,  90243.00,  966.26,   -3.93,    0.05, 43.8, 0.00, 3.47, 5.28
6, 13997, 13,   319.19, 7,    main,    0.04,  90233.00,  967.17,   -3.02,    0.05, 43.8, 0.00, 3.47, 5.28
6, 13997, 13,   319.29, 7,    main,    0.04,  90235.00,  966.99,   -3.20,    0.05, 43.8, 0.00, 3.48, 5.28
6, 13997, 13,   319.39, 7,    main,    0.05,  90235.00,  966.99,   -3.20,    0.05, 43.8, 0.00, 3.47, 5.28
6, 13997, 13,   319.49, 7,    main,    0.06,  90245.00,  966.08,   -4.11,    0.06, 43.8, 0.00, 3.47, 5.28
6, 13997, 13,   319.59, 7,    main,    0.08,  90236.00,  966.90,   -3.29,    0.07, 43.8, 0.00, 3.47, 5.28
6, 13997, 13,   319.69, 7,    main,    0.10,  90240.00,  966.53,   -3.66,    0.07, 43.8, 0.00, 3.47, 5.28
6, 13997, 13,   319.79, 7,    main,    0.11,  90240.00,  966.53,   -3.66,    0.08, 43.8, 0.00, 3.47, 5.28
6, 13997, 13,   319.89, 7,    main,    0.13,  90236.00,  966.90,   -3.29,    0.09, 43.8, 0.00, 3.47, 5.28
6, 13997, 13,   319.99, 7,    main,    0.15,  90234.00,  967.08,   -3.11,    0.11, 43.8, 0.00, 3.47, 5.28
6, 13997, 13,   320.09, 7,    main,    0.16,  90243.00,  966.26,   -3.93,    0.12, 43.8, 0.00, 3.47, 5.28
6, 13997, 13,   320.19, 7,    main,    0.17,  90235.00,  966.99,   -3.20,    0.14, 43.8, 0.00, 3.47, 5.28
6, 13997, 13,   320.29, 7,    main,    0.16,  90240.00,  966.53,   -3.66,    0.16, 43.8, 0.00, 3.47, 5.28
6, 13997, 13,   320.39, 7,    main,    0.14,  90237.00,  966.81,   -3.38,    0.18, 43.8, 0.00, 3.47, 5.28
6, 13997, 13,   320.49, 7,    main,    0.12,  90240.00,  966.53,   -3.66,    0.19, 43.8, 0.00, 3.47, 5.28
6, 13997, 13,   320.59, 7,    main,    0.08,  90234.00,  967.08,   -3.11,    0.20, 43.8, 0.00, 3.47, 5.28
6, 13997, 13,   320.69, 7,    main,    0.04,  90242.00,  966.35,   -3.84,    0.21, 43.8, 0.00, 3.47, 5.28
6, 13997, 13,   320.79, 7,    main,    0.01,  90240.00,  966.53,   -3.66,    0.22, 43.8, 0.00, 3.47, 5.28
6, 13997, 13,   320.89, 7,    main,   -0.02,  90232.00,  967.27,   -2.93,    0.22, 43.8, 0.00, 3.47, 5.28
6, 13997, 13,   320.99, 7,    main,   -0.05,  90239.00,  966.63,   -3.57,    0.22, 43.8, 0.00, 3.47, 5.28
6, 13997, 13,   321.09, 7,    main,   -0.08,  90231.00,  967.36,   -2.83,    0.21, 43.8, 0.00, 3.47, 5.28
6, 13997, 13,   321.19, 7,    main,   -0.10,  90234.00,  967.08,   -3.11,    0.20, 43.8, 0.00, 3.47, 5.28
6, 13997, 13,   321.29, 7,    main,   -0.09,  90237.00,  966.81,   -3.38,    0.19, 43.8, 0.00, 3.47, 5.28
6, 13997, 13,   321.39, 7,    main,   -0.07,  90235.00,  966.99,   -3.20,    0.18, 43.8, 0.00, 3.47, 5.28
6, 13997, 13,   321.49, 7,    main,   -0.07,  90236.00,  966.90,   -3.29,    0.16, 43.8, 0.00, 3.47, 5.28
6, 13997, 13,   321.59, 7,    main,   -0.07,  90233.00,  967.17,   -3.02,    0.16, 43.8, 0.00, 3.47, 5.28
6, 13997, 13,   321.65, 8,  landed,   -0.07,  90233.00,  967.17,   -3.02,    0.16, 43.8, 0.00, 3.47, 5.28
